#BLTrackFile example Gaussian beam in a uniform focusing channel
#x y z Px Py Pz t PDGid EventID TrackID ParentID Weight
#mm mm mm MeV/c MeV/c MeV/c ns - - - - -
-0.576361 -0.27829 0 -0.0863414 0.210326 199.745 0 13 1 1 0 1
-5.98941 -0.668344 0 0.166352 -0.065163 200.232 0 13 2 1 0 1
0.929191 1.64159 0 0.577481 0.0329072 198.523 0 13 3 1 0 1
-4.05865 3.2777 0 0.12304 0.0124838 199.787 0 13 4 1 0 1
2.1271 -0.780693 0 -0.733115 0.148393 201.745 0 13 5 1 0 1
-0.962519 0.620534 0 0.186204 0.232085 197.773 0 13 6 1 0 1
2.273 -6.54986 0 -0.750319 -0.180398 198.167 0 13 7 1 0 1
3.50405 -3.04769 0 0.328804 0.25166 197.995 0 13 8 1 0 1
-0.344975 0.28605 0 -0.147888 0.247159 201.277 0 13 9 1 0 1
1.39954 1.19623 0 0.322642 -0.186746 198.565 0 13 10 1 0 1
-1.87987 -0.625289 0 0.247616 0.69498 198.36 0 13 11 1 0 1
-4.3955 3.55462 0 0.387447 0.152975 201.671 0 13 12 1 0 1
5.70538 -3.5574 0 -0.0474617 -0.161144 201.906 0 13 13 1 0 1
-5.77471 0.633093 0 0.016887 -0.0953628 201.447 0 13 14 1 0 1
2.32312 1.54992 0 1.15416 -0.181791 198.873 0 13 15 1 0 1
-3.32632 -1.41708 0 0.479703 -0.0212361 201.498 0 13 16 1 0 1
-2.89385 -4.60322 0 -0.145995 -0.322899 198.864 0 13 17 1 0 1
1.66304 -0.046167 0 0.597746 0.0785406 200.335 0 13 18 1 0 1
4.33896 0.684233 0 0.450711 -0.306022 201.806 0 13 19 1 0 1
1.52419 -0.0747665 0 0.611264 0.583822 199.28 0 13 20 1 0 1
6.37224 -1.29067 0 0.0574725 -0.338023 199.698 0 13 21 1 0 1
5.69328 1.72221 0 0.411086 -0.717823 201.42 0 13 22 1 0 1
2.22341 -1.56846 0 -0.279706 -0.000705091 203.45 0 13 23 1 0 1
-4.2204 3.40446 0 -0.213123 -0.133358 199.271 0 13 24 1 0 1
0.391105 0.549864 0 -0.626135 -0.366095 201.769 0 13 25 1 0 1
0.0127233 0.702101 0 1.12682 0.40436 197.39 0 13 26 1 0 1
-0.488557 4.3643 0 0.163173 -0.509268 201.981 0 13 27 1 0 1
2.36542 1.78096 0 0.762768 0.0155398 198.955 0 13 28 1 0 1
-4.99272 -0.479242 0 0.0971139 0.602374 198.777 0 13 29 1 0 1
1.28157 -0.988656 0 -0.790959 0.0789893 201.646 0 13 30 1 0 1
5.79241 -2.79311 0 -0.0221882 0.138065 201.034 0 13 31 1 0 1
1.96663 2.83346 0 -0.352594 0.0265533 201.399 0 13 32 1 0 1
5.09629 0.71629 0 0.305377 0.647408 200.486 0 13 33 1 0 1
-1.18386 3.70692 0 0.0562743 0.0357987 201.039 0 13 34 1 0 1
4.78293 -4.31642 0 -0.257018 0.0900332 200.459 0 13 35 1 0 1
-2.43204 1.51892 0 0.437799 -0.300044 201.036 0 13 36 1 0 1
-0.78442 1.13238 0 -0.735981 -0.0134632 198.508 0 13 37 1 0 1
2.09178 -1.44384 0 0.246524 0.121325 202.03 0 13 38 1 0 1
-2.85067 0.00688938 0 0.186897 0.667139 196.274 0 13 39 1 0 1
2.78114 -0.250494 0 -0.153109 0.570425 199.982 0 13 40 1 0 1
8.96377 0.87628 0 -0.219547 -0.146237 198.618 0 13 41 1 0 1
0.249933 0.506229 0 -0.144114 -0.644151 204.004 0 13 42 1 0 1
-0.667988 -2.51778 0 0.899025 0.0905374 206.328 0 13 43 1 0 1
-3.47892 -1.36627 0 -0.752828 0.142728 201.385 0 13 44 1 0 1
5.16147 -4.00563 0 -0.1301 -0.132127 202.48 0 13 45 1 0 1
1.86265 -0.0876288 0 -0.999263 0.428364 204.25 0 13 46 1 0 1
2.24675 -3.10051 0 0.154724 -0.253091 200.094 0 13 47 1 0 1
2.01279 -1.19552 0 0.287835 -0.342894 198.444 0 13 48 1 0 1
-4.6279 -5.7807 0 0.323151 -0.100433 200.899 0 13 49 1 0 1
6.08805 2.50321 0 0.0353845 -0.11881 198.511 0 13 50 1 0 1
-2.69757 2.48555 0 0.789094 0.151088 206.659 0 13 51 1 0 1
-0.129365 0.768979 0 0.317359 -0.0681074 204.632 0 13 52 1 0 1
6.02642 -0.999616 0 -0.705216 0.129507 201.565 0 13 53 1 0 1
-5.39379 -4.76592 0 -1.1266 -0.0213111 199.79 0 13 54 1 0 1
1.38088 -3.06059 0 -0.386102 -0.608907 200.657 0 13 55 1 0 1
1.48022 1.97699 0 0.503194 -0.0579865 202.698 0 13 56 1 0 1
-0.545468 -1.30145 0 -0.323262 -0.171644 195.668 0 13 57 1 0 1
0.625304 -0.905665 0 0.125407 -0.214949 200.743 0 13 58 1 0 1
6.86748 -1.26908 0 0.0191142 -0.17731 199.86 0 13 59 1 0 1
-5.05906 0.152956 0 -0.063221 0.558623 201.886 0 13 60 1 0 1
4.13612 1.6748 0 -0.357585 -0.34288 200.623 0 13 61 1 0 1
1.67495 4.99845 0 -0.375913 0.166973 196.194 0 13 62 1 0 1
2.21144 0.00344054 0 -0.204501 0.140275 200.781 0 13 63 1 0 1
-8.15661 1.93156 0 -0.590179 0.397788 203.805 0 13 64 1 0 1
7.21267 1.92371 0 -1.04433 -0.584153 203.224 0 13 65 1 0 1
1.0134 5.02475 0 -0.559791 0.189537 196.217 0 13 66 1 0 1
1.17387 0.278239 0 -0.37059 -0.141475 202.747 0 13 67 1 0 1
-5.69315 4.53547 0 0.159037 -0.24861 200.421 0 13 68 1 0 1
0.808007 1.61973 0 -0.341596 0.0288403 198.112 0 13 69 1 0 1
7.04806 -0.417767 0 0.392702 -0.189504 198.431 0 13 70 1 0 1
4.92376 1.1486 0 -0.0736906 -0.0556781 201.233 0 13 71 1 0 1
-0.463917 -0.458027 0 0.384494 0.250549 201.344 0 13 72 1 0 1
-0.466439 -2.3503 0 -0.425655 -0.220033 198.03 0 13 73 1 0 1
3.46319 3.92525 0 -0.0233067 0.683961 200.047 0 13 74 1 0 1
-6.19207 -0.188371 0 -0.190248 -0.445413 199.498 0 13 75 1 0 1
1.14779 -1.92106 0 -0.233818 -0.231694 203.573 0 13 76 1 0 1
-0.638584 -0.932246 0 -0.412123 0.284342 198.63 0 13 77 1 0 1
1.92739 1.87279 0 0.361938 0.417595 198.898 0 13 78 1 0 1
4.53093 -0.99135 0 -0.399685 0.361776 201.644 0 13 79 1 0 1
0.0083902 1.40415 0 -0.5902 -0.187364 198.151 0 13 80 1 0 1
-2.59254 -5.30258 0 0.123461 0.108417 200.348 0 13 81 1 0 1
-2.33811 1.5286 0 0.514988 -0.180666 198.659 0 13 82 1 0 1
2.78061 -0.831556 0 -0.758561 -0.189445 200.138 0 13 83 1 0 1
0.844506 2.83712 0 0.018336 0.0682034 199.37 0 13 84 1 0 1
-4.84342 1.32037 0 0.358226 0.431988 198.504 0 13 85 1 0 1
0.105672 -0.219027 0 -0.0288432 0.00306362 196.571 0 13 86 1 0 1
3.29994 2.82618 0 0.325559 0.672715 199.361 0 13 87 1 0 1
-0.144573 4.85546 0 0.00491553 -0.521887 200.971 0 13 88 1 0 1
-5.88333 -5.05208 0 -1.30455 -0.418952 202.133 0 13 89 1 0 1
-3.47344 -2.90878 0 -0.112476 0.181265 197.796 0 13 90 1 0 1
5.27061 -1.91207 0 -0.496674 0.0368313 200.049 0 13 91 1 0 1
5.69876 -3.01959 0 0.0598588 -0.167138 198.854 0 13 92 1 0 1
2.90017 -0.298478 0 0.190882 0.259503 198.943 0 13 93 1 0 1
-0.544935 3.82045 0 0.0900631 -0.0294563 199.298 0 13 94 1 0 1
-4.18335 -1.46911 0 0.336503 0.101145 196.196 0 13 95 1 0 1
4.17275 -1.94336 0 -0.657077 0.313334 197.33 0 13 96 1 0 1
-0.31782 -2.49639 0 0.0376844 0.408917 202.997 0 13 97 1 0 1
-7.88647 2.02058 0 -0.721673 -0.389385 199.221 0 13 98 1 0 1
0.518208 -0.558131 0 0.343238 0.0283443 198.446 0 13 99 1 0 1
5.16945 0.849332 0 -0.24792 -0.153654 200.212 0 13 100 1 0 1
-0.672652 -2.53445 0 -0.0823807 0.242302 202.828 0 13 101 1 0 1
0.972592 2.09517 0 0.367277 0.27924 200.606 0 13 102 1 0 1
0.849029 0.172081 0 0.432105 -0.292244 200.047 0 13 103 1 0 1
-7.55366 1.03343 0 -0.00295458 0.371355 200.302 0 13 104 1 0 1
3.71256 -2.55869 0 -0.00026615 -0.419307 198.06 0 13 105 1 0 1
-5.46459 -0.519037 0 0.317086 0.17122 200.147 0 13 106 1 0 1
4.1762 -1.61335 0 0.52727 -0.081856 198.934 0 13 107 1 0 1
-6.48525 2.97199 0 0.335943 -0.001919 199.013 0 13 108 1 0 1
4.36362 0.443688 0 -1.16577 0.0427391 198.855 0 13 109 1 0 1
5.5663 -0.652893 0 0.483483 -0.0259078 199.223 0 13 110 1 0 1
-2.04848 3.44987 0 -0.659316 0.31086 201.595 0 13 111 1 0 1
-4.37734 4.95041 0 1.031 0.0559063 198.189 0 13 112 1 0 1
-3.46572 -2.28254 0 0.211552 -0.010375 202.177 0 13 113 1 0 1
-6.02729 3.91677 0 0.988673 -0.365874 197.17 0 13 114 1 0 1
-1.13369 -0.659302 0 -0.514387 -0.772576 199.54 0 13 115 1 0 1
7.21143 -0.682672 0 -0.561857 -0.449732 201.275 0 13 116 1 0 1
-0.901277 0.517099 0 0.975695 -0.112267 201.098 0 13 117 1 0 1
-2.02491 0.754869 0 -0.670764 -0.0525476 200.332 0 13 118 1 0 1
1.50183 1.05394 0 -0.252332 0.515532 197.784 0 13 119 1 0 1
6.9497 -1.91657 0 -0.121589 0.72929 200.309 0 13 120 1 0 1
5.48161 -4.20149 0 0.406649 0.0360554 198.949 0 13 121 1 0 1
-5.36717 0.255726 0 -0.889307 0.177766 200.779 0 13 122 1 0 1
-1.22331 -2.46715 0 -0.395133 -0.164827 197.933 0 13 123 1 0 1
-0.813099 -2.23997 0 -0.0113565 -0.0690857 198.479 0 13 124 1 0 1
-0.0178896 0.445313 0 0.249355 0.139305 196.696 0 13 125 1 0 1
-1.51479 1.60291 0 0.13859 -0.480163 200.318 0 13 126 1 0 1
4.82568 -0.236895 0 -0.089526 0.135471 200.494 0 13 127 1 0 1
2.69855 0.38124 0 0.0361452 -0.234333 199.659 0 13 128 1 0 1
5.01249 -0.421411 0 -0.102888 -0.148612 201.574 0 13 129 1 0 1
-3.41872 -2.34243 0 0.456187 -0.317987 200.411 0 13 130 1 0 1
0.520718 2.65634 0 0.149438 -0.124297 200.886 0 13 131 1 0 1
-3.63927 1.58115 0 0.630764 0.161257 200.375 0 13 132 1 0 1
-3.1424 1.25445 0 -0.163888 -0.00576236 200.247 0 13 133 1 0 1
-5.43928 -1.72982 0 0.0904068 -0.324498 199.69 0 13 134 1 0 1
-7.42602 2.13003 0 0.345813 -0.0158715 198.012 0 13 135 1 0 1
-3.78148 -6.05933 0 -0.0760636 0.0545028 201.329 0 13 136 1 0 1
-1.24758 0.454918 0 -0.249906 0.106344 202.188 0 13 137 1 0 1
0.0735867 -1.15316 0 -0.350245 0.0554331 203.112 0 13 138 1 0 1
-1.28109 -2.17527 0 -0.527994 -0.630969 200.658 0 13 139 1 0 1
-5.4453 -4.94004 0 -0.620257 -0.337301 201.136 0 13 140 1 0 1
-5.24542 0.445658 0 -0.878594 -0.102793 200.862 0 13 141 1 0 1
2.96224 -3.2444 0 -0.00427072 -0.0373258 201.001 0 13 142 1 0 1
-2.33196 2.75653 0 -0.715785 -0.124064 199.18 0 13 143 1 0 1
0.063849 0.659049 0 0.518749 -0.100649 201.364 0 13 144 1 0 1
8.5881 1.68218 0 0.719923 -0.349314 207.503 0 13 145 1 0 1
-4.79463 -1.74972 0 -0.186682 0.490117 200.84 0 13 146 1 0 1
-5.7085 1.36726 0 0.132161 -0.094379 197.56 0 13 147 1 0 1
-2.90013 0.0568288 0 -0.22003 -0.15712 201.47 0 13 148 1 0 1
-3.79979 -1.84848 0 -0.860722 0.402343 198.851 0 13 149 1 0 1
9.36324 -2.91107 0 0.24634 -0.250895 200.486 0 13 150 1 0 1
-0.595325 -0.212357 61.2245 -0.0371318 0.219474 199.745 0.231034 13 1 1 0 1
-5.86199 -0.684418 61.2245 0.665309 -0.0398804 200.231 0.230912 13 2 1 0 1
1.09461 1.64236 61.2245 0.493004 -0.027944 198.523 0.231346 13 3 1 0 1
-3.96908 3.26283 61.2245 0.460267 -0.109483 199.787 0.231024 13 4 1 0 1
1.87831 -0.731293 61.2245 -0.90302 0.176864 201.745 0.230535 13 5 1 0 1
-0.892785 0.688704 61.2245 0.263355 0.207917 197.773 0.23154 13 6 1 0 1
2.01304 -6.56813 61.2245 -0.928904 0.0622411 198.166 0.231437 13 7 1 0 1
3.56037 -2.95263 61.2245 0.0347038 0.36255 197.995 0.231482 13 8 1 0 1
-0.385346 0.359456 61.2245 -0.11698 0.235031 201.277 0.230651 13 9 1 0 1
1.48066 1.13194 61.2245 0.202391 -0.229896 198.565 0.231335 13 10 1 0 1
-1.77968 -0.407622 61.2245 0.400247 0.714103 198.36 0.231388 13 11 1 0 1
-4.22204 3.5807 61.2245 0.752862 0.0186614 201.67 0.230554 13 12 1 0 1
5.61792 -3.58588 61.2245 -0.528172 -0.0265239 201.905 0.230496 13 13 1 0 1
-5.69558 0.600555 61.2245 0.502732 -0.118559 201.447 0.230609 13 14 1 0 1
2.64714 1.48522 61.2245 0.946334 -0.238132 198.874 0.231255 13 15 1 0 1
-3.13855 -1.41544 61.2245 0.753602 0.0320368 201.497 0.230596 13 16 1 0 1
-2.90151 -4.67618 61.2245 0.0963316 -0.150657 198.864 0.231258 13 17 1 0 1
1.82362 -0.0219465 61.2245 0.450878 0.0798144 200.335 0.230885 13 18 1 0 1
4.4195 0.587665 61.2245 0.0790685 -0.329981 201.806 0.23052 13 19 1 0 1
1.69165 0.104685 61.2245 0.476517 0.583267 199.281 0.231152 13 20 1 0 1
6.30811 -1.38675 61.2245 -0.474963 -0.288116 199.697 0.231046 13 21 1 0 1
5.74473 1.49461 61.2245 -0.0733288 -0.778301 201.42 0.230615 13 22 1 0 1
2.1111 -1.55973 61.2245 -0.465126 0.0586984 203.449 0.230121 13 23 1 0 1
-4.23151 3.34415 61.2245 0.141007 -0.25888 199.271 0.231154 13 24 1 0 1
0.196911 0.435851 61.2245 -0.651081 -0.384659 201.769 0.230529 13 25 1 0 1
0.36057 0.823279 61.2245 1.11132 0.376256 197.39 0.231639 13 26 1 0 1
-0.433045 4.18533 61.2245 0.202312 -0.67045 201.98 0.230477 13 27 1 0 1
2.56882 1.77558 61.2245 0.556356 -0.0505065 198.956 0.231235 13 28 1 0 1
-4.89894 -0.291327 61.2245 0.510539 0.616669 198.776 0.23128 13 29 1 0 1
1.02601 -0.95908 61.2245 -0.888795 0.115648 201.646 0.230559 13 30 1 0 1
5.71143 -2.73521 61.2245 -0.508454 0.2418 201.033 0.230711 13 31 1 0 1
1.8347 2.82536 61.2245 -0.513567 -0.0798234 201.399 0.230621 13 32 1 0 1
5.12382 0.909534 61.2245 -0.125451 0.616985 200.486 0.230848 13 33 1 0 1
-1.15162 3.69666 61.2245 0.154997 -0.103128 201.039 0.23071 13 34 1 0 1
4.64345 -4.26436 61.2245 -0.65433 0.250584 200.458 0.230855 13 35 1 0 1
-2.26811 1.41905 61.2245 0.636474 -0.355172 201.035 0.230711 13 36 1 0 1
-1.00039 1.12177 61.2245 -0.661486 -0.0552294 198.508 0.231349 13 37 1 0 1
2.13936 -1.39891 61.2245 0.066787 0.174931 202.03 0.230465 13 38 1 0 1
-2.75608 0.214557 61.2245 0.418283 0.663081 196.274 0.231933 13 39 1 0 1
2.69881 -0.0747615 61.2245 -0.383534 0.576496 199.982 0.230974 13 40 1 0 1
8.78149 0.82629 61.2245 -0.960617 -0.177799 198.616 0.231321 13 41 1 0 1
0.203663 0.31039 61.2245 -0.163571 -0.6597 204.004 0.229988 13 42 1 0 1
-0.393795 -2.47661 61.2245 0.945087 0.186721 206.328 0.229442 13 43 1 0 1
-3.66222 -1.31517 61.2245 -0.450446 0.193133 201.386 0.230624 13 44 1 0 1
5.05614 -4.02266 61.2245 -0.565104 0.0196016 202.48 0.230356 13 45 1 0 1
1.54052 0.04103 61.2245 -1.14541 0.429251 204.249 0.229929 13 46 1 0 1
2.26509 -3.16012 61.2245 -0.0351 -0.136164 200.094 0.230946 13 47 1 0 1
2.07541 -1.29429 61.2245 0.117253 -0.296777 198.444 0.231366 13 48 1 0 1
-4.47052 -5.77828 61.2245 0.707481 0.116318 200.898 0.230745 13 49 1 0 1
6.02088 2.45236 61.2245 -0.470036 -0.21063 198.511 0.231349 13 50 1 0 1
-2.43022 2.51605 61.2245 1.01191 0.0546098 206.658 0.229366 13 51 1 0 1
-0.0331618 0.744254 61.2245 0.324352 -0.0970104 204.632 0.229839 13 52 1 0 1
5.73588 -0.954652 61.2245 -1.20371 0.166272 201.563 0.230579 13 53 1 0 1
-5.66841 -4.74525 61.2245 -0.661898 0.156057 199.792 0.231022 13 54 1 0 1
1.24587 -3.22857 61.2245 -0.496927 -0.491117 200.657 0.230805 13 55 1 0 1
1.61258 1.94823 61.2245 0.37138 -0.13225 202.698 0.230302 13 56 1 0 1
-0.639192 -1.34763 61.2245 -0.274523 -0.123262 195.668 0.232095 13 57 1 0 1
0.655373 -0.965931 61.2245 0.0713512 -0.17988 200.744 0.230784 13 58 1 0 1
6.78528 -1.31606 61.2245 -0.554618 -0.129085 199.86 0.231005 13 59 1 0 1
-5.0133 0.32117 61.2245 0.364343 0.549687 201.886 0.230501 13 60 1 0 1
3.97444 1.56081 61.2245 -0.699715 -0.403468 200.622 0.230813 13 61 1 0 1
1.53667 5.02195 61.2245 -0.508399 -0.0165262 196.194 0.231955 13 62 1 0 1
2.121 0.0461139 61.2245 -0.387403 0.139346 200.781 0.230774 13 63 1 0 1
-8.22859 2.03981 61.2245 0.111972 0.322242 203.806 0.230036 13 64 1 0 1
6.80694 1.73708 61.2245 -1.64337 -0.65358 203.22 0.230175 13 65 1 0 1
0.826486 5.05512 61.2245 -0.635699 0.00492709 196.217 0.231949 13 66 1 0 1
1.04739 0.234011 61.2245 -0.465283 -0.151169 202.746 0.230291 13 67 1 0 1
-5.57179 4.4338 61.2245 0.633751 -0.416397 200.42 0.230864 13 68 1 0 1
0.692534 1.61939 61.2245 -0.404102 -0.0310563 198.112 0.231452 13 69 1 0 1
7.07837 -0.473743 61.2245 -0.196692 -0.172992 198.431 0.23137 13 70 1 0 1
4.83833 1.12514 61.2245 -0.486742 -0.0983851 201.232 0.230662 13 71 1 0 1
-0.341554 -0.379373 61.2245 0.418594 0.266286 201.344 0.230634 13 72 1 0 1
-0.591496 -2.40479 61.2245 -0.381605 -0.13214 198.031 0.231473 13 73 1 0 1
3.41169 4.11179 61.2245 -0.312482 0.533892 200.047 0.230958 13 74 1 0 1
-6.17083 -0.32373 61.2245 0.328341 -0.435877 199.498 0.231097 13 75 1 0 1
1.06305 -1.97966 61.2245 -0.32845 -0.157575 203.573 0.230091 13 76 1 0 1
-0.756886 -0.839452 61.2245 -0.353841 0.317189 198.63 0.231318 13 77 1 0 1
2.01362 1.99041 61.2245 0.197121 0.345876 198.899 0.231249 13 78 1 0 1
4.35202 -0.876059 61.2245 -0.776303 0.39692 201.643 0.23056 13 79 1 0 1
-0.173297 1.33836 61.2245 -0.58333 -0.238087 198.151 0.231442 13 80 1 0 1
-2.52174 -5.23927 61.2245 0.338903 0.305552 200.347 0.230882 13 81 1 0 1
-2.1501 1.46431 61.2245 0.702461 -0.236162 198.659 0.231311 13 82 1 0 1
2.5139 -0.884656 61.2245 -0.981358 -0.157384 200.137 0.230935 13 83 1 0 1
0.839288 2.84184 61.2245 -0.052249 -0.0374765 199.37 0.231129 13 84 1 0 1
-4.67132 1.44582 61.2245 0.75535 0.380733 198.503 0.231351 13 85 1 0 1
0.0953725 -0.216825 61.2245 -0.0371527 0.0110605 196.571 0.231855 13 86 1 0 1
3.3572 3.01626 61.2245 0.0465035 0.564 199.361 0.231131 13 87 1 0 1
-0.141228 4.66908 61.2245 0.0169925 -0.700551 200.97 0.230727 13 88 1 0 1
-6.20136 -5.14992 61.2245 -0.790952 -0.226475 202.136 0.230439 13 89 1 0 1
-3.46358 -2.83619 61.2245 0.17603 0.287329 197.796 0.231534 13 90 1 0 1
5.05169 -1.88991 61.2245 -0.930853 0.107822 200.047 0.230957 13 91 1 0 1
5.64406 -3.05372 61.2245 -0.414404 -0.0544116 198.854 0.231261 13 92 1 0 1
2.92149 -0.217065 61.2245 -0.0526399 0.269076 198.943 0.231238 13 93 1 0 1
-0.510401 3.78963 61.2245 0.134287 -0.171021 199.298 0.231148 13 94 1 0 1
-4.02517 -1.42923 61.2245 0.675125 0.154221 196.196 0.231954 13 95 1 0 1
3.91626 -1.83524 61.2245 -0.992693 0.382928 197.328 0.231655 13 96 1 0 1
-0.302429 -2.35906 61.2245 0.0641584 0.500916 202.997 0.23023 13 97 1 0 1
-8.00622 1.88962 61.2245 -0.0559468 -0.462098 199.222 0.231167 13 98 1 0 1
0.617008 -0.54622 61.2245 0.29587 0.0488 198.446 0.231366 13 99 1 0 1
5.02769 0.79759 61.2245 -0.677189 -0.184431 200.211 0.230916 13 100 1 0 1
-0.688791 -2.447 61.2245 -0.0243188 0.33661 202.828 0.230271 13 101 1 0 1
1.07174 2.16828 61.2245 0.281048 0.199409 200.606 0.230818 13 102 1 0 1
0.969827 0.0818279 61.2245 0.3556 -0.296985 200.047 0.230958 13 103 1 0 1
-7.45774 1.14083 61.2245 0.629266 0.330703 200.301 0.230894 13 104 1 0 1
3.66489 -2.67347 61.2245 -0.307498 -0.322581 198.06 0.231465 13 105 1 0 1
-5.29796 -0.4638 61.2245 0.770007 0.18958 200.145 0.230933 13 106 1 0 1
4.28425 -1.62929 61.2245 0.173383 -0.021646 198.934 0.23124 13 107 1 0 1
-6.29921 2.95445 61.2245 0.870904 -0.112006 199.012 0.23122 13 108 1 0 1
3.9503 0.454291 61.2245 -1.51337 0.0260714 198.853 0.23126 13 109 1 0 1
5.64289 -0.657116 61.2245 0.0139369 -0.00154777 199.224 0.231167 13 110 1 0 1
-2.2216 3.52442 61.2245 -0.478318 0.179627 201.596 0.230572 13 111 1 0 1
-4.0041 4.93941 61.2245 1.38026 -0.127042 198.187 0.231431 13 112 1 0 1
-3.35751 -2.27265 61.2245 0.50161 0.0755859 202.177 0.230429 13 113 1 0 1
-5.64435 3.78104 61.2245 1.47253 -0.507533 197.167 0.231697 13 114 1 0 1
-1.27631 -0.892138 61.2245 -0.413274 -0.743682 199.541 0.231086 13 115 1 0 1
6.94881 -0.815319 61.2245 -1.16112 -0.421584 201.273 0.230651 13 116 1 0 1
-0.593943 0.480034 61.2245 1.03892 -0.130983 201.098 0.230695 13 117 1 0 1
-2.20308 0.734535 61.2245 -0.492672 -0.0803978 200.332 0.230886 13 118 1 0 1
1.4048 1.20721 61.2245 -0.373209 0.473789 197.783 0.231537 13 119 1 0 1
6.82361 -1.68315 61.2245 -0.701683 0.796587 200.307 0.230892 13 120 1 0 1
5.53595 -4.16645 61.2245 -0.0542346 0.191446 198.949 0.231237 13 121 1 0 1
-5.56839 0.308371 61.2245 -0.427649 0.167196 200.781 0.230774 13 122 1 0 1
-1.32933 -2.50397 61.2245 -0.288897 -0.0729863 197.934 0.231498 13 123 1 0 1
-0.806164 -2.24846 61.2245 0.0562201 0.0140664 198.479 0.231357 13 124 1 0 1
0.0596232 0.486051 61.2245 0.247629 0.122206 196.696 0.231822 13 125 1 0 1
-1.45319 1.44729 61.2245 0.263599 -0.537193 200.317 0.23089 13 126 1 0 1
4.7366 -0.194254 61.2245 -0.492638 0.143539 200.494 0.230846 13 127 1 0 1
2.675 0.307345 61.2245 -0.189441 -0.247165 199.659 0.231056 13 128 1 0 1
4.91712 -0.464059 61.2245 -0.52374 -0.131951 201.574 0.230578 13 129 1 0 1
-3.23613 -2.42603 61.2245 0.736614 -0.228786 200.41 0.230866 13 130 1 0 1
0.559393 2.60338 61.2245 0.103815 -0.222919 200.886 0.230748 13 131 1 0 1
-3.40071 1.62131 61.2245 0.927364 0.101362 200.374 0.230875 13 132 1 0 1
-3.15201 1.24554 61.2245 0.101136 -0.0524893 200.247 0.230908 13 133 1 0 1
-5.34196 -1.81925 61.2245 0.543083 -0.258346 199.69 0.231048 13 134 1 0 1
-7.22436 2.11298 61.2245 0.955768 -0.0942911 198.01 0.231478 13 135 1 0 1
-3.75604 -6.00823 61.2245 0.243015 0.281274 201.329 0.230638 13 136 1 0 1
-1.30694 0.484464 61.2245 -0.141306 0.0886161 202.188 0.230427 13 137 1 0 1
-0.0324802 -1.12991 61.2245 -0.352001 0.0987162 203.112 0.230202 13 138 1 0 1
-1.42508 -2.35501 61.2245 -0.413819 -0.546122 200.658 0.230804 13 139 1 0 1
-5.56349 -5.01434 61.2245 -0.15468 -0.15042 201.137 0.230686 13 140 1 0 1
-5.44484 0.411843 61.2245 -0.427104 -0.11887 200.864 0.230753 13 141 1 0 1
2.92297 -3.23724 61.2245 -0.252998 0.0842776 201 0.23072 13 142 1 0 1
-2.52114 2.70275 61.2245 -0.512537 -0.225559 199.181 0.231177 13 143 1 0 1
0.220081 0.624746 61.2245 0.506728 -0.124778 201.364 0.230629 13 144 1 0 1
8.68952 1.56971 61.2245 -0.033903 -0.412299 207.504 0.229173 13 145 1 0 1
-4.78984 -1.59062 61.2245 0.218062 0.552735 200.84 0.230759 13 146 1 0 1
-5.59454 1.33027 61.2245 0.601682 -0.144121 197.559 0.231595 13 147 1 0 1
-2.92954 0.00884867 61.2245 0.0269253 -0.158355 201.47 0.230603 13 148 1 0 1
-4.01496 -1.7143 61.2245 -0.533981 0.468473 198.852 0.231261 13 149 1 0 1
9.31812 -2.97093 61.2245 -0.541171 -0.140823 200.486 0.230848 13 150 1 0 1
-0.599027 -0.144002 122.449 0.0130298 0.226118 199.745 0.462069 13 1 1 0 1
-5.58429 -0.692686 122.449 1.1472 -0.0141431 200.228 0.461823 13 2 1 0 1
1.23198 1.62439 122.449 0.395888 -0.0884767 198.523 0.462692 13 3 1 0 1
-3.77776 3.21073 122.449 0.785691 -0.2302 199.786 0.462047 13 4 1 0 1
1.58136 -0.67355 122.449 -1.04977 0.203317 201.744 0.46107 13 5 1 0 1
-0.800163 0.749018 122.449 0.333755 0.181376 197.773 0.463079 13 6 1 0 1
1.70148 -6.51148 122.449 -1.08367 0.304169 198.165 0.462875 13 7 1 0 1
3.52542 -2.8239 122.449 -0.260285 0.469304 197.995 0.462964 13 8 1 0 1
-0.415837 0.428762 122.449 -0.083073 0.220223 201.277 0.461302 13 9 1 0 1
1.52382 1.05473 122.449 0.0769518 -0.270423 198.565 0.46267 13 10 1 0 1
-1.63385 -0.185306 122.449 0.542617 0.72508 198.359 0.462775 13 11 1 0 1
-3.94033 3.56593 122.449 1.09897 -0.115864 201.669 0.461107 13 12 1 0 1
5.38643 -3.57345 122.449 -0.995334 0.108397 201.903 0.460992 13 13 1 0 1
-5.47044 0.561165 122.449 0.975681 -0.140401 201.445 0.461218 13 14 1 0 1
2.9033 1.40358 122.449 0.71424 -0.291757 198.875 0.462511 13 15 1 0 1
-2.87032 -1.39765 122.449 1.00818 0.0849437 201.496 0.461192 13 16 1 0 1
-2.83479 -4.69581 122.449 0.336189 0.0233039 198.864 0.462517 13 17 1 0 1
1.93745 0.00252435 122.449 0.29245 0.0801777 200.336 0.461771 13 18 1 0 1
4.38674 0.484394 122.449 -0.294602 -0.350174 201.806 0.461041 13 19 1 0 1
1.81573 0.282943 122.449 0.329553 0.576058 199.281 0.462303 13 20 1 0 1
6.08225 -1.467 122.449 -0.995212 -0.234921 199.695 0.462092 13 21 1 0 1
5.6489 1.24996 122.449 -0.555861 -0.829896 201.419 0.46123 13 22 1 0 1
1.94466 -1.5332 122.449 -0.638622 0.117432 203.449 0.460242 13 23 1 0 1
-4.13413 3.24569 122.449 0.491521 -0.381448 199.271 0.462309 13 24 1 0 1
-0.00233083 0.316867 122.449 -0.659335 -0.398835 201.769 0.461058 13 25 1 0 1
0.699174 0.935064 122.449 1.06734 0.343861 197.39 0.463278 13 26 1 0 1
-0.366432 3.95862 122.449 0.236264 -0.823983 201.979 0.460955 13 27 1 0 1
2.70637 1.74994 122.449 0.335679 -0.115977 198.956 0.462469 13 28 1 0 1
-4.67956 -0.100088 122.449 0.91087 0.623926 198.775 0.462561 13 29 1 0 1
0.744157 -0.918563 122.449 -0.963847 0.150988 201.646 0.461119 13 30 1 0 1
5.48403 -2.64611 122.449 -0.981676 0.342773 201.031 0.461422 13 31 1 0 1
1.65572 2.78502 122.449 -0.661374 -0.185289 201.398 0.461241 13 32 1 0 1
5.02 1.0924 122.449 -0.553062 0.57952 200.486 0.461695 13 33 1 0 1
-1.08985 3.64423 122.449 0.249746 -0.240877 201.038 0.46142 13 34 1 0 1
4.38494 -4.16365 122.449 -1.03486 0.408273 200.456 0.461709 13 35 1 0 1
-2.04603 1.303 122.449 0.818831 -0.406248 201.034 0.461421 13 36 1 0 1
-1.19071 1.09837 122.449 -0.570032 -0.0963656 198.509 0.462699 13 37 1 0 1
2.13209 -1.33802 122.449 -0.114662 0.226542 202.03 0.460931 13 38 1 0 1
-2.59083 0.419778 122.449 0.638943 0.651458 196.273 0.463867 13 39 1 0 1
2.5473 0.101824 122.449 -0.604125 0.575989 199.981 0.461948 13 40 1 0 1
8.37408 0.766874 122.449 -1.67702 -0.207329 198.611 0.462643 13 41 1 0 1
0.152172 0.111011 122.449 -0.178834 -0.667724 204.004 0.459976 13 42 1 0 1
-0.109506 -2.40718 122.449 0.966921 0.280775 206.327 0.458885 13 43 1 0 1
-3.75163 -1.24907 122.449 -0.136514 0.241333 201.386 0.461248 13 44 1 0 1
4.82118 -3.9938 122.449 -0.985614 0.171105 202.478 0.460711 13 45 1 0 1
1.1789 0.169221 122.449 -1.2622 0.425241 204.249 0.459858 13 46 1 0 1
2.22536 -3.18368 122.449 -0.224024 -0.0176838 200.094 0.461893 13 47 1 0 1
2.08483 -1.3783 122.449 -0.0563357 -0.247273 198.444 0.462732 13 48 1 0 1
-4.19853 -5.70994 122.449 1.07367 0.331738 200.897 0.461489 13 49 1 0 1
5.79935 2.37353 122.449 -0.963398 -0.300045 198.509 0.462698 13 50 1 0 1
-2.10056 2.51785 122.449 1.20877 -0.0424903 206.657 0.458733 13 51 1 0 1
0.063892 0.71104 122.449 0.323029 -0.124807 204.632 0.459678 13 52 1 0 1
5.2983 -0.898798 122.449 -1.67132 0.201139 201.559 0.461159 13 53 1 0 1
-5.79772 -4.67045 122.449 -0.180218 0.331647 199.793 0.462044 13 54 1 0 1
1.07893 -3.35972 122.449 -0.595012 -0.367724 200.657 0.46161 13 55 1 0 1
1.70361 1.89725 122.449 0.230044 -0.205006 202.698 0.460605 13 56 1 0 1
-0.716529 -1.37844 122.449 -0.218746 -0.0734749 195.668 0.46419 13 57 1 0 1
0.668641 -1.01518 122.449 0.0154658 -0.14276 200.744 0.461567 13 58 1 0 1
6.52913 -1.34802 122.449 -1.11412 -0.079386 199.857 0.46201 13 59 1 0 1
-4.83902 0.485721 122.449 0.782562 0.53448 201.885 0.461001 13 60 1 0 1
3.71087 1.42902 122.449 -1.0239 -0.459452 200.621 0.461627 13 61 1 0 1
1.359 4.98815 122.449 -0.627851 -0.199836 196.193 0.46391 13 62 1 0 1
1.97619 0.0882612 122.449 -0.560372 0.136828 200.78 0.461548 13 63 1 0 1
-8.08962 2.1248 122.449 0.81125 0.243017 203.805 0.460071 13 64 1 0 1
6.22671 1.53064 122.449 -2.20023 -0.715544 203.214 0.460349 13 65 1 0 1
0.618386 5.02782 122.449 -0.69531 -0.179738 196.216 0.463897 13 66 1 0 1
0.894066 0.187114 122.449 -0.548047 -0.159138 202.746 0.460581 13 67 1 0 1
-5.3076 4.28155 122.449 1.09221 -0.579428 200.417 0.461728 13 68 1 0 1
0.559308 1.60058 122.449 -0.456248 -0.0905986 198.112 0.462904 13 69 1 0 1
6.92721 -0.524315 122.449 -0.781038 -0.154506 198.43 0.462739 13 70 1 0 1
4.62885 1.08884 122.449 -0.887308 -0.139969 201.231 0.461324 13 71 1 0 1
-0.210434 -0.296391 122.449 0.441962 0.278986 201.344 0.461268 13 72 1 0 1
-0.701389 -2.43185 122.449 -0.327771 -0.0427393 198.031 0.462946 13 73 1 0 1
3.27273 4.25143 122.449 -0.593646 0.377731 200.047 0.461915 13 74 1 0 1
-5.9914 -0.455397 122.449 0.838506 -0.421365 199.497 0.462193 13 75 1 0 1
0.951067 -2.01567 122.449 -0.414663 -0.0816584 203.573 0.460183 13 76 1 0 1
-0.855783 -0.737081 122.449 -0.286489 0.346418 198.63 0.462637 13 77 1 0 1
2.04822 2.08532 122.449 0.0272503 0.27021 198.899 0.462499 13 78 1 0 1
4.06153 -0.750776 122.449 -1.13301 0.427536 201.641 0.46112 13 79 1 0 1
-0.350541 1.2573 122.449 -0.561504 -0.286094 198.151 0.462883 13 80 1 0 1
-2.38629 -5.11619 122.449 0.545655 0.499199 200.346 0.461765 13 81 1 0 1
-1.90697 1.38331 122.449 0.871925 -0.288963 198.658 0.462622 13 82 1 0 1
2.18275 -0.927664 122.449 -1.17899 -0.123528 200.136 0.461869 13 83 1 0 1
0.812553 2.81415 122.449 -0.121494 -0.142729 199.37 0.462259 13 84 1 0 1
-4.37947 1.55478 122.449 1.1331 0.325135 198.502 0.462701 13 85 1 0 1
0.0826278 -0.21215 122.449 -0.0445097 0.0189313 196.571 0.46371 13 86 1 0 1
3.32838 3.17194 122.449 -0.233745 0.448849 199.361 0.462263 13 87 1 0 1
-0.134264 4.42944 122.449 0.0286338 -0.871221 200.97 0.461453 13 88 1 0 1
-6.36041 -5.18901 122.449 -0.257054 -0.0314083 202.138 0.460878 13 89 1 0 1
-3.36493 -2.73124 122.449 0.460021 0.390114 197.795 0.463068 13 90 1 0 1
4.70327 -1.8462 122.449 -1.34116 0.177582 200.045 0.461915 13 91 1 0 1
5.44467 -3.05303 122.449 -0.878037 0.0589344 198.852 0.462522 13 92 1 0 1
2.86791 -0.133177 122.449 -0.294812 0.27558 198.943 0.462476 13 93 1 0 1
-0.462782 3.71558 122.449 0.175068 -0.310635 199.298 0.462295 13 94 1 0 1
-3.76379 -1.37304 122.449 0.996433 0.205537 196.194 0.463908 13 95 1 0 1
3.55938 -1.70619 122.449 -1.30285 0.448151 197.326 0.46331 13 96 1 0 1
-0.279285 -2.19481 122.449 0.0889875 0.5872 202.997 0.46046 13 97 1 0 1
-7.92071 1.7371 122.449 0.611215 -0.529535 199.221 0.462334 13 98 1 0 1
0.699991 -0.528077 122.449 0.240917 0.068699 198.446 0.462731 13 99 1 0 1
4.75705 0.736749 122.449 -1.08909 -0.213102 200.21 0.461833 13 100 1 0 1
-0.687271 -2.33162 122.449 0.0343664 0.427077 202.828 0.460542 13 101 1 0 1
1.14341 2.21666 122.449 0.187613 0.117304 200.607 0.461635 13 102 1 0 1
1.06576 -0.0093584 122.449 0.269978 -0.298339 200.047 0.461916 13 103 1 0 1
-7.17062 1.23521 122.449 1.24534 0.286277 200.298 0.461788 13 104 1 0 1
3.52326 -2.75774 122.449 -0.606846 -0.222175 198.059 0.462931 13 105 1 0 1
-4.99551 -0.403272 122.449 1.20318 0.205775 200.143 0.461866 13 106 1 0 1
4.28246 -1.62664 122.449 -0.18495 0.0388112 198.934 0.462481 13 107 1 0 1
-5.95169 2.9032 122.449 1.38352 -0.220812 199.009 0.46244 13 108 1 0 1
3.43571 0.459712 122.449 -1.82217 0.00910679 198.85 0.46252 13 109 1 0 1
5.57483 -0.653843 122.449 -0.455967 0.0228299 199.223 0.462333 13 110 1 0 1
-2.33777 3.55877 122.449 -0.285055 0.0463445 201.596 0.461144 13 111 1 0 1
-3.5282 4.87207 122.449 1.69412 -0.308536 198.184 0.462863 13 112 1 0 1
-3.16322 -2.23684 122.449 0.778804 0.160684 202.176 0.460859 13 113 1 0 1
-5.1167 3.60217 122.449 1.91861 -0.643395 197.162 0.463393 13 114 1 0 1
-1.38621 -1.1148 122.449 -0.301565 -0.706304 199.541 0.462171 13 115 1 0 1
6.50805 -0.938665 122.449 -1.73058 -0.388625 201.269 0.461302 13 116 1 0 1
-0.271383 0.437494 122.449 1.0755 -0.148205 201.098 0.461389 13 117 1 0 1
-2.32476 0.705821 122.449 -0.301949 -0.107331 200.332 0.461773 13 118 1 0 1
1.27176 1.34671 122.449 -0.484518 0.426641 197.783 0.463074 13 119 1 0 1
6.52259 -1.43053 122.449 -1.26377 0.854789 200.304 0.461784 13 120 1 0 1
5.44837 -4.08388 122.449 -0.513726 0.344651 198.948 0.462473 13 121 1 0 1
-5.62686 0.357498 122.449 0.0449795 0.154717 200.781 0.461548 13 122 1 0 1
-1.40127 -2.51222 122.449 -0.175254 0.0196875 197.934 0.462996 13 123 1 0 1
-0.778563 -2.23131 122.449 0.122355 0.0970581 198.479 0.462714 13 124 1 0 1
0.135608 0.521245 122.449 0.239555 0.103712 196.696 0.463644 13 125 1 0 1
-1.35434 1.27516 122.449 0.38185 -0.588095 200.317 0.46178 13 126 1 0 1
4.5261 -0.149397 122.449 -0.883115 0.149969 200.492 0.461692 13 127 1 0 1
2.58286 0.229944 122.449 -0.410171 -0.257178 199.659 0.462112 13 128 1 0 1
4.69569 -0.501414 122.449 -0.931159 -0.113785 201.572 0.461155 13 129 1 0 1
-2.97058 -2.48195 122.449 0.998152 -0.136976 200.409 0.461733 13 130 1 0 1
0.583727 2.52072 122.449 0.0555307 -0.318999 200.886 0.461496 13 131 1 0 1
-3.07498 1.64297 122.449 1.20018 0.0403108 200.372 0.461751 13 132 1 0 1
-3.08082 1.22241 122.449 0.363567 -0.0986174 200.247 0.461815 13 133 1 0 1
-5.10769 -1.88793 122.449 0.981829 -0.189247 199.688 0.462096 13 134 1 0 1
-6.8375 2.07183 122.449 1.54119 -0.171632 198.006 0.462956 13 135 1 0 1
-3.6343 -5.88859 122.449 0.55586 0.504834 201.327 0.461276 13 136 1 0 1
-1.33279 0.508484 122.449 -0.029084 0.0698771 202.188 0.460854 13 137 1 0 1
-0.137714 -1.09376 122.449 -0.344732 0.140873 203.112 0.460405 13 138 1 0 1
-1.53254 -2.5079 122.449 -0.289034 -0.455044 200.659 0.461609 13 139 1 0 1
-5.53906 -5.03144 122.449 0.314866 0.0381782 201.137 0.461371 13 140 1 0 1
-5.50467 0.373331 122.449 0.0353407 -0.133591 200.864 0.461507 13 141 1 0 1
2.80877 -3.19316 122.449 -0.495237 0.204919 201 0.461439 13 142 1 0 1
-2.6457 2.61813 122.449 -0.296148 -0.324482 199.181 0.462355 13 143 1 0 1
0.370672 0.583316 122.449 0.481716 -0.147484 201.364 0.461259 13 144 1 0 1
8.56818 1.43934 122.449 -0.786858 -0.470576 207.502 0.458347 13 145 1 0 1
-4.66225 -1.41337 122.449 0.617213 0.609045 200.839 0.461519 13 146 1 0 1
-5.33717 1.27811 122.449 1.05577 -0.192217 197.557 0.463191 13 147 1 0 1
-2.88384 -0.0392324 122.449 0.27319 -0.157783 201.47 0.461206 13 148 1 0 1
-4.1272 -1.56056 122.449 -0.193546 0.529258 198.853 0.462522 13 149 1 0 1
9.03412 -2.99691 122.449 -1.31478 -0.0291453 200.482 0.461695 13 150 1 0 1
-0.587372 -0.0740043 183.673 0.0628573 0.230182 199.745 0.693103 13 1 1 0 1
-5.16343 -0.693051 183.673 1.59966 0.0117549 200.225 0.692735 13 2 1 0 1
1.33775 1.58789 183.673 0.288622 -0.148 198.523 0.694038 13 3 1 0 1
-3.48959 3.122 183.673 1.09097 -0.348289 199.784 0.693071 13 4 1 0 1
1.24387 -0.608124 183.673 -1.16961 0.227451 201.743 0.691605 13 5 1 0 1
-0.687027 0.800787 183.673 0.395599 0.152767 197.773 0.694619 13 6 1 0 1
1.34629 -6.38054 183.673 -1.21066 0.542623 198.164 0.694312 13 7 1 0 1
3.40009 -2.66295 183.673 -0.548599 0.570702 197.994 0.694446 13 8 1 0 1
-0.435668 0.493177 183.673 -0.0470363 0.202903 201.277 0.691953 13 9 1 0 1
1.52791 0.965492 183.673 -0.0504605 -0.307866 198.565 0.694005 13 10 1 0 1
-1.44615 0.0391245 183.673 0.671075 0.727785 198.359 0.694163 13 11 1 0 1
-3.55762 3.51049 183.673 1.41689 -0.249065 201.667 0.691661 13 12 1 0 1
5.01685 -3.52026 183.673 -1.43696 0.242078 201.901 0.691488 13 13 1 0 1
-5.10505 0.515374 183.673 1.4236 -0.160641 201.442 0.691827 13 14 1 0 1
3.08502 1.30592 183.673 0.463834 -0.342054 198.876 0.693766 13 15 1 0 1
-2.52851 -1.36392 183.673 1.2369 0.136881 201.495 0.691789 13 16 1 0 1
-2.69539 -4.66186 183.673 0.567425 0.196998 198.864 0.693775 13 17 1 0 1
2.00161 0.0269664 183.673 0.126524 0.0796264 200.336 0.692656 13 18 1 0 1
4.24151 0.375596 183.673 -0.660717 -0.366372 201.805 0.691561 13 19 1 0 1
1.89327 0.457973 183.673 0.17414 0.562277 199.281 0.693455 13 20 1 0 1
5.70047 -1.53052 183.673 -1.48993 -0.179046 199.692 0.693139 13 21 1 0 1
5.40825 0.99105 183.673 -1.02413 -0.872019 201.417 0.691845 13 22 1 0 1
1.72838 -1.48918 183.673 -0.795744 0.174826 203.448 0.690363 13 23 1 0 1
-3.93076 3.1102 183.673 0.829428 -0.499663 199.269 0.693463 13 24 1 0 1
-0.201513 0.194268 183.673 -0.650687 -0.408461 201.769 0.691588 13 25 1 0 1
1.01985 1.03618 183.673 0.995997 0.307543 197.391 0.694916 13 26 1 0 1
-0.290424 3.68675 183.673 0.264159 -0.968114 201.979 0.691432 13 27 1 0 1
2.77453 1.70434 183.673 0.106395 -0.180124 198.957 0.693704 13 28 1 0 1
-4.34022 0.0922925 183.673 1.28784 0.624064 198.773 0.693841 13 29 1 0 1
0.443222 -0.867567 183.673 -1.01419 0.184605 201.645 0.691678 13 30 1 0 1
5.11604 -2.52683 183.673 -1.42972 0.439832 201.028 0.692134 13 31 1 0 1
1.4343 2.71292 183.673 -0.792224 -0.28864 201.398 0.691862 13 32 1 0 1
4.78748 1.26281 183.673 -0.966488 0.535443 200.484 0.692543 13 33 1 0 1
-1.00015 3.55022 183.673 0.338093 -0.375879 201.038 0.69213 13 34 1 0 1
4.01401 -4.01544 183.673 -1.38885 0.5613 200.454 0.692564 13 35 1 0 1
-1.77149 1.17208 183.673 0.980194 -0.452689 201.034 0.692132 13 36 1 0 1
-1.35051 1.06244 183.673 -0.463965 -0.136403 198.509 0.694048 13 37 1 0 1
2.07016 -1.26187 183.673 -0.293171 0.275569 202.03 0.691396 13 38 1 0 1
-2.35916 0.620209 183.673 0.843222 0.632403 196.273 0.6958 13 39 1 0 1
2.33049 0.277247 183.673 -0.809227 0.568911 199.98 0.692923 13 40 1 0 1
7.75198 0.69871 183.673 -2.35038 -0.23449 198.605 0.693964 13 41 1 0 1
0.0967805 -0.0896348 183.673 -0.189513 -0.668131 204.004 0.689965 13 42 1 0 1
0.177589 -2.31029 183.673 0.963967 0.371626 206.327 0.688327 13 43 1 0 1
-3.74487 -1.16871 183.673 0.180919 0.286781 201.386 0.691872 13 44 1 0 1
4.46263 -3.91938 183.673 -1.38084 0.320653 202.475 0.691067 13 45 1 0 1
0.787061 0.295481 183.673 -1.34662 0.416381 204.248 0.689787 13 46 1 0 1
2.12858 -3.17092 183.673 -0.407204 0.100998 200.093 0.692839 13 47 1 0 1
2.0408 -1.44658 183.673 -0.22848 -0.194949 198.444 0.694099 13 48 1 0 1
-3.8189 -5.57647 183.673 1.41231 0.543368 200.894 0.692234 13 49 1 0 1
5.42915 2.26763 183.673 -1.43204 -0.386034 198.506 0.694047 13 50 1 0 1
-1.71705 2.49092 183.673 1.37465 -0.139105 206.656 0.688099 13 51 1 0 1
0.159308 0.669714 183.673 0.313426 -0.151179 204.632 0.689518 13 52 1 0 1
4.72488 -0.832691 183.673 -2.09607 0.233709 201.555 0.691738 13 53 1 0 1
-5.77839 -4.54238 183.673 0.306085 0.503451 199.793 0.693066 13 54 1 0 1
0.884326 -3.45255 183.673 -0.677843 -0.240136 200.657 0.692414 13 55 1 0 1
1.75096 1.82462 183.673 0.0828108 -0.275422 202.698 0.690907 13 56 1 0 1
-0.775497 -1.39352 183.673 -0.157361 -0.0228492 195.668 0.696285 13 57 1 0 1
0.664767 -1.05285 183.673 -0.040816 -0.104011 200.744 0.692351 13 58 1 0 1
6.1056 -1.3646 183.673 -1.64504 -0.0287828 199.854 0.693015 13 59 1 0 1
-4.54069 0.644731 183.673 1.18071 0.513173 201.883 0.691502 13 60 1 0 1
3.35218 1.28092 183.673 -1.32183 -0.510193 200.619 0.69244 13 61 1 0 1
1.14649 4.89746 183.673 -0.731206 -0.380865 196.193 0.695864 13 62 1 0 1
1.78071 0.129402 183.673 -0.718974 0.132748 200.78 0.692322 13 63 1 0 1
-7.74326 2.18554 183.673 1.4897 0.161018 203.801 0.690107 13 64 1 0 1
5.48684 1.30674 183.673 -2.70065 -0.76934 203.208 0.690524 13 65 1 0 1
0.394433 4.94317 183.673 -0.737094 -0.362353 196.216 0.695846 13 66 1 0 1
0.717816 0.138082 183.673 -0.616761 -0.165292 202.746 0.690872 13 67 1 0 1
-4.90734 4.08046 183.673 1.52264 -0.735842 200.414 0.692592 13 68 1 0 1
0.411742 1.5635 183.673 -0.496697 -0.149107 198.112 0.694356 13 69 1 0 1
6.59846 -0.568906 183.673 -1.34534 -0.134256 198.427 0.694109 13 70 1 0 1
4.30071 1.04013 183.673 -1.26512 -0.179955 201.229 0.691986 13 71 1 0 1
-0.0739203 -0.210028 183.673 0.454 0.288503 201.344 0.691903 13 72 1 0 1
-0.793301 -2.43117 183.673 -0.265534 0.0471488 198.031 0.694419 13 73 1 0 1
3.04987 4.34256 183.673 -0.859588 0.217261 200.046 0.692873 13 74 1 0 1
-5.65837 -0.581868 183.673 1.32716 -0.402045 199.494 0.69329 13 75 1 0 1
0.8147 -2.02868 183.673 -0.490244 -0.00481049 203.573 0.690274 13 76 1 0 1
-0.932742 -0.626302 183.673 -0.211792 0.371695 198.63 0.693955 13 77 1 0 1
2.03032 2.15645 183.673 -0.143319 0.191461 198.899 0.693748 13 78 1 0 1
3.66692 -0.616927 183.673 -1.46067 0.453272 201.639 0.69168 13 79 1 0 1
-0.518799 1.1619 183.673 -0.525284 -0.330838 198.151 0.694325 13 80 1 0 1
-2.18967 -4.93474 183.673 0.738416 0.687149 200.345 0.692647 13 81 1 0 1
-1.61496 1.28654 183.673 1.01903 -0.338467 198.657 0.693932 13 82 1 0 1
1.79565 -0.96009 183.673 -1.3464 -0.0882634 200.135 0.692804 13 83 1 0 1
0.764987 2.75435 183.673 -0.187625 -0.246353 199.37 0.693388 13 84 1 0 1
-3.97534 1.646 183.673 1.48179 0.265828 198.499 0.694052 13 85 1 0 1
0.0677648 -0.205055 183.673 -0.0507257 0.0265861 196.571 0.695565 13 86 1 0 1
3.21424 3.29143 183.673 -0.508001 0.328577 199.361 0.693394 13 87 1 0 1
-0.123857 4.13926 183.673 0.0395409 -1.03195 200.969 0.69218 13 88 1 0 1
-6.35641 -5.16891 183.673 0.283438 0.164018 202.138 0.691317 13 89 1 0 1
-3.18002 -2.59514 183.673 0.732216 0.488448 197.794 0.694602 13 90 1 0 1
4.23427 -1.78142 183.673 -1.71706 0.245313 200.042 0.692872 13 91 1 0 1
5.1057 -3.0175 183.673 -1.31915 0.171606 198.85 0.693783 13 92 1 0 1
2.74081 -0.0477687 183.673 -0.529425 0.278939 198.942 0.693715 13 93 1 0 1
-0.403299 3.59914 183.673 0.211361 -0.446705 199.298 0.693443 13 94 1 0 1
-3.40593 -1.3012 183.673 1.29219 0.254506 196.192 0.695863 13 95 1 0 1
3.11125 -1.55767 183.673 -1.5796 0.50826 197.324 0.694965 13 96 1 0 1
-0.248981 -2.00553 183.673 0.111535 0.666785 202.996 0.69069 13 97 1 0 1
-7.63215 1.56476 183.673 1.26269 -0.590923 199.218 0.693501 13 98 1 0 1
0.765027 -0.503911 183.673 0.179787 0.0878144 198.446 0.694097 13 99 1 0 1
4.36445 0.667504 183.673 -1.47306 -0.239341 200.207 0.692749 13 100 1 0 1
-0.668132 -2.18966 183.673 0.0921705 0.512672 202.827 0.690813 13 101 1 0 1
1.18577 2.23975 183.673 0.0893675 0.0338604 200.607 0.692453 13 102 1 0 1
1.13437 -0.100438 183.673 0.177434 -0.296289 200.047 0.692874 13 103 1 0 1
-6.69968 1.31551 183.673 1.82945 0.238584 200.294 0.692682 13 104 1 0 1
3.29132 -2.81056 183.673 -0.890632 -0.119235 198.058 0.694396 13 105 1 0 1
-4.565 -0.338145 183.673 1.60549 0.219623 200.14 0.692799 13 106 1 0 1
4.17089 -1.60544 183.673 -0.53854 0.0988254 198.934 0.693721 13 107 1 0 1
-5.45158 2.81884 183.673 1.86064 -0.327094 199.005 0.693661 13 108 1 0 1
2.83303 0.459888 183.673 -2.08424 -0.00796131 198.847 0.69378 13 109 1 0 1
5.36384 -0.643111 183.673 -0.914174 0.0469468 199.222 0.6935 13 110 1 0 1
-2.394 3.55252 183.673 -0.0844836 -0.0874672 201.596 0.691716 13 111 1 0 1
-2.96186 4.74915 183.673 1.96453 -0.486506 198.181 0.694294 13 112 1 0 1
-2.88784 -2.17552 183.673 1.03603 0.243947 202.174 0.691288 13 113 1 0 1
-4.45788 3.38221 183.673 2.31547 -0.77191 197.158 0.69509 13 114 1 0 1
-1.46057 -1.32474 183.673 -0.182125 -0.660869 199.541 0.693257 13 115 1 0 1
5.90045 -1.0513 183.673 -2.25564 -0.351232 201.264 0.691953 13 116 1 0 1
0.058134 0.389963 183.673 1.08452 -0.163737 201.098 0.692084 13 117 1 0 1
-2.38685 0.669056 183.673 -0.103484 -0.13304 200.333 0.692659 13 118 1 0 1
1.10612 1.47084 183.673 -0.583405 0.374626 197.783 0.694611 13 119 1 0 1
6.05436 -1.1616 183.673 -1.79343 0.903233 200.3 0.692676 13 120 1 0 1
5.22112 -3.95473 183.673 -0.960038 0.49392 198.946 0.69371 13 121 1 0 1
-5.54108 0.402548 183.673 0.516454 0.140473 200.781 0.692322 13 122 1 0 1
-1.43729 -2.49181 183.673 -0.0571183 0.112137 197.934 0.694494 13 123 1 0 1
-0.731002 -2.1887 183.673 0.185354 0.178943 198.479 0.694072 13 124 1 0 1
0.208115 0.550493 183.673 0.225339 0.084036 196.696 0.695466 13 125 1 0 1
-1.22077 1.08848 183.673 0.490311 -0.632287 200.317 0.69267 13 126 1 0 1
4.19956 -0.102836 183.673 -1.25094 0.154688 200.49 0.692537 13 127 1 0 1
2.42452 0.14992 183.673 -0.620383 -0.264256 199.658 0.693168 13 128 1 0 1
4.35389 -0.533049 183.673 -1.3147 -0.0943215 201.57 0.691733 13 129 1 0 1
-2.62887 -2.50956 183.673 1.2341 -0.0436043 200.408 0.692599 13 130 1 0 1
0.593097 2.40931 183.673 0.00582293 -0.411439 200.886 0.692244 13 131 1 0 1
-2.67041 1.64589 183.673 1.44223 -0.0211992 200.371 0.692626 13 132 1 0 1
-2.93064 1.18535 183.673 0.616675 -0.14362 200.246 0.692723 13 133 1 0 1
-4.74247 -1.93508 183.673 1.39539 -0.11799 199.686 0.693144 13 134 1 0 1
-6.27535 2.00705 183.673 2.08707 -0.24701 198.001 0.694433 13 135 1 0 1
-3.4194 -5.70177 183.673 0.854448 0.722631 201.326 0.691914 13 136 1 0 1
-1.32448 0.526703 183.673 0.0838838 0.050341 202.188 0.69128 13 137 1 0 1
-0.239418 -1.04514 183.673 -0.328626 0.181423 203.112 0.690607 13 138 1 0 1
-1.60071 -2.63217 183.673 -0.156839 -0.358775 200.659 0.692413 13 139 1 0 1
-5.37263 -4.99114 183.673 0.776334 0.226339 201.135 0.692057 13 140 1 0 1
-5.42338 0.33056 183.673 0.496879 -0.146788 200.864 0.69226 13 141 1 0 1
2.62257 -3.11265 183.673 -0.724778 0.323222 200.999 0.692159 13 142 1 0 1
-2.70242 2.50365 183.673 -0.0721659 -0.419703 199.181 0.693532 13 143 1 0 1
0.511759 0.535232 183.673 0.444354 -0.168507 201.364 0.691888 13 144 1 0 1
8.22718 1.29255 183.673 -1.51961 -0.523476 207.498 0.68752 13 145 1 0 1
-4.41514 -1.22 183.673 1.00053 0.658405 200.837 0.692278 13 146 1 0 1
-4.94296 1.21136 183.673 1.48277 -0.238119 197.554 0.694786 13 147 1 0 1
-2.76421 -0.086866 183.673 0.512451 -0.155412 201.47 0.691809 13 148 1 0 1
-4.13363 -1.38901 183.673 0.151851 0.584004 198.853 0.693783 13 149 1 0 1
8.51852 -2.9887 183.673 -2.05464 0.0828599 200.476 0.692543 13 150 1 0 1
-0.560658 -0.00316232 244.898 0.111073 0.231621 199.745 0.924137 13 1 1 0 1
-4.61019 -0.685511 244.898 2.01109 0.037518 200.222 0.923646 13 2 1 0 1
1.40924 1.53328 244.898 0.173957 -0.205835 198.523 0.925383 13 3 1 0 1
-3.11196 2.99766 244.898 1.36827 -0.462402 199.782 0.924094 13 4 1 0 1
0.874493 -0.53576 244.898 -1.25947 0.24899 201.743 0.92214 13 5 1 0 1
-0.556279 0.843422 244.898 0.447301 0.122415 197.773 0.926159 13 6 1 0 1
0.956592 -6.17682 244.898 -1.3066 0.774884 198.163 0.92575 13 7 1 0 1
3.18759 -2.47162 244.898 -0.822845 0.665587 197.993 0.925928 13 8 1 0 1
-0.44433 0.551965 244.898 -0.00979385 0.183268 201.277 0.922604 13 9 1 0 1
1.49283 0.865239 244.898 -0.176579 -0.341796 198.565 0.92534 13 10 1 0 1
-1.22136 0.263109 244.898 0.782329 0.722188 198.359 0.92555 13 11 1 0 1
-3.0837 3.41499 244.898 1.69849 -0.379421 201.664 0.922214 13 12 1 0 1
4.51867 -3.42692 244.898 -1.84174 0.372993 201.897 0.921984 13 13 1 0 1
-4.60878 0.463703 244.898 1.83501 -0.179047 201.439 0.922435 13 14 1 0 1
3.18766 1.19337 244.898 0.201534 -0.388449 198.876 0.925021 13 15 1 0 1
-2.12187 -1.31463 244.898 1.43392 0.187256 201.493 0.922385 13 16 1 0 1
-2.4869 -4.57474 244.898 0.784112 0.368444 198.863 0.925033 13 17 1 0 1
2.01445 0.0511009 244.898 -0.042646 0.0781666 200.336 0.923542 13 18 1 0 1
3.98755 0.262514 244.898 -1.00989 -0.378388 201.804 0.922081 13 19 1 0 1
1.92228 0.627778 244.898 0.0142624 0.542081 199.282 0.924607 13 20 1 0 1
5.17255 -1.57658 244.898 -1.94643 -0.121131 199.688 0.924185 13 21 1 0 1
5.02895 0.720835 244.898 -1.46614 -0.90419 201.415 0.922461 13 22 1 0 1
1.46778 -1.42818 244.898 -0.932465 0.230225 203.447 0.920484 13 23 1 0 1
-3.62663 2.93923 244.898 1.14606 -0.612174 199.267 0.924618 13 24 1 0 1
-0.39553 0.0694528 244.898 -0.625358 -0.413428 201.769 0.922117 13 25 1 0 1
1.31439 1.12548 244.898 0.899119 0.267716 197.391 0.926555 13 26 1 0 1
-0.206971 3.37282 244.898 0.285282 -1.1012 201.978 0.92191 13 27 1 0 1
2.77157 1.63929 244.898 -0.125616 -0.242217 198.957 0.924939 13 28 1 0 1
-3.88962 0.28362 244.898 1.63178 0.617082 198.77 0.925122 13 29 1 0 1
0.130925 -0.806675 244.898 -1.03853 0.216117 201.645 0.922238 13 30 1 0 1
4.6169 -2.37871 244.898 -1.84108 0.531869 201.025 0.922845 13 31 1 0 1
1.17612 2.60986 244.898 -0.902764 -0.388698 201.397 0.922483 13 32 1 0 1
4.43223 1.41881 244.898 -1.35513 0.485257 200.482 0.92339 13 33 1 0 1
-0.884809 3.41572 244.898 0.417771 -0.506592 201.038 0.92284 13 34 1 0 1
3.54018 -3.82142 244.898 -1.70722 0.707919 200.451 0.923418 13 35 1 0 1
-1.45155 1.02779 244.898 1.11643 -0.493966 201.033 0.922842 13 36 1 0 1
-1.47568 1.01439 244.898 -0.346003 -0.174884 198.509 0.925398 13 37 1 0 1
1.95516 -1.17132 244.898 -0.464163 0.321451 202.029 0.921862 13 38 1 0 1
-2.06702 0.813566 244.898 1.02588 0.606134 196.272 0.927733 13 39 1 0 1
2.05393 0.449508 244.898 -0.993581 0.555343 199.98 0.923897 13 40 1 0 1
6.93116 0.622575 244.898 -2.96341 -0.258973 198.596 0.925285 13 41 1 0 1
0.0389076 -0.289258 244.898 -0.195333 -0.660917 204.004 0.919953 13 42 1 0 1
0.460132 -2.18705 244.898 0.9363 0.458237 206.327 0.91777 13 43 1 0 1
-3.6421 -1.07503 244.898 0.493713 0.328956 201.386 0.922495 13 44 1 0 1
3.98968 -3.80025 244.898 -1.74066 0.466538 202.472 0.921422 13 45 1 0 1
0.375041 0.418371 244.898 -1.39653 0.402771 204.248 0.919716 13 46 1 0 1
1.97723 -3.12199 244.898 -0.579943 0.218528 200.093 0.923785 13 47 1 0 1
1.94445 -1.49836 244.898 -0.394766 -0.140401 198.444 0.925465 13 48 1 0 1
-3.34137 -5.37938 244.898 1.71474 0.748793 200.891 0.922978 13 49 1 0 1
4.91977 2.13586 244.898 -1.86396 -0.467614 198.502 0.925396 13 50 1 0 1
-1.28953 2.43558 244.898 1.50529 -0.234131 206.655 0.917465 13 51 1 0 1
0.25064 0.620748 244.898 0.295787 -0.175827 204.632 0.919357 13 52 1 0 1
4.03034 -0.757085 244.898 -2.46706 0.263612 201.551 0.922318 13 53 1 0 1
-5.61093 -4.36249 244.898 0.784533 0.669507 199.791 0.924088 13 54 1 0 1
0.667052 -3.50598 244.898 -0.743297 -0.109808 200.657 0.923219 13 55 1 0 1
1.75342 1.73118 244.898 -0.0665456 -0.342697 202.698 0.92121 13 56 1 0 1
-0.814584 -1.39271 244.898 -0.0919423 0.0280371 195.669 0.928381 13 57 1 0 1
0.64385 -1.0785 244.898 -0.0960514 -0.0640751 200.744 0.923134 13 58 1 0 1
5.52554 -1.36562 244.898 -2.13375 0.0221467 199.849 0.92402 13 59 1 0 1
-4.12594 0.796386 244.898 1.54858 0.486011 201.88 0.922002 13 60 1 0 1
2.90754 1.11821 244.898 -1.58587 -0.555112 200.617 0.923254 13 61 1 0 1
0.90459 4.7509 244.898 -0.815815 -0.557548 196.192 0.927819 13 62 1 0 1
1.53958 0.169066 244.898 -0.859143 0.127154 200.779 0.923097 13 63 1 0 1
-7.19839 2.22136 244.898 2.12992 0.0771856 203.795 0.920142 13 64 1 0 1
4.60631 1.06794 244.898 -3.1318 -0.814355 203.201 0.920698 13 65 1 0 1
0.160368 4.80212 244.898 -0.759982 -0.540833 196.215 0.927795 13 66 1 0 1
0.523164 0.0874752 244.898 -0.669664 -0.16956 202.746 0.921163 13 67 1 0 1
-4.38128 3.83282 244.898 1.91403 -0.883855 200.41 0.923456 13 68 1 0 1
0.253622 1.50859 244.898 -0.524413 -0.205915 198.112 0.925807 13 69 1 0 1
6.10055 -0.607007 244.898 -1.87513 -0.112474 198.422 0.925478 13 70 1 0 1
3.86231 0.979547 244.898 -1.61048 -0.217887 201.226 0.922648 13 71 1 0 1
0.0644888 -0.121269 244.898 0.454399 0.294729 201.344 0.922537 13 72 1 0 1
-0.864875 -2.40275 244.898 -0.19649 0.136499 198.031 0.925892 13 73 1 0 1
2.74883 4.38416 244.898 -1.10349 0.0543145 200.045 0.923831 13 74 1 0 1
-5.18028 -0.701702 244.898 1.78177 -0.378138 199.491 0.924386 13 75 1 0 1
0.657447 -2.01855 244.898 -0.553257 0.0720921 203.573 0.920366 13 76 1 0 1
-0.985788 -0.508379 244.898 -0.131665 0.392732 198.63 0.925273 13 77 1 0 1
1.96037 2.20297 244.898 -0.310214 0.110529 198.899 0.924998 13 78 1 0 1
3.17831 -0.476041 244.898 -1.75086 0.473837 201.637 0.922241 13 79 1 0 1
-0.673756 1.05325 244.898 -0.475598 -0.371808 198.151 0.925766 13 80 1 0 1
-1.93691 -4.69701 244.898 0.912242 0.867257 200.344 0.92353 13 81 1 0 1
-1.28155 1.17508 244.898 1.14002 -0.38411 198.656 0.925243 13 82 1 0 1
1.3625 -0.981564 244.898 -1.4793 -0.0519922 200.134 0.923739 13 83 1 0 1
0.69781 2.66313 244.898 -0.248946 -0.347166 199.37 0.924517 13 84 1 0 1
-3.4693 1.71845 244.898 1.79249 0.20349 198.497 0.925402 13 85 1 0 1
0.0511646 -0.195621 244.898 -0.0556413 0.0339376 196.571 0.92742 13 86 1 0 1
3.0177 3.37337 244.898 -0.769231 0.204556 199.36 0.924526 13 87 1 0 1
-0.110275 3.80187 244.898 0.0494343 -1.18091 200.968 0.922907 13 88 1 0 1
-6.18945 -5.08985 244.898 0.816658 0.357571 202.136 0.921756 13 89 1 0 1
-2.91358 -2.42943 244.898 0.985635 0.581207 197.793 0.926136 13 90 1 0 1
3.65672 -1.69632 244.898 -2.04894 0.310243 200.039 0.92383 13 91 1 0 1
4.63584 -2.94756 244.898 -1.72642 0.282315 198.847 0.925044 13 92 1 0 1
2.54344 0.0381841 244.898 -0.750464 0.279116 198.941 0.924953 13 93 1 0 1
-0.333476 3.44164 244.898 0.242235 -0.577679 199.297 0.92459 13 94 1 0 1
-2.96075 -1.2145 244.898 1.55481 0.300572 196.19 0.927817 13 95 1 0 1
2.58336 -1.39139 244.898 -1.81585 0.56257 197.322 0.926621 13 96 1 0 1
-0.212294 -1.79337 244.898 0.131223 0.738763 202.996 0.92092 13 97 1 0 1
-7.14792 1.37458 244.898 1.88175 -0.645564 199.213 0.924667 13 98 1 0 1
0.810452 -0.473996 244.898 0.114049 0.105928 198.446 0.925463 13 99 1 0 1
3.85996 0.590644 244.898 -1.81925 -0.262848 200.204 0.923666 13 100 1 0 1
-0.631865 -2.02271 244.898 0.147612 0.592419 202.827 0.921084 13 101 1 0 1
1.19772 2.23729 244.898 -0.0111687 -0.0499695 200.607 0.923271 13 102 1 0 1
1.1739 -0.190372 244.898 0.0803423 -0.290859 200.047 0.923832 13 103 1 0 1
-6.05698 1.38079 244.898 2.36662 0.188171 200.288 0.923575 13 104 1 0 1
2.97499 -2.83132 244.898 -1.15158 -0.0149358 198.057 0.925861 13 105 1 0 1
-4.01745 -0.269159 244.898 1.96662 0.230964 200.137 0.923732 13 106 1 0 1
3.95239 -1.56593 244.898 -0.878319 0.157711 198.932 0.924962 13 107 1 0 1
-4.81171 2.70232 244.898 2.29004 -0.429639 199 0.924881 13 108 1 0 1
2.15773 0.454818 244.898 -2.29288 -0.0249382 198.845 0.92504 13 109 1 0 1
5.01535 -0.625042 244.898 -1.34893 0.0705275 199.219 0.924666 13 110 1 0 1
-2.38886 3.50574 244.898 0.118254 -0.220281 201.596 0.922288 13 111 1 0 1
-2.31958 4.57205 244.898 2.18458 -0.65892 198.178 0.925726 13 112 1 0 1
-2.53842 -2.08938 244.898 1.26669 0.324427 202.173 0.921718 13 113 1 0 1
-3.68478 3.12367 244.898 2.65296 -0.891613 197.153 0.926786 13 114 1 0 1
-1.49749 -1.51957 244.898 -0.058016 -0.607895 199.542 0.924342 13 115 1 0 1
5.14159 -1.15195 244.898 -2.72285 -0.309834 201.258 0.922604 13 116 1 0 1
0.386161 0.337984 244.898 1.06573 -0.177401 201.098 0.922779 13 117 1 0 1
-2.38774 0.624658 244.898 0.0976337 -0.157231 200.333 0.923545 13 118 1 0 1
0.912116 1.5782 244.898 -0.667336 0.318337 197.783 0.926148 13 119 1 0 1
5.43091 -0.879413 244.898 -2.27708 0.941367 200.295 0.923568 13 120 1 0 1
4.86001 -3.78046 244.898 -1.38172 0.637549 198.944 0.924946 13 121 1 0 1
-5.31324 0.443005 244.898 0.974681 0.124626 200.779 0.923096 13 122 1 0 1
-1.43646 -2.44298 244.898 0.0624818 0.203307 197.934 0.925992 13 123 1 0 1
-0.6647 -2.12112 244.898 0.2436 0.258786 198.479 0.925429 13 124 1 0 1
0.275288 0.573461 244.898 0.205347 0.0634009 196.696 0.927288 13 125 1 0 1
-1.05591 0.889391 244.898 0.586203 -0.669267 200.316 0.923559 13 126 1 0 1
3.76535 -0.0551018 244.898 -1.58669 0.157642 200.488 0.923383 13 127 1 0 1
2.20401 0.0681857 244.898 -0.814689 -0.26832 199.657 0.924224 13 128 1 0 1
3.90046 -0.558603 244.898 -1.66452 -0.0737818 201.567 0.92231 13 129 1 0 1
-2.21977 -2.50855 244.898 1.4384 0.0502636 200.407 0.923466 13 130 1 0 1
0.587261 2.27041 244.898 -0.044034 -0.499185 200.885 0.922992 13 131 1 0 1
-2.19738 1.63004 244.898 1.6473 -0.0824664 200.369 0.923502 13 132 1 0 1
-2.70534 1.13476 244.898 0.853972 -0.186984 200.246 0.923631 13 133 1 0 1
-4.25568 -1.96015 244.898 1.77317 -0.0453877 199.683 0.924192 13 134 1 0 1
-5.55232 1.91937 244.898 2.57941 -0.319566 197.995 0.925911 13 135 1 0 1
-3.11684 -5.44991 244.898 1.13112 0.932178 201.324 0.922553 13 136 1 0 1
-1.28221 0.538913 244.898 0.194701 0.0302306 202.188 0.921707 13 137 1 0 1
-0.334984 -0.984598 244.898 -0.304095 0.219904 203.112 0.920809 13 138 1 0 1
-1.62784 -2.72642 244.898 -0.0206225 -0.258412 200.659 0.923218 13 139 1 0 1
-5.06846 -4.8939 244.898 1.21789 0.411914 201.133 0.922743 13 140 1 0 1
-5.20306 0.284017 244.898 0.945672 -0.158309 200.862 0.923014 13 141 1 0 1
2.36912 -2.99663 244.898 -0.935735 0.437836 200.998 0.922878 13 142 1 0 1
-2.68987 2.3606 244.898 0.153666 -0.510135 199.181 0.924709 13 143 1 0 1
0.639727 0.481042 244.898 0.395601 -0.187608 201.364 0.922518 13 144 1 0 1
7.67526 1.13101 244.898 -2.21335 -0.570398 207.492 0.916693 13 145 1 0 1
-4.05484 -1.01271 244.898 1.35819 0.700251 200.835 0.923037 13 146 1 0 1
-4.42204 1.13079 244.898 1.87175 -0.281303 197.551 0.926382 13 147 1 0 1
-2.57371 -0.133509 244.898 0.738572 -0.151267 201.469 0.922413 13 148 1 0 1
-4.03409 -1.20162 244.898 0.493353 0.632086 198.852 0.925044 13 149 1 0 1
7.78454 -2.9464 244.898 -2.74174 0.193911 200.468 0.923391 13 150 1 0 1
-0.519572 0.0677157 306.122 0.156442 0.230417 199.745 1.15517 13 1 1 0 1
-3.93877 -0.67015 306.122 2.37095 0.062852 200.218 1.15456 13 2 1 0 1
1.44459 1.46117 306.122 0.0548322 -0.261322 198.523 1.15673 13 3 1 0 1
-2.65455 2.83913 306.122 1.61048 -0.571238 199.78 1.15512 13 4 1 0 1
0.482697 -0.457285 306.122 -1.31704 0.267689 201.742 1.15268 13 5 1 0 1
-0.41127 0.876435 306.122 0.487536 0.0906661 197.773 1.1577 13 6 1 0 1
0.542368 -5.90263 306.122 -1.36905 0.998302 198.161 1.15719 13 7 1 0 1
2.89337 -2.2521 306.122 -1.07599 0.752878 197.991 1.15741 13 8 1 0 1
-0.441601 0.604458 306.122 0.0276997 0.161542 201.277 1.15326 13 9 1 0 1
1.41948 0.755117 306.122 -0.298171 -0.371827 198.565 1.15668 13 10 1 0 1
-0.96527 0.484091 306.122 0.873527 0.708352 198.358 1.15694 13 11 1 0 1
-2.53072 3.28054 306.122 1.93653 -0.505446 201.662 1.15277 13 12 1 0 1
3.90463 -3.29448 306.122 -2.19928 0.499647 201.893 1.15248 13 13 1 0 1
-3.99437 0.406743 306.122 2.19936 -0.195409 201.435 1.15304 13 14 1 0 1
3.20858 1.06721 306.122 -0.065933 -0.430412 198.876 1.15628 13 15 1 0 1
-1.66083 -1.25034 306.122 1.59417 0.235494 201.492 1.15298 13 16 1 0 1
-2.21464 -4.43542 306.122 0.980694 0.535684 198.861 1.15629 13 17 1 0 1
1.97565 0.0746524 306.122 -0.210722 0.0758151 200.336 1.15443 13 18 1 0 1
3.63136 0.146437 306.122 -1.33316 -0.386088 201.802 1.1526 13 19 1 0 1
1.902 0.790422 306.122 -0.145981 0.515702 199.282 1.15576 13 20 1 0 1
4.51203 -1.60466 306.122 -2.35301 -0.0618349 199.684 1.15523 13 21 1 0 1
4.52073 0.442397 306.122 -1.87053 -0.926043 201.411 1.15308 13 22 1 0 1
1.16955 -1.35088 306.122 -1.04528 0.282997 203.447 1.15061 13 23 1 0 1
-3.22952 2.73474 306.122 1.43331 -0.717699 199.265 1.15577 13 24 1 0 1
-0.579406 -0.0561546 306.122 -0.583997 -0.413678 201.769 1.15265 13 25 1 0 1
1.57522 1.20194 306.122 0.77919 0.224836 197.392 1.15819 13 26 1 0 1
-0.118212 3.02042 306.122 0.299091 -1.22172 201.977 1.15239 13 27 1 0 1
2.69755 1.55555 306.122 -0.354406 -0.301546 198.956 1.15617 13 28 1 0 1
-3.33929 0.471712 306.122 1.93388 0.603061 198.768 1.1564 13 29 1 0 1
-0.184729 -0.73658 306.122 -1.03625 0.245163 201.645 1.1528 13 30 1 0 1
3.99939 -2.20347 306.122 -2.20524 0.617835 201.021 1.15356 13 31 1 0 1
0.887774 2.47704 306.122 -0.990159 -0.484322 201.397 1.1531 13 32 1 0 1
3.96335 1.55863 306.122 -1.70901 0.429535 200.48 1.15424 13 33 1 0 1
-0.746782 3.24225 306.122 0.486738 -0.631525 201.037 1.15355 13 34 1 0 1
2.97559 -3.58382 306.122 -1.98181 0.846458 200.448 1.15427 13 35 1 0 1
-1.09439 0.871776 306.122 1.22404 -0.529608 201.032 1.15355 13 36 1 0 1
-1.56302 0.954772 306.122 -0.21917 -0.21137 198.509 1.15675 13 37 1 0 1
1.79004 -1.06741 306.122 -0.623255 0.363667 202.029 1.15233 13 38 1 0 1
-1.72188 0.997642 306.122 1.18224 0.572951 196.271 1.15967 13 39 1 0 1
1.72471 0.616641 306.122 -1.15246 0.535441 199.979 1.15487 13 40 1 0 1
5.93264 0.539338 306.122 -3.50042 -0.280498 198.588 1.15661 13 41 1 0 1
-0.0199628 -0.485582 306.122 -0.196146 -0.646163 204.004 1.14994 13 42 1 0 1
0.730879 -2.03886 306.122 0.884631 0.539621 206.327 1.14721 13 43 1 0 1
-3.44596 -0.969078 306.122 0.793846 0.367377 201.385 1.15312 13 44 1 0 1
3.41444 -3.63777 306.122 -2.05584 0.607096 202.469 1.15178 13 45 1 0 1
-0.0465938 0.536488 306.122 -1.41063 0.384567 204.248 1.14965 13 46 1 0 1
1.7752 -3.03745 306.122 -0.737814 0.333563 200.092 1.15473 13 47 1 0 1
1.79825 -1.53305 306.122 -0.550932 -0.0842514 198.444 1.15683 13 48 1 0 1
-2.77819 -5.12092 306.122 1.9732 0.945669 200.888 1.15372 13 49 1 0 1
4.28426 1.97972 306.122 -2.24806 -0.543856 198.498 1.15674 13 50 1 0 1
-0.828943 2.35246 306.122 1.59733 -0.326486 206.654 1.14683 13 51 1 0 1
0.335546 0.564701 306.122 0.270566 -0.19847 204.632 1.1492 13 52 1 0 1
3.23247 -0.672842 306.122 -2.77479 0.290507 201.547 1.1529 13 53 1 0 1
-5.29962 -4.13283 306.122 1.24285 0.827918 199.788 1.15511 13 54 1 0 1
0.432676 -3.51943 306.122 -0.789695 0.0217717 200.657 1.15402 13 55 1 0 1
1.71093 1.618 306.122 -0.214196 -0.406062 202.698 1.15151 13 56 1 0 1
-0.832788 -1.37601 306.122 -0.0241662 0.0786036 195.669 1.16048 13 57 1 0 1
0.606428 -1.09186 306.122 -0.148824 -0.0234087 200.744 1.15392 13 58 1 0 1
4.80383 -1.35106 306.122 -2.56773 0.0728211 199.844 1.15503 13 59 1 0 1
-3.60543 0.938957 306.122 1.87673 0.453305 201.878 1.1525 13 60 1 0 1
2.38836 0.942745 306.122 -1.80924 -0.593699 200.615 1.15407 13 61 1 0 1
0.639497 4.55014 306.122 -0.879508 -0.72787 196.191 1.15977 13 62 1 0 1
1.25899 0.206802 306.122 -0.977286 0.12011 200.779 1.15387 13 63 1 0 1
-6.46898 2.23183 306.122 2.71548 -0.00752297 203.788 1.15018 13 64 1 0 1
3.60769 0.816946 306.122 -3.48265 -0.850081 203.196 1.15087 13 65 1 0 1
-0.0778081 4.6063 306.122 -0.763386 -0.713142 196.215 1.15974 13 66 1 0 1
0.3151 0.0358705 306.122 -0.705398 -0.171894 202.746 1.15145 13 67 1 0 1
-3.74289 3.54146 306.122 2.25632 -1.02178 200.406 1.15432 13 68 1 0 1
0.0889989 1.43647 306.122 -0.538685 -0.260374 198.112 1.15726 13 69 1 0 1
5.44624 -0.638183 306.122 -2.35681 -0.0894103 198.417 1.15685 13 70 1 0 1
3.3249 0.907793 306.122 -1.91455 -0.253332 201.224 1.15331 13 71 1 0 1
0.201245 -0.0311271 306.122 0.44315 0.297593 201.344 1.15317 13 72 1 0 1
-0.914278 -2.34693 306.122 -0.122409 0.224292 198.031 1.15736 13 73 1 0 1
2.37731 4.37574 306.122 -1.3191 -0.10925 200.044 1.15479 13 74 1 0 1
-4.56938 -0.813531 306.122 2.19068 -0.349917 199.487 1.15548 13 75 1 0 1
0.483339 -1.9854 306.122 -0.602087 0.148172 203.572 1.15046 13 76 1 0 1
-1.01356 -0.384656 306.122 -0.0481631 0.409289 198.63 1.15659 13 77 1 0 1
1.84016 2.22436 306.122 -0.469156 0.028335 198.898 1.15625 13 78 1 0 1
2.60821 -0.329725 306.122 -1.99617 0.488997 201.634 1.1528 13 79 1 0 1
-0.811441 0.932577 306.122 -0.413719 -0.408537 198.151 1.15721 13 80 1 0 1
-1.63449 -4.40569 306.122 1.06268 1.03747 200.342 1.15441 13 81 1 0 1
-0.915275 1.05023 306.122 1.23177 -0.425372 198.656 1.15655 13 82 1 0 1
0.894433 -0.99184 306.122 -1.57426 -0.0151282 200.134 1.15467 13 83 1 0 1
0.612744 2.54153 306.122 -0.303884 -0.444019 199.369 1.15565 13 84 1 0 1
-2.87431 1.77129 306.122 2.05722 0.138832 198.494 1.15675 13 85 1 0 1
0.0332527 -0.183955 306.122 -0.0591304 0.0409019 196.571 1.15928 13 86 1 0 1
2.74379 3.41683 306.122 -1.01074 0.0782032 199.359 1.15566 13 87 1 0 1
-0.0938654 3.42111 306.122 0.0580602 -1.31639 200.967 1.15363 13 88 1 0 1
-5.86381 -4.95272 306.122 1.32892 0.547037 202.133 1.1522 13 89 1 0 1
-2.57244 -2.23601 306.122 1.21378 0.667334 197.791 1.15767 13 90 1 0 1
2.98543 -1.59187 306.122 -2.32827 0.371633 200.036 1.15479 13 91 1 0 1
4.04712 -2.84398 306.122 -2.08942 0.3898 198.843 1.1563 13 92 1 0 1
2.28087 0.123701 306.122 -0.952261 0.276109 198.941 1.15619 13 93 1 0 1
-0.255105 3.24489 306.122 0.266899 -0.702061 199.297 1.15574 13 94 1 0 1
-2.43967 -1.11396 306.122 1.77757 0.343208 196.188 1.15977 13 95 1 0 1
1.98923 -1.20923 306.122 -2.00555 0.610461 197.32 1.15828 13 96 1 0 1
-0.170164 -1.56075 306.122 0.147548 0.802314 202.996 1.15115 13 97 1 0 1
-6.48045 1.16871 306.122 2.45252 -0.692832 199.206 1.15583 13 98 1 0 1
0.835099 -0.438673 306.122 0.0453866 0.122833 198.446 1.15683 13 99 1 0 1
3.25652 0.507047 306.122 -2.11879 -0.283356 200.201 1.15458 13 100 1 0 1
-0.579399 -1.83269 306.122 0.199268 0.665407 202.827 1.15136 13 101 1 0 1
1.17898 2.2093 306.122 -0.111419 -0.133229 200.607 1.15409 13 102 1 0 1
1.18334 -0.278134 306.122 -0.0188097 -0.282111 200.047 1.15479 13 103 1 0 1
-5.259 1.43033 306.122 2.84309 0.135613 200.282 1.15447 13 104 1 0 1
2.58239 -2.81978 306.122 -1.383 0.0895324 198.056 1.15733 13 105 1 0 1
-3.36691 -0.197104 306.122 2.27733 0.23967 200.134 1.15466 13 106 1 0 1
3.63257 -1.50855 306.122 -1.19557 0.214797 198.931 1.1562 13 107 1 0 1
-4.04849 2.55498 306.122 2.66071 -0.527277 198.995 1.1561 13 108 1 0 1
1.42711 0.44456 306.122 -2.44274 -0.0416303 198.843 1.1563 13 109 1 0 1
4.53827 -0.599844 306.122 -1.74909 0.0933027 199.216 1.15583 13 110 1 0 1
-2.32248 3.41897 306.122 0.317959 -0.350581 201.596 1.15286 13 111 1 0 1
-1.61784 4.34279 306.122 2.34862 -0.823815 198.176 1.15716 13 112 1 0 1
-2.12393 -1.9794 306.122 1.46487 0.401204 202.172 1.15215 13 113 1 0 1
-2.81721 2.8295 306.122 2.92243 -1.00114 197.149 1.15848 13 114 1 0 1
-1.49602 -1.69707 306.122 0.0675809 -0.547985 199.542 1.15543 13 115 1 0 1
4.25091 -1.23945 306.122 -3.12022 -0.264903 201.252 1.15326 13 116 1 0 1
0.704288 0.282149 306.122 1.01963 -0.189041 201.098 1.15347 13 117 1 0 1
-2.32743 0.573135 306.122 0.296248 -0.179628 200.332 1.15443 13 118 1 0 1
0.694731 1.66755 306.122 -0.734159 0.258418 197.783 1.15768 13 119 1 0 1
4.66823 -0.587195 306.122 -2.70233 0.96876 200.289 1.15446 13 120 1 0 1
4.37431 -3.56306 306.122 -1.76797 0.773899 198.94 1.15618 13 121 1 0 1
-4.94919 0.478408 306.122 1.40791 0.107356 200.776 1.15387 13 122 1 0 1
-1.3988 -2.36628 306.122 0.18048 0.292157 197.934 1.15749 13 123 1 0 1
-0.581358 -2.02935 306.122 0.295602 0.335676 198.479 1.15679 13 124 1 0 1
0.335403 0.589887 306.122 0.18009 0.0420426 196.696 1.15911 13 125 1 0 1
-0.863974 0.680153 306.122 0.667065 -0.698612 200.316 1.15445 13 126 1 0 1
3.23462 -0.00673886 306.122 -1.88175 0.158797 200.485 1.15423 13 127 1 0 1
1.92701 -0.0143265 306.122 -0.988108 -0.269323 199.656 1.15528 13 128 1 0 1
3.34705 -0.577785 306.122 -1.97166 -0.0524009 201.565 1.15289 13 129 1 0 1
-1.75376 -2.47891 306.122 1.60583 0.143557 200.405 1.15433 13 130 1 0 1
0.566371 2.10561 306.122 -0.092762 -0.581237 200.885 1.15374 13 131 1 0 1
-1.66802 1.59559 306.122 1.81014 -0.142792 200.368 1.15438 13 132 1 0 1
-2.41068 1.07122 306.122 1.06937 -0.228214 200.245 1.15454 13 133 1 0 1
-3.65979 -1.96286 306.122 2.10547 0.0277296 199.68 1.15524 13 134 1 0 1
-4.68695 1.80979 306.122 3.00559 -0.388471 197.989 1.15739 13 135 1 0 1
-2.73437 -5.13588 306.122 1.37879 1.13108 201.321 1.15319 13 136 1 0 1
-1.20707 0.544976 306.122 0.300527 0.00977542 202.188 1.15213 13 137 1 0 1
-0.421962 -0.912822 306.122 -0.271768 0.255875 203.112 1.15101 13 138 1 0 1
-1.61324 -2.78956 306.122 0.116123 -0.155102 200.659 1.15402 13 139 1 0 1
-4.63435 -4.74084 306.122 1.6282 0.592782 201.129 1.15343 13 140 1 0 1
-4.84935 0.234235 306.122 1.37021 -0.168023 200.86 1.15377 13 141 1 0 1
2.05495 -2.84642 306.122 -1.1227 0.547453 200.997 1.1536 13 142 1 0 1
-2.60836 2.19063 306.122 0.375557 -0.594747 199.18 1.15589 13 143 1 0 1
0.751295 0.421364 306.122 0.336706 -0.204569 201.364 1.15315 13 144 1 0 1
6.92657 0.956576 306.122 -2.85029 -0.610805 207.484 1.14587 13 145 1 0 1
-3.59059 -0.793865 306.122 1.68103 0.734108 200.832 1.1538 13 146 1 0 1
-3.78775 1.03733 306.122 2.21272 -0.321275 197.547 1.15798 13 147 1 0 1
-2.31724 -0.178628 306.122 0.945756 -0.145397 201.468 1.15302 13 148 1 0 1
-3.83113 -1.00053 306.122 0.822204 0.672955 198.851 1.15631 13 149 1 0 1
6.85098 -2.87048 306.122 -3.35849 0.302739 200.458 1.15424 13 150 1 0 1
-0.465165 0.137821 367.347 0.1978 0.226585 199.745 1.38621 13 1 1 0 1
-3.16637 -0.647145 367.347 2.67002 0.0874681 200.214 1.38547 13 2 1 0 1
1.44291 1.3724 367.347 -0.0656984 -0.313828 198.523 1.38808 13 3 1 0 1
-2.12908 2.64821 367.347 1.81141 -0.673555 199.778 1.38614 13 4 1 0 1
0.0785256 -0.373593 367.347 -1.34084 0.283335 201.742 1.38321 13 5 1 0 1
-0.255717 0.89945 367.347 0.515272 0.0578834 197.773 1.38924 13 6 1 0 1
0.11424 -5.56111 367.347 -1.39639 1.21033 198.16 1.38862 13 7 1 0 1
2.52498 -2.00688 367.347 -1.30155 0.831578 197.99 1.38889 13 8 1 0 1
-0.42755 0.650054 367.347 0.0644832 0.137974 201.277 1.38391 13 9 1 0 1
1.30974 0.636381 367.347 -0.412118 -0.397617 198.564 1.38801 13 10 1 0 1
-0.684431 0.699552 367.347 0.942331 0.686437 198.358 1.38833 13 11 1 0 1
-1.91286 3.10867 367.347 2.12492 -0.625703 201.659 1.38332 13 12 1 0 1
3.1905 -3.12445 367.347 -2.50042 0.620597 201.889 1.38298 13 13 1 0 1
-3.27755 0.345143 367.347 2.50731 -0.209542 201.432 1.38365 13 14 1 0 1
3.14724 0.92887 367.347 -0.331709 -0.467464 198.876 1.38753 13 15 1 0 1
-1.15722 -1.17179 367.347 1.71355 0.281046 201.491 1.38358 13 16 1 0 1
-1.88562 -4.24552 367.347 1.15213 0.696811 198.86 1.38755 13 17 1 0 1
1.88621 0.0973523 367.347 -0.373396 0.0725986 200.336 1.38531 13 18 1 0 1
3.18208 0.02869 367.347 -1.62225 -0.389383 201.8 1.38312 13 19 1 0 1
1.83296 0.944049 367.347 -0.302482 0.483439 199.281 1.38691 13 20 1 0 1
3.73583 -1.61443 367.347 -2.69924 -0.00183654 199.68 1.38628 13 21 1 0 1
3.89661 0.158913 367.347 -2.22696 -0.93733 201.407 1.38369 13 22 1 0 1
0.841344 -1.25817 367.347 -1.1313 0.332541 203.446 1.38073 13 23 1 0 1
-2.74962 2.49904 367.347 1.68381 -0.815033 199.263 1.38693 13 24 1 0 1
-0.748428 -0.181121 367.347 -0.527665 -0.40921 201.769 1.38318 13 25 1 0 1
1.79568 1.26469 367.347 0.639285 0.17939 197.392 1.38983 13 26 1 0 1
-0.0264219 2.63356 367.347 0.305232 -1.32831 201.977 1.38286 13 27 1 0 1
2.55438 1.45406 367.347 -0.57411 -0.357434 198.956 1.38741 13 28 1 0 1
-2.70336 0.654423 367.347 2.1864 0.58216 198.765 1.38768 13 29 1 0 1
-0.495647 -0.658083 367.347 -1.0074 0.271412 201.645 1.38336 13 30 1 0 1
3.27936 -2.00309 367.347 -2.51284 0.696749 201.017 1.38427 13 31 1 0 1
0.576674 2.31596 367.347 -1.05217 -0.574419 201.396 1.38372 13 32 1 0 1
3.39286 1.68066 367.347 -2.01907 0.368914 200.477 1.38509 13 33 1 0 1
-0.589611 3.0318 367.347 0.543227 -0.749253 201.037 1.38426 13 34 1 0 1
2.33472 -3.30533 367.347 -2.20559 0.975337 200.445 1.38513 13 35 1 0 1
-0.70917 0.705818 367.347 1.30027 -0.559209 201.031 1.38426 13 36 1 0 1
-1.6103 0.884259 367.347 -0.0867183 -0.245445 198.509 1.3881 13 37 1 0 1
1.57902 -0.951319 367.347 -0.766368 0.401733 202.028 1.38279 13 38 1 0 1
-1.3326 1.17034 367.347 1.30829 0.533232 196.27 1.3916 13 39 1 0 1
1.35128 0.77674 367.347 -1.2818 0.50943 199.978 1.38585 13 40 1 0 1
4.78203 0.449948 367.347 -3.94765 -0.298823 198.579 1.38793 13 41 1 0 1
-0.0783214 -0.676366 367.347 -0.19193 -0.624038 204.004 1.37993 13 42 1 0 1
0.982889 -1.86741 367.347 0.810283 0.61485 206.327 1.37665 13 43 1 0 1
-3.16148 -0.852073 367.347 1.07362 0.401607 201.383 1.38374 13 44 1 0 1
2.75167 -3.43379 367.347 -2.3183 0.740724 202.466 1.38213 13 45 1 0 1
-0.467034 0.648485 367.347 -1.38858 0.361977 204.248 1.37957 13 46 1 0 1
1.52765 -2.91825 367.347 -0.876768 0.444793 200.091 1.38568 13 47 1 0 1
1.60596 -1.55025 367.347 -0.692972 -0.0271408 198.443 1.3882 13 48 1 0 1
-2.14377 -4.80405 367.347 2.18107 1.13175 200.885 1.38447 13 49 1 0 1
3.53892 1.801 367.347 -2.57452 -0.613891 198.494 1.38809 13 50 1 0 1
-0.347106 2.2425 367.347 1.64843 -0.415117 206.654 1.3762 13 51 1 0 1
0.41185 0.502212 367.347 0.238408 -0.218848 204.632 1.37904 13 52 1 0 1
2.35173 -0.580924 367.347 -3.01139 0.314088 201.544 1.38348 13 53 1 0 1
-4.85245 -3.85603 367.347 1.66929 0.976876 199.784 1.38613 13 54 1 0 1
0.187208 -3.49272 367.347 -0.815847 0.153103 200.657 1.38483 13 55 1 0 1
1.62458 1.48635 367.347 -0.356354 -0.464794 202.698 1.38181 13 56 1 0 1
-0.829643 -1.34361 367.347 0.0442294 0.128273 195.668 1.39257 13 57 1 0 1
0.553459 -1.09275 367.347 -0.197782 0.0175248 200.744 1.3847 13 58 1 0 1
3.95896 -1.32109 367.347 -2.93587 0.122662 199.839 1.38603 13 59 1 0 1
-2.99248 1.07082 367.347 2.15677 0.41543 201.875 1.383 13 60 1 0 1
1.80796 0.756525 367.347 -1.98623 -0.625512 200.613 1.38488 13 61 1 0 1
0.358009 4.29748 367.347 -0.920653 -0.889886 196.19 1.39173 13 62 1 0 1
0.946114 0.242178 367.347 -1.07038 0.111696 200.778 1.38464 13 63 1 0 1
-5.57373 2.21685 367.347 3.23139 -0.0921397 203.781 1.38021 13 64 1 0 1
2.51658 0.556637 367.347 -3.74422 -0.876112 203.191 1.38105 13 65 1 0 1
-0.31399 4.35793 367.347 -0.747219 -0.877315 196.214 1.39169 13 66 1 0 1
0.0989582 -0.0161435 367.347 -0.72305 -0.172268 202.746 1.38174 13 67 1 0 1
-3.00855 3.2097 367.347 2.54076 -1.14804 200.402 1.38518 13 68 1 0 1
-0.0779054 1.34796 367.347 -0.539147 -0.311862 198.111 1.38871 13 69 1 0 1
4.65231 -0.66208 367.347 -2.77804 -0.0653276 198.412 1.38822 13 70 1 0 1
2.70224 0.825682 367.347 -2.16953 -0.285886 201.221 1.38397 13 71 1 0 1
0.332841 0.0593702 367.347 0.420539 0.297063 201.344 1.38381 13 72 1 0 1
-0.940241 -2.26433 367.347 -0.0451889 0.309527 198.031 1.38884 13 73 1 0 1
1.94485 4.31741 367.347 -1.50089 -0.271566 200.043 1.38575 13 74 1 0 1
-3.84134 -0.916079 367.347 2.54341 -0.317705 199.483 1.38658 13 75 1 0 1
0.29684 -1.9296 367.347 -0.635481 0.222562 203.572 1.38055 13 76 1 0 1
-1.01535 -0.256546 367.347 0.0365738 0.421177 198.63 1.38791 13 77 1 0 1
1.67278 2.22038 367.347 -0.61607 -0.0541815 198.898 1.3875 13 78 1 0 1
1.97125 -0.179647 367.347 -2.1903 0.498578 201.632 1.38336 13 79 1 0 1
-0.928323 0.801269 367.347 -0.341234 -0.440605 198.151 1.38865 13 80 1 0 1
-1.29018 -4.06411 367.347 1.18587 1.19584 200.341 1.38529 13 81 1 0 1
-0.525541 0.913389 367.347 1.29195 -0.461781 198.655 1.38786 13 82 1 0 1
0.403432 -0.990802 367.347 -1.62888 0.021908 200.133 1.38561 13 83 1 0 1
0.511969 2.39094 367.347 -0.351031 -0.535806 199.369 1.38678 13 84 1 0 1
-2.20564 1.80393 367.347 2.26922 0.0725921 198.492 1.3881 13 85 1 0 1
0.0144883 -0.17019 367.347 -0.0611036 0.0473997 196.571 1.39113 13 86 1 0 1
2.39955 3.42131 367.347 -1.22633 -0.0490408 199.358 1.38679 13 87 1 0 1
-0.0750499 3.00132 367.347 0.0651977 -1.43686 200.966 1.38436 13 88 1 0 1
-5.38785 -4.75909 367.347 1.80709 0.730253 202.129 1.38263 13 89 1 0 1
-2.16536 -2.01709 367.347 1.41081 0.745848 197.79 1.3892 13 90 1 0 1
2.2376 -1.46926 367.347 -2.54792 0.428782 200.033 1.38574 13 91 1 0 1
3.35466 -2.70797 367.347 -2.39884 0.492834 198.839 1.38757 13 92 1 0 1
1.95982 0.207807 367.347 -1.12964 0.269952 198.94 1.38743 13 93 1 0 1
-0.170194 3.01111 367.347 0.284721 -0.818435 199.297 1.38689 13 94 1 0 1
-1.85604 -1.0007 367.347 1.95476 0.381928 196.187 1.39173 13 95 1 0 1
1.34412 -1.01328 367.347 -2.14383 0.651389 197.318 1.38993 13 96 1 0 1
-0.123672 -1.31032 367.347 0.160089 0.856713 202.996 1.38138 13 97 1 0 1
-5.64684 0.949517 367.347 2.96038 -0.732192 199.199 1.387 13 98 1 0 1
0.838337 -0.398347 367.347 -0.0244392 0.138337 198.446 1.38819 13 99 1 0 1
2.56959 0.417665 367.347 -2.36401 -0.300632 200.198 1.3855 13 100 1 0 1
-0.512079 -1.62176 367.347 0.245816 0.730804 202.827 1.38163 13 101 1 0 1
1.13001 2.15612 367.347 -0.208812 -0.214969 200.606 1.38491 13 102 1 0 1
1.16244 -0.362723 367.347 -0.117479 -0.270145 200.047 1.38575 13 103 1 0 1
-4.3262 1.46355 367.347 3.24664 0.0815123 200.276 1.38536 13 104 1 0 1
2.1236 -2.77607 367.347 -1.57897 0.192978 198.054 1.38879 13 105 1 0 1
-2.63006 -0.122799 367.347 2.52965 0.245642 200.131 1.3856 13 106 1 0 1
3.21962 -1.43397 367.347 -1.48217 0.269431 198.929 1.38744 13 107 1 0 1
-3.18148 2.37849 367.347 2.96315 -0.618897 198.991 1.38732 13 108 1 0 1
0.659909 0.429231 367.347 -2.52998 -0.0578474 198.842 1.38756 13 109 1 0 1
3.94486 -0.567802 367.347 -2.1044 0.115013 199.213 1.387 13 110 1 0 1
-2.19656 3.29321 367.347 0.509512 -0.476881 201.595 1.38343 13 111 1 0 1
-0.874619 4.064 367.347 2.45246 -0.97931 198.174 1.38859 13 112 1 0 1
-1.65499 -1.84684 367.347 1.6255 0.473404 202.17 1.38258 13 113 1 0 1
-1.87742 2.50304 367.347 3.11699 -1.09925 197.145 1.39018 13 114 1 0 1
-1.4562 -1.8552 367.347 0.191445 -0.481824 199.542 1.38651 13 115 1 0 1
3.25125 -1.31282 367.347 -3.4376 -0.216954 201.247 1.38391 13 116 1 0 1
1.00436 0.223095 367.347 0.947382 -0.198525 201.098 1.38417 13 117 1 0 1
-2.20744 0.515073 367.347 0.487268 -0.199976 200.332 1.38532 13 118 1 0 1
0.459536 1.73788 367.347 -0.78216 0.19555 197.783 1.38922 13 119 1 0 1
3.78588 -0.288279 367.347 -3.05828 0.985101 200.284 1.38535 13 120 1 0 1
3.77647 -3.30502 367.347 -2.10887 0.901414 198.936 1.38742 13 121 1 0 1
-4.45826 0.508355 367.347 1.80502 0.0888629 200.773 1.38464 13 122 1 0 1
-1.32528 -2.26258 367.347 0.293851 0.377675 197.933 1.38899 13 123 1 0 1
-0.483113 -1.91443 367.347 0.340025 0.408737 198.479 1.38814 13 124 1 0 1
0.38692 0.599584 367.347 0.150216 0.0202046 196.696 1.39093 13 125 1 0 1
-0.64989 0.463156 367.347 0.730827 -0.719988 200.316 1.38534 13 126 1 0 1
2.62096 0.0417009 367.347 -2.12857 0.158141 200.483 1.38507 13 127 1 0 1
1.6006 -0.0966752 367.347 -1.13619 -0.267253 199.656 1.38634 13 128 1 0 1
2.70782 -0.590376 367.347 -2.22824 -0.0304229 201.562 1.38347 13 129 1 0 1
-1.24279 -2.421 367.347 1.73209 0.235212 200.404 1.3852 13 130 1 0 1
0.53096 1.91679 367.347 -0.139112 -0.656658 200.885 1.38449 13 131 1 0 1
-1.0959 1.54294 367.347 1.92657 -0.201488 200.366 1.38525 13 132 1 0 1
-2.05422 0.995471 367.347 1.25736 -0.26684 200.243 1.38545 13 133 1 0 1
-2.97007 -1.94318 367.347 2.38379 0.100528 199.676 1.38629 13 134 1 0 1
-3.70142 1.67957 367.347 3.3547 -0.452942 197.983 1.38887 13 135 1 0 1
-2.28181 -4.76326 367.347 1.59111 1.31708 201.318 1.38383 13 136 1 0 1
-1.10098 0.544822 367.347 0.398648 -0.0107913 202.188 1.38256 13 137 1 0 1
-0.498123 -0.830633 367.347 -0.232474 0.288928 203.112 1.38121 13 138 1 0 1
-1.55728 -2.82088 367.347 0.249891 -0.0500217 200.659 1.38483 13 139 1 0 1
-4.08144 -4.5337 367.347 1.99675 0.766881 201.125 1.38411 13 140 1 0 1
-4.37132 0.181781 367.347 1.7596 -0.17582 200.857 1.38452 13 141 1 0 1
1.68809 -2.66375 367.347 -1.28088 0.650825 200.995 1.38432 13 142 1 0 1
-2.45998 1.99567 367.347 0.587819 -0.672573 199.18 1.38706 13 143 1 0 1
0.843602 0.35688 367.347 0.269179 -0.219197 201.364 1.38378 13 144 1 0 1
6.00032 0.771226 367.347 -3.4141 -0.644239 207.475 1.37504 13 145 1 0 1
-3.03429 -0.565967 367.347 1.96075 0.759588 200.829 1.38456 13 146 1 0 1
-3.05635 0.932032 367.347 2.49696 -0.357582 197.544 1.38957 13 147 1 0 1
-2.00136 -0.22171 367.347 1.12869 -0.137868 201.467 1.38362 13 148 1 0 1
-3.52996 -0.788019 367.347 1.12997 0.706146 198.849 1.38757 13 149 1 0 1
5.7418 -2.76182 367.347 -3.88907 0.408103 200.449 1.38509 13 150 1 0 1
-0.398833 0.206355 428.571 0.234087 0.220169 199.745 1.61724 13 1 1 0 1
-2.3128 -0.616757 428.571 2.90063 0.111086 200.211 1.61638 13 2 1 0 1
1.40424 1.26797 428.571 -0.184545 -0.362754 198.523 1.61942 13 3 1 0 1
-1.54904 2.42708 428.571 1.96589 -0.768187 199.776 1.61717 13 4 1 0 1
-0.327659 -0.28564 428.571 -1.33028 0.295749 201.742 1.61375 13 5 1 0 1
-0.093609 0.912205 428.571 0.529799 0.0244404 197.773 1.62078 13 6 1 0 1
-0.316817 -5.15616 428.571 -1.38795 1.40855 198.159 1.62006 13 7 1 0 1
2.09186 -1.73877 428.571 -1.49373 0.900791 197.988 1.62037 13 8 1 0 1
-0.402539 0.688236 428.571 0.0996135 0.112831 201.277 1.61456 13 9 1 0 1
1.16643 0.510385 428.571 -0.515499 -0.41887 198.564 1.61935 13 10 1 0 1
-0.386045 0.907032 428.571 0.986977 0.656691 198.358 1.61971 13 11 1 0 1
-1.24597 2.90133 428.571 2.25884 -0.738821 201.658 1.61387 13 12 1 0 1
2.39457 -2.91879 428.571 -2.73746 0.734464 201.886 1.61347 13 13 1 0 1
-2.47671 0.279606 428.571 2.75098 -0.221285 201.428 1.61426 13 14 1 0 1
3.00521 0.779935 428.571 -0.58898 -0.499183 198.875 1.61879 13 15 1 0 1
-0.623938 -1.07987 428.571 1.789 0.323391 201.49 1.61417 13 16 1 0 1
-1.50825 -4.00718 428.571 1.29403 0.849986 198.859 1.61881 13 17 1 0 1
1.7484 0.118942 428.571 -0.526497 0.068554 200.335 1.6162 13 18 1 0 1
2.65121 -0.0893846 428.571 -1.86974 -0.388235 201.798 1.61364 13 19 1 0 1
1.71693 1.08691 428.571 -0.451228 0.445661 199.281 1.61806 13 20 1 0 1
2.86386 -1.60578 428.571 -2.97627 0.0581803 199.676 1.61732 13 21 1 0 1
3.1726 -0.126384 428.571 -2.52629 -0.937925 201.404 1.61431 13 22 1 0 1
0.491566 -1.15111 428.571 -1.18831 0.378291 203.446 1.61085 13 23 1 0 1
-2.19923 2.23484 428.571 1.89113 -0.903069 199.26 1.61808 13 24 1 0 1
-0.898264 -0.304022 428.571 -0.457805 -0.400074 201.769 1.6137 13 25 1 0 1
1.9701 1.31301 428.571 0.48299 0.131898 197.393 1.62147 13 26 1 0 1
0.0660451 2.21665 428.571 0.303549 -1.41974 201.976 1.61334 13 27 1 0 1
2.34572 1.33598 428.571 -0.779093 -0.409244 198.955 1.61864 13 28 1 0 1
-1.99813 0.829669 428.571 2.38286 0.55462 198.763 1.61896 13 29 1 0 1
-0.793858 -0.572078 428.571 -0.952731 0.294566 201.645 1.61392 13 30 1 0 1
2.47525 -1.77985 428.571 -2.75602 0.767715 201.014 1.61498 13 31 1 0 1
0.250789 2.12845 428.571 -1.08721 -0.657965 201.396 1.61434 13 32 1 0 1
2.73539 1.78353 428.571 -2.27737 0.304087 200.474 1.61593 13 33 1 0 1
-0.417324 2.78676 428.571 0.585789 -0.858433 201.036 1.61497 13 34 1 0 1
1.63399 -2.98913 428.571 -2.37283 1.09309 200.442 1.61598 13 35 1 0 1
-0.305773 0.531808 428.571 1.34317 -0.582431 201.031 1.61497 13 36 1 0 1
-1.61629 0.803659 428.571 0.0479567 -0.27672 198.509 1.61945 13 37 1 0 1
1.32753 -0.82438 428.571 -0.889834 0.435216 202.028 1.61326 13 38 1 0 1
-0.909155 1.32968 428.571 1.4008 0.487431 196.27 1.62353 13 39 1 0 1
0.943208 0.927978 428.571 -1.37827 0.477609 199.978 1.61682 13 40 1 0 1
3.50883 0.355426 428.571 -4.29367 -0.31374 198.572 1.61925 13 41 1 0 1
-0.134672 -0.859434 428.571 -0.182794 -0.594794 204.004 1.60992 13 42 1 0 1
1.2097 -1.67466 428.571 0.715162 0.683065 206.328 1.6061 13 43 1 0 1
-2.79594 -0.725349 428.571 1.32587 0.431254 201.382 1.61437 13 44 1 0 1
2.01835 -3.19064 428.571 -2.52133 0.8659 202.463 1.61249 13 45 1 0 1
-0.875502 0.753084 428.571 -1.33092 0.335258 204.248 1.6095 13 46 1 0 1
1.24094 -2.76577 428.571 -0.993243 0.550947 200.091 1.61662 13 47 1 0 1
1.37249 -1.54976 428.571 -0.817247 0.0302791 198.443 1.61956 13 48 1 0 1
-1.4544 -4.43238 428.571 2.33302 1.30492 200.882 1.61521 13 49 1 0 1
2.70285 1.60174 428.571 -2.83498 -0.676922 198.49 1.61944 13 50 1 0 1
0.143629 2.10696 428.571 1.65727 -0.499012 206.653 1.60556 13 51 1 0 1
0.477596 0.433995 428.571 0.200138 -0.23673 204.632 1.60887 13 52 1 0 1
1.41071 -0.48238 428.571 -3.17079 0.334086 201.541 1.61406 13 53 1 0 1
-4.28088 -3.53523 428.571 2.05291 1.11468 199.78 1.61715 13 54 1 0 1
-0.0630586 -3.42618 428.571 -0.821085 0.282688 200.656 1.61563 13 55 1 0 1
1.49658 1.33775 428.571 -0.489376 -0.518224 202.697 1.61212 13 56 1 0 1
-0.805228 -1.29589 428.571 0.111491 0.17648 195.668 1.62467 13 57 1 0 1
0.486301 -1.08119 428.571 -0.241669 0.0582584 200.743 1.61548 13 58 1 0 1
3.0126 -1.27604 428.571 -3.22873 0.171102 199.834 1.61704 13 59 1 0 1
-2.30281 1.19046 428.571 2.38151 0.372816 201.873 1.6135 13 60 1 0 1
1.1812 0.561675 428.571 -2.11231 -0.650191 200.612 1.61569 13 61 1 0 1
0.0673437 3.99579 428.571 -0.938195 -1.04175 196.19 1.62368 13 62 1 0 1
0.608986 0.274792 428.571 -1.13602 0.102007 200.778 1.61542 13 63 1 0 1
-4.53559 2.17657 428.571 3.66441 -0.175699 203.773 1.61025 13 64 1 0 1
1.36096 0.289979 428.571 -3.90982 -0.892154 203.188 1.61122 13 65 1 0 1
-0.542121 4.05985 428.571 -0.711896 -1.03148 196.214 1.62364 13 66 1 0 1
-0.119721 -0.0679733 428.571 -0.722164 -0.170676 202.746 1.61204 13 67 1 0 1
-2.19708 2.84132 428.571 2.76006 -1.2612 200.398 1.61605 13 68 1 0 1
-0.242813 1.24408 428.571 -0.525787 -0.359793 198.111 1.62016 13 69 1 0 1
3.73912 -0.678423 428.571 -3.12804 -0.040501 198.407 1.61959 13 70 1 0 1
2.01032 0.734153 428.571 -2.36889 -0.315179 201.219 1.61463 13 71 1 0 1
0.455905 0.14919 428.571 0.387147 0.293143 201.344 1.61444 13 72 1 0 1
-0.9421 -2.1559 428.571 0.0331892 0.39123 198.031 1.62031 13 73 1 0 1
1.46253 4.20983 428.571 -1.64419 -0.430782 200.041 1.6167 13 74 1 0 1
-3.01483 -1.00818 428.571 2.83093 -0.281871 199.479 1.61768 13 75 1 0 1
0.102731 -1.85178 428.571 -0.652583 0.294413 203.572 1.61064 13 76 1 0 1
-0.991112 -0.125508 428.571 0.120373 0.42826 198.63 1.61923 13 77 1 0 1
1.46251 2.19107 428.571 -0.747188 -0.13608 198.898 1.61875 13 78 1 0 1
1.28376 -0.0275196 428.571 -2.32828 0.502473 201.631 1.61392 13 79 1 0 1
-1.02141 0.66082 428.571 -0.26 -0.467647 198.152 1.62009 13 80 1 0 1
-0.912786 -3.67618 428.571 1.27866 1.34057 200.339 1.61618 13 81 1 0 1
-0.122333 0.766131 428.571 1.31901 -0.492922 198.655 1.61918 13 82 1 0 1
-0.0979122 -0.978462 428.571 -1.64173 0.0586943 200.133 1.61654 13 83 1 0 1
0.398068 2.21307 428.571 -0.389179 -0.621481 199.369 1.61791 13 84 1 0 1
-1.48043 1.81599 428.571 2.42303 0.00552549 198.49 1.61945 13 85 1 0 1
-0.00464753 -0.154485 428.571 -0.0615103 0.0533567 196.571 1.62299 13 86 1 0 1
1.99378 3.38676 428.571 -1.41048 -0.175724 199.357 1.61792 13 87 1 0 1
-0.0543103 2.5473 428.571 0.0706636 -1.54093 200.966 1.61509 13 88 1 0 1
-4.77376 -4.51117 428.571 2.23891 0.905128 202.124 1.61307 13 89 1 0 1
-1.70277 -1.77515 428.571 1.57166 0.815852 197.788 1.62074 13 90 1 0 1
1.4324 -1.3299 428.571 -2.70225 0.481039 200.031 1.6167 13 91 1 0 1
2.57619 -2.54107 428.571 -2.64675 0.590243 198.836 1.61883 13 92 1 0 1
1.58854 0.289543 428.571 -1.27806 0.260715 198.939 1.61867 13 93 1 0 1
-0.0809191 2.74299 428.571 0.295243 -0.925471 199.296 1.61803 13 94 1 0 1
-1.22483 -0.87603 428.571 2.08183 0.416292 196.185 1.62368 13 95 1 0 1
0.664539 -0.805771 428.571 -2.22715 0.684888 197.317 1.62159 13 96 1 0 1
-0.0740099 -1.04495 428.571 0.168527 0.901338 202.995 1.61161 13 97 1 0 1
-4.66847 0.719487 428.571 3.39231 -0.763197 199.192 1.61817 13 98 1 0 1
0.820084 -0.353476 428.571 -0.0936385 0.152263 198.446 1.61956 13 99 1 0 1
1.81679 0.323519 428.571 -2.54862 -0.314478 200.196 1.61641 13 100 1 0 1
-0.431631 -1.39233 428.571 0.286062 0.787865 202.826 1.6119 13 101 1 0 1
1.05207 2.07834 428.571 -0.300852 -0.294257 200.606 1.61572 13 102 1 0 1
1.11174 -0.443175 428.571 -0.213137 -0.255097 200.047 1.61671 13 103 1 0 1
-3.28249 1.48007 428.571 3.56695 0.0264848 200.271 1.61626 13 104 1 0 1
1.61036 -2.7007 428.571 -1.73445 0.29422 198.053 1.62026 13 105 1 0 1
-1.82578 -0.0470945 428.571 2.71712 0.248813 200.128 1.61653 13 106 1 0 1
2.72413 -1.34302 428.571 -1.73077 0.32099 198.927 1.61868 13 107 1 0 1
-2.23291 2.17486 428.571 3.18963 -0.703456 198.987 1.61854 13 108 1 0 1
-0.124212 0.409005 428.571 -2.55238 -0.0734047 198.842 1.61882 13 109 1 0 1
3.25031 -0.529284 428.571 -2.40574 0.13541 199.209 1.61817 13 110 1 0 1
-2.01433 3.12987 428.571 0.688 -0.59774 201.594 1.614 13 111 1 0 1
-0.108978 3.73884 428.571 2.49343 -1.12363 198.173 1.62002 13 112 1 0 1
-1.14362 -1.69322 428.571 1.74446 0.540203 202.169 1.61301 13 113 1 0 1
-0.889493 2.14804 428.571 3.23164 -1.18482 197.143 1.62188 13 114 1 0 1
-1.37904 -1.99217 428.571 0.310402 -0.410167 199.542 1.6176 13 115 1 0 1
2.16824 -1.37121 428.571 -3.66685 -0.166533 201.243 1.61456 13 116 1 0 1
1.27868 0.161497 428.571 0.850848 -0.205744 201.099 1.61486 13 117 1 0 1
-2.03087 0.451136 428.571 0.665794 -0.218042 200.331 1.6162 13 118 1 0 1
0.21256 1.78839 428.571 -0.81011 0.130452 197.783 1.62076 13 119 1 0 1
2.80646 0.0139264 428.571 -3.33583 0.990208 200.28 1.61624 13 120 1 0 1
3.08181 -3.00928 428.571 -2.3957 1.01864 198.932 1.61866 13 121 1 0 1
-3.85304 0.532502 428.571 2.15585 0.0693561 200.77 1.61542 13 122 1 0 1
-1.21779 -2.13308 428.571 0.399688 0.458883 197.933 1.62049 13 123 1 0 1
-0.372481 -1.77766 428.571 0.375731 0.477136 198.478 1.6195 13 124 1 0 1
0.428517 0.602441 428.571 0.116491 -0.00186386 196.696 1.62275 13 125 1 0 1
-0.419145 0.240876 428.571 0.775853 -0.733151 200.316 1.61623 13 126 1 0 1
1.94012 0.089665 428.571 -2.32081 0.155681 200.481 1.61592 13 127 1 0 1
1.23316 -0.177921 428.571 -1.25515 -0.262135 199.655 1.61739 13 128 1 0 1
1.99918 -0.596232 428.571 -2.4277 -0.00809844 201.56 1.61404 13 129 1 0 1
-0.699964 -2.33547 428.571 1.81394 0.324182 200.403 1.61606 13 130 1 0 1
0.481938 1.70611 428.571 -0.181895 -0.724587 200.885 1.61524 13 131 1 0 1
-0.495679 1.47269 428.571 1.99362 -0.257886 200.366 1.61613 13 132 1 0 1
-1.64509 0.908362 428.571 1.4131 -0.302422 200.242 1.61635 13 133 1 0 1
-2.20421 -1.90133 428.571 2.60099 0.172178 199.674 1.61734 13 134 1 0 1
-2.62101 1.53019 428.571 3.61781 -0.512245 197.979 1.62034 13 135 1 0 1
-1.77074 -4.33631 428.571 1.76263 1.48805 201.316 1.61447 13 136 1 0 1
-0.966669 0.538453 428.571 0.486549 -0.0312349 202.188 1.61299 13 137 1 0 1
-0.561513 -0.738969 428.571 -0.18722 0.318685 203.112 1.61142 13 138 1 0 1
-1.4614 -2.82003 428.571 0.377253 0.055629 200.659 1.61563 13 139 1 0 1
-3.42389 -4.27484 428.571 2.3141 0.932223 201.121 1.6148 13 140 1 0 1
-3.78123 0.127253 428.571 2.10387 -0.181611 200.853 1.61527 13 141 1 0 1
1.27796 -2.45068 428.571 -1.40622 0.746771 200.994 1.61504 13 142 1 0 1
-2.24853 1.77794 428.571 0.785008 -0.742726 199.179 1.61824 13 143 1 0 1
0.914282 0.288325 428.571 0.194751 -0.231323 201.364 1.61441 13 144 1 0 1
4.92023 0.577078 428.571 -3.89034 -0.670323 207.467 1.60421 13 145 1 0 1
-2.4002 -0.331613 428.571 2.19021 0.776404 200.827 1.61532 13 146 1 0 1
-2.2466 0.816101 428.571 2.71718 -0.389809 197.541 1.62117 13 147 1 0 1
-1.63417 -0.262263 428.571 1.28269 -0.128766 201.466 1.61422 13 148 1 0 1
-3.13829 -0.56652 428.571 1.40876 0.731279 198.847 1.61883 13 149 1 0 1
4.48541 -2.62166 428.571 -4.31992 0.508803 200.44 1.61593 13 150 1 0 1
-0.322277 0.272534 489.796 0.264373 0.21124 199.745 1.84827 13 1 1 0 1
-1.39993 -0.579334 489.796 3.05689 0.133436 200.208 1.84729 13 2 1 0 1
1.32957 1.14908 489.796 -0.298659 -0.407541 198.523 1.85077 13 3 1 0 1
-0.929281 2.17826 489.796 2.06998 -0.854056 199.775 1.84819 13 4 1 0 1
-0.725443 -0.194428 489.796 -1.28561 0.304789 201.742 1.84428 13 5 1 0 1
0.0708991 0.914553 489.796 0.530743 -0.00928145 197.773 1.85232 13 6 1 0 1
-0.739751 -4.69238 489.796 -1.34392 1.5907 198.157 1.8515 13 7 1 0 1
1.60511 -1.45083 489.796 -1.64763 0.959727 197.986 1.85186 13 8 1 0 1
-0.367209 0.718566 489.796 0.13219 0.0864017 201.277 1.84521 13 9 1 0 1
0.99321 0.378567 489.796 -0.605665 -0.435345 198.564 1.85068 13 10 1 0 1
-0.0777622 1.10417 489.796 1.00632 0.619455 198.358 1.8511 13 11 1 0 1
-0.547134 2.6609 489.796 2.33486 -0.843511 201.656 1.84443 13 12 1 0 1
1.53726 -2.67983 489.796 -2.90433 0.839952 201.883 1.84397 13 13 1 0 1
-1.61237 0.210879 489.796 2.92413 -0.230504 201.426 1.84487 13 14 1 0 1
2.78615 0.622103 489.796 -0.831148 -0.525206 198.874 1.85004 13 15 1 0 1
-0.0746624 -0.975629 489.796 1.8186 0.362048 201.49 1.84477 13 16 1 0 1
-1.09221 -3.72312 489.796 1.40275 0.993463 198.857 1.85007 13 17 1 0 1
1.56578 0.139174 489.796 -0.666099 0.0637273 200.335 1.84708 13 18 1 0 1
2.05239 -0.206439 489.796 -2.0693 -0.382659 201.796 1.84416 13 19 1 0 1
1.55689 1.21737 489.796 -0.588405 0.4028 199.281 1.84921 13 20 1 0 1
1.91847 -1.57882 489.796 -3.17701 0.117532 199.673 1.84837 13 21 1 0 1
2.36725 -0.410239 489.796 -2.76085 -0.927823 201.401 1.84492 13 22 1 0 1
0.129186 -1.03092 489.796 -1.21487 0.419726 203.446 1.84097 13 23 1 0 1
-1.59246 1.94515 489.796 2.04997 -0.980802 199.259 1.84924 13 24 1 0 1
-1.02507 -0.423455 489.796 -0.376208 -0.386374 201.77 1.84423 13 25 1 0 1
2.09401 1.34635 489.796 0.314312 0.0829006 197.393 1.85311 13 26 1 0 1
0.156819 1.77447 489.796 0.294083 -1.49498 201.975 1.84382 13 27 1 0 1
2.07693 1.20266 489.796 -0.9641 -0.456385 198.954 1.84988 13 28 1 0 1
-1.24166 0.99545 489.796 2.51824 0.520756 198.761 1.85024 13 29 1 0 1
-1.07172 -0.479548 489.796 -0.873635 0.31436 201.646 1.84448 13 30 1 0 1
1.60768 -1.53632 489.796 -2.92855 0.829923 201.011 1.84569 13 31 1 0 1
-0.0815242 1.91667 489.796 -1.09437 -0.734004 201.395 1.84497 13 32 1 0 1
2.0078 1.86605 489.796 -2.47728 0.235794 200.472 1.84678 13 33 1 0 1
-0.234339 2.50993 489.796 0.613334 -0.957821 201.036 1.84568 13 34 1 0 1
0.891373 -2.63884 489.796 -2.47923 1.19837 200.441 1.84684 13 35 1 0 1
0.105462 0.351731 489.796 1.35164 -0.599009 201.031 1.84568 13 36 1 0 1
-1.58084 0.713891 489.796 0.181402 -0.304838 198.509 1.8508 13 37 1 0 1
1.042 -0.688036 489.796 -0.990486 0.463735 202.027 1.84372 13 38 1 0 1
-0.462404 1.47386 489.796 1.4574 0.436071 196.269 1.85547 13 39 1 0 1
0.510955 1.06863 489.796 -1.43941 0.44034 199.977 1.84779 13 40 1 0 1
2.14567 0.25685 489.796 -4.52964 -0.325079 198.567 1.85057 13 41 1 0 1
-0.18757 -1.0327 489.796 -0.168972 -0.558765 204.004 1.83991 13 42 1 0 1
1.4055 -1.4628 489.796 0.601707 0.743488 206.328 1.83554 13 43 1 0 1
-2.35874 -0.590351 489.796 1.54412 0.455982 201.38 1.84499 13 44 1 0 1
1.2333 -2.91109 489.796 -2.65972 0.981197 202.461 1.84284 13 45 1 0 1
-1.26152 0.849093 489.796 -1.23915 0.304714 204.249 1.83943 13 46 1 0 1
0.922415 -2.58173 489.796 -1.08426 0.650816 200.09 1.84757 13 47 1 0 1
1.10383 -1.5316 489.796 -0.92057 0.0873534 198.442 1.85093 13 48 1 0 1
-0.727749 -4.01014 489.796 2.42516 1.4632 200.88 1.84596 13 49 1 0 1
1.79749 1.3842 489.796 -3.02275 -0.732231 198.487 1.85079 13 50 1 0 1
0.630682 1.94738 489.796 1.62362 -0.577216 206.653 1.83493 13 51 1 0 1
0.531097 0.360826 489.796 0.156737 -0.251911 204.632 1.83871 13 52 1 0 1
0.433514 -0.378332 489.796 -3.24892 0.350276 201.54 1.84464 13 53 1 0 1
-3.59956 -3.17411 489.796 2.38389 1.23977 199.776 1.84818 13 54 1 0 1
-0.311709 -3.32054 489.796 -0.805272 0.409047 200.656 1.84644 13 55 1 0 1
1.33021 1.17389 489.796 -0.609852 -0.565742 202.697 1.84242 13 56 1 0 1
-0.76017 -1.23338 489.796 0.175894 0.222673 195.668 1.85676 13 57 1 0 1
0.406677 -1.05728 489.796 -0.279361 0.0983273 200.743 1.84627 13 58 1 0 1
1.98901 -1.21644 489.796 -3.43883 0.217589 199.831 1.84804 13 59 1 0 1
-1.55411 1.29652 489.796 2.5452 0.325952 201.871 1.844 13 60 1 0 1
0.524163 0.360417 489.796 -2.18423 -0.667454 200.611 1.84651 13 61 1 0 1
-0.225048 3.64852 489.796 -0.931686 -1.18173 196.189 1.85564 13 62 1 0 1
0.256246 0.304271 489.796 -1.17255 0.0911553 200.778 1.84619 13 63 1 0 1
-3.38118 2.11147 489.796 4.00349 -0.25725 203.767 1.84028 13 64 1 0 1
0.170442 0.0200123 489.796 -3.97522 -0.898027 203.186 1.8414 13 65 1 0 1
-0.756355 3.71545 489.796 -0.658324 -1.17388 196.213 1.85559 13 66 1 0 1
-0.335331 -0.119028 489.796 -0.702766 -0.167137 202.746 1.84233 13 67 1 0 1
-1.32929 2.44053 489.796 2.90861 -1.35998 200.396 1.84691 13 68 1 0 1
-0.401495 1.12601 489.796 -0.498948 -0.403619 198.111 1.85161 13 69 1 0 1
2.73006 -0.687028 489.796 -3.39785 -0.0152137 198.402 1.85096 13 70 1 0 1
1.26685 0.634249 489.796 -2.50752 -0.340877 201.217 1.8453 13 71 1 0 1
0.567281 0.237308 489.796 0.343831 0.28588 201.344 1.84507 13 72 1 0 1
-0.919807 -2.02288 489.796 0.110716 0.46847 198.03 1.85178 13 73 1 0 1
0.942709 4.05423 489.796 -1.74535 -0.585082 200.04 1.84766 13 74 1 0 1
-2.11102 -1.08878 489.796 3.04588 -0.242824 199.476 1.84877 13 75 1 0 1
-0.0940114 -1.75284 489.796 -0.652956 0.362905 203.572 1.84073 13 76 1 0 1
-0.941463 0.00696063 489.796 0.201086 0.430458 198.63 1.85055 13 77 1 0 1
1.21475 2.13676 489.796 -0.859151 -0.216425 198.897 1.85 13 78 1 0 1
0.563349 0.124922 489.796 -2.40658 0.500638 201.63 1.84448 13 79 1 0 1
-1.0883 0.512833 489.796 -0.172101 -0.489354 198.152 1.85153 13 80 1 0 1
-0.511993 -3.2463 489.796 1.33867 1.47001 200.338 1.84706 13 81 1 0 1
0.28401 0.610134 489.796 1.31226 -0.518441 198.655 1.85049 13 82 1 0 1
-0.596746 -0.954959 489.796 -1.6125 0.0948112 200.133 1.84748 13 83 1 0 1
0.273963 2.00996 489.796 -0.41735 -0.700066 199.368 1.84903 13 84 1 0 1
-0.717262 1.80733 489.796 2.51474 -0.0616031 198.489 1.8508 13 85 1 0 1
-0.0236642 -0.137016 489.796 -0.0603402 0.0587051 196.571 1.85484 13 86 1 0 1
1.53691 3.31358 489.796 -1.55847 -0.3004 199.356 1.84905 13 87 1 0 1
-0.0321785 2.06421 489.796 0.074318 -1.62743 200.965 1.84581 13 88 1 0 1
-4.03729 -4.21179 489.796 2.6133 1.06967 202.118 1.84351 13 89 1 0 1
-1.19652 -1.51296 489.796 1.69223 0.876549 197.787 1.85227 13 90 1 0 1
0.590485 -1.17536 489.796 -2.78731 0.527811 200.029 1.84766 13 91 1 0 1
1.73168 -2.34517 489.796 -2.82682 0.680918 198.833 1.85009 13 92 1 0 1
1.17653 0.367975 489.796 -1.39372 0.248505 198.938 1.84991 13 93 1 0 1
0.0104299 2.44358 489.796 0.298196 -1.02195 199.296 1.84918 13 94 1 0 1
-0.562224 -0.741366 489.796 2.15554 0.445907 196.184 1.85563 13 95 1 0 1
-0.0320744 -0.589069 489.796 -2.25339 0.710576 197.317 1.85324 13 96 1 0 1
-0.0224501 -0.767661 489.796 0.172644 0.935682 202.995 1.84184 13 97 1 0 1
-3.57041 0.481251 489.796 3.73726 -0.785497 199.186 1.84933 13 98 1 0 1
0.780806 -0.304574 489.796 -0.160437 0.164452 198.446 1.85093 13 99 1 0 1
1.01741 0.225682 489.796 -2.6679 -0.324738 200.195 1.84733 13 100 1 0 1
-0.340118 -1.14702 489.796 0.318975 0.835938 202.826 1.84217 13 101 1 0 1
0.947153 1.97685 489.796 -0.385179 -0.370187 200.606 1.84654 13 102 1 0 1
1.03254 -0.518571 489.796 -0.303331 -0.237139 200.047 1.84766 13 103 1 0 1
-2.15463 1.47971 489.796 3.79583 -0.028842 200.267 1.84715 13 104 1 0 1
1.05583 -2.59451 489.796 -1.84547 0.392105 198.052 1.85172 13 105 1 0 1
-0.974692 0.0291478 489.796 2.83494 0.249146 200.127 1.84746 13 106 1 0 1
2.15881 -1.23676 489.796 -1.93499 0.368887 198.925 1.84992 13 107 1 0 1
-1.2271 1.94643 489.796 3.33435 -0.779991 198.984 1.84976 13 108 1 0 1
-0.90515 0.384114 489.796 -2.50935 -0.088125 198.842 1.85008 13 109 1 0 1
2.47244 -0.484728 489.796 -2.6454 0.154262 199.206 1.84933 13 110 1 0 1
-1.78045 2.93083 489.796 0.848849 -0.711778 201.593 1.84458 13 111 1 0 1
0.659456 3.37103 489.796 2.47048 -1.25514 198.172 1.85145 13 112 1 0 1
-0.602928 -1.52027 489.796 1.81869 0.60084 202.168 1.84344 13 113 1 0 1
0.121233 1.76853 489.796 3.26347 -1.25688 197.142 1.85357 13 114 1 0 1
-1.26654 -2.10642 489.796 0.421401 -0.33383 199.542 1.84868 13 115 1 0 1
1.02965 -1.41396 489.796 -3.80212 -0.114216 201.241 1.84521 13 116 1 0 1
1.52023 0.0980557 489.796 0.732502 -0.210617 201.099 1.84556 13 117 1 0 1
-1.80223 0.382053 489.796 0.82725 -0.233621 200.331 1.84709 13 118 1 0 1
-0.0398656 1.8185 489.796 -0.817292 0.0638659 197.783 1.8523 13 119 1 0 1
1.75511 0.315973 489.796 -3.52787 0.984025 200.277 1.84714 13 120 1 0 1
2.30814 -2.67921 489.796 -2.62111 1.12425 198.929 1.84989 13 121 1 0 1
-3.14904 0.550574 489.796 2.4514 0.0490588 200.766 1.84619 13 122 1 0 1
-1.07908 -1.97924 489.796 0.495278 0.534857 197.933 1.85198 13 123 1 0 1
-0.252301 -1.62062 489.796 0.401804 0.540091 198.478 1.85086 13 124 1 0 1
0.459129 0.598425 489.796 0.0797799 -0.0239111 196.696 1.85458 13 125 1 0 1
-0.177654 0.0158478 489.796 0.800989 -0.73795 200.315 1.84712 13 126 1 0 1
1.20953 0.136606 489.796 -2.45356 0.151445 200.479 1.84677 13 127 1 0 1
0.834104 -0.257137 489.796 -1.34193 -0.254026 199.654 1.84845 13 128 1 0 1
1.23928 -0.595286 489.796 -2.56493 0.0143179 201.558 1.84462 13 129 1 0 1
-0.13919 -2.2233 489.796 1.8493 0.409455 200.403 1.84693 13 130 1 0 1
0.420561 1.47596 489.796 -0.220015 -0.784251 200.884 1.84598 13 131 1 0 1
0.117247 1.38564 489.796 2.00956 -0.311342 200.365 1.847 13 132 1 0 1
-1.19379 0.81089 489.796 1.53262 -0.334554 200.241 1.84726 13 133 1 0 1
-1.38184 -1.83779 489.796 2.75152 0.241863 199.672 1.84838 13 134 1 0 1
-1.47339 1.36335 489.796 3.78818 -0.565705 197.975 1.85182 13 135 1 0 1
-1.21428 -3.85988 489.796 1.88896 1.64204 201.313 1.84511 13 136 1 0 1
-0.807577 0.525942 489.796 0.561976 -0.0513221 202.188 1.84341 13 137 1 0 1
-0.610508 -0.638875 489.796 -0.137167 0.344807 203.112 1.84162 13 138 1 0 1
-1.32805 -2.787 489.796 0.494943 0.160645 200.659 1.84644 13 139 1 0 1
-2.67857 -3.96721 489.796 2.57211 1.08693 201.117 1.84549 13 140 1 0 1
-3.09419 0.0712739 489.796 2.3942 -0.18533 200.85 1.84603 13 141 1 0 1
0.835058 -2.20967 489.796 -1.49552 0.834198 200.993 1.84576 13 142 1 0 1
-1.97944 1.53993 489.796 0.962071 -0.804405 199.178 1.84942 13 143 1 0 1
0.961523 0.216481 489.796 0.115331 -0.240811 201.364 1.84504 13 144 1 0 1
3.71401 0.376347 489.796 -4.26684 -0.688761 207.459 1.83339 13 145 1 0 1
-1.70457 -0.0934757 489.796 2.36351 0.784365 200.825 1.84607 13 146 1 0 1
-1.37926 0.690861 489.796 2.86775 -0.41759 197.538 1.85276 13 147 1 0 1
-1.22509 -0.299824 489.796 1.40381 -0.118196 201.466 1.84483 13 148 1 0 1
-2.66616 -0.338558 489.796 1.65143 0.748071 198.845 1.85009 13 149 1 0 1
3.11403 -2.45158 489.796 -4.64003 0.603695 200.432 1.84678 13 150 1 0 1
-0.237459 0.335604 551.02 0.287881 0.199902 199.745 2.07931 13 1 1 0 1
-0.451174 -0.535302 551.02 3.13479 0.154265 200.207 2.0782 13 2 1 0 1
1.22082 1.01708 551.02 -0.405117 -0.447679 198.522 2.08211 13 3 1 0 1
-0.2857 1.90459 551.02 2.12101 -0.930184 199.774 2.07921 13 4 1 0 1
-1.10463 -0.100998 551.02 -1.20798 0.310353 201.743 2.07482 13 5 1 0 1
0.23359 0.906469 551.02 0.518081 -0.0428974 197.773 2.08386 13 6 1 0 1
-1.14372 -4.17507 551.02 -1.26543 1.7547 198.157 2.08294 13 7 1 0 1
1.07721 -1.14634 551.02 -1.75928 1.00772 197.985 2.08334 13 8 1 0 1
-0.322464 0.740699 551.02 0.161378 0.0589865 201.277 2.07586 13 9 1 0 1
0.794528 0.24243 551.02 -0.680303 -0.446854 198.564 2.08202 13 10 1 0 1
0.232514 1.2887 551.02 0.999868 0.575153 198.358 2.08249 13 11 1 0 1
0.165729 2.39012 551.02 2.35102 -0.93858 201.656 2.07498 13 12 1 0 1
0.640535 -2.4103 551.02 -2.99674 0.935861 201.881 2.07446 13 13 1 0 1
-0.706697 0.139747 551.02 3.02233 -0.237094 201.424 2.07548 13 14 1 0 1
2.49566 0.457175 551.02 -1.05201 -0.545238 198.873 2.0813 13 15 1 0 1
0.476528 -0.860262 551.02 1.80157 0.396576 201.49 2.07537 13 16 1 0 1
-0.648178 -3.3966 551.02 1.47551 1.12561 198.856 2.08132 13 17 1 0 1
1.34301 0.157819 551.02 -0.788625 0.0581737 200.334 2.07797 13 18 1 0 1
1.40094 -0.321139 551.02 -2.21581 -0.372719 201.794 2.07468 13 19 1 0 1
1.35693 1.33394 551.02 -0.710498 0.355343 199.281 2.08037 13 20 1 0 1
0.923892 -1.53384 551.02 -3.29631 0.175541 199.671 2.07942 13 21 1 0 1
1.50122 -0.689415 551.02 -2.92464 -0.907141 201.399 2.07554 13 22 1 0 1
-0.236506 -0.898971 551.02 -1.21028 0.456374 203.446 2.07109 13 23 1 0 1
-0.944863 1.63326 551.02 2.15626 -1.04735 199.257 2.08039 13 24 1 0 1
-1.1256 -0.538057 551.02 -0.284967 -0.368266 201.77 2.07476 13 25 1 0 1
2.16424 1.36434 551.02 0.137575 0.0329574 197.393 2.08475 13 26 1 0 1
0.243573 1.31204 551.02 0.277079 -1.55317 201.975 2.0743 13 27 1 0 1
1.75489 1.05562 551.02 -1.12439 -0.49832 198.953 2.08111 13 28 1 0 1
-0.453372 1.14988 551.02 2.58907 0.480953 198.761 2.08152 13 29 1 0 1
-1.3221 -0.381547 551.02 -0.772141 0.330567 201.646 2.07503 13 30 1 0 1
0.698904 -1.27525 551.02 -3.02601 0.882667 201.009 2.0764 13 31 1 0 1
-0.411748 1.68303 551.02 -1.07348 -0.801671 201.395 2.07559 13 32 1 0 1
1.22874 1.92728 551.02 -2.61368 0.164812 200.47 2.07763 13 33 1 0 1
-0.0453454 2.20447 551.02 0.625155 -1.04628 201.035 2.07639 13 34 1 0 1
0.125904 -2.25844 551.02 -2.52209 1.28999 200.439 2.07769 13 35 1 0 1
0.513994 0.167642 551.02 1.32545 -0.608755 201.031 2.0764 13 36 1 0 1
-1.50487 0.61598 551.02 0.310197 -0.329478 198.509 2.08214 13 37 1 0 1
0.729759 -0.543844 551.02 -1.06575 0.486963 202.027 2.07419 13 38 1 0 1
-0.00379812 1.60122 551.02 1.47664 0.379737 196.269 2.0874 13 39 1 0 1
0.0656022 1.19709 551.02 -1.46366 0.398049 199.977 2.07877 13 40 1 0 1
0.727508 0.155343 551.02 -4.64953 -0.332714 198.564 2.08189 13 41 1 0 1
-0.23566 -1.19418 551.02 -0.150817 -0.516362 204.004 2.06989 13 42 1 0 1
1.56527 -1.23426 551.02 0.472826 0.79543 206.328 2.06498 13 43 1 0 1
-1.86106 -0.448617 551.02 1.72279 0.475507 201.379 2.07561 13 44 1 0 1
0.41662 -2.59833 551.02 -2.72994 1.0853 202.459 2.0732 13 45 1 0 1
-1.61521 0.935415 551.02 -1.11561 0.270695 204.25 2.06936 13 46 1 0 1
0.580245 -2.36825 551.02 -1.14747 0.74326 200.089 2.07852 13 47 1 0 1
0.806876 -1.49597 551.02 -1.00029 0.143431 198.442 2.0823 13 48 1 0 1
0.0175638 -3.54216 551.02 2.45514 1.6048 200.878 2.0767 13 49 1 0 1
0.84605 1.15088 551.02 -3.13305 -0.77919 198.485 2.08214 13 50 1 0 1
1.10157 1.76559 551.02 1.54836 -0.648835 206.654 2.0643 13 51 1 0 1
0.570984 0.283541 551.02 0.109318 -0.264218 204.632 2.06855 13 52 1 0 1
-0.554791 -0.269968 551.02 -3.24379 0.362471 201.54 2.07522 13 53 1 0 1
-2.82596 -2.77679 551.02 2.65374 1.3507 199.771 2.0792 13 54 1 0 1
-0.552368 -3.17703 551.02 -0.768816 0.53074 200.656 2.07724 13 55 1 0 1
1.12974 0.996636 551.02 -0.714693 -0.606806 202.696 2.07272 13 56 1 0 1
-0.695624 -1.1568 551.02 0.235788 0.266326 195.668 2.08886 13 57 1 0 1
0.316626 -1.02132 551.02 -0.309891 0.137275 200.743 2.07705 13 58 1 0 1
0.914425 -1.14297 551.02 -3.56078 0.261594 199.829 2.07905 13 59 1 0 1
-0.765572 1.3878 551.02 2.64364 0.275371 201.869 2.07451 13 60 1 0 1
-0.146311 0.155048 551.02 -2.20017 -0.677106 200.611 2.07732 13 61 1 0 1
-0.511671 3.25963 551.02 -0.901292 -1.30823 196.188 2.08759 13 62 1 0 1
-0.103063 0.33028 551.02 -1.17902 0.0792635 200.778 2.07697 13 63 1 0 1
-2.14008 2.02228 551.02 4.23994 -0.335863 203.762 2.07032 13 64 1 0 1
-1.02444 -0.250183 551.02 -3.93875 -0.893665 203.187 2.07157 13 65 1 0 1
-0.951199 3.32867 551.02 -0.587874 -1.30288 196.212 2.08754 13 66 1 0 1
-0.542344 -0.168724 551.02 -0.665351 -0.161692 202.746 2.07262 13 67 1 0 1
-0.427412 2.01191 551.02 2.98261 -1.44325 200.394 2.07778 13 68 1 0 1
-0.549884 0.995086 551.02 -0.459318 -0.442842 198.111 2.08307 13 69 1 0 1
1.65102 -0.687795 551.02 -3.58055 0.010246 198.399 2.08233 13 70 1 0 1
0.490909 0.52711 551.02 -2.58188 -0.362687 201.216 2.07596 13 71 1 0 1
0.664114 0.32272 551.02 0.291699 0.275355 201.344 2.07571 13 72 1 0 1
-0.873933 -1.86678 551.02 0.185405 0.540366 198.03 2.08326 13 73 1 0 1
0.398726 3.85237 551.02 -1.80176 -0.732707 200.039 2.07862 13 74 1 0 1
-1.15309 -1.15695 551.02 3.18275 -0.201009 199.474 2.07987 13 75 1 0 1
-0.288344 -1.63391 551.02 -0.63659 0.427257 203.572 2.07082 13 76 1 0 1
-0.867679 0.13935 551.02 0.276644 0.427745 198.63 2.08186 13 77 1 0 1
0.935841 2.05808 551.02 -0.949088 -0.294301 198.897 2.08125 13 78 1 0 1
-0.171501 0.275938 551.02 -2.42319 0.493093 201.63 2.07504 13 79 1 0 1
-1.1273 0.358996 551.02 -0.07979 -0.505479 198.152 2.08297 13 80 1 0 1
-0.0980743 -2.7794 551.02 1.36436 1.58268 200.337 2.07794 13 81 1 0 1
0.683073 0.447177 551.02 1.27187 -0.538047 198.655 2.0818 13 82 1 0 1
-1.08028 -0.920563 551.02 -1.54193 0.129847 200.134 2.07841 13 83 1 0 1
0.142834 1.78392 551.02 -0.434822 -0.770664 199.368 2.08016 13 84 1 0 1
0.0642938 1.77806 551.02 2.54199 -0.128029 198.489 2.08216 13 85 1 0 1
-0.0420742 -0.117985 551.02 -0.0576231 0.0633838 196.571 2.0867 13 86 1 0 1
1.04063 3.2026 551.02 -1.6665 -0.421649 199.355 2.08018 13 87 1 0 1
-0.00922163 1.55758 551.02 0.0760672 -1.69536 200.964 2.07654 13 88 1 0 1
-3.19732 -3.86437 551.02 2.92069 1.222 202.113 2.07395 13 89 1 0 1
-0.659597 -1.23351 551.02 1.76941 0.927248 197.786 2.08381 13 90 1 0 1
-0.266569 -1.00741 551.02 -2.80093 0.568563 200.029 2.07862 13 91 1 0 1
0.842778 -2.12253 551.02 -2.93442 0.763827 198.831 2.08135 13 92 1 0 1
0.734352 0.44221 551.02 -1.47365 0.23346 198.937 2.08114 13 93 1 0 1
0.101512 2.11629 551.02 0.293504 -1.10677 199.295 2.08033 13 94 1 0 1
0.114798 -0.598245 551.02 2.17399 0.470437 196.184 2.08759 13 95 1 0 1
-0.727865 -0.365647 551.02 -2.22186 0.728161 197.317 2.0849 13 96 1 0 1
0.0296852 -0.481613 551.02 0.172335 0.959352 202.995 2.07207 13 97 1 0 1
-2.38082 0.237524 551.02 3.98641 -0.798841 199.181 2.0805 13 98 1 0 1
0.721511 -0.252196 551.02 -0.223123 0.174765 198.446 2.08229 13 99 1 0 1
0.191947 0.125271 551.02 -2.7188 -0.331295 200.194 2.07825 13 100 1 0 1
-0.239885 -0.888622 551.02 0.343709 0.874475 202.826 2.07244 13 101 1 0 1
0.81796 1.85281 551.02 -0.459631 -0.441894 200.606 2.07736 13 102 1 0 1
0.926864 -0.588051 551.02 -0.385748 -0.216475 200.047 2.07862 13 103 1 0 1
-0.971529 1.46247 551.02 3.92742 -0.0838382 200.264 2.07804 13 104 1 0 1
0.474242 -2.45873 551.02 -1.90918 0.485517 198.051 2.08319 13 105 1 0 1
-0.0986182 0.105058 551.02 2.88009 0.246638 200.126 2.0784 13 106 1 0 1
1.53814 -1.11638 551.02 -2.0896 0.412575 198.923 2.08116 13 107 1 0 1
-0.189824 1.69579 551.02 3.39362 -0.847633 198.983 2.08098 13 108 1 0 1
-1.66288 0.35484 551.02 -2.40199 -0.101841 198.844 2.08134 13 109 1 0 1
1.63118 -0.434642 551.02 -2.81725 0.171355 199.204 2.0805 13 110 1 0 1
-1.50094 2.69835 551.02 0.987934 -0.817696 201.592 2.07515 13 111 1 0 1
1.41098 2.96477 551.02 2.38421 -1.37234 198.172 2.08288 13 112 1 0 1
-0.0467834 -1.32999 551.02 1.84631 0.654624 202.168 2.07387 13 113 1 0 1
1.12885 1.36885 551.02 3.21166 -1.31462 197.142 2.08527 13 114 1 0 1
-1.12156 -2.19664 551.02 0.521596 -0.253685 199.542 2.07977 13 115 1 0 1
-0.135339 -1.44057 551.02 -3.83995 -0.0605974 201.24 2.07586 13 116 1 0 1
1.7228 0.0334962 551.02 0.595376 -0.213086 201.1 2.07625 13 117 1 0 1
-1.52738 0.308611 551.02 0.967498 -0.246535 200.33 2.07798 13 118 1 0 1
-0.291269 1.82786 551.02 -0.803521 -0.00344889 197.783 2.08383 13 119 1 0 1
0.658752 0.614414 551.02 -3.62949 0.966624 200.275 2.07803 13 120 1 0 1
1.47531 -2.31858 551.02 -2.77932 1.21703 198.926 2.08113 13 121 1 0 1
-2.36431 0.562366 551.02 2.6841 0.0282026 200.763 2.07697 13 122 1 0 1
-0.912701 -1.80282 551.02 0.578171 0.604729 197.932 2.08348 13 123 1 0 1
-0.125653 -1.44509 551.02 0.417577 0.596885 198.478 2.08221 13 124 1 0 1
0.47797 0.587584 551.02 0.0410234 -0.0456855 196.696 2.0864 13 125 1 0 1
0.0683905 -0.209361 551.02 0.805591 -0.734332 200.315 2.07801 13 126 1 0 1
0.447934 0.181989 551.02 -2.52342 0.145483 200.478 2.07761 13 127 1 0 1
0.413665 -0.33342 551.02 -1.39431 -0.243021 199.654 2.0795 13 128 1 0 1
0.447616 -0.58755 551.02 -2.63641 0.0365708 201.557 2.0752 13 129 1 0 1
0.425152 -2.08576 551.02 1.83725 0.490058 200.403 2.0778 13 130 1 0 1
0.348401 1.22898 551.02 -0.252495 -0.834969 200.884 2.07673 13 131 1 0 1
0.727167 1.28278 551.02 1.97398 -0.361247 200.366 2.07788 13 132 1 0 1
-0.711891 0.704168 551.02 1.61285 -0.36287 200.241 2.07817 13 133 1 0 1
-0.524047 -1.75329 551.02 2.83152 0.308789 199.67 2.07943 13 134 1 0 1
-0.28801 1.18096 551.02 3.86148 -0.612716 197.974 2.0833 13 135 1 0 1
-0.626691 -3.33943 551.02 1.96687 1.77731 201.311 2.07574 13 136 1 0 1
-0.62778 0.50743 551.02 0.622996 -0.0708238 202.187 2.07384 13 137 1 0 1
-0.643852 -0.531493 551.02 -0.0835966 0.366995 203.112 2.07182 13 138 1 0 1
-1.16066 -2.72218 551.02 0.599944 0.263827 200.659 2.07724 13 139 1 0 1
-1.86457 -3.61433 551.02 2.76419 1.22923 201.114 2.07617 13 140 1 0 1
-2.32784 0.0144814 551.02 2.62314 -0.186935 200.847 2.07678 13 141 1 0 1
0.370753 -1.94344 551.02 -1.54647 0.912109 200.993 2.07648 13 142 1 0 1
-1.65961 1.28435 551.02 1.11447 -0.856907 199.177 2.0806 13 143 1 0 1
0.984115 0.142167 551.02 0.0329534 -0.247552 201.364 2.07566 13 144 1 0 1
2.41258 0.171322 551.02 -4.53396 -0.699347 207.453 2.06256 13 145 1 0 1
-0.965254 0.145728 551.02 2.47623 0.78338 200.824 2.07683 13 146 1 0 1
-0.476558 0.55774 551.02 2.94482 -0.440609 197.537 2.08436 13 147 1 0 1
-0.784596 -0.333965 551.02 1.48893 -0.106277 201.465 2.07543 13 148 1 0 1
-2.12569 -0.106734 551.02 1.85176 0.756328 198.844 2.08135 13 149 1 0 1
1.66282 -2.25355 551.02 -4.84122 0.691702 200.427 2.07763 13 150 1 0 1
-0.146553 0.394846 612.245 0.304009 0.186283 199.745 2.31034 13 1 1 0 1
0.509148 -0.485163 612.245 3.13235 0.173334 200.207 2.30912 13 2 1 0 1
1.08076 0.873474 612.245 -0.501189 -0.48271 198.522 2.31346 13 3 1 0 1
0.365205 1.6092 612.245 2.11766 -0.995704 199.774 2.31024 13 4 1 0 1
-1.4555 -0.00641588 612.245 -1.09938 0.312376 201.744 2.30535 13 5 1 0 1
0.390292 0.888044 612.245 0.492138 -0.076024 197.773 2.3154 13 6 1 0 1
-1.51837 -3.61014 612.245 -1.15451 1.89869 198.156 2.31437 13 7 1 0 1
0.521691 -0.828769 612.245 -1.82583 1.04421 197.984 2.31482 13 8 1 0 1
-0.269452 0.754383 612.245 0.186428 0.0308984 201.277 2.30651 13 9 1 0 1
0.575478 0.103528 612.245 -0.737501 -0.453265 198.563 2.31335 13 10 1 0 1
0.53683 1.45854 612.245 0.967782 0.52429 198.358 2.31388 13 11 1 0 1
0.874344 2.09206 612.245 2.30692 -1.02295 201.656 2.30554 13 12 1 0 1
-0.27261 -2.11327 612.245 -3.01235 1.0211 201.881 2.30496 13 13 1 0 1
0.217092 0.0670201 612.245 3.04306 -0.240981 201.424 2.30609 13 14 1 0 1
2.14118 0.287031 612.245 -1.24589 -0.559049 198.872 2.31255 13 15 1 0 1
1.0155 -0.735082 612.245 1.73836 0.426581 201.491 2.30596 13 16 1 0 1
-0.187526 -3.03133 612.245 1.51045 1.24491 198.855 2.31258 13 17 1 0 1
1.08581 0.174664 612.245 -0.890932 0.0519565 200.334 2.30885 13 18 1 0 1
0.713582 -0.432176 612.245 -2.30551 -0.358529 201.793 2.3052 13 19 1 0 1
1.12219 1.43529 612.245 -0.814375 0.303833 199.28 2.31152 13 20 1 0 1
-0.0943664 -1.47137 612.245 -3.33112 0.231549 199.67 2.31046 13 21 1 0 1
0.596701 -0.960726 612.245 -3.01346 -0.876116 201.397 2.30615 13 22 1 0 1
-0.596135 -0.756765 612.245 -1.17466 0.487816 203.446 2.30121 13 23 1 0 1
-0.273043 1.30275 612.245 2.20728 -1.10195 199.256 2.31154 13 24 1 0 1
-1.19727 -0.646521 612.245 -0.18642 -0.345957 201.77 2.30529 13 25 1 0 1
2.17899 1.36676 612.245 -0.0426886 -0.0173618 197.393 2.31639 13 26 1 0 1
0.324082 0.834638 612.245 0.252971 -1.59363 201.975 2.30477 13 27 1 0 1
1.38786 0.896544 612.245 -1.25585 -0.534569 198.952 2.31235 13 28 1 0 1
0.346544 1.29118 612.245 2.59353 0.435667 198.761 2.3128 13 29 1 0 1
-1.53859 -0.279194 612.245 -0.650853 0.343004 201.647 2.30559 13 30 1 0 1
-0.227793 -0.999644 612.245 -3.04592 0.925346 201.009 2.30711 13 31 1 0 1
-0.731416 1.43018 612.245 -1.02508 -0.860193 201.395 2.30621 13 32 1 0 1
0.418169 1.96652 612.245 -2.68309 0.091952 200.469 2.30848 13 33 1 0 1
0.14481 1.87386 612.245 0.620949 -1.12281 201.035 2.3071 13 34 1 0 1
-0.642793 -1.85228 612.245 -2.50031 1.36689 200.439 2.30855 13 35 1 0 1
0.90935 -0.0183592 612.245 1.26529 -0.611558 201.032 2.30711 13 36 1 0 1
-1.39032 0.511041 612.245 0.431039 -0.35036 198.509 2.31349 13 37 1 0 1
0.39881 -0.393448 612.245 -1.11368 0.504637 202.026 2.30465 13 38 1 0 1
0.454905 1.71032 612.245 1.45802 0.319071 196.27 2.31933 13 39 1 0 1
-0.381432 1.3119 612.245 -1.45038 0.351217 199.977 2.30974 13 40 1 0 1
-0.709306 0.052064 612.245 -4.65029 -0.336558 198.564 2.31321 13 41 1 0 1
-0.277708 -1.34204 612.245 -0.128797 -0.468069 204.004 2.29988 13 42 1 0 1
1.68491 -0.991638 612.245 0.331823 0.838298 206.328 2.29442 13 43 1 0 1
-1.31567 -0.301767 612.245 1.85729 0.489609 201.378 2.30624 13 44 1 0 1
-0.410736 -2.25594 612.245 -2.73019 1.17703 202.459 2.30356 13 45 1 0 1
-1.92748 1.01107 612.245 -0.96347 0.233587 204.251 2.29929 13 46 1 0 1
0.223198 -2.12774 612.245 -1.18127 0.827226 200.089 2.30946 13 47 1 0 1
0.489237 -1.44327 612.245 -1.05437 0.197872 198.442 2.31366 13 48 1 0 1
0.762426 -3.03377 612.245 2.42219 1.72809 200.878 2.30745 13 49 1 0 1
-0.12708 0.90442 612.245 -3.16305 -0.817264 198.484 2.31349 13 50 1 0 1
1.54421 1.56365 612.245 1.4334 -0.713055 206.654 2.29366 13 51 1 0 1
0.596232 0.203022 612.245 0.059097 -0.273512 204.632 2.29839 13 52 1 0 1
-1.52887 -0.158525 612.245 -3.15551 0.370534 201.541 2.30579 13 53 1 0 1
-1.97992 -2.34778 612.245 2.85556 1.44623 199.768 2.31022 13 54 1 0 1
-0.778867 -2.99728 612.245 -0.71265 0.646379 200.656 2.30805 13 55 1 0 1
0.900309 0.808014 612.245 -0.801211 -0.640948 202.696 2.30302 13 56 1 0 1
-0.613245 -1.06703 612.245 0.289638 0.306941 195.668 2.32095 13 57 1 0 1
0.218459 -0.97371 612.245 -0.332476 0.174656 200.743 2.30784 13 58 1 0 1
-0.183601 -1.05645 612.245 -3.59148 0.302616 199.828 2.31005 13 59 1 0 1
0.0425972 1.46324 612.245 2.67433 0.221651 201.869 2.30501 13 60 1 0 1
-0.813035 -0.0520893 612.245 -2.15971 -0.679035 200.611 2.30813 13 61 1 0 1
-0.785176 2.83356 612.245 -0.847794 -1.4198 196.188 2.31955 13 62 1 0 1
-0.45973 0.35252 612.245 -1.15526 0.0664676 200.778 2.30774 13 63 1 0 1
-0.844114 1.91002 612.245 4.36774 -0.410645 203.759 2.30036 13 64 1 0 1
-2.19306 -0.517523 612.245 -3.80134 -0.879117 203.19 2.30175 13 65 1 0 1
-1.12166 2.90392 612.245 -0.502355 -1.41702 196.212 2.31949 13 66 1 0 1
-0.735453 -0.216496 612.245 -0.610879 -0.154402 202.746 2.30291 13 67 1 0 1
0.485418 1.56033 612.245 2.98016 -1.51006 200.393 2.30864 13 68 1 0 1
-0.684177 0.852815 612.245 -0.407912 -0.477012 198.111 2.31452 13 69 1 0 1
0.529647 -0.680716 612.245 -3.67149 0.0355883 198.397 2.3137 13 70 1 0 1
-0.297619 0.413957 612.245 -2.59005 -0.380361 201.216 2.30662 13 71 1 0 1
0.743921 0.404449 612.245 0.23209 0.261689 201.344 2.30634 13 72 1 0 1
-0.805655 -1.68939 612.245 0.25534 0.606097 198.03 2.31473 13 73 1 0 1
-0.15548 3.60657 612.245 -1.81199 -0.871973 200.038 2.30958 13 74 1 0 1
-0.165609 -1.21193 612.245 3.23805 -0.156903 199.473 2.31097 13 75 1 0 1
-0.475284 -1.49634 612.245 -0.603904 0.486736 203.572 2.30091 13 76 1 0 1
-0.77165 0.27015 612.245 0.34511 0.420153 198.63 2.31318 13 77 1 0 1
0.632946 1.95592 612.245 -1.01469 -0.368819 198.896 2.31249 13 78 1 0 1
-0.901954 0.423806 612.245 -2.37769 0.479925 201.63 2.3056 13 79 1 0 1
-1.1374 0.201064 612.245 0.0145666 -0.515837 198.152 2.31442 13 80 1 0 1
0.318358 -2.28079 612.245 1.35508 1.67729 200.336 2.30882 13 81 1 0 1
1.06462 0.279118 612.245 1.19887 -0.551515 198.656 2.31311 13 82 1 0 1
-1.53612 -0.875665 612.245 -1.43184 0.163401 200.135 2.30935 13 83 1 0 1
0.00804407 1.53753 612.245 -0.441146 -0.832472 199.368 2.31129 13 84 1 0 1
0.844201 1.7285 612.245 2.50408 -0.192994 198.489 2.31351 13 85 1 0 1
-0.0594056 -0.0976081 612.245 -0.0534287 0.0673395 196.571 2.31855 13 86 1 0 1
0.517677 3.05509 612.245 -1.73181 -0.538087 199.354 2.31131 13 87 1 0 1
0.0139716 1.03318 612.245 0.0758663 -1.74396 200.964 2.30727 13 88 1 0 1
-2.27538 -3.47286 612.245 3.15319 1.36039 202.109 2.30439 13 89 1 0 1
-0.105765 -0.939993 612.245 1.80123 0.967371 197.786 2.31534 13 90 1 0 1
-1.11679 -0.827968 612.245 -2.74276 0.602833 200.03 2.30957 13 91 1 0 1
-0.0677328 -1.87567 612.245 -2.96681 0.838025 198.831 2.31261 13 92 1 0 1
0.273352 0.5114 612.245 -1.5158 0.215753 198.937 2.31238 13 93 1 0 1
0.189991 1.76486 612.245 0.281288 -1.17897 199.295 2.31148 13 94 1 0 1
0.788878 -0.4483 612.245 2.13672 0.489602 196.185 2.31954 13 95 1 0 1
-1.405 -0.138054 612.245 -2.13338 0.737441 197.318 2.31655 13 96 1 0 1
0.0810595 -0.19007 612.245 0.167608 0.972078 202.995 2.3023 13 97 1 0 1
-1.1302 -0.00891205 612.245 4.13339 -0.803079 199.178 2.31167 13 98 1 0 1
0.643719 -0.196942 612.245 -0.280088 0.183084 198.446 2.31366 13 99 1 0 1
-0.638436 0.0234302 612.245 -2.70001 -0.334074 200.194 2.30916 13 100 1 0 1
-0.133503 -0.620089 612.245 0.359633 0.903036 202.826 2.30271 13 101 1 0 1
0.667796 1.70763 612.245 -0.522299 -0.50856 200.605 2.30818 13 102 1 0 1
0.79743 -0.650823 612.245 -0.458276 -0.193343 200.047 2.30958 13 103 1 0 1
0.236475 1.42854 612.245 3.95836 -0.137878 200.263 2.30894 13 104 1 0 1
-0.119506 -2.2949 612.245 -1.92394 0.573391 198.05 2.31465 13 105 1 0 1
0.779984 0.179769 612.245 2.85143 0.241318 200.126 2.30933 13 106 1 0 1
0.878036 -0.983275 612.245 -2.19065 0.451557 198.922 2.3124 13 107 1 0 1
0.852316 1.42581 612.245 3.3659 -0.905611 198.983 2.3122 13 108 1 0 1
-2.37798 0.321519 612.245 -2.23307 -0.114395 198.846 2.3126 13 109 1 0 1
0.748099 -0.379598 612.245 -2.91689 0.186493 199.203 2.31167 13 110 1 0 1
-1.18294 2.4351 612.245 1.10169 -0.914284 201.591 2.30572 13 111 1 0 1
2.12634 2.52469 612.245 2.23683 -1.47389 198.173 2.31431 13 112 1 0 1
0.510561 -1.12454 612.245 1.82659 0.700941 202.168 2.30429 13 113 1 0 1
2.10753 0.953546 612.245 3.07754 -1.35737 197.144 2.31697 13 114 1 0 1
-0.947827 -2.2618 612.245 0.60842 -0.170646 199.542 2.31086 13 115 1 0 1
-1.29686 -1.45076 612.245 -3.77937 -0.00628803 201.241 2.30651 13 116 1 0 1
1.8812 -0.0314453 612.245 0.442986 -0.213125 201.1 2.30695 13 117 1 0 1
-1.21339 0.231648 612.245 1.08294 -0.256636 200.33 2.30886 13 118 1 0 1
-0.535205 1.81636 612.245 -0.769152 -0.0707243 197.783 2.31537 13 119 1 0 1
-0.45449 0.905847 612.245 -3.63809 0.938205 200.275 2.30892 13 120 1 0 1
0.60465 -1.93149 612.245 -2.8663 1.29593 198.924 2.31237 13 121 1 0 1
-1.51896 0.567743 612.245 2.84799 0.00702531 200.761 2.30774 13 122 1 0 1
-0.722927 -1.60584 612.245 0.646241 0.667702 197.932 2.31498 13 123 1 0 1
0.00421677 -1.25308 612.245 0.422644 0.646871 198.478 2.31357 13 124 1 0 1
0.484558 0.570039 612.245 0.00121528 -0.0669388 196.696 2.31822 13 125 1 0 1
0.312682 -0.432182 612.245 0.789541 -0.722337 200.315 2.3089 13 126 1 0 1
-0.325144 0.225296 612.245 -2.52859 0.137862 200.478 2.30846 13 127 1 0 1
-0.0173781 -0.4059 612.245 -1.41095 -0.229243 199.654 2.31056 13 128 1 0 1
-0.355526 -0.573111 612.245 -2.64031 0.0584064 201.557 2.30578 13 129 1 0 1
0.978594 -1.92443 612.245 1.7781 0.565071 200.403 2.30866 13 130 1 0 1
0.26731 0.967972 612.245 -0.278501 -0.876161 200.884 2.30748 13 131 1 0 1
1.31844 1.16529 612.245 1.88781 -0.407032 200.366 2.30875 13 132 1 0 1
-0.211737 0.589414 612.245 1.65174 -0.387047 200.24 2.30908 13 133 1 0 1
0.347181 -1.64878 612.245 2.83894 0.372193 199.67 2.31048 13 134 1 0 1
0.904758 0.985099 612.245 3.83581 -0.652744 197.974 2.31478 13 135 1 0 1
-0.0230355 -2.78088 612.245 1.99436 1.8923 201.31 2.30638 13 136 1 0 1
-0.43189 0.483131 612.245 0.668045 -0.0895176 202.187 2.30427 13 137 1 0 1
-0.66069 -0.418047 612.245 -0.0278834 0.384997 203.112 2.30202 13 138 1 0 1
-0.963511 -2.62631 612.245 0.689563 0.364 200.658 2.30804 13 139 1 0 1
-1.00278 -3.22022 612.245 2.8854 1.35751 201.112 2.30686 13 140 1 0 1
-1.5018 -0.0424764 612.245 2.78484 -0.186408 200.845 2.30753 13 141 1 0 1
-0.103056 -1.65505 612.245 -1.55778 0.979616 200.992 2.3072 13 142 1 0 1
-1.29723 1.01413 612.245 1.23829 -0.899634 199.176 2.31177 13 143 1 0 1
0.981477 0.0662311 612.245 -0.0502687 -0.251469 201.364 2.30629 13 144 1 0 1
1.0493 -0.0356562 612.245 -4.68489 -0.701962 207.45 2.29173 13 145 1 0 1
-0.201188 0.383269 612.245 2.52548 0.773462 200.823 2.30759 13 146 1 0 1
0.438362 0.418257 612.245 2.9464 -0.458604 197.537 2.31595 13 147 1 0 1
-0.323992 -0.364296 612.245 1.53589 -0.0931466 201.465 2.30603 13 148 1 0 1
-1.53071 0.126307 612.245 2.00462 0.75596 198.842 2.31261 13 149 1 0 1
0.168985 -2.0298 612.245 -4.91836 0.771825 200.425 2.30848 13 150 1 0 1
-0.0518896 0.449584 673.469 0.312343 0.17054 199.745 2.54138 13 1 1 0 1
1.45642 -0.42949 673.469 3.04963 0.190428 200.208 2.54003 13 2 1 0 1
0.913004 0.719906 673.469 -0.584412 -0.512234 198.522 2.5448 13 3 1 0 1
1.00675 1.29545 673.469 2.06004 -1.04987 199.774 2.54126 13 4 1 0 1
-1.76905 0.0882393 673.469 -0.962605 0.310836 201.744 2.53589 13 5 1 0 1
0.536988 0.859489 673.469 0.453577 -0.108283 197.773 2.54694 13 6 1 0 1
-1.85409 -3.00403 673.469 -1.014 2.02102 198.155 2.54581 13 7 1 0 1
-0.0471995 -0.501745 673.469 -1.84558 1.0688 197.984 2.5463 13 8 1 0 1
-0.209533 0.759461 673.469 0.2067 0.00245784 201.277 2.53716 13 9 1 0 1
0.341675 -0.0365556 673.469 -0.775792 -0.454506 198.563 2.54469 13 10 1 0 1
0.827383 1.61174 673.469 0.910886 0.467446 198.359 2.54526 13 11 1 0 1
1.56054 1.77015 673.469 2.20369 -1.09565 201.657 2.53609 13 12 1 0 1
-1.17877 -1.79214 673.469 -2.95075 1.09469 201.881 2.53546 13 13 1 0 1
1.13532 -0.00647103 673.469 2.98579 -0.242121 201.425 2.5367 13 14 1 0 1
1.73182 0.113613 673.469 -1.40783 -0.566483 198.871 2.54381 13 15 1 0 1
1.52844 -0.601516 673.469 1.63059 0.45172 201.492 2.53656 13 16 1 0 1
0.277933 -2.63148 673.469 1.50666 1.35001 198.854 2.54384 13 17 1 0 1
0.80078 0.189516 673.469 -0.970399 0.0451466 200.334 2.53974 13 18 1 0 1
0.00792916 -0.538282 673.469 -2.33612 -0.340249 201.793 2.53572 13 19 1 0 1
0.858675 1.52028 673.469 -0.897375 0.248857 199.28 2.54267 13 20 1 0 1
-1.11021 -1.39211 673.469 -3.28056 0.284917 199.671 2.54151 13 21 1 0 1
-0.323116 -1.22108 673.469 -3.02504 -0.835102 201.397 2.53677 13 22 1 0 1
-0.940481 -0.605925 673.469 -1.10893 0.513693 203.446 2.53133 13 23 1 0 1
0.405776 0.957371 673.469 2.20172 -1.14398 199.256 2.5427 13 24 1 0 1
-1.23825 -0.747609 673.469 -0.0830933 -0.319701 201.77 2.53582 13 25 1 0 1
2.13787 1.35359 673.469 -0.221858 -0.0674829 197.393 2.54803 13 26 1 0 1
0.396283 0.347719 673.469 0.222379 -1.61592 201.975 2.53525 13 27 1 0 1
0.985254 0.727238 673.469 -1.35512 -0.564721 198.951 2.54358 13 28 1 0 1
1.13757 1.41776 673.469 2.53152 0.385412 198.761 2.54409 13 29 1 0 1
-1.71564 -0.173656 673.469 -0.512878 0.351528 201.647 2.53615 13 30 1 0 1
-1.14865 -0.712631 673.469 -2.98775 0.957475 201.009 2.53782 13 31 1 0 1
-1.03233 1.16102 673.469 -0.950389 -0.908903 201.395 2.53683 13 32 1 0 1
-0.403117 1.98334 673.469 -2.68372 0.0180437 200.469 2.53932 13 33 1 0 1
0.331253 1.52188 673.469 0.600825 -1.18652 201.034 2.53781 13 34 1 0 1
-1.39501 -1.42499 673.469 -2.41443 1.42821 200.44 2.5394 13 35 1 0 1
1.28139 -0.204151 673.469 1.17269 -0.607384 201.032 2.53782 13 36 1 0 1
-1.24012 0.400273 673.469 0.54083 -0.367245 198.508 2.54484 13 37 1 0 1
0.0576373 -0.238563 673.469 -1.13307 0.516555 202.026 2.53512 13 38 1 0 1
0.901945 1.7999 673.469 1.40203 0.254766 196.27 2.55127 13 39 1 0 1
-0.818688 1.41174 673.469 -1.39992 0.300379 199.978 2.54072 13 40 1 0 1
-2.12794 -0.0518087 673.469 -4.5319 -0.336568 198.567 2.54454 13 41 1 0 1
-0.312637 -1.4746 673.469 -0.103474 -0.414436 204.004 2.52987 13 42 1 0 1
1.76135 -0.737703 673.469 0.182313 0.871602 206.328 2.52387 13 43 1 0 1
-0.736549 -0.151474 673.469 1.94418 0.498126 201.377 2.53686 13 44 1 0 1
-1.22756 -1.8878 673.469 -2.66045 1.25534 202.459 2.53391 13 45 1 0 1
-2.19034 1.07519 673.469 -0.786627 0.193814 204.251 2.52922 13 46 1 0 1
-0.13957 -1.86297 673.469 -1.18479 0.901755 200.088 2.54041 13 47 1 0 1
0.159056 -1.3741 673.469 -1.08142 0.250056 198.441 2.54503 13 48 1 0 1
1.48774 -2.49077 673.469 2.32715 1.83167 200.878 2.53819 13 49 1 0 1
-1.09695 0.647648 673.469 -3.11197 -0.846021 198.485 2.54484 13 50 1 0 1
1.94727 1.34388 673.469 1.28169 -0.769141 206.655 2.52303 13 51 1 0 1
0.606195 0.120187 673.469 0.00736053 -0.279685 204.632 2.52823 13 52 1 0 1
-2.46376 -0.0452737 673.469 -2.98635 0.374373 201.544 2.53637 13 53 1 0 1
-1.08311 -1.89199 673.469 2.98418 1.52527 199.765 2.54124 13 54 1 0 1
-0.985398 -2.78334 673.469 -0.638214 0.754644 200.656 2.53885 13 55 1 0 1
0.647797 0.610175 673.469 -0.867189 -0.667778 202.696 2.53333 13 56 1 0 1
-0.515144 -0.965086 673.469 0.336061 0.344054 195.668 2.55305 13 57 1 0 1
0.11469 -0.914989 673.469 -0.346538 0.210045 200.743 2.53862 13 58 1 0 1
-1.27692 -0.957885 673.469 -3.53013 0.340189 199.829 2.54106 13 59 1 0 1
0.849674 1.52199 673.469 2.63646 0.165403 201.87 2.53551 13 60 1 0 1
-1.45892 -0.258633 673.469 -2.06388 -0.67322 200.612 2.53895 13 61 1 0 1
-1.03855 2.37516 673.469 -0.772561 -1.51518 196.187 2.5515 13 62 1 0 1
-0.804611 0.370739 673.469 -1.10188 0.0529135 200.778 2.53852 13 63 1 0 1
0.473489 1.77597 673.469 4.3836 -0.480747 203.759 2.53039 13 64 1 0 1
-3.30546 -0.778961 673.469 -3.5665 -0.854547 203.194 2.53192 13 65 1 0 1
-1.26336 2.44604 673.469 -0.403957 -1.515 196.211 2.55144 13 66 1 0 1
-0.909708 -0.261798 673.469 -0.540746 -0.145351 202.746 2.5332 13 67 1 0 1
1.3858 1.09095 673.469 2.90132 -1.55966 200.394 2.5395 13 68 1 0 1
-0.800929 0.700815 673.469 -0.34605 -0.505741 198.112 2.54597 13 69 1 0 1
-0.605302 -0.665872 673.469 -3.66833 0.0605247 198.397 2.54507 13 70 1 0 1
-1.07852 0.296083 673.469 -2.53184 -0.393698 201.217 2.53728 13 71 1 0 1
0.804657 0.481565 673.469 0.16653 0.245038 201.345 2.53698 13 72 1 0 1
-0.716722 -1.49272 673.469 0.318729 0.664914 198.03 2.5462 13 73 1 0 1
-0.705699 3.31963 673.469 -1.77576 -1.00129 200.038 2.54053 13 74 1 0 1
0.826123 -1.25309 673.469 3.21035 -0.111008 199.473 2.54206 13 75 1 0 1
-0.65004 -1.34169 673.469 -0.555736 0.540662 203.572 2.53101 13 76 1 0 1
-0.655839 0.397868 673.469 0.404728 0.407768 198.63 2.5445 13 77 1 0 1
0.313824 1.83145 673.469 -1.05429 -0.43913 198.896 2.54374 13 78 1 0 1
-1.60928 0.56684 673.469 -2.27124 0.461284 201.631 2.53616 13 79 1 0 1
-1.11834 0.040838 673.469 0.10855 -0.520311 198.152 2.54586 13 80 1 0 1
0.72663 -1.75616 673.469 1.31105 1.75278 200.336 2.53971 13 81 1 0 1
1.41888 0.107876 673.469 1.09514 -0.558692 198.656 2.54442 13 82 1 0 1
-1.95258 -0.820779 673.469 -1.28504 0.195093 200.136 2.54028 13 83 1 0 1
-0.126953 1.2736 673.469 -0.436161 -0.884783 199.368 2.54242 13 84 1 0 1
1.60247 1.65923 673.469 2.40198 -0.25576 198.49 2.54486 13 85 1 0 1
-0.075214 -0.0761175 673.469 -0.0478647 0.0705269 196.571 2.55041 13 86 1 0 1
-0.0185495 2.87272 673.469 -1.75273 -0.648387 199.353 2.54245 13 87 1 0 1
0.0368067 0.496992 673.469 0.0737206 -1.77266 200.964 2.53799 13 88 1 0 1
-1.29511 -3.04174 673.469 3.30487 1.48326 202.106 2.53483 13 89 1 0 1
0.450778 -0.635752 673.469 1.78689 0.996461 197.785 2.54687 13 90 1 0 1
-1.93838 -0.639083 673.469 -2.61428 0.630229 200.031 2.54053 13 91 1 0 1
-0.976507 -1.60742 673.469 -2.92316 0.902668 198.831 2.54387 13 92 1 0 1
-0.194655 0.574757 673.469 -1.51909 0.195584 198.937 2.54362 13 93 1 0 1
0.273599 1.3933 673.469 0.261862 -1.23771 199.294 2.54262 13 94 1 0 1
1.44273 -0.293241 673.469 2.04468 0.503183 196.185 2.5515 13 95 1 0 1
-2.04611 0.0911135 673.469 -1.99021 0.738311 197.32 2.54821 13 96 1 0 1
0.130356 0.103641 673.469 0.158584 0.973716 202.995 2.53253 13 97 1 0 1
0.149399 -0.255247 673.469 4.17445 -0.798165 199.177 2.54284 13 98 1 0 1
0.549425 -0.139441 673.469 -0.329873 0.189315 198.446 2.54502 13 99 1 0 1
-1.45245 -0.0786774 673.469 -2.61201 -0.333043 200.195 2.54008 13 100 1 0 1
-0.0236976 -0.344482 673.469 0.366337 0.921297 202.826 2.53298 13 101 1 0 1
0.500513 1.54297 673.469 -0.571577 -0.569425 200.605 2.53899 13 102 1 0 1
0.647552 -0.706171 673.469 -0.519056 -0.168004 200.047 2.54054 13 103 1 0 1
1.43842 1.37833 673.469 3.88786 -0.190346 200.265 2.53983 13 104 1 0 1
-0.710192 -2.10489 673.469 -1.88939 0.654726 198.05 2.54612 13 105 1 0 1
1.63859 0.252429 673.469 2.74968 0.233247 200.128 2.54026 13 106 1 0 1
0.195424 -0.83895 673.469 -2.23554 0.48539 198.921 2.54364 13 107 1 0 1
1.87261 1.13956 673.469 3.25192 -0.953265 198.985 2.54342 13 108 1 0 1
-3.03212 0.28453 673.469 -2.0069 -0.125645 198.848 2.54386 13 109 1 0 1
-0.154156 -0.320223 673.469 -2.94176 0.199505 199.202 2.54283 13 110 1 0 1
-0.834617 2.14406 673.469 1.1872 -1.00044 201.59 2.53629 13 111 1 0 1
2.78718 2.05581 673.469 2.03211 -1.55863 198.175 2.54575 13 112 1 0 1
1.05482 -0.906253 673.469 1.76006 0.739264 202.168 2.53472 13 113 1 0 1
3.03218 0.527369 673.469 2.86453 -1.38464 197.147 2.54866 13 114 1 0 1
-0.749797 -2.30116 673.469 0.679645 -0.0856609 199.541 2.54194 13 115 1 0 1
-2.42513 -1.44439 673.469 -3.62193 0.0480941 201.244 2.53716 13 116 1 0 1
1.99137 -0.0960282 673.469 0.279239 -0.210733 201.1 2.53764 13 117 1 0 1
-0.868281 0.152044 673.469 1.17062 -0.26381 200.329 2.53975 13 118 1 0 1
-0.76542 1.78415 673.469 -0.715064 -0.137193 197.783 2.54691 13 119 1 0 1
-1.55608 1.18695 673.469 -3.55345 0.899091 200.277 2.53981 13 120 1 0 1
-0.28151 -1.52238 673.469 -2.8798 1.36006 198.924 2.5436 13 121 1 0 1
-0.634679 0.566643 673.469 2.93888 -0.0142317 200.76 2.53852 13 122 1 0 1
-0.514619 -1.39054 673.469 0.697743 0.723058 197.931 2.54648 13 123 1 0 1
0.133978 -1.04677 673.469 0.416877 0.689477 198.478 2.54493 13 124 1 0 1
0.478723 0.545992 673.469 -0.038624 -0.0874284 196.696 2.55004 13 125 1 0 1
0.548958 -0.650072 673.469 0.753251 -0.702103 200.316 2.53979 13 126 1 0 1
-1.08989 0.266033 673.469 -2.46895 0.128668 200.479 2.5393 13 127 1 0 1
-0.447976 -0.473749 673.469 -1.39141 -0.21285 199.654 2.54162 13 128 1 0 1
-1.14955 -0.552135 673.469 -2.57653 0.0795762 201.558 2.53635 13 129 1 0 1
1.50695 -1.74115 673.469 1.67337 0.63364 200.404 2.53953 13 130 1 0 1
0.179367 0.695926 673.469 -0.297368 -0.907359 200.884 2.53823 13 131 1 0 1
1.87592 1.03451 673.469 1.75324 -0.448176 200.368 2.53963 13 132 1 0 1
0.293845 0.467935 673.469 1.64828 -0.406809 200.24 2.53998 13 133 1 0 1
1.20951 -1.52547 673.469 2.7736 0.431353 199.671 2.54153 13 134 1 0 1
2.07433 0.778 673.469 3.71184 -0.685331 197.976 2.54626 13 135 1 0 1
0.581211 -2.19061 673.469 1.97073 1.9857 201.309 2.53702 13 136 1 0 1
-0.224928 0.45332 673.469 0.695968 -0.10719 202.187 2.53469 13 137 1 0 1
-0.66059 -0.299833 673.469 0.0285445 0.398606 203.112 2.53223 13 138 1 0 1
-0.741662 -2.50048 673.469 0.761505 0.46002 200.658 2.53885 13 139 1 0 1
-0.115278 -2.78937 673.469 2.93266 1.47031 201.11 2.53754 13 140 1 0 1
-0.637268 -0.0989496 673.469 2.87515 -0.183755 200.844 2.53829 13 141 1 0 1
-0.574224 -1.34777 673.469 -1.52916 1.03595 200.992 2.53791 13 142 1 0 1
-0.901588 0.732331 673.469 1.33037 -0.932098 199.175 2.54295 13 143 1 0 1
0.953677 -0.0104601 673.469 -0.132202 -0.252517 201.364 2.53692 13 144 1 0 1
-0.340889 -0.242228 673.469 -4.71578 -0.696579 207.449 2.52091 13 145 1 0 1
0.568036 0.616438 673.469 2.50999 0.754724 200.823 2.53835 13 146 1 0 1
1.34204 0.274002 673.469 2.87247 -0.471371 197.538 2.54755 13 147 1 0 1
0.144918 -0.390471 673.469 1.54348 -0.0789536 201.465 2.53663 13 148 1 0 1
-0.896501 0.357908 673.469 2.10609 0.746969 198.841 2.54387 13 149 1 0 1
-1.32919 -1.7829 673.469 -4.86949 0.843155 200.426 2.53932 13 150 1 0 1
0.0441038 0.499193 734.694 0.31267 0.152851 199.745 2.77241 13 1 1 0 1
2.36635 -0.368918 734.694 2.88874 0.20535 200.211 2.77094 13 2 1 0 1
0.721838 0.558126 734.694 -0.652652 -0.535915 198.522 2.77615 13 3 1 0 1
1.62248 0.966918 734.694 1.94961 -1.09206 199.775 2.77228 13 4 1 0 1
-2.03725 0.181888 734.694 -0.801146 0.305751 201.745 2.76642 13 5 1 0 1
0.669918 0.821129 734.694 0.403389 -0.139308 197.773 2.77848 13 6 1 0 1
-2.14229 -2.36364 734.694 -0.847489 2.12029 198.155 2.77725 13 7 1 0 1
-0.61488 -0.168998 734.694 -1.81802 1.08119 197.984 2.77779 13 8 1 0 1
-0.144242 0.755875 734.694 0.221672 -0.0260107 201.277 2.76781 13 9 1 0 1
0.0991125 -0.176222 734.694 -0.794195 -0.450562 198.563 2.77602 13 10 1 0 1
1.09672 1.74655 734.694 0.830638 0.405269 198.359 2.77665 13 11 1 0 1
2.20674 1.42804 734.694 2.04397 -1.15585 201.658 2.76664 13 12 1 0 1
-2.0547 -1.45056 734.694 -2.81352 1.1558 201.883 2.76595 13 13 1 0 1
2.02443 -0.0798884 734.694 2.852 -0.240499 201.427 2.76731 13 14 1 0 1
1.27806 -0.0611014 734.694 -1.53369 -0.567455 198.87 2.77506 13 15 1 0 1
2.0022 -0.461088 734.694 1.48102 0.471707 201.493 2.76715 13 16 1 0 1
0.736267 -2.20161 734.694 1.46425 1.43972 198.854 2.7751 13 17 1 0 1
0.495217 0.202206 734.694 -1.02499 0.0378218 200.333 2.77063 13 18 1 0 1
-0.697927 -0.638248 734.694 -2.30685 -0.31809 201.793 2.76624 13 19 1 0 1
0.573148 1.58791 734.694 -0.957369 0.191043 199.28 2.77382 13 20 1 0 1
-2.09758 -1.29698 734.694 -3.14592 0.335037 199.673 2.77255 13 21 1 0 1
-1.23465 -1.4675 734.694 -2.95909 -0.784566 201.399 2.76738 13 22 1 0 1
-1.26072 -0.448174 734.694 -1.01477 0.533711 203.447 2.76145 13 23 1 0 1
1.07419 0.601073 734.694 2.13972 -1.17297 199.257 2.77385 13 24 1 0 1
-1.24748 -0.84017 734.694 0.0223635 -0.289799 201.77 2.76635 13 25 1 0 1
2.04195 1.32498 734.694 -0.395339 -0.116834 197.393 2.77967 13 26 1 0 1
0.458325 -0.143166 734.694 0.186085 -1.61978 201.975 2.76573 13 27 1 0 1
0.557388 0.549636 734.694 -1.41965 -0.588431 198.951 2.77482 13 28 1 0 1
1.89944 1.52817 734.694 2.40462 0.330761 198.763 2.77537 13 29 1 0 1
-1.8487 -0.0661366 734.694 -0.361754 0.356042 201.647 2.76671 13 30 1 0 1
-2.04006 -0.417488 734.694 -2.85301 0.978687 201.011 2.76853 13 31 1 0 1
-1.30678 0.878617 734.694 -0.851338 -0.947246 201.396 2.76745 13 32 1 0 1
-1.21407 1.97752 734.694 -2.61557 -0.0560707 200.47 2.77017 13 33 1 0 1
0.509204 1.15253 734.694 0.565298 -1.23671 201.034 2.76852 13 34 1 0 1
-2.11146 -0.981443 734.694 -2.26667 1.47324 200.441 2.77025 13 35 1 0 1
1.62058 -0.387614 734.694 1.05003 -0.596282 201.033 2.76853 13 36 1 0 1
-1.05813 0.284939 734.694 0.636756 -0.37994 198.508 2.77619 13 37 1 0 1
-0.285013 -0.0809572 734.694 -1.12341 0.52258 202.026 2.76559 13 38 1 0 1
1.32586 1.86896 734.694 1.3101 0.187554 196.271 2.7832 13 39 1 0 1
-1.23496 1.49547 734.694 -1.31357 0.246115 199.978 2.77169 13 40 1 0 1
-3.49201 -0.15509 734.694 -4.29737 -0.332742 198.572 2.77586 13 41 1 0 1
-0.33955 -1.59033 734.694 -0.0754989 -0.356075 204.005 2.75986 13 42 1 0 1
1.79264 -0.475354 734.694 0.0281298 0.894964 206.328 2.75331 13 43 1 0 1
-0.138549 0.000547388 734.694 1.98123 0.500962 201.376 2.76749 13 44 1 0 1
-2.01292 -1.49814 734.694 -2.52252 1.31934 202.46 2.76427 13 45 1 0 1
-2.39705 1.12704 734.694 -0.589617 0.15183 204.252 2.75915 13 46 1 0 1
-0.49876 -1.57694 734.694 -1.15793 0.965998 200.088 2.77136 13 47 1 0 1
-0.175203 -1.28926 734.694 -1.08075 0.299388 198.441 2.77639 13 48 1 0 1
2.17492 -1.91936 734.694 2.17246 1.91437 200.879 2.76894 13 49 1 0 1
-2.0387 0.383487 734.694 -2.98114 -0.865133 198.487 2.77619 13 50 1 0 1
2.3004 1.10878 734.694 1.09713 -0.816454 206.656 2.7524 13 51 1 0 1
0.600618 0.0359809 734.694 -0.0445646 -0.282668 204.632 2.75807 13 52 1 0 1
-3.33549 0.0684943 734.694 -2.74064 0.373943 201.547 2.76695 13 53 1 0 1
-0.158544 -1.41462 734.694 3.03632 1.58692 199.764 2.77226 13 54 1 0 1
-1.16667 -2.53764 734.694 -0.547417 0.8543 200.656 2.76966 13 55 1 0 1
0.378678 0.405375 734.694 -0.910935 -0.68699 202.695 2.76363 13 56 1 0 1
-0.403837 -0.852132 734.694 0.37387 0.377243 195.668 2.78514 13 57 1 0 1
0.00798208 -0.845831 734.694 -0.351715 0.243037 200.743 2.7694 13 58 1 0 1
-2.33751 -0.848391 734.694 -3.37831 0.373884 199.832 2.77206 13 59 1 0 1
1.63497 1.56338 734.694 2.53102 0.107268 201.871 2.76601 13 60 1 0 1
-2.06739 -0.462226 734.694 -1.91515 -0.659727 200.614 2.76976 13 61 1 0 1
-1.2653 1.88966 734.694 -0.677524 -1.59328 196.187 2.78346 13 62 1 0 1
-1.12886 0.384729 734.694 -1.02026 0.0387558 200.778 2.76929 13 63 1 0 1
1.77895 1.62166 734.694 4.28714 -0.54537 203.76 2.76043 13 64 1 0 1
-4.33312 -1.03151 734.694 -3.24024 -0.820232 203.2 2.7621 13 65 1 0 1
-1.37267 1.96026 734.694 -0.295204 -1.59569 196.211 2.78338 13 66 1 0 1
-1.06064 -0.304114 734.694 -0.456751 -0.134641 202.746 2.76349 13 67 1 0 1
2.25066 0.609122 734.694 2.74813 -1.59148 200.396 2.77037 13 68 1 0 1
-0.897149 0.54082 734.694 -0.275315 -0.528701 198.112 2.77742 13 69 1 0 1
-1.72473 -0.643432 734.694 -3.57117 0.0847714 198.399 2.77643 13 70 1 0 1
-1.83177 0.174831 734.694 -2.40873 -0.402546 201.218 2.76794 13 71 1 0 1
0.844764 0.553187 734.694 0.0967013 0.225592 201.345 2.76761 13 72 1 0 1
-0.609416 -1.27903 734.694 0.373947 0.716146 198.029 2.77768 13 73 1 0 1
-1.23783 2.99482 734.694 -1.69402 -1.11919 200.038 2.77149 13 74 1 0 1
1.79668 -1.27995 734.694 3.10037 -0.0638467 199.475 2.77316 13 75 1 0 1
-0.808131 -1.17175 734.694 -0.493321 0.58842 203.572 2.7611 13 76 1 0 1
-0.523215 0.521048 734.694 0.453971 0.390731 198.63 2.77582 13 77 1 0 1
-0.0133433 1.68609 734.694 -1.06685 -0.504432 198.896 2.77499 13 78 1 0 1
-2.27536 0.703407 734.694 -2.10656 0.437382 201.633 2.76672 13 79 1 0 1
-1.07061 -0.119854 734.694 0.19975 -0.518849 198.151 2.7773 13 80 1 0 1
1.11627 -1.21149 734.694 1.23343 1.80827 200.336 2.77059 13 81 1 0 1
1.73676 -0.064597 734.694 0.963328 -0.559497 198.657 2.77573 13 82 1 0 1
-2.31899 -0.756529 734.694 -1.10529 0.224559 200.137 2.77122 13 83 1 0 1
-0.258695 0.995143 734.694 -0.419994 -0.927 199.367 2.77355 13 84 1 0 1
2.31965 1.57102 734.694 2.23831 -0.315609 198.492 2.77621 13 85 1 0 1
-0.0890942 -0.0537586 734.694 -0.0410736 0.0729099 196.571 2.78226 13 86 1 0 1
-0.5543 2.65758 734.694 -1.72872 -0.751291 199.353 2.77358 13 87 1 0 1
0.0586981 -0.0448634 734.694 0.069685 -1.78114 200.964 2.76872 13 88 1 0 1
-0.281635 -2.57592 734.694 3.37184 1.58922 202.104 2.76527 13 89 1 0 1
0.995764 -0.324258 734.694 1.72673 1.01419 197.786 2.77841 13 90 1 0 1
-2.71028 -0.442908 734.694 -2.41879 0.650438 200.034 2.77149 13 91 1 0 1
-1.86025 -1.32082 734.694 -2.80458 0.957019 198.832 2.77513 13 92 1 0 1
-0.657673 0.631557 734.694 -1.48344 0.173185 198.937 2.77486 13 93 1 0 1
0.350194 1.00584 734.694 0.235722 -1.28234 199.294 2.77377 13 94 1 0 1
2.0596 -0.134836 734.694 1.90022 0.511026 196.187 2.78345 13 95 1 0 1
-2.63477 0.319242 734.694 -1.79603 0.73076 197.322 2.77986 13 96 1 0 1
0.17631 0.396169 734.694 0.145495 0.964246 202.995 2.76276 13 97 1 0 1
1.42517 -0.498669 734.694 4.10854 -0.784154 199.179 2.774 13 98 1 0 1
0.441045 -0.0803499 734.694 -0.371201 0.193386 198.446 2.77639 13 99 1 0 1
-2.22923 -0.179888 734.694 -2.45706 -0.328215 200.197 2.771 13 100 1 0 1
0.0867149 -0.0649456 734.694 0.363649 0.929048 202.826 2.76325 13 101 1 0 1
0.320398 1.36071 734.694 -0.606203 -0.623793 200.605 2.76981 13 102 1 0 1
0.481074 -0.753464 734.694 -0.566528 -0.14075 200.047 2.77149 13 103 1 0 1
2.60348 1.31238 734.694 3.71772 -0.240646 200.268 2.77073 13 104 1 0 1
-1.28267 -1.89087 734.694 -1.80641 0.728593 198.051 2.77758 13 105 1 0 1
2.45519 0.32221 734.694 2.57744 0.222515 200.13 2.7712 13 106 1 0 1
-0.492199 -0.685054 734.694 -2.22312 0.513686 198.921 2.77489 13 107 1 0 1
2.84489 0.840316 734.694 3.05459 -0.990053 198.988 2.77464 13 108 1 0 1
-3.60853 0.244295 734.694 -1.72927 -0.135462 198.851 2.77512 13 109 1 0 1
-1.05246 -0.257196 734.694 -2.89123 0.210241 199.203 2.774 13 110 1 0 1
-0.464898 1.82857 734.694 1.24228 -1.07519 201.59 2.76687 13 111 1 0 1
3.37658 1.56347 734.694 1.77529 -1.62559 198.177 2.77718 13 112 1 0 1
1.57203 -0.677631 734.694 1.6484 0.769156 202.169 2.76515 13 113 1 0 1
3.87909 0.0951766 734.694 2.57809 -1.39612 197.151 2.78036 13 114 1 0 1
-0.532545 -2.31427 734.694 0.733447 0.000301386 199.541 2.77303 13 115 1 0 1
-3.49123 -1.42155 734.694 -3.37165 0.10193 201.248 2.76781 13 116 1 0 1
2.0505 -0.159516 734.694 0.108332 -0.205936 201.1 2.76834 13 117 1 0 1
-0.500916 0.0707043 734.694 1.22829 -0.267974 200.329 2.77064 13 118 1 0 1
-0.976013 1.73159 734.694 -0.642644 -0.202097 197.783 2.77844 13 119 1 0 1
-2.61778 1.45451 734.694 -3.37774 0.849727 200.28 2.7707 13 120 1 0 1
-1.16045 -1.09589 734.694 -2.8195 1.40867 198.924 2.77484 13 121 1 0 1
0.265876 0.559079 734.694 2.95445 -0.0353262 200.76 2.76929 13 122 1 0 1
-0.293118 -1.15938 734.694 0.731358 0.770166 197.931 2.77798 13 123 1 0 1
0.260305 -0.828523 734.694 0.400422 0.724217 198.478 2.77629 13 124 1 0 1
0.460616 0.515716 734.694 -0.0774732 -0.106921 196.696 2.78186 13 125 1 0 1
0.77116 -0.860547 734.694 0.697649 -0.67386 200.316 2.77068 13 126 1 0 1
-1.82669 0.303735 734.694 -2.34603 0.118007 200.48 2.77015 13 127 1 0 1
-0.867089 -0.536194 734.694 -1.33621 -0.19403 199.655 2.77267 13 128 1 0 1
-1.91411 -0.52486 734.694 -2.44672 0.0998387 201.559 2.76693 13 129 1 0 1
1.99667 -1.53801 734.694 1.52575 0.694981 200.405 2.7704 13 130 1 0 1
0.0868246 0.415941 734.694 -0.308611 -0.928207 200.884 2.76898 13 131 1 0 1
2.38531 0.891925 734.694 1.57373 -0.484207 200.369 2.77051 13 132 1 0 1
0.791893 0.341119 734.694 1.60257 -0.421931 200.241 2.77089 13 133 1 0 1
2.04083 -1.38476 734.694 2.63716 0.485595 199.673 2.77258 13 134 1 0 1
3.19073 0.562026 734.694 3.49274 -0.710107 197.98 2.77773 13 135 1 0 1
1.17056 -1.57535 734.694 1.89658 2.05647 201.309 2.76766 13 136 1 0 1
-0.0121989 0.418337 734.694 0.706049 -0.12364 202.187 2.76512 13 137 1 0 1
-0.643555 -0.178199 734.694 0.0842407 0.407669 203.112 2.76243 13 138 1 0 1
-0.500799 -2.34612 734.694 0.813923 0.550792 200.657 2.76965 13 139 1 0 1
0.775179 -2.3267 734.694 2.90475 1.56634 201.11 2.76823 13 140 1 0 1
0.243604 -0.154294 734.694 2.89177 -0.179008 200.843 2.76904 13 141 1 0 1
-1.03067 -1.02512 734.694 -1.46133 1.08047 200.992 2.76863 13 142 1 0 1
-0.482836 0.44218 734.694 1.38835 -0.953931 199.174 2.77413 13 143 1 0 1
0.901429 -0.0870319 734.694 -0.210746 -0.250685 201.364 2.76755 13 144 1 0 1
-1.72233 -0.446037 734.694 -4.62583 -0.683259 207.451 2.75008 13 145 1 0 1
1.3227 0.842575 734.694 2.43017 0.727379 200.824 2.76911 13 146 1 0 1
2.21132 0.126622 734.694 2.72491 -0.478762 197.54 2.77915 13 147 1 0 1
0.610113 -0.412192 734.694 1.5115 -0.06386 201.465 2.76724 13 148 1 0 1
-0.239305 0.585426 734.694 2.15357 0.729459 198.841 2.77513 13 149 1 0 1
-2.79328 -1.51566 734.694 -4.69585 0.90488 200.43 2.77017 13 150 1 0 1
0.138967 0.543108 795.918 0.304982 0.133418 199.745 3.00345 13 1 1 0 1
3.21562 -0.304137 795.918 2.6538 0.217932 200.214 3.00185 13 2 1 0 1
0.512166 0.38998 795.918 -0.704161 -0.553483 198.521 3.0075 13 3 1 0 1
2.19662 0.62736 795.918 1.7892 -1.12179 199.776 3.00331 13 4 1 0 1
-2.25323 0.273462 795.918 -0.619148 0.297177 201.746 2.99696 13 5 1 0 1
0.785674 0.773402 795.918 0.342859 -0.168743 197.773 3.01002 13 6 1 0 1
-2.37556 -1.6963 795.918 -0.659254 2.19538 198.155 3.00869 13 7 1 0 1
-1.1668 0.165678 795.918 -1.74386 1.08126 197.985 3.00927 13 8 1 0 1
-0.0752533 0.743667 795.918 0.230961 -0.0541826 201.277 2.99846 13 9 1 0 1
-0.145991 -0.313878 795.918 -0.792238 -0.441479 198.563 3.00736 13 10 1 0 1
1.33795 1.86144 795.918 0.729095 0.33847 198.36 3.00804 13 11 1 0 1
2.79636 1.06964 795.918 1.83185 -1.20287 201.66 2.9972 13 12 1 0 1
-2.87797 -1.09244 795.918 -2.60417 1.20374 201.885 2.99645 13 13 1 0 1
2.86165 -0.152394 795.918 2.6451 -0.236136 201.43 2.99792 13 14 1 0 1
0.791528 -0.235119 795.918 -1.62022 -0.561954 198.869 3.00632 13 15 1 0 1
2.42462 -0.3154 795.918 1.29348 0.486313 201.494 2.99775 13 16 1 0 1
1.17573 -1.74663 795.918 1.38431 1.513 198.854 3.00636 13 17 1 0 1
0.176959 0.212589 795.918 -1.0533 0.0300655 200.333 3.00151 13 18 1 0 1
-1.38589 -0.730933 795.918 -2.21845 -0.292303 201.794 2.99676 13 19 1 0 1
0.272928 1.63744 795.918 -0.99282 0.131049 199.28 3.00497 13 20 1 0 1
-3.03119 -1.18704 795.918 -2.93064 0.381339 199.676 3.0036 13 21 1 0 1
-2.11453 -1.69718 795.918 -2.8173 -0.725083 201.401 2.998 13 22 1 0 1
-1.54863 -0.28531 795.918 -0.894595 0.547641 203.447 2.99157 13 23 1 0 1
1.71507 0.237918 795.918 2.02287 -1.18858 199.258 3.00501 13 24 1 0 1
-1.22473 -0.923146 795.918 0.127247 -0.25659 201.77 2.99688 13 25 1 0 1
1.89368 1.28125 795.918 -0.558685 -0.164852 197.393 3.0113 13 26 1 0 1
0.508616 -0.632419 795.918 0.145022 -1.60516 201.975 2.99621 13 27 1 0 1
0.115233 0.365763 795.918 -1.44779 -0.605429 198.951 3.00605 13 28 1 0 1
2.61262 1.62114 795.918 2.21607 0.272337 198.765 3.00665 13 29 1 0 1
-1.93437 0.0421371 795.918 -0.201355 0.356494 201.648 2.99727 13 30 1 0 1
-2.87917 -0.117583 795.918 -2.64513 0.98874 201.014 2.99925 13 31 1 0 1
-1.54773 0.586189 795.918 -0.730462 -0.974783 201.396 2.99807 13 32 1 0 1
-1.9939 1.94915 795.918 -2.48037 -0.129547 200.472 3.00102 13 33 1 0 1
0.674101 0.770037 795.918 0.515279 -1.27278 201.034 2.99923 13 34 1 0 1
-2.77379 -0.526701 795.918 -2.0608 1.50147 200.443 3.00111 13 35 1 0 1
1.91823 -0.566656 795.918 0.90045 -0.578379 201.034 2.99924 13 36 1 0 1
-0.84902 0.166354 795.918 0.716357 -0.388301 198.508 3.00754 13 37 1 0 1
-0.620357 0.0775722 795.918 -1.08496 0.522644 202.027 2.99605 13 38 1 0 1
1.71579 1.91669 795.918 1.18458 0.118202 196.272 3.01513 13 39 1 0 1
-1.61956 1.56215 795.918 -1.19355 0.189042 199.979 3.00267 13 40 1 0 1
-4.76657 -0.256603 795.918 -3.9527 -0.325123 198.579 3.00718 13 41 1 0 1
-0.357759 -1.68792 795.918 -0.0455881 -0.293652 204.005 2.98985 13 42 1 0 1
1.77797 -0.207581 795.918 -0.126775 0.908116 206.328 2.98275 13 43 1 0 1
0.463004 0.152562 795.918 1.96749 0.498085 201.376 2.99811 13 44 1 0 1
-2.74667 -1.09138 795.918 -2.31993 1.36829 202.463 2.99462 13 45 1 0 1
-2.5423 1.16603 795.918 -0.377489 0.108114 204.253 2.98908 13 46 1 0 1
-0.845164 -1.27293 795.918 -1.10139 1.01922 200.088 3.0023 13 47 1 0 1
-0.504971 -1.18971 795.918 -1.05237 0.345304 198.441 3.00776 13 48 1 0 1
2.80634 -1.32606 795.918 1.96208 1.97524 200.88 2.99968 13 49 1 0 1
-2.92819 0.114952 795.918 -2.77389 -0.87438 198.49 3.00754 13 50 1 0 1
2.59456 0.861033 795.918 0.884435 -0.854454 206.657 2.98176 13 51 1 0 1
0.579643 -0.0486358 795.918 -0.0953472 -0.282426 204.632 2.98791 13 52 1 0 1
-4.1217 0.181481 795.918 -2.42467 0.369248 201.551 2.99753 13 53 1 0 1
0.770091 -0.921117 795.918 3.01063 1.63047 199.764 3.00329 13 54 1 0 1
-1.31803 -2.263 795.918 -0.442586 0.944211 200.656 3.00046 13 55 1 0 1
0.0998506 0.19595 795.918 -0.931329 -0.698367 202.695 2.99393 13 56 1 0 1
-0.282177 -0.729457 795.918 0.402093 0.406128 195.668 3.01724 13 57 1 0 1
-0.0989309 -0.767024 795.918 -0.347877 0.273258 200.743 3.00019 13 58 1 0 1
-3.33816 -0.729219 795.918 -3.13989 0.403317 199.835 3.00307 13 59 1 0 1
2.37835 1.58693 795.918 2.36069 0.047909 201.873 2.99651 13 60 1 0 1
-2.62287 -0.660546 795.918 -1.71733 -0.638709 200.616 3.00057 13 61 1 0 1
-1.45962 1.38261 795.918 -0.565118 -1.6532 196.187 3.01541 13 62 1 0 1
-1.42418 0.39433 795.918 -0.912484 0.0241559 200.779 3.00006 13 63 1 0 1
3.03881 1.44886 795.918 4.08081 -0.60378 203.765 2.99046 13 64 1 0 1
-5.24969 -1.2723 795.918 -2.8309 -0.776561 203.206 2.99227 13 65 1 0 1
-1.4468 1.45211 795.918 -0.178883 -1.65818 196.211 3.01533 13 66 1 0 1
-1.18438 -0.34296 795.918 -0.361045 -0.122396 202.747 2.99378 13 67 1 0 1
3.05782 0.120349 795.918 2.52448 -1.60514 200.399 3.00123 13 68 1 0 1
-0.970368 0.374656 795.918 -0.197523 -0.54563 198.112 3.00887 13 69 1 0 1
-2.79995 -0.613652 795.918 -3.38247 0.108052 198.402 3.0078 13 70 1 0 1
-2.53805 0.0515841 795.918 -2.22387 -0.406802 201.22 2.9986 13 71 1 0 1
0.863215 0.618499 795.918 0.0243933 0.203572 201.345 2.99824 13 72 1 0 1
-0.486486 -1.05074 795.918 0.419578 0.759208 198.029 3.00915 13 73 1 0 1
-1.73822 2.63584 795.918 -1.56885 -1.22433 200.039 3.00245 13 74 1 0 1
2.72117 -1.2922 795.918 2.91093 -0.0159565 199.478 3.00426 13 75 1 0 1
-0.945504 -0.988432 795.918 -0.418258 0.629466 203.572 2.99119 13 76 1 0 1
-0.377177 0.638283 795.918 0.491575 0.369237 198.63 3.00714 13 77 1 0 1
-0.340168 1.52149 795.918 -1.05207 -0.56398 198.895 3.00624 13 78 1 0 1
-2.8831 0.83195 795.918 -1.88789 0.408491 201.635 2.99728 13 79 1 0 1
-0.995431 -0.279178 795.918 0.285829 -0.511469 198.151 3.00874 13 80 1 0 1
1.4773 -0.653009 795.918 1.12418 1.84314 200.336 3.00147 13 81 1 0 1
2.01012 -0.236333 795.918 0.806822 -0.553919 198.658 3.00704 13 82 1 0 1
-2.62594 -0.683649 795.918 -0.897207 0.251463 200.138 3.00215 13 83 1 0 1
-0.383805 0.705333 795.918 -0.393061 -0.958644 199.367 3.00468 13 84 1 0 1
2.97736 1.4649 795.918 2.01726 -0.37186 198.494 3.00756 13 85 1 0 1
-0.10069 -0.0307865 795.918 -0.0332295 0.0744611 196.571 3.01412 13 86 1 0 1
-1.07584 2.41213 795.918 -1.66039 -0.845627 199.353 3.00471 13 87 1 0 1
0.0790848 -0.586207 795.918 0.0638629 -1.7693 200.964 2.99945 13 88 1 0 1
0.73906 -2.08071 795.918 3.3524 1.67706 202.103 2.99571 13 89 1 0 1
1.51522 -0.00906487 795.918 1.62231 1.02034 197.787 3.00994 13 90 1 0 1
-3.41269 -0.241681 795.918 -2.16129 0.663229 200.037 3.00245 13 91 1 0 1
-2.6963 -1.01916 795.918 -2.61412 1.00046 198.835 3.00639 13 92 1 0 1
-1.10383 0.681152 795.918 -1.40976 0.14881 198.938 3.0061 13 93 1 0 1
0.417811 0.606911 795.918 0.203539 -1.31234 199.294 3.00492 13 94 1 0 1
2.62367 0.0251064 795.918 1.70704 0.51304 196.189 3.0154 13 95 1 0 1
-3.15588 0.543728 795.918 -1.55579 0.714874 197.324 3.01152 13 96 1 0 1
0.217745 0.684179 795.918 0.128676 0.943777 202.995 2.99299 13 97 1 0 1
2.6644 -0.736404 795.918 3.93734 -0.761206 199.182 3.00517 13 98 1 0 1
0.321359 -0.0203418 795.918 -0.403013 0.195251 198.446 3.00775 13 99 1 0 1
-2.94886 -0.279046 795.918 -2.23912 -0.319643 200.2 3.00191 13 100 1 0 1
0.194904 0.215332 795.918 0.351639 0.926201 202.826 2.99352 13 101 1 0 1
0.13207 1.16293 795.918 -0.625287 -0.671046 200.605 3.00063 13 102 1 0 1
0.302262 -0.792161 795.918 -0.599477 -0.11189 200.047 3.00245 13 103 1 0 1
3.70181 1.23147 795.918 3.45229 -0.288205 200.273 3.00162 13 104 1 0 1
-1.82227 -1.65528 795.918 -1.67712 0.79415 198.052 3.00905 13 105 1 0 1
3.20885 0.388316 795.918 2.33913 0.209246 200.133 3.00213 13 106 1 0 1
-1.1672 -0.523344 795.918 -2.15373 0.536124 198.922 3.00613 13 107 1 0 1
3.74424 0.531483 795.918 2.77896 -1.01555 198.992 3.00586 13 108 1 0 1
-4.09243 0.201274 795.918 -1.4073 -0.143733 198.853 3.00638 13 109 1 0 1
-1.92378 -0.191235 795.918 -2.7666 0.218581 199.205 3.00516 13 110 1 0 1
-0.0832603 1.49221 795.918 1.26551 -1.13767 201.589 2.99744 13 111 1 0 1
3.8794 1.0533 795.918 1.47295 -1.67401 198.179 3.00861 13 112 1 0 1
2.04894 -0.441279 795.918 1.49448 0.790274 202.17 2.99558 13 113 1 0 1
4.62656 -0.338102 795.918 2.22555 -1.39168 197.155 3.01206 13 114 1 0 1
-0.30164 -2.30097 795.918 0.768445 0.0862601 199.541 3.00411 13 115 1 0 1
-4.46783 -1.38249 795.918 -3.03494 0.154606 201.254 2.99846 13 116 1 0 1
2.05706 -0.221183 795.918 -0.0653517 -0.198791 201.1 2.99903 13 117 1 0 1
-0.120709 -0.0114416 795.918 1.25448 -0.269082 200.329 3.00152 13 118 1 0 1
-1.16158 1.65927 795.918 -0.553749 -0.264696 197.783 3.00998 13 119 1 0 1
-3.61236 1.70547 795.918 -3.11545 0.790672 200.284 3.0016 13 120 1 0 1
-2.00965 -0.656909 795.918 -2.68693 1.44123 198.926 3.00608 13 121 1 0 1
1.15962 0.545137 795.918 2.89429 -0.0560181 200.76 3.00006 13 122 1 0 1
-0.0641028 -0.914989 795.918 0.746224 0.808488 197.931 3.00948 13 123 1 0 1
0.379959 -0.600822 795.918 0.373702 0.750697 198.478 3.00764 13 124 1 0 1
0.4307 0.479557 795.918 -0.114336 -0.125193 196.696 3.01369 13 125 1 0 1
0.973593 -1.0612 795.918 0.624163 -0.637929 200.316 3.00157 13 126 1 0 1
-2.51666 0.337972 795.918 -2.16296 0.106 200.483 3.001 13 127 1 0 1
-1.26397 -0.592522 795.918 -1.24675 -0.172996 199.655 3.00373 13 128 1 0 1
-2.62959 -0.491597 795.918 -2.25418 0.118963 201.562 2.99751 13 129 1 0 1
2.43521 -1.31732 795.918 1.339 0.748396 200.406 3.00126 13 130 1 0 1
-0.00794342 0.131212 795.918 -0.311943 -0.938466 200.884 2.99972 13 131 1 0 1
2.83354 0.739166 795.918 1.35387 -0.514716 200.371 3.00138 13 132 1 0 1
1.26964 0.210412 795.918 1.51578 -0.432241 200.241 3.0018 13 133 1 0 1
2.81983 -1.22825 795.918 2.43312 0.534301 199.675 3.00362 13 134 1 0 1
4.22532 0.339641 795.918 3.18411 -0.726788 197.985 3.00921 13 135 1 0 1
1.72989 -0.942119 795.918 1.77381 2.10378 201.31 2.9983 13 136 1 0 1
0.200843 0.378583 795.918 0.698029 -0.138679 202.187 2.99555 13 137 1 0 1
-0.610022 -0.0545316 795.918 0.137777 0.412081 203.112 2.99263 13 138 1 0 1
-0.247098 -2.165 795.918 0.845476 0.63528 200.657 3.00046 13 139 1 0 1
1.64576 -1.83749 795.918 2.80239 1.64451 201.111 2.99891 13 140 1 0 1
1.11823 -0.207878 795.918 2.83428 -0.172219 200.844 2.99979 13 141 1 0 1
-1.46069 -0.690779 795.918 -1.35605 1.11266 200.993 2.99935 13 142 1 0 1
-0.0517052 0.146986 795.918 1.41073 -0.964883 199.174 3.00531 13 143 1 0 1
0.826071 -0.162611 795.918 -0.283888 -0.245993 201.364 2.99818 13 144 1 0 1
-3.05963 -0.644757 795.918 -4.41734 -0.662152 207.456 2.97925 13 145 1 0 1
2.04345 1.0591 795.918 2.28805 0.691739 200.826 2.99987 13 146 1 0 1
3.02391 -0.0222032 795.918 2.5075 -0.480695 197.543 3.01074 13 147 1 0 1
1.05967 -0.429211 795.918 1.44077 -0.048038 201.465 2.99784 13 148 1 0 1
0.424027 0.806265 795.918 2.14585 0.703631 198.841 3.00639 13 149 1 0 1
-4.18577 -1.23113 795.918 -4.40188 0.956298 200.436 3.00102 13 150 1 0 1
0.230267 0.580827 857.143 0.289474 0.112464 199.745 3.23448 13 1 1 0 1
3.98245 -0.235886 857.143 2.35082 0.228028 200.218 3.23276 13 2 1 0 1
0.289365 0.217385 857.143 -0.737618 -0.564737 198.521 3.23884 13 3 1 0 1
2.71444 0.280644 857.143 1.58292 -1.13873 199.778 3.23433 13 4 1 0 1
-2.41144 0.361916 857.143 -0.421275 0.285213 201.746 3.22749 13 5 1 0 1
0.881288 0.716853 857.143 0.27354 -0.196253 197.773 3.24156 13 6 1 0 1
-2.54793 -1.0096 857.143 -0.454118 2.24543 198.155 3.24012 13 7 1 0 1
-1.6888 0.498463 857.143 -1.62499 1.06899 197.986 3.24075 13 8 1 0 1
-0.0043352 0.722975 857.143 0.234329 -0.0817364 201.277 3.22911 13 9 1 0 1
-0.387352 -0.447953 857.143 -0.769971 -0.42736 198.563 3.23869 13 10 1 0 1
1.54488 1.95509 857.143 0.608861 0.267808 198.36 3.23943 13 11 1 0 1
3.31429 0.699033 857.143 1.57276 -1.23618 201.662 3.22775 13 12 1 0 1
-3.62745 -0.721852 857.143 -2.32805 1.23795 201.889 3.22694 13 13 1 0 1
3.62551 -0.223162 857.143 2.37038 -0.229079 201.433 3.22852 13 14 1 0 1
0.284709 -0.406454 857.143 -1.66522 -0.550044 198.869 3.23757 13 15 1 0 1
2.78489 -0.166115 857.143 1.07278 0.495372 201.495 3.22835 13 16 1 0 1
1.58504 -1.27172 857.143 1.26888 1.56902 198.854 3.23762 13 17 1 0 1
-0.145836 0.220548 857.143 -1.05461 0.0219663 200.333 3.2324 13 18 1 0 1
-2.03833 -0.81528 857.143 -2.07317 -0.263181 201.796 3.22728 13 19 1 0 1
-0.0342887 1.66829 857.143 -1.00282 0.0695606 199.28 3.23612 13 20 1 0 1
-3.88708 -1.06357 857.143 -2.64024 0.423293 199.68 3.23465 13 21 1 0 1
-2.9402 -1.9075 857.143 -2.60329 -0.657331 201.404 3.22861 13 22 1 0 1
-1.79684 -0.119191 857.143 -0.751486 0.555324 203.448 3.22169 13 23 1 0 1
2.31198 -0.12795 857.143 1.85416 -1.19063 199.259 3.23616 13 24 1 0 1
-1.17059 -0.995591 857.143 0.228868 -0.220454 201.77 3.22741 13 25 1 0 1
1.69686 1.22291 857.143 -0.707707 -0.210989 197.392 3.24294 13 26 1 0 1
0.545869 -1.11446 857.143 0.10024 -1.57223 201.975 3.22668 13 27 1 0 1
-0.329876 0.177718 857.143 -1.43881 -0.615521 198.951 3.23729 13 28 1 0 1
3.25881 1.69562 857.143 1.97071 0.210805 198.768 3.23793 13 29 1 0 1
-1.97045 0.14993 857.143 -0.0357944 0.352879 201.648 3.22783 13 30 1 0 1
-3.64447 0.183664 857.143 -2.36945 0.987517 201.018 3.22996 13 31 1 0 1
-1.74901 0.287075 857.143 -0.590858 -0.991201 201.396 3.22869 13 32 1 0 1
-2.72261 1.89855 857.143 -2.28158 -0.201547 200.474 3.23187 13 33 1 0 1
0.821717 0.378759 857.143 0.452051 -1.29434 201.034 3.22994 13 34 1 0 1
-3.365 -0.0659511 857.143 -1.80209 1.51258 200.446 3.23196 13 35 1 0 1
2.1667 -0.739233 857.143 0.727783 -0.553877 201.034 3.22995 13 36 1 0 1
-0.61814 0.0458721 857.143 0.777594 -0.392233 198.508 3.23889 13 37 1 0 1
-0.939797 0.235217 857.143 -1.01869 0.516747 202.027 3.22652 13 38 1 0 1
2.06173 1.94256 857.143 1.02869 0.0475016 196.273 3.24707 13 39 1 0 1
-1.96265 1.61101 857.143 -1.04293 0.129813 199.98 3.23364 13 40 1 0 1
-5.91893 -0.355188 857.143 -3.50668 -0.313796 198.587 3.2385 13 41 1 0 1
-0.366797 -1.76625 857.143 -0.0145085 -0.227879 204.005 3.21983 13 42 1 0 1
1.71773 0.062559 857.143 -0.278429 0.910908 206.328 3.21219 13 43 1 0 1
1.05269 0.302837 857.143 1.90332 0.489526 201.377 3.22873 13 44 1 0 1
-3.41001 -0.672176 857.143 -2.05786 1.40163 202.465 3.22498 13 45 1 0 1
-2.62238 1.19173 857.143 -0.155682 0.0631635 204.253 3.21901 13 46 1 0 1
-1.1699 -0.954389 857.143 -1.01661 1.06082 200.088 3.23325 13 47 1 0 1
-0.821793 -1.07659 857.143 -0.997008 0.387282 198.442 3.23913 13 48 1 0 1
3.36581 -0.717623 857.143 1.7014 2.01358 200.882 3.23042 13 49 1 0 1
-3.74261 -0.154895 857.143 -2.49553 -0.873657 198.494 3.23889 13 50 1 0 1
2.82221 0.603462 857.143 0.649065 -0.882706 206.658 3.21113 13 51 1 0 1
0.543807 -0.132698 857.143 -0.143686 -0.278963 204.632 3.21775 13 52 1 0 1
-4.80225 0.292397 857.143 -2.04653 0.36034 201.556 3.22811 13 53 1 0 1
1.67898 -0.417102 857.143 2.90778 1.65543 199.766 3.23431 13 54 1 0 1
-1.4356 -1.96254 857.143 -0.326408 1.02335 200.655 3.23127 13 55 1 0 1
-0.181536 -0.0157091 857.143 -0.927848 -0.701777 202.695 3.22423 13 56 1 0 1
-0.153283 -0.59846 857.143 0.420009 0.43038 195.668 3.24933 13 57 1 0 1
-0.203308 -0.679466 857.143 -0.335119 0.300361 200.743 3.23097 13 58 1 0 1
-4.25324 -0.601729 857.143 -2.82098 0.428153 199.84 3.23407 13 59 1 0 1
3.06075 1.59238 857.143 2.12985 -0.0119979 201.876 3.22701 13 60 1 0 1
-3.11111 -0.851331 857.143 -1.47547 -0.610405 200.618 3.23139 13 61 1 0 1
-1.61651 0.859793 857.143 -0.438225 -1.69426 196.187 3.24737 13 62 1 0 1
-1.68298 0.399433 857.143 -0.781313 0.00928041 200.78 3.23084 13 63 1 0 1
4.22077 1.25952 857.143 3.76989 -0.65531 203.77 3.2205 13 64 1 0 1
-6.03168 -1.49857 857.143 -2.34895 -0.724029 203.212 3.22244 13 65 1 0 1
-1.48383 0.927405 857.143 -0.0579772 -1.70176 196.21 3.24728 13 66 1 0 1
-1.27776 -0.377895 857.143 -0.256084 -0.108755 202.747 3.22407 13 67 1 0 1
3.78659 -0.369797 857.143 2.23612 -1.6005 200.402 3.2321 13 68 1 0 1
-1.01871 0.204218 857.143 -0.114666 -0.556334 198.112 3.24033 13 69 1 0 1
-3.80338 -0.576871 857.143 -3.10707 0.130102 198.407 3.23917 13 70 1 0 1
-3.17928 -0.0722509 857.143 -1.982 -0.406419 201.223 3.22927 13 71 1 0 1
0.859536 0.676756 857.143 -0.0485401 0.17923 201.345 3.22888 13 72 1 0 1
-0.351085 -0.810474 857.143 0.454452 0.79361 198.029 3.24062 13 73 1 0 1
-2.19405 2.2468 857.143 -1.40346 -1.3155 200.039 3.23341 13 74 1 0 1
3.5759 -1.28972 857.143 2.64686 0.0321171 199.481 3.23535 13 75 1 0 1
-1.05864 -0.793841 857.143 -0.332474 0.663332 203.572 3.22128 13 76 1 0 1
-0.22147 0.748238 857.143 0.516577 0.343531 198.63 3.23846 13 77 1 0 1
-0.658273 1.33954 857.143 -1.01031 -0.617094 198.896 3.23749 13 78 1 0 1
-3.41693 0.951003 857.143 -1.62081 0.374939 201.638 3.22784 13 79 1 0 1
-0.894734 -0.435318 857.143 0.364581 -0.498254 198.151 3.24018 13 80 1 0 1
1.80045 -0.0870762 857.143 0.986111 1.85698 200.337 3.23235 13 81 1 0 1
2.23195 -0.405373 857.143 0.629632 -0.542022 198.658 3.23835 13 82 1 0 1
-2.86557 -0.60297 857.143 -0.666118 0.275499 200.138 3.23309 13 83 1 0 1
-0.499075 0.407476 857.143 -0.356051 -0.979352 199.367 3.23581 13 84 1 0 1
3.55875 1.34206 857.143 1.74449 -0.423871 198.497 3.23891 13 85 1 0 1
-0.109705 -0.00746316 857.143 -0.0245335 0.0751629 196.571 3.24597 13 86 1 0 1
-1.5698 2.13916 857.143 -1.5495 -0.930317 199.354 3.23584 13 87 1 0 1
0.097444 -1.12086 857.143 0.0564037 -1.73728 200.964 3.23017 13 88 1 0 1
1.74081 -1.56176 857.143 3.24704 1.74578 202.104 3.22615 13 89 1 0 1
1.99584 0.306232 857.143 1.47631 1.01486 197.788 3.24147 13 90 1 0 1
-4.02762 -0.0376959 857.143 -1.84838 0.668456 200.04 3.2334 13 91 1 0 1
-3.46322 -0.70588 857.143 -2.35664 1.03249 198.838 3.23765 13 92 1 0 1
-1.52169 0.722977 857.143 -1.29994 0.122738 198.939 3.23734 13 93 1 0 1
0.474716 0.201057 857.143 0.166138 -1.32737 199.294 3.23607 13 94 1 0 1
3.12048 0.184763 857.143 1.4701 0.509201 196.191 3.24736 13 95 1 0 1
-3.59608 0.762012 857.143 -1.27567 0.690832 197.326 3.24317 13 96 1 0 1
0.253597 0.964383 857.143 0.108558 0.912542 202.995 3.22322 13 97 1 0 1
3.83533 -0.965737 857.143 3.66522 -0.729581 199.188 3.23634 13 98 1 0 1
0.193434 0.0398983 857.143 -0.424493 0.194888 198.446 3.23912 13 99 1 0 1
-3.5929 -0.37502 857.143 -1.96377 -0.307426 200.203 3.23283 13 100 1 0 1
0.298097 0.493153 857.143 0.330615 0.912789 202.826 3.22379 13 101 1 0 1
-0.0596443 0.951887 857.143 -0.628341 -0.710644 200.604 3.23145 13 102 1 0 1
0.115702 -0.821821 857.143 -0.617058 -0.081753 200.047 3.23341 13 103 1 0 1
4.70523 1.13651 857.143 3.09836 -0.332479 200.278 3.23251 13 104 1 0 1
-2.31514 -1.40081 857.143 -1.50483 0.85065 198.053 3.24051 13 105 1 0 1
3.88024 0.449991 857.143 2.04085 0.193589 200.136 3.23306 13 106 1 0 1
-1.81228 -0.355663 857.143 -2.02912 0.552449 198.923 3.23737 13 107 1 0 1
4.5476 0.216588 857.143 2.43208 -1.02947 198.996 3.23708 13 108 1 0 1
-4.47141 0.155956 857.143 -1.04925 -0.150366 198.855 3.23764 13 109 1 0 1
-2.74578 -0.123092 857.143 -2.57104 0.224429 199.207 3.23633 13 110 1 0 1
0.300512 1.13884 857.143 1.2563 -1.18718 201.589 3.22801 13 111 1 0 1
4.28278 0.531116 857.143 1.13285 -1.70334 198.181 3.24004 13 112 1 0 1
2.47333 -0.199894 857.143 1.30226 0.802379 202.172 3.22601 13 113 1 0 1
5.25542 -0.767523 857.143 1.81593 -1.37137 197.16 3.24375 13 114 1 0 1
-0.0630029 -2.26143 857.143 0.783744 0.171235 199.541 3.2352 13 115 1 0 1
-5.32989 -1.32766 857.143 -2.62042 0.205522 201.259 3.22912 13 116 1 0 1
2.01088 -0.280328 857.143 -0.23736 -0.189377 201.1 3.22973 13 117 1 0 1
0.262592 -0.093457 857.143 1.2485 -0.267121 200.329 3.23241 13 118 1 0 1
-1.31738 1.56803 857.143 -0.450658 -0.324275 197.784 3.24152 13 119 1 0 1
-4.51434 1.93698 857.143 -2.77329 0.722598 200.29 3.23249 13 120 1 0 1
-2.80732 -0.210431 857.143 -2.48548 1.45735 198.928 3.23731 13 121 1 0 1
2.02363 0.524977 857.143 2.75994 -0.0760714 200.762 3.23084 13 122 1 0 1
0.166556 -0.660162 857.143 0.74196 0.837588 197.931 3.24097 13 123 1 0 1
0.489871 -0.366268 857.143 0.337402 0.768613 198.478 3.239 13 124 1 0 1
0.389743 0.437927 857.143 -0.148268 -0.142038 196.696 3.24551 13 125 1 0 1
1.15107 -1.24976 857.143 0.534675 -0.594721 200.317 3.23246 13 126 1 0 1
-3.14211 0.368353 857.143 -1.92444 0.0927841 200.485 3.23184 13 127 1 0 1
-1.62845 -0.642091 857.143 -1.12533 -0.149989 199.656 3.23478 13 128 1 0 1
-3.27767 -0.452727 857.143 -2.00385 0.136731 201.564 3.22809 13 129 1 0 1
2.81131 -1.0816 857.143 1.11793 0.793275 200.407 3.23213 13 130 1 0 1
-0.102508 -0.155014 857.143 -0.307278 -0.938019 200.884 3.23047 13 131 1 0 1
3.20914 0.577974 857.143 1.09929 -0.539354 200.372 3.23226 13 132 1 0 1
1.71484 0.0773036 857.143 1.39013 -0.43762 200.242 3.23271 13 133 1 0 1
3.52654 -1.05773 857.143 2.16671 0.576915 199.678 3.23467 13 134 1 0 1
5.15159 0.113381 857.143 2.79384 -0.735182 197.991 3.24069 13 135 1 0 1
2.24488 -0.29814 857.143 1.60558 2.12709 201.311 3.22893 13 136 1 0 1
0.408735 0.33451 857.143 0.672115 -0.152137 202.187 3.22597 13 137 1 0 1
-0.56085 0.0697577 857.143 0.187782 0.411792 203.112 3.22283 13 138 1 0 1
0.0129384 -1.95919 857.143 0.855354 0.712521 200.656 3.23126 13 139 1 0 1
2.47416 -1.32732 857.143 2.6282 1.70394 201.112 3.2296 13 140 1 0 1
1.96419 -0.259091 857.143 2.70413 -0.163466 200.846 3.23055 13 141 1 0 1
-1.85327 -0.348555 857.143 -1.216 1.13216 200.994 3.23007 13 142 1 0 1
0.380751 -0.149885 857.143 1.39695 -0.96483 199.174 3.23648 13 143 1 0 1
0.729535 -0.236335 857.143 -0.349751 -0.238494 201.364 3.22881 13 144 1 0 1
-4.31848 -0.836123 857.143 -4.09564 -0.633497 207.463 3.20843 13 145 1 0 1
2.71182 1.26354 857.143 2.08728 0.648208 200.829 3.23063 13 146 1 0 1
3.75897 -0.170775 857.143 2.2258 -0.477145 197.547 3.24234 13 147 1 0 1
1.48205 -0.441333 857.143 1.3331 -0.0316678 201.466 3.22844 13 148 1 0 1
1.07649 1.01791 857.143 2.08312 0.669777 198.842 3.23766 13 149 1 0 1
-5.47094 -0.932555 857.143 -3.99507 0.996818 200.444 3.23187 13 150 1 0 1
0.315663 0.61192 918.367 0.266546 0.0902262 199.745 3.46551 13 1 1 0 1
4.64718 -0.164945 918.367 1.98757 0.235523 200.222 3.46367 13 2 1 0 1
0.0591451 0.0423095 918.367 -0.752165 -0.569549 198.521 3.47019 13 3 1 0 1
3.16268 -0.0692725 918.367 1.33605 -1.14269 199.78 3.46535 13 4 1 0 1
-2.50783 0.446241 918.367 -0.212601 0.269996 201.747 3.45803 13 5 1 0 1
0.954309 0.652126 918.367 0.197207 -0.221524 197.773 3.4731 13 6 1 0 1
-2.65498 -0.311383 918.367 -0.237341 2.26986 198.155 3.47156 13 7 1 0 1
-2.16751 0.825563 918.367 -1.46447 1.04453 197.987 3.47223 13 8 1 0 1
0.066694 0.694036 918.367 0.23169 -0.108358 201.277 3.45977 13 9 1 0 1
-0.618782 -0.576919 918.367 -0.727965 -0.408365 198.564 3.47003 13 10 1 0 1
1.7122 2.02644 918.367 0.473016 0.194092 198.361 3.47081 13 11 1 0 1
3.74725 0.320456 918.367 1.27335 -1.25538 201.664 3.4583 13 12 1 0 1
-4.28393 -0.343031 918.367 -1.99225 1.25803 201.892 3.45744 13 13 1 0 1
4.29642 -0.291384 918.367 2.03489 -0.219408 201.437 3.45913 13 14 1 0 1
-0.229409 -0.573152 918.367 -1.66753 -0.531861 198.869 3.46883 13 15 1 0 1
3.07376 -0.0149339 918.367 0.824569 0.49878 201.496 3.45894 13 16 1 0 1
1.95373 -0.782304 918.367 1.12092 1.60715 198.855 3.46887 13 17 1 0 1
-0.464892 0.22599 918.367 -1.02889 0.0136166 200.333 3.46328 13 18 1 0 1
-2.63851 -0.890327 918.367 -1.87475 -0.231058 201.798 3.4578 13 19 1 0 1
-0.340627 1.6801 918.367 -0.98711 0.00727872 199.28 3.46728 13 20 1 0 1
-4.64332 -0.927963 918.367 -2.28213 0.460421 199.684 3.46569 13 21 1 0 1
-3.6905 -2.09606 918.367 -2.32253 -0.582079 201.408 3.45923 13 22 1 0 1
-1.99899 0.048287 918.367 -0.589111 0.556672 203.448 3.45182 13 23 1 0 1
2.84962 -0.49236 918.367 1.63792 -1.17911 199.261 3.46732 13 24 1 0 1
-1.08643 -1.05668 918.367 0.324622 -0.181804 201.77 3.45794 13 25 1 0 1
1.45654 1.15062 918.367 -0.838584 -0.254719 197.392 3.47458 13 26 1 0 1
0.569128 -1.58378 918.367 0.0528885 -1.52136 201.976 3.45716 13 27 1 0 1
-0.766529 -0.0123538 918.367 -1.39294 -0.618593 198.951 3.46852 13 28 1 0 1
3.82146 1.75076 918.367 1.67483 0.146867 198.771 3.46921 13 29 1 0 1
-1.95602 0.256013 918.367 0.130684 0.345239 201.648 3.45839 13 30 1 0 1
-4.31633 0.482815 918.367 -2.03301 0.975031 201.021 3.46067 13 31 1 0 1
-1.90544 -0.0153147 918.367 -0.436107 -0.996311 201.397 3.45931 13 32 1 0 1
-3.38152 1.82628 918.367 -2.02431 -0.271249 200.477 3.46271 13 33 1 0 1
0.948266 -0.0168392 918.367 0.377234 -1.30113 201.034 3.46065 13 34 1 0 1
-3.86995 0.395551 918.367 -1.49718 1.50643 200.448 3.46282 13 35 1 0 1
2.35962 -0.903377 918.367 0.536456 -0.523056 201.035 3.46066 13 36 1 0 1
-0.371414 -0.0751336 918.367 0.818896 -0.391691 198.507 3.47024 13 37 1 0 1
-1.23514 0.390178 918.367 -0.926299 0.504955 202.027 3.45698 13 38 1 0 1
2.35482 1.94627 918.367 0.846428 -0.0237416 196.274 3.479 13 39 1 0 1
-2.25542 1.64148 918.367 -0.865568 0.0691027 199.981 3.46461 13 40 1 0 1
-6.91954 -0.449722 918.367 -2.97074 -0.29889 198.596 3.46982 13 41 1 0 1
-0.36643 -1.82443 918.367 0.0169431 -0.159507 204.005 3.44982 13 42 1 0 1
1.61344 0.331986 918.367 -0.422946 0.903309 206.327 3.44164 13 43 1 0 1
1.61538 0.449656 918.367 1.79036 0.475385 201.378 3.45936 13 44 1 0 1
-3.98592 -0.245302 918.367 -1.74303 1.41899 202.468 3.45533 13 45 1 0 1
-2.63523 1.20383 918.367 0.0701167 0.0174927 204.253 3.44894 13 46 1 0 1
-1.46464 -0.624965 918.367 -0.905777 1.09032 200.089 3.46419 13 47 1 0 1
-1.11755 -0.951194 918.367 -0.91609 0.424842 198.442 3.47049 13 48 1 0 1
3.839 -0.101004 918.367 1.3971 2.02895 200.885 3.46117 13 49 1 0 1
-4.46108 -0.422974 918.367 -2.15318 -0.862968 198.498 3.47023 13 50 1 0 1
2.9775 0.339007 918.367 0.397054 -0.900888 206.658 3.44049 13 51 1 0 1
0.494031 -0.215246 918.367 -0.18834 -0.272317 204.632 3.44759 13 52 1 0 1
-5.35969 0.399978 918.367 -1.6159 0.347321 201.56 3.45869 13 53 1 0 1
2.54483 0.0916708 918.367 2.7304 1.66152 199.768 3.46533 13 54 1 0 1
-1.51636 -1.63969 918.367 -0.201863 1.09081 200.655 3.46207 13 55 1 0 1
-0.458269 -0.227189 918.367 -0.900581 -0.697182 202.695 3.45454 13 56 1 0 1
-0.0204593 -0.460637 918.367 0.427157 0.449723 195.668 3.48143 13 57 1 0 1
-0.302472 -0.584158 918.367 -0.313771 0.324038 200.743 3.46175 13 58 1 0 1
-5.05929 -0.467374 918.367 -2.42974 0.448106 199.845 3.46508 13 59 1 0 1
3.6647 1.57967 918.367 1.8444 -0.0717695 201.879 3.45751 13 60 1 0 1
-3.51959 -1.0324 918.367 -1.19578 -0.575137 200.62 3.4622 13 61 1 0 1
-1.73196 0.327163 918.367 -0.300098 -1.71599 196.187 3.47932 13 62 1 0 1
-1.89864 0.399979 918.367 -0.630111 -0.00570106 200.78 3.46161 13 63 1 0 1
5.29451 1.05582 918.367 3.36232 -0.699371 203.777 3.45053 13 64 1 0 1
-6.65904 -1.70774 918.367 -1.80675 -0.663231 203.218 3.45262 13 65 1 0 1
-1.48283 0.392117 918.367 0.0644148 -1.72592 196.21 3.47923 13 66 1 0 1
-1.33838 -0.408518 918.367 -0.144557 -0.0938725 202.747 3.45436 13 67 1 0 1
4.41828 -0.855724 918.367 1.89043 -1.57761 200.406 3.46296 13 68 1 0 1
-1.04094 0.0314507 918.367 -0.0288703 -0.560692 198.112 3.47178 13 69 1 0 1
-4.70931 -0.53351 918.367 -2.75201 0.15067 198.412 3.47054 13 70 1 0 1
-3.73899 -0.195262 918.367 -1.68931 -0.4014 201.225 3.45993 13 71 1 0 1
0.833821 0.727292 918.367 -0.120229 0.152843 201.345 3.45951 13 72 1 0 1
-0.206682 -0.560958 918.367 0.477676 0.818958 198.029 3.47209 13 73 1 0 1
-2.59364 1.83212 918.367 -1.20209 -1.39166 200.04 3.46437 13 74 1 0 1
4.33896 -1.27253 918.367 2.31493 0.0798263 199.486 3.46645 13 75 1 0 1
-1.14463 -0.590195 918.367 -0.238166 0.68963 203.572 3.45137 13 76 1 0 1
-0.0600853 0.849657 918.367 0.528336 0.313906 198.63 3.46977 13 77 1 0 1
-0.959502 1.1423 918.367 -0.942657 -0.663169 198.896 3.46874 13 78 1 0 1
-3.86316 1.05921 918.367 -1.31217 0.33711 201.64 3.4584 13 79 1 0 1
-0.771099 -0.586492 918.367 0.433986 -0.479355 198.151 3.47162 13 80 1 0 1
2.07745 0.47985 918.367 0.822764 1.84965 200.338 3.46324 13 81 1 0 1
2.39656 -0.569789 918.367 0.436298 -0.523941 198.659 3.46966 13 82 1 0 1
-3.03174 -0.515413 918.367 -0.41795 0.296393 200.139 3.46402 13 83 1 0 1
-0.601551 0.104971 918.367 -0.309913 -0.988888 199.367 3.46694 13 84 1 0 1
4.0489 1.20392 918.367 1.42699 -0.471047 198.499 3.47026 13 85 1 0 1
-0.115907 0.0159453 918.367 -0.0152085 0.0750072 196.571 3.47783 13 86 1 0 1
-2.02352 1.84179 918.367 -1.39888 -1.0044 199.355 3.46697 13 87 1 0 1
0.113305 -1.64273 918.367 0.0474986 -1.68545 200.964 3.4609 13 88 1 0 1
2.69793 -1.02501 918.367 3.05845 1.7946 202.107 3.45659 13 89 1 0 1
2.42528 0.618035 918.367 1.29245 0.997808 197.789 3.47301 13 90 1 0 1
-4.53929 0.166719 918.367 -1.48807 0.666057 200.043 3.46436 13 91 1 0 1
-4.14137 -0.384543 918.367 -2.03874 1.05275 198.841 3.46891 13 92 1 0 1
-1.90054 0.756555 918.367 -1.1568 0.0952653 198.94 3.46857 13 93 1 0 1
0.519452 -0.207091 918.367 0.124478 -1.32725 199.294 3.46721 13 94 1 0 1
3.53729 0.342311 918.367 1.19547 0.499554 196.193 3.47931 13 95 1 0 1
-3.9441 0.971604 918.367 -0.962832 0.658908 197.328 3.47483 13 96 1 0 1
0.282948 1.23359 918.367 0.0856567 0.870897 202.996 3.45345 13 97 1 0 1
4.90793 -1.18405 918.367 3.29915 -0.689634 199.194 3.4675 13 98 1 0 1
0.0605496 0.0996833 918.367 -0.435091 0.192303 198.446 3.47048 13 99 1 0 1
-4.14482 -0.466717 918.367 -1.63808 -0.291701 200.206 3.46375 13 100 1 0 1
0.393648 0.765348 918.367 0.301114 0.888964 202.826 3.45407 13 101 1 0 1
-0.249829 0.729982 918.367 -0.615288 -0.742135 200.604 3.46227 13 102 1 0 1
-0.0738249 -0.842107 918.367 -0.618819 -0.0506838 200.047 3.46437 13 103 1 0 1
5.58802 1.02858 918.367 2.66498 -0.372964 200.284 3.46341 13 104 1 0 1
-2.74867 -1.13036 918.367 -1.29397 0.897447 198.054 3.47198 13 105 1 0 1
4.45216 0.506534 918.367 1.69024 0.175724 200.14 3.46399 13 106 1 0 1
-2.4109 -0.183926 918.367 -1.8525 0.562472 198.925 3.46861 13 107 1 0 1
5.23438 -0.100779 918.367 2.02283 -1.03164 199.001 3.4683 13 108 1 0 1
-4.73576 0.108859 918.367 -0.664284 -0.155282 198.857 3.4689 13 109 1 0 1
-3.4974 -0.0535452 918.367 -2.30958 0.227717 199.21 3.4675 13 110 1 0 1
0.67658 0.772473 918.367 1.21489 -1.22314 201.589 3.45858 13 111 1 0 1
4.57635 0.00287164 918.367 0.76369 -1.71323 198.183 3.47147 13 112 1 0 1
2.8343 0.0437719 918.367 1.07664 0.80533 202.173 3.45644 13 113 1 0 1
5.74955 -1.18819 918.367 1.35974 -1.3354 197.164 3.47545 13 114 1 0 1
0.17725 -2.19609 918.367 0.77895 0.254256 199.541 3.46628 13 115 1 0 1
-6.05531 -1.25769 918.367 -2.13868 0.254095 201.265 3.45977 13 116 1 0 1
1.91315 -0.336275 918.367 -0.403283 -0.177803 201.1 3.46042 13 117 1 0 1
0.639162 -0.174406 918.367 1.21052 -0.262113 200.329 3.46329 13 118 1 0 1
-1.4394 1.45889 918.367 -0.336013 -0.380155 197.784 3.47305 13 119 1 0 1
-5.30059 2.1464 918.367 -2.36001 0.646278 200.295 3.46338 13 120 1 0 1
-3.53302 0.238448 918.367 -2.22031 1.45686 198.932 3.46855 13 121 1 0 1
2.83576 0.498828 918.367 2.55484 -0.0952578 200.765 3.46161 13 122 1 0 1
0.392945 -0.397804 918.367 0.718675 0.857134 197.931 3.47247 13 123 1 0 1
0.587225 -0.127535 918.367 0.292452 0.777761 198.478 3.47036 13 124 1 0 1
0.338794 0.391302 918.367 -0.178399 -0.157262 196.696 3.47733 13 125 1 0 1
1.29903 -1.42405 918.367 0.43148 -0.544729 200.317 3.46335 13 126 1 0 1
-3.68701 0.394533 918.367 -1.63659 0.0785091 200.488 3.46269 13 127 1 0 1
-1.95119 -0.684335 918.367 -0.975059 -0.125271 199.657 3.46584 13 128 1 0 1
-3.84171 -0.408692 918.367 -1.70214 0.15294 201.567 3.45866 13 129 1 0 1
3.11534 -0.83355 918.367 0.868199 0.829104 200.408 3.463 13 130 1 0 1
-0.194444 -0.439472 918.367 -0.294735 -0.926873 200.884 3.46122 13 131 1 0 1
3.50246 0.410189 918.367 0.816534 -0.557839 200.373 3.46313 13 132 1 0 1
2.11608 -0.0566861 918.367 1.22884 -0.438008 200.243 3.46361 13 133 1 0 1
4.14284 -0.875137 918.367 1.84474 0.612948 199.681 3.46572 13 134 1 0 1
5.9458 -0.114172 918.367 2.33192 -0.73519 197.997 3.47217 13 135 1 0 1
2.70232 0.34924 918.367 1.39618 2.12615 201.313 3.45957 13 136 1 0 1
0.606149 0.286621 918.367 0.62897 -0.163859 202.187 3.4564 13 137 1 0 1
-0.497299 0.193251 918.367 0.232972 0.406806 203.112 3.45303 13 138 1 0 1
0.272643 -1.73102 918.367 0.843305 0.781635 200.656 3.46207 13 139 1 0 1
3.23912 -0.802011 918.367 2.38663 1.74393 201.115 3.46029 13 140 1 0 1
2.7598 -0.307349 918.367 2.50466 -0.152849 200.849 3.4613 13 141 1 0 1
-2.19834 -0.00235536 918.367 -1.04478 1.13875 200.995 3.46079 13 142 1 0 1
0.803445 -0.445047 918.367 1.34736 -0.953771 199.175 3.46766 13 143 1 0 1
0.614297 -0.307363 918.367 -0.406648 -0.228275 201.364 3.45944 13 144 1 0 1
-5.46662 -1.01795 918.367 -3.66894 -0.597618 207.471 3.4376 13 145 1 0 1
3.31066 1.45357 918.367 1.83299 0.597284 200.831 3.46139 13 146 1 0 1
4.39767 -0.317398 918.367 1.88704 -0.468152 197.55 3.47393 13 147 1 0 1
1.86645 -0.448422 918.367 1.19126 -0.0149364 201.467 3.45905 13 148 1 0 1
1.70135 1.21794 918.367 1.96699 0.628285 198.843 3.46892 13 149 1 0 1
-6.61586 -0.623344 918.367 -3.48582 1.02598 200.454 3.46272 13 150 1 0 1
0.392968 0.636033 979.592 0.236784 0.0669595 199.745 3.69655 13 1 1 0 1
5.19278 -0.0921221 979.592 1.57334 0.240332 200.225 3.69459 13 2 1 0 1
-0.172591 -0.133248 979.592 -0.74743 -0.567864 198.521 3.70153 13 3 1 0 1
3.52984 -0.418399 979.592 1.05494 -1.1336 199.781 3.69638 13 4 1 0 1
-2.53992 0.525477 979.592 0.00152347 0.251698 201.747 3.68856 13 5 1 0 1
1.00286 0.57996 979.592 0.115819 -0.244268 197.773 3.70464 13 6 1 0 1
-2.69396 0.390384 979.592 -0.0144782 2.2684 198.155 3.703 13 7 1 0 1
-2.59065 1.14324 979.592 -1.2664 1.00816 197.989 3.70371 13 8 1 0 1
0.136013 0.65718 979.592 0.223111 -0.133743 201.277 3.69042 13 9 1 0 1
-0.834349 -0.699303 979.592 -0.667297 -0.384713 198.564 3.70136 13 10 1 0 1
1.83562 2.07468 979.592 0.325044 0.11816 198.361 3.7022 13 11 1 0 1
4.08415 -0.0617762 979.592 0.941286 -1.26026 201.666 3.68886 13 12 1 0 1
-4.83059 0.0397033 979.592 -1.60536 1.26377 201.895 3.68794 13 13 1 0 1
4.85719 -0.356282 979.592 1.64722 -0.207235 201.44 3.68974 13 14 1 0 1
-0.737647 -0.733312 979.592 -1.6271 -0.507611 198.869 3.70008 13 15 1 0 1
3.28384 0.136417 979.592 0.555217 0.496498 201.497 3.68954 13 16 1 0 1
2.27232 -0.283964 979.592 0.944226 1.62695 198.856 3.70013 13 17 1 0 1
-0.77203 0.228855 979.592 -0.976787 0.00511146 200.334 3.69417 13 18 1 0 1
-3.17104 -0.955217 979.592 -1.62827 -0.196298 201.8 3.68832 13 19 1 0 1
-0.638232 1.67275 979.592 -0.946096 -0.0550863 199.28 3.69843 13 20 1 0 1
-5.28053 -0.781771 979.592 -1.86551 0.492298 199.689 3.69674 13 21 1 0 1
-4.34619 -2.26071 979.592 -1.98223 -0.500185 201.412 3.68984 13 22 1 0 1
-2.1499 0.215214 979.592 -0.411632 0.551669 203.449 3.68194 13 23 1 0 1
3.31421 -0.851152 979.592 1.37969 -1.15413 199.263 3.69847 13 24 1 0 1
-0.974427 -1.10571 979.592 0.412054 -0.141079 201.77 3.68847 13 25 1 0 1
1.17888 1.0652 979.592 -0.947963 -0.295543 197.391 3.70622 13 26 1 0 1
0.577796 -2.03504 979.592 0.00418085 -1.45314 201.976 3.68764 13 27 1 0 1
-1.18353 -0.202285 979.592 -1.31137 -0.614609 198.951 3.69976 13 28 1 0 1
4.28614 1.78593 979.592 1.33599 0.0812517 198.773 3.70049 13 29 1 0 1
-1.89143 0.359175 979.592 0.293812 0.33366 201.647 3.68895 13 30 1 0 1
-4.87755 0.776458 979.592 -1.64444 0.95142 201.025 3.69138 13 31 1 0 1
-2.01303 -0.317529 979.592 -0.270175 -0.990056 201.397 3.68993 13 32 1 0 1
-3.95374 1.73319 979.592 -1.71513 -0.33786 200.48 3.69356 13 33 1 0 1
1.05051 -0.412246 979.592 0.292746 -1.29308 201.034 3.69136 13 34 1 0 1
-4.27569 0.852541 979.592 -1.15389 1.4831 200.451 3.69367 13 35 1 0 1
2.49205 -1.05722 979.592 0.331375 -0.486268 201.036 3.69137 13 36 1 0 1
-0.115165 -0.195282 979.592 0.839205 -0.38668 198.507 3.70159 13 37 1 0 1
-1.49883 0.540688 979.592 -0.810165 0.487403 202.028 3.68745 13 38 1 0 1
2.58753 1.92778 979.592 0.642463 -0.0947145 196.274 3.71093 13 39 1 0 1
-2.49037 1.65324 979.592 -0.666017 0.00760331 199.982 3.69559 13 40 1 0 1
-7.74277 -0.539125 979.592 -2.35857 -0.280571 198.604 3.70114 13 41 1 0 1
-0.35667 -1.86181 979.592 0.0479604 -0.0893149 204.005 3.67981 13 42 1 0 1
1.46779 0.597625 979.592 -0.556619 0.885405 206.327 3.67108 13 43 1 0 1
2.13667 0.591347 979.592 1.6315 0.455821 201.38 3.68998 13 44 1 0 1
-4.45965 0.184371 979.592 -1.38351 1.42016 202.471 3.68569 13 45 1 0 1
-2.58053 1.2022 979.592 0.294117 -0.0283776 204.253 3.67887 13 46 1 0 1
-1.72184 -0.288412 979.592 -0.771719 1.10738 200.089 3.69514 13 47 1 0 1
-1.38465 -0.814944 979.592 -0.811688 0.457556 198.442 3.70186 13 48 1 0 1
4.21377 0.516768 979.592 1.05697 2.02117 200.887 3.69191 13 49 1 0 1
-5.06518 -0.686229 979.592 -1.75563 -0.842434 198.502 3.70158 13 50 1 0 1
3.05646 0.0706839 979.592 0.134863 -0.908792 206.658 3.66986 13 51 1 0 1
0.431589 -0.295338 979.592 -0.228166 -0.262565 204.632 3.67743 13 52 1 0 1
-5.77973 0.502996 979.592 -1.14382 0.330339 201.563 3.68927 13 53 1 0 1
3.34544 0.599398 979.592 2.48303 1.64866 199.771 3.69635 13 54 1 0 1
-1.55826 -1.29814 979.592 -0.0721437 1.14584 200.655 3.69288 13 55 1 0 1
-0.723254 -0.436078 979.592 -0.850226 -0.684634 202.696 3.68484 13 56 1 0 1
0.112889 -0.317559 979.592 0.423354 0.463935 195.668 3.71352 13 57 1 0 1
-0.393883 -0.482186 979.592 -0.284379 0.344018 200.743 3.69254 13 58 1 0 1
-5.73563 -0.327688 979.592 -1.97619 0.462948 199.85 3.69608 13 59 1 0 1
4.17469 1.54893 979.592 1.51165 -0.130724 201.881 3.68801 13 60 1 0 1
-3.83784 -1.2017 979.592 -0.885431 -0.533306 200.621 3.69301 13 61 1 0 1
-1.80301 -0.209199 979.592 -0.154277 -1.71816 196.187 3.71128 13 62 1 0 1
-2.06562 0.395963 979.592 -0.462754 -0.0206176 200.781 3.69239 13 63 1 0 1
6.23253 0.840071 979.592 2.86853 -0.735458 203.785 3.68057 13 64 1 0 1
-7.11568 -1.89744 979.592 -1.2182 -0.594861 203.223 3.68279 13 65 1 0 1
-1.44381 -0.147645 979.592 0.185155 -1.7304 196.21 3.71118 13 66 1 0 1
-1.36469 -0.434481 979.592 -0.0293241 -0.0779194 202.747 3.68465 13 67 1 0 1
4.93671 -1.33189 979.592 1.49625 -1.53672 200.41 3.69383 13 68 1 0 1
-1.03648 -0.141676 979.592 0.0576658 -0.558654 198.112 3.70323 13 69 1 0 1
-5.49451 -0.484063 979.592 -2.32639 0.169519 198.418 3.70191 13 70 1 0 1
-4.20286 -0.316045 979.592 -1.35331 -0.391802 201.228 3.69059 13 71 1 0 1
0.786731 0.769532 979.592 -0.188836 0.124713 201.345 3.69015 13 72 1 0 1
-0.0569816 -0.305043 979.592 0.488654 0.834965 198.029 3.70357 13 73 1 0 1
-2.92673 1.39655 979.592 -0.969899 -1.45195 200.041 3.69532 13 74 1 0 1
4.99078 -1.24082 979.592 1.92364 0.126627 199.49 3.69755 13 75 1 0 1
-1.20128 -0.379816 979.592 -0.137752 0.708062 203.572 3.68146 13 76 1 0 1
0.10284 0.941383 979.592 0.526551 0.2807 198.63 3.70109 13 77 1 0 1
-1.23613 0.932039 979.592 -0.850835 -0.70168 198.896 3.69999 13 78 1 0 1
-4.21035 1.15533 979.592 -0.96988 0.295433 201.642 3.68896 13 79 1 0 1
-0.627696 -0.730976 979.592 0.492265 -0.454988 198.151 3.70307 13 80 1 0 1
2.30118 1.0413 979.592 0.638323 1.82121 200.339 3.69412 13 81 1 0 1
2.49972 -0.727705 979.592 0.231777 -0.499883 198.659 3.70097 13 82 1 0 1
-3.12019 -0.421977 979.592 -0.159065 0.313904 200.139 3.69496 13 83 1 0 1
-0.688606 -0.198732 979.592 -0.25583 -0.987143 199.367 3.69807 13 84 1 0 1
4.43526 1.05204 979.592 1.0729 -0.512851 198.502 3.70161 13 85 1 0 1
-0.119138 0.0391719 979.592 -0.00549368 0.073996 196.571 3.70968 13 86 1 0 1
-2.42536 1.52341 979.592 -1.2124 -1.06702 199.356 3.6981 13 87 1 0 1
0.126261 -2.14587 979.592 0.0373757 -1.61439 200.965 3.69163 13 88 1 0 1
3.58588 -0.476553 979.592 2.79146 1.82296 202.111 3.68703 13 89 1 0 1
2.79256 0.922787 979.592 1.07546 0.969369 197.791 3.70454 13 90 1 0 1
-4.93459 0.369232 979.592 -1.0896 0.656059 200.045 3.69532 13 91 1 0 1
-4.71334 -0.0588188 979.592 -1.66856 1.06099 198.845 3.70017 13 92 1 0 1
-2.23066 0.781502 979.592 -0.983994 0.0667057 198.941 3.69981 13 93 1 0 1
0.55087 -0.612876 979.592 0.0796274 -1.312 199.294 3.69836 13 94 1 0 1
3.86341 0.495955 979.592 0.890183 0.484208 196.194 3.71127 13 95 1 0 1
-4.191 1.17011 979.592 -0.625305 0.619466 197.329 3.70648 13 96 1 0 1
0.305045 1.48872 979.592 0.0605598 0.819317 202.996 3.68368 13 97 1 0 1
5.85471 -1.38886 979.592 2.84847 -0.64182 199.201 3.69867 13 98 1 0 1
-0.0738867 0.158331 979.592 -0.434535 0.187524 198.446 3.70185 13 99 1 0 1
-4.59048 -0.55309 979.592 -1.27037 -0.272647 200.208 3.69466 13 100 1 0 1
0.479107 1.02881 979.592 0.263894 0.854998 202.826 3.68434 13 101 1 0 1
-0.43361 0.499749 979.592 -0.58646 -0.765161 200.604 3.69308 13 102 1 0 1
-0.261459 -0.852786 979.592 -0.604716 -0.0190365 200.047 3.69533 13 103 1 0 1
6.32756 0.908918 979.592 2.16325 -0.409197 200.29 3.6943 13 104 1 0 1
-3.11173 -0.847011 979.592 -1.04993 0.934007 198.056 3.70344 13 105 1 0 1
4.90994 0.557298 979.592 1.29629 0.155853 200.143 3.69493 13 106 1 0 1
-2.94772 -0.0100901 979.592 -1.62838 0.56608 198.927 3.69985 13 107 1 0 1
5.78696 -0.416996 979.592 1.5617 -1.02205 199.005 3.69952 13 108 1 0 1
-4.8787 0.0605208 979.592 -0.262282 -0.158427 198.858 3.70016 13 109 1 0 1
-4.15935 0.0166126 979.592 -1.9889 0.228407 199.214 3.69866 13 110 1 0 1
1.0353 0.397295 979.592 1.14233 -1.24515 201.589 3.68915 13 111 1 0 1
4.75261 -0.525406 979.592 0.374949 -1.70357 198.184 3.7029 13 112 1 0 1
3.12262 0.286938 979.592 0.823417 0.799094 202.174 3.68687 13 113 1 0 1
6.09628 -1.5953 979.592 0.868673 -1.2842 197.167 3.70715 13 114 1 0 1
0.412959 -2.1057 979.592 0.754187 0.334377 199.541 3.69737 13 115 1 0 1
-6.6255 -1.17336 979.592 -1.60209 0.299772 201.27 3.69042 13 116 1 0 1
1.76637 -0.388385 979.592 -0.558867 -0.1642 201.1 3.69112 13 117 1 0 1
0.999345 -0.253366 979.592 1.1415 -0.254114 200.329 3.69418 13 118 1 0 1
-1.52452 1.33312 979.592 -0.212754 -0.431698 197.784 3.70459 13 119 1 0 1
-5.95095 2.33133 979.592 -1.88621 0.56258 200.3 3.69427 13 120 1 0 1
-4.16815 0.684606 979.592 -1.89822 1.43974 198.935 3.69979 13 121 1 0 1
3.57519 0.466989 979.592 2.28425 -0.113358 200.768 3.69239 13 122 1 0 1
0.60926 -0.130908 979.592 0.676966 0.866902 197.931 3.70397 13 123 1 0 1
0.669525 0.112652 979.592 0.240005 0.778037 198.478 3.70171 13 124 1 0 1
0.279159 0.340213 979.592 -0.203956 -0.170692 196.696 3.70915 13 125 1 0 1
1.41369 -1.5821 979.592 0.317222 -0.488523 200.318 3.69424 13 126 1 0 1
-4.13739 0.416212 979.592 -1.30676 0.0633382 200.49 3.69353 13 127 1 0 1
-2.2239 -0.718773 979.592 -0.79979 -0.099123 199.657 3.6969 13 128 1 0 1
-4.30727 -0.359995 979.592 -1.35678 0.167404 201.57 3.68924 13 129 1 0 1
3.33951 -0.575987 979.592 0.596204 0.855474 200.409 3.69386 13 130 1 0 1
-0.281396 -0.718917 979.592 -0.274636 -0.905153 200.884 3.69197 13 131 1 0 1
3.70599 0.237724 979.592 0.512837 -0.569959 200.374 3.69401 13 132 1 0 1
2.46306 -0.190029 979.592 1.03605 -0.433399 200.244 3.69452 13 133 1 0 1
4.65293 -0.682566 979.592 1.47546 0.641991 199.684 3.69677 13 134 1 0 1
6.58757 -0.340423 979.592 1.81019 -0.726808 198.003 3.70364 13 135 1 0 1
3.09048 0.992636 979.592 1.15099 2.10095 201.315 3.69021 13 136 1 0 1
0.788024 0.235462 979.592 0.5697 -0.173712 202.187 3.68683 13 137 1 0 1
-0.421 0.31454 979.592 0.27219 0.397179 203.112 3.68324 13 138 1 0 1
0.525358 -1.48311 979.592 0.809636 0.841832 200.656 3.69287 13 139 1 0 1
3.92105 -0.267549 979.592 2.08388 1.76404 201.118 3.69097 13 140 1 0 1
3.48465 -0.3521 979.592 2.24099 -0.140489 200.852 3.69205 13 141 1 0 1
-2.48704 0.343871 979.592 -0.846771 1.13235 200.996 3.69151 13 142 1 0 1
1.20554 -0.735131 979.592 1.26323 -0.931834 199.175 3.69884 13 143 1 0 1
0.483311 -0.374885 979.592 -0.45312 -0.215452 201.364 3.69007 13 144 1 0 1
-6.47462 -1.18816 979.592 -3.14815 -0.554919 207.479 3.66677 13 145 1 0 1
3.82463 1.62702 979.592 1.53171 0.539544 200.834 3.69215 13 146 1 0 1
4.92362 -0.460401 979.592 1.49988 -0.453818 197.553 3.70553 13 147 1 0 1
2.20299 -0.450394 979.592 1.01888 0.00196562 201.468 3.68965 13 148 1 0 1
2.2826 1.40407 979.592 1.80044 0.579626 198.845 3.70018 13 149 1 0 1
-7.59118 -0.307021 979.592 -2.88715 1.04343 200.463 3.69356 13 150 1 0 1
0.460198 0.65289 1040.82 0.200952 0.0429288 199.745 3.92758 13 1 1 0 1
5.60525 -0.0182483 1040.82 1.11876 0.242398 200.228 3.9255 13 2 1 0 1
-0.399902 -0.307286 1040.82 -0.723533 -0.559701 198.521 3.93288 13 3 1 0 1
3.8065 -0.762753 1040.82 0.746766 -1.11159 199.783 3.9274 13 4 1 0 1
-2.5069 0.598717 1040.82 0.215609 0.230528 201.747 3.9191 13 5 1 0 1
1.02571 0.501178 1040.82 0.0314621 -0.264226 197.773 3.93618 13 6 1 0 1
-2.66388 1.0877 1040.82 0.208756 2.24107 198.156 3.93444 13 7 1 0 1
-2.94738 1.44788 1040.82 -1.03586 0.960279 197.991 3.9352 13 8 1 0 1
0.201846 0.612827 1040.82 0.208813 -0.157603 201.277 3.92107 13 9 1 0 1
-1.02853 -0.813709 1040.82 -0.589521 -0.356672 198.564 3.9327 13 10 1 0 1
1.91199 2.09925 1040.82 0.168739 0.0408808 198.361 3.93359 13 11 1 0 1
4.31634 -0.443304 1040.82 0.585085 -1.25076 201.667 3.91941 13 12 1 0 1
-5.25342 0.421985 1040.82 -1.1773 1.25509 201.898 3.91843 13 13 1 0 1
5.29343 -0.417115 1040.82 1.21731 -0.192696 201.443 3.92035 13 14 1 0 1
-1.22697 -0.885107 1040.82 -1.54495 -0.477571 198.87 3.93134 13 15 1 0 1
3.40972 0.286212 1040.82 0.271628 0.488551 201.498 3.92014 13 16 1 0 1
2.53266 0.217615 1040.82 0.743323 1.62819 198.856 3.93139 13 17 1 0 1
-1.05938 0.229109 1040.82 -0.899644 -0.00345198 200.334 3.92505 13 18 1 0 1
-3.62229 -1.00921 1040.82 -1.34003 -0.159298 201.802 3.91885 13 19 1 0 1
-0.919476 1.64632 1040.82 -0.880827 -0.116823 199.28 3.92958 13 20 1 0 1
-5.78236 -0.62666 1040.82 -1.40103 0.518559 199.692 3.92779 13 21 1 0 1
-4.89045 -2.39957 1040.82 -1.59109 -0.412581 201.415 3.92046 13 22 1 0 1
-2.24568 0.379687 1040.82 -0.223599 0.540373 203.449 3.91206 13 23 1 0 1
3.69383 -1.20024 1040.82 1.08608 -1.11599 199.265 3.92963 13 24 1 0 1
-0.837439 -1.14213 1040.82 0.488921 -0.0987455 201.77 3.919 13 25 1 0 1
0.871002 0.967629 1040.82 -1.03304 -0.332996 197.39 3.93786 13 26 1 0 1
0.571652 -2.46308 1040.82 -0.0446342 -1.36835 201.977 3.91812 13 27 1 0 1
-1.57019 -0.389909 1040.82 -1.19618 -0.603614 198.952 3.93099 13 28 1 0 1
4.64094 1.80072 1040.82 0.962898 0.0147076 198.776 3.93177 13 29 1 0 1
-1.77836 0.45824 1040.82 0.449408 0.318274 201.647 3.91951 13 30 1 0 1
-5.31371 1.06124 1040.82 -1.21369 0.916953 201.028 3.92209 13 31 1 0 1
-2.069 -0.616122 1040.82 -0.0973155 -0.972506 201.397 3.92055 13 32 1 0 1
-4.42461 1.62032 1040.82 -1.36197 -0.400618 200.482 3.92441 13 33 1 0 1
1.12581 -0.802949 1040.82 0.200753 -1.27028 201.035 3.92207 13 34 1 0 1
-4.57181 1.29981 1040.82 -0.780995 1.44284 200.453 3.92453 13 35 1 0 1
2.5606 -1.199 1040.82 0.117797 -0.443932 201.036 3.92208 13 36 1 0 1
0.144035 -0.313203 1040.82 0.838 -0.377259 198.507 3.93294 13 37 1 0 1
-1.72408 0.685031 1040.82 -0.67326 0.464291 202.028 3.91791 13 38 1 0 1
2.75391 1.88729 1040.82 0.422027 -0.164607 196.275 3.94287 13 39 1 0 1
-2.66148 1.64613 1040.82 -0.449388 -0.0539832 199.982 3.92656 13 40 1 0 1
-8.3675 -0.622378 1040.82 -1.68588 -0.259049 198.611 3.93246 13 41 1 0 1
-0.337767 -1.87794 1040.82 0.0777481 -0.018104 204.005 3.9098 13 42 1 0 1
1.28452 0.856447 1040.82 -0.676022 0.857401 206.327 3.90052 13 43 1 0 1
2.60317 0.726291 1040.82 1.43081 0.431057 201.381 3.92061 13 44 1 0 1
-4.81906 0.61194 1040.82 -0.988509 1.40513 202.473 3.91604 13 45 1 0 1
-2.45967 1.18685 1040.82 0.510577 -0.073924 204.252 3.90879 13 46 1 0 1
-1.9349 0.0514315 1040.82 -0.617877 1.11181 200.09 3.92609 13 47 1 0 1
-1.61626 -0.669396 1040.82 -0.686476 0.48505 198.443 3.93322 13 48 1 0 1
4.48051 1.12864 1040.82 0.689736 1.99034 200.889 3.92266 13 49 1 0 1
-5.53943 -0.941655 1040.82 -1.31304 -0.812287 198.505 3.93293 13 50 1 0 1
3.05707 -0.198445 1040.82 -0.130787 -0.906327 206.659 3.89923 13 51 1 0 1
0.358083 -0.372062 1040.82 -0.262143 -0.249817 204.632 3.90727 13 52 1 0 1
-6.05159 0.600277 1040.82 -0.642401 0.309585 201.565 3.91985 13 53 1 0 1
4.06028 1.10029 1040.82 2.17199 1.617 199.775 3.92737 13 54 1 0 1
-1.5602 -0.941777 1040.82 0.0594253 1.18779 200.655 3.92368 13 55 1 0 1
-0.969697 -0.639992 1040.82 -0.778075 -0.664277 202.696 3.91514 13 56 1 0 1
0.243343 -0.170858 1040.82 0.408698 0.472855 195.668 3.94562 13 57 1 0 1
-0.475195 -0.374714 1040.82 -0.247696 0.360074 200.743 3.92332 13 58 1 0 1
-6.26493 -0.184263 1040.82 -1.47194 0.472508 199.855 3.92709 13 59 1 0 1
4.57765 1.50053 1040.82 1.14015 -0.188188 201.884 3.91851 13 60 1 0 1
-4.0577 -1.35729 1040.82 -0.552375 -0.48539 200.623 3.92383 13 61 1 0 1
-1.82784 -0.743174 1040.82 -0.00450081 -1.70072 196.187 3.94323 13 62 1 0 1
-2.17965 0.387429 1040.82 -0.283533 -0.0352989 200.781 3.92316 13 63 1 0 1
7.01077 0.614741 1040.82 2.30115 -0.763157 203.792 3.91061 13 64 1 0 1
-7.38991 -2.06549 1040.82 -0.598377 -0.519698 203.226 3.91297 13 65 1 0 1
-1.36777 -0.685722 1040.82 0.301149 -1.71514 196.21 3.94313 13 66 1 0 1
-1.35602 -0.455488 1040.82 0.0866606 -0.0610775 202.747 3.91494 13 67 1 0 1
5.32857 -1.79286 1040.82 1.0637 -1.47829 200.413 3.92469 13 68 1 0 1
-1.00545 -0.313186 1040.82 0.142724 -0.550243 198.112 3.93468 13 69 1 0 1
-6.13885 -0.429094 1040.82 -1.84109 0.186436 198.423 3.93328 13 70 1 0 1
-4.55897 -0.433223 1040.82 -0.982598 -0.377733 201.23 3.92125 13 71 1 0 1
0.719471 0.802993 1040.82 -0.252601 0.0951601 201.345 3.92078 13 72 1 0 1
0.0941799 -0.0456485 1040.82 0.487105 0.841447 198.029 3.93504 13 73 1 0 1
-3.18479 0.945044 1040.82 -0.712843 -1.49568 200.042 3.92628 13 74 1 0 1
5.51466 -1.19495 1040.82 1.48301 0.171985 199.493 3.92864 13 75 1 0 1
-1.22714 -0.165105 1040.82 -0.0338062 0.718416 203.572 3.91155 13 76 1 0 1
0.263129 1.02237 1040.82 0.511267 0.244293 198.63 3.93241 13 77 1 0 1
-1.48107 0.711142 1040.82 -0.737202 -0.732187 198.896 3.93124 13 78 1 0 1
-4.44961 1.23827 1040.82 -0.602719 0.250385 201.644 3.91952 13 79 1 0 1
-0.468201 -0.867121 1040.82 0.537924 -0.425431 198.151 3.93451 13 80 1 0 1
2.46593 1.59088 1040.82 0.437516 1.772 200.34 3.925 13 81 1 0 1
2.53881 -0.87732 1040.82 0.0213141 -0.470122 198.659 3.93228 13 82 1 0 1
-3.12864 -0.323726 1040.82 0.103898 0.327835 200.139 3.92589 13 83 1 0 1
-0.758007 -0.500167 1040.82 -0.195189 -0.974138 199.368 3.9292 13 84 1 0 1
4.70791 0.88816 1040.82 0.691287 -0.548803 198.503 3.93296 13 85 1 0 1
-0.119315 0.0619516 1040.82 0.00436199 0.0721406 196.571 3.94154 13 86 1 0 1
-2.76502 1.18765 1040.82 -0.994842 -1.11747 199.356 3.92923 13 87 1 0 1
0.135981 -2.62452 1040.82 0.0262946 -1.52491 200.966 3.92235 13 88 1 0 1
4.38191 0.0773352 1040.82 2.45291 1.83053 202.115 3.91746 13 89 1 0 1
3.08824 1.21701 1040.82 0.830896 0.929871 197.792 3.93608 13 90 1 0 1
-5.20339 0.567532 1040.82 -0.663177 0.638573 200.047 3.92628 13 91 1 0 1
-5.16448 0.267576 1040.82 -1.25559 1.05713 198.848 3.93144 13 92 1 0 1
-2.5036 0.797535 1040.82 -0.785964 0.0373849 198.941 3.93105 13 93 1 0 1
0.568166 -1.01167 1040.82 0.032735 -1.28178 199.294 3.92951 13 94 1 0 1
4.09049 0.643941 1040.82 0.562069 0.463336 196.195 3.94322 13 95 1 0 1
-4.33046 1.35527 1040.82 -0.271742 0.572955 197.33 3.93814 13 96 1 0 1
0.319322 1.72687 1040.82 0.0339102 0.758391 202.996 3.91391 13 97 1 0 1
6.6514 -1.57783 1040.82 2.32474 -0.58668 199.208 3.92984 13 98 1 0 1
-0.206429 0.215173 1040.82 -0.422838 0.180606 198.446 3.93322 13 99 1 0 1
-4.91847 -0.633153 1040.82 -0.870088 -0.250482 200.211 3.92558 13 100 1 0 1
0.552283 1.28054 1040.82 0.219909 0.81128 202.826 3.91461 13 101 1 0 1
-0.606274 0.263816 1040.82 -0.542598 -0.779459 200.604 3.9239 13 102 1 0 1
-0.44239 -0.853737 1040.82 -0.575111 0.012828 200.047 3.92628 13 103 1 0 1
6.90488 0.778889 1040.82 1.60602 -0.440762 200.296 3.9252 13 104 1 0 1
-3.39502 -0.554001 1040.82 -0.778966 0.959912 198.057 3.93491 13 105 1 0 1
5.24184 0.601704 1040.82 0.869082 0.134203 200.145 3.92586 13 106 1 0 1
-3.40896 0.163861 1040.82 -1.36251 0.563231 198.929 3.93109 13 107 1 0 1
6.19119 -0.728455 1040.82 1.06051 -1.00079 199.008 3.93074 13 108 1 0 1
-4.89657 0.0114919 1040.82 0.146447 -0.159763 198.858 3.93142 13 109 1 0 1
-4.71467 0.0865809 1040.82 -1.61722 0.226492 199.217 3.92983 13 110 1 0 1
1.36748 0.0175842 1040.82 1.04049 -1.25296 201.59 3.91973 13 111 1 0 1
4.80703 -1.04769 1040.82 -0.0234091 -1.67448 198.184 3.93433 13 112 1 0 1
3.33088 0.526832 1040.82 0.549083 0.783741 202.175 3.9173 13 113 1 0 1
6.28673 -1.98421 1040.82 0.355315 -1.21833 197.169 3.93884 13 114 1 0 1
0.63808 -1.99129 1040.82 0.71009 0.410683 199.541 3.92845 13 115 1 0 1
-7.02583 -1.07566 1040.82 -1.02439 0.342029 201.274 3.92107 13 116 1 0 1
1.57431 -0.436065 1040.82 -0.700122 -0.148725 201.099 3.92181 13 117 1 0 1
1.33391 -0.329435 1040.82 1.04323 -0.243217 200.33 3.92507 13 118 1 0 1
-1.57055 1.19213 1040.82 -0.0840407 -0.478317 197.784 3.93613 13 119 1 0 1
-6.44875 2.48967 1040.82 -1.36401 0.472458 200.305 3.92516 13 120 1 0 1
-4.69642 1.12296 1040.82 -1.52745 1.4062 198.939 3.93102 13 121 1 0 1
4.22297 0.429822 1040.82 1.95509 -0.130166 200.772 3.92316 13 122 1 0 1
0.809956 0.137481 1040.82 0.617902 0.866781 197.931 3.93547 13 123 1 0 1
0.734661 0.351554 1040.82 0.181404 0.769438 198.478 3.93307 13 124 1 0 1
0.212368 0.285244 1040.82 -0.224284 -0.182175 196.696 3.94097 13 125 1 0 1
1.49211 -1.72211 1040.82 0.194832 -0.426743 200.318 3.92513 13 126 1 0 1
-4.48171 0.433143 1040.82 -0.943428 0.0474442 200.492 3.92438 13 127 1 0 1
-2.4396 -0.745011 1040.82 -0.604016 -0.0718444 199.658 3.92795 13 128 1 0 1
-4.6624 -0.307192 1040.82 -0.976636 0.179959 201.572 3.91982 13 129 1 0 1
3.47806 -0.311854 1040.82 0.308921 0.872085 200.41 3.92473 13 130 1 0 1
-0.361133 -0.99016 1040.82 -0.247497 -0.873108 200.884 3.92272 13 131 1 0 1
3.81451 0.0625483 1040.82 0.195988 -0.575577 200.375 3.92488 13 132 1 0 1
2.74691 -0.321205 1040.82 0.81669 -0.423846 200.245 3.92543 13 133 1 0 1
5.04374 -0.482209 1040.82 1.06835 0.663708 199.687 3.92782 13 134 1 0 1
7.06047 -0.56279 1040.82 1.24201 -0.710132 198.007 3.93512 13 135 1 0 1
3.39941 1.62471 1040.82 0.876286 2.05179 201.317 3.92085 13 136 1 0 1
0.949696 0.181617 1040.82 0.495826 -0.181583 202.188 3.91726 13 137 1 0 1
-0.333907 0.432241 1040.82 0.304429 0.383021 203.112 3.91344 13 138 1 0 1
0.764605 -1.21828 1040.82 0.755212 0.892426 200.656 3.92368 13 139 1 0 1
4.50245 0.269964 1040.82 1.7277 1.76402 201.122 3.92166 13 140 1 0 1
4.12017 -0.392834 1040.82 1.91986 -0.126525 200.855 3.92281 13 141 1 0 1
-2.71199 0.686175 1040.82 -0.627052 1.11303 200.996 3.92223 13 142 1 0 1
1.57673 -1.01683 1040.82 1.14672 -0.899267 199.176 3.93001 13 143 1 0 1
0.339934 -0.43813 1040.82 -0.487975 -0.200172 201.364 3.9207 13 144 1 0 1
-7.31663 -1.34483 1040.82 -2.5466 -0.505886 207.488 3.89595 13 145 1 0 1
4.24055 1.78191 1040.82 1.19114 0.475647 200.836 3.92291 13 146 1 0 1
5.32336 -0.598152 1040.82 1.07425 -0.434305 197.556 3.93712 13 147 1 0 1
2.48306 -0.447229 1040.82 0.820377 0.0188454 201.469 3.92025 13 148 1 0 1
2.80533 1.57419 1040.82 1.58773 0.524354 198.847 3.93144 13 149 1 0 1
-8.37188 0.0128042 1040.82 -2.2144 1.04898 200.472 3.92441 13 150 1 0 1
0.51563 0.662299 1102.04 0.159968 0.0184084 199.745 4.15862 13 1 1 0 1
5.87402 0.0558336 1102.04 0.63548 0.241698 200.231 4.15641 13 2 1 0 1
-0.616962 -0.477818 1102.04 -0.681088 -0.545154 198.521 4.16423 13 3 1 0 1
3.98558 -1.09841 1102.04 0.419446 -1.07689 199.784 4.15842 13 4 1 0 1
-2.40962 0.665128 1102.04 0.424167 0.206728 201.746 4.14963 13 5 1 0 1
1.02226 0.416678 1102.04 -0.0537017 -0.28117 197.773 4.16772 13 6 1 0 1
-2.56551 1.7726 1102.04 0.426639 2.18817 198.156 4.16587 13 7 1 0 1
-3.22855 1.73601 1102.04 -0.778757 0.901446 197.992 4.16668 13 8 1 0 1
0.262504 0.561483 1102.04 0.189161 -0.179664 201.277 4.15172 13 9 1 0 1
-1.19634 -0.918834 1102.04 -0.496633 -0.324562 198.564 4.16403 13 10 1 0 1
1.93934 2.09987 1102.04 0.00810712 -0.0368651 198.361 4.16498 13 11 1 0 1
4.43788 -0.819775 1102.04 0.213879 -1.22699 201.668 4.14996 13 12 1 0 1
-5.54156 0.799452 1102.04 -0.719043 1.23209 201.901 4.14893 13 13 1 0 1
5.59397 -0.473191 1102.04 0.756168 -0.175958 201.446 4.15096 13 14 1 0 1
-1.68484 -1.0268 1102.04 -1.4232 -0.442084 198.871 4.16259 13 15 1 0 1
3.4482 0.432742 1102.04 -0.0189255 0.475029 201.498 4.15073 13 16 1 0 1
2.72808 0.716712 1102.04 0.523361 1.61085 198.857 4.16265 13 17 1 0 1
-1.31956 0.226749 1102.04 -0.799438 -0.0119761 200.334 4.15594 13 18 1 0 1
-3.98067 -1.05169 1102.04 -1.01744 -0.12048 201.804 4.14937 13 19 1 0 1
-1.17715 1.6011 1102.04 -0.792977 -0.177227 199.281 4.16073 13 20 1 0 1
-6.13595 -0.464401 1102.04 -0.90062 0.538903 199.695 4.15883 13 21 1 0 1
-5.30934 -2.51106 1102.04 -1.15914 -0.320266 201.418 4.15107 13 22 1 0 1
-2.2839 0.539828 1102.04 -0.0298335 0.522912 203.449 4.14218 13 23 1 0 1
3.97875 -1.53563 1102.04 0.76462 -1.06512 199.267 4.16078 13 24 1 0 1
-0.678982 -1.16553 1102.04 0.553255 -0.0552853 201.77 4.14953 13 25 1 0 1
0.540791 0.859021 1102.04 -1.09163 -0.36665 197.39 4.1695 13 26 1 0 1
0.550852 -2.86303 1102.04 -0.0923053 -1.26794 201.977 4.14859 13 27 1 0 1
-1.9166 -0.573084 1102.04 -1.05033 -0.585734 198.953 4.16223 13 28 1 0 1
4.87677 1.79497 1102.04 0.565107 -0.0520054 198.777 4.16305 13 29 1 0 1
-1.6197 0.552077 1102.04 0.593481 0.299258 201.647 4.15007 13 30 1 0 1
-5.61366 1.33392 1102.04 -0.751811 0.872021 201.031 4.1528 13 31 1 0 1
-2.07194 -0.907686 1102.04 0.0780389 -0.943862 201.397 4.15117 13 32 1 0 1
-4.78204 1.48896 1102.04 -0.973882 -0.458806 200.485 4.15526 13 33 1 0 1
1.17226 -1.18449 1102.04 0.103613 -1.23299 201.035 4.15278 13 34 1 0 1
-4.75073 1.73224 1102.04 -0.388073 1.38612 200.454 4.15538 13 35 1 0 1
2.5635 -1.3271 1102.04 -0.0988007 -0.396531 201.036 4.15279 13 36 1 0 1
0.399544 -0.427551 1102.04 0.815312 -0.363534 198.507 4.16429 13 37 1 0 1
-1.90514 0.821559 1102.04 -0.519095 0.435882 202.029 4.14838 13 38 1 0 1
2.8497 1.82528 1102.04 0.190769 -0.232622 196.275 4.1748 13 39 1 0 1
-2.76436 1.62025 1102.04 -0.221238 -0.114954 199.983 4.15754 13 40 1 0 1
-8.77771 -0.698532 1102.04 -0.969906 -0.234567 198.616 4.16378 13 41 1 0 1
-0.310204 -1.87265 1102.04 0.105543 0.0533134 204.005 4.13979 13 42 1 0 1
1.06831 1.1055 1102.04 -0.778094 0.819616 206.327 4.12996 13 43 1 0 1
3.00294 0.852951 1102.04 1.19344 0.401376 201.383 4.15123 13 44 1 0 1
-5.05491 1.03253 1102.04 -0.568153 1.37406 202.475 4.1464 13 45 1 0 1
-2.27575 1.15796 1102.04 0.713946 -0.118627 204.252 4.13872 13 46 1 0 1
-2.09835 0.390688 1102.04 -0.448193 1.10355 200.09 4.15703 13 47 1 0 1
-1.80643 -0.516213 1102.04 -0.543664 0.507012 198.443 4.16459 13 48 1 0 1
4.63239 1.72765 1102.04 0.304814 1.9368 200.89 4.1534 13 49 1 0 1
-5.87167 -1.18634 1102.04 -0.836768 -0.77287 198.508 4.16428 13 50 1 0 1
2.9793 -0.46531 1102.04 -0.393083 -0.893523 206.658 4.12859 13 51 1 0 1
0.275397 -0.444541 1102.04 -0.2894 -0.23422 204.632 4.13711 13 52 1 0 1
-6.16831 0.690709 1102.04 -0.124501 0.285298 201.566 4.15043 13 53 1 0 1
4.67104 1.58863 1102.04 1.80527 1.56689 199.779 4.1584 13 54 1 0 1
-1.52215 -0.574673 1102.04 0.189471 1.21619 200.655 4.15449 13 55 1 0 1
-1.19128 -0.836605 1102.04 -0.685976 -0.636341 202.696 4.14544 13 56 1 0 1
0.367559 -0.0222083 1102.04 0.383564 0.476381 195.668 4.17771 13 57 1 0 1
-0.544326 -0.262967 1102.04 -0.204663 0.372022 200.743 4.1541 13 58 1 0 1
-6.63361 -0.038737 1102.04 -0.929933 0.476676 199.858 4.15809 13 59 1 0 1
4.86326 1.43501 1102.04 0.739398 -0.243507 201.885 4.14901 13 60 1 0 1
-4.17354 -1.49739 1102.04 -0.205153 -0.431936 200.623 4.15464 13 61 1 0 1
-1.80581 -1.26867 1102.04 0.145391 -1.66388 196.187 4.17519 13 62 1 0 1
-2.2378 0.374476 1102.04 -0.0970422 -0.0495776 200.781 4.15393 13 63 1 0 1
7.60927 0.382398 1102.04 1.67473 -0.782148 203.798 4.14064 13 64 1 0 1
-7.47468 -2.20997 1102.04 0.0368009 -0.438599 203.227 4.14314 13 65 1 0 1
-1.25667 -1.21598 1102.04 0.409422 -1.68031 196.21 4.17508 13 66 1 0 1
-1.31258 -0.471299 1102.04 0.200424 -0.0435387 202.747 4.14523 13 67 1 0 1
5.58383 -2.23338 1102.04 0.603865 -1.40299 200.415 4.15555 13 68 1 0 1
-0.948642 -0.481123 1102.04 0.224122 -0.535555 198.112 4.16613 13 69 1 0 1
-6.62581 -0.36923 1102.04 -1.30856 0.201226 198.427 4.16465 13 70 1 0 1
-4.79821 -0.545459 1102.04 -0.586688 -0.359353 201.232 4.15191 13 71 1 0 1
0.633766 0.827294 1102.04 -0.309891 0.0645216 201.345 4.15142 13 72 1 0 1
0.242927 0.214267 1102.04 0.473069 0.83833 198.029 4.16651 13 73 1 0 1
-3.36121 0.482758 1102.04 -0.43751 -1.52234 200.042 4.15724 13 74 1 0 1
5.89716 -1.13545 1102.04 1.00434 0.215381 199.496 4.15974 13 75 1 0 1
-1.22153 0.0514902 1102.04 0.071006 0.720575 203.572 4.14164 13 76 1 0 1
0.416672 1.0917 1102.04 0.482875 0.205098 198.63 4.16373 13 77 1 0 1
-1.68804 0.482132 1102.04 -0.604668 -0.754341 198.897 4.16249 13 78 1 0 1
-4.57479 1.30709 1102.04 -0.220101 0.202479 201.645 4.15008 13 79 1 0 1
-0.296703 -0.993374 1102.04 0.569793 -0.39102 198.151 4.16595 13 80 1 0 1
2.56745 2.1223 1102.04 0.22549 1.70257 200.34 4.15588 13 81 1 0 1
2.5128 -1.01693 1102.04 -0.189696 -0.434998 198.659 4.16359 13 82 1 0 1
-3.05689 -0.221783 1102.04 0.364197 0.338025 200.139 4.15683 13 83 1 0 1
-0.807976 -0.795897 1102.04 -0.129543 -0.950021 199.368 4.16033 13 84 1 0 1
4.85986 0.714148 1102.04 0.291949 -0.578493 198.504 4.16431 13 85 1 0 1
-0.116433 0.0840246 1102.04 0.0141058 0.0694622 196.571 4.17339 13 86 1 0 1
-3.0338 0.838339 1102.04 -0.751774 -1.15517 199.357 4.16036 13 87 1 0 1
0.142214 -3.07323 1102.04 0.0145393 -1.41804 200.967 4.15308 13 88 1 0 1
5.0656 0.630341 1102.04 2.05147 1.81722 202.119 4.1479 13 89 1 0 1
3.30475 1.49736 1102.04 0.565025 0.879765 197.793 4.16761 13 90 1 0 1
-5.33878 0.759359 1102.04 -0.219747 0.613801 200.048 4.15723 13 91 1 0 1
-5.48322 0.590919 1102.04 -0.810419 1.04121 198.85 4.1627 13 92 1 0 1
-2.71236 0.804469 1102.04 -0.567782 0.00763726 198.942 4.16229 13 93 1 0 1
0.570897 -1.39892 1102.04 -0.0149966 -1.23694 199.295 4.16066 13 94 1 0 1
4.21271 0.784581 1102.04 0.21954 0.437178 196.196 4.17518 13 95 1 0 1
-4.3589 1.52497 1102.04 0.0887909 0.519906 197.33 4.16979 13 96 1 0 1
0.325412 1.94531 1102.04 0.0063913 0.688813 202.996 4.14414 13 97 1 0 1
7.27756 -1.7488 1102.04 1.74136 -0.524841 199.214 4.161 13 98 1 0 1
-0.333679 0.26956 1102.04 -0.400302 0.171627 198.446 4.16458 13 99 1 0 1
-5.12035 -0.705994 1102.04 -0.447487 -0.225459 200.212 4.1565 13 100 1 0 1
0.611301 1.51766 1102.04 0.170286 0.758306 202.827 4.14488 13 101 1 0 1
-0.763396 0.0248724 1102.04 -0.484826 -0.784865 200.605 4.15472 13 102 1 0 1
-0.61198 -0.844949 1102.04 -0.530762 0.0445462 200.047 4.15724 13 103 1 0 1
7.30519 0.639975 1102.04 1.00759 -0.467297 200.299 4.15609 13 104 1 0 1
-3.59127 -0.254672 1102.04 -0.488031 0.974866 198.058 4.16638 13 105 1 0 1
5.43937 0.639247 1102.04 0.419586 0.111021 200.146 4.15679 13 106 1 0 1
-3.78281 0.335942 1102.04 -1.06171 0.553956 198.931 4.16233 13 107 1 0 1
6.4367 -1.03161 1102.04 0.532114 -0.968106 199.011 4.16196 13 108 1 0 1
-4.78891 -0.037668 1102.04 0.55142 -0.159277 198.857 4.16268 13 109 1 0 1
-5.14912 0.155561 1102.04 -1.20406 0.221993 199.22 4.161 13 110 1 0 1
1.66461 -0.362327 1102.04 0.911968 -1.24648 201.59 4.1503 13 111 1 0 1
4.73821 -1.55802 1102.04 -0.421168 -1.62628 198.184 4.16577 13 112 1 0 1
3.45376 0.760715 1102.04 0.260669 0.759447 202.176 4.14773 13 113 1 0 1
6.316 -2.35049 1102.04 -0.167161 -1.13856 197.169 4.17054 13 114 1 0 1
0.846844 -1.85417 1102.04 0.647788 0.482305 199.541 4.15954 13 115 1 0 1
-7.24604 -0.965679 1102.04 -0.420399 0.380383 201.276 4.15172 13 116 1 0 1
1.34189 -0.478771 1102.04 -0.823428 -0.131552 201.099 4.1525 13 117 1 0 1
1.63428 -0.401747 1102.04 0.918202 -0.229546 200.33 4.15595 13 118 1 0 1
-1.57632 1.03755 1102.04 0.0468273 -0.519478 197.784 4.16766 13 119 1 0 1
-6.78122 2.6196 1102.04 -0.806822 0.376939 200.308 4.15606 13 120 1 0 1
-5.1043 1.54849 1102.04 -1.11751 1.35662 198.942 4.16226 13 121 1 0 1
4.76249 0.387752 1102.04 1.5758 -0.14549 200.775 4.15393 13 122 1 0 1
0.989887 0.404301 1102.04 0.542998 0.856773 197.931 4.16697 13 123 1 0 1
0.780962 0.586446 1102.04 0.118153 0.752061 198.478 4.16443 13 124 1 0 1
0.140132 0.22702 1102.04 -0.238863 -0.19158 196.696 4.1728 13 125 1 0 1
1.53228 -1.84246 1102.04 0.0674464 -0.360095 200.318 4.15602 13 126 1 0 1
-4.71112 0.445133 1102.04 -0.555898 0.0310086 200.493 4.15522 13 127 1 0 1
-2.59275 -0.762751 1102.04 -0.392755 -0.043746 199.659 4.15901 13 128 1 0 1
-4.89801 -0.250884 1102.04 -0.571439 0.19046 201.573 4.1504 13 129 1 0 1
3.52745 -0.0441631 1102.04 0.0137168 0.878745 200.41 4.1556 13 130 1 0 1
-0.431613 -1.25011 1102.04 -0.214013 -0.831104 200.884 4.15346 13 131 1 0 1
3.82525 -0.113341 1102.04 -0.125886 -0.574627 200.375 4.15576 13 132 1 0 1
2.96033 -0.448716 1102.04 0.576393 -0.409457 200.246 4.15634 13 133 1 0 1
5.30525 -0.276351 1102.04 0.633834 0.677853 199.688 4.15886 13 134 1 0 1
7.35236 -0.778738 1102.04 0.641961 -0.685348 198.01 4.1666 13 135 1 0 1
3.6212 2.23825 1102.04 0.579112 1.97922 201.318 4.15149 13 136 1 0 1
1.08702 0.125701 1102.04 0.40924 -0.187383 202.188 4.14768 13 137 1 0 1
-0.238255 0.545011 1102.04 0.328865 0.364494 203.112 4.14364 13 138 1 0 1
0.984249 -0.939546 1102.04 0.681427 0.932841 200.656 4.15448 13 139 1 0 1
4.96842 0.804398 1102.04 1.32721 1.74388 201.125 4.15234 13 140 1 0 1
4.65006 -0.429088 1102.04 1.54949 -0.111118 200.858 4.15356 13 141 1 0 1
-2.86742 1.02065 1102.04 -0.391255 1.08102 200.997 4.15295 13 142 1 0 1
1.9075 -1.28693 1102.04 1.0008 -0.856443 199.177 4.16119 13 143 1 0 1
0.187843 -0.496377 1102.04 -0.510321 -0.182607 201.364 4.15133 13 144 1 0 1
-7.97107 -1.48615 1102.04 -1.87971 -0.451075 207.495 4.12512 13 145 1 0 1
4.54776 1.91647 1102.04 0.820035 0.406322 200.838 4.15367 13 146 1 0 1
5.58662 -0.729079 1102.04 0.62107 -0.409835 197.558 4.16872 13 147 1 0 1
2.69947 -0.438962 1102.04 0.60084 0.0355102 201.47 4.15086 13 148 1 0 1
3.25614 1.72636 1102.04 1.33432 0.4631 198.849 4.1627 13 149 1 0 1
-8.93796 0.332483 1102.04 -1.48481 1.04256 200.479 4.15526 13 150 1 0 1
0.557844 0.664154 1163.27 0.114884 -0.00632194 199.745 4.38965 13 1 1 0 1
5.99221 0.129279 1163.27 0.135899 0.23824 200.232 4.38732 13 2 1 0 1
-0.818204 -0.6429 1163.27 -0.621183 -0.524388 198.522 4.39557 13 3 1 0 1
4.06248 -1.42153 1163.27 0.0813693 -1.0299 199.785 4.38945 13 4 1 0 1
-2.25056 0.723951 1163.27 0.62185 0.18057 201.746 4.38017 13 5 1 0 1
0.992603 0.327426 1163.27 -0.137489 -0.294906 197.773 4.39926 13 6 1 0 1
-2.40137 2.43729 1163.27 0.633584 2.11031 198.156 4.39731 13 7 1 0 1
-3.42695 2.00433 1163.27 -0.501688 0.832329 197.993 4.39816 13 8 1 0 1
0.316432 0.503734 1163.27 0.16466 -0.199677 201.277 4.38237 13 9 1 0 1
-1.33348 -1.01348 1163.27 -0.391011 -0.288749 198.565 4.39537 13 10 1 0 1
1.91697 2.07653 1163.27 -0.152732 -0.114191 198.361 4.39636 13 11 1 0 1
4.44565 -1.18689 1163.27 -0.162813 -1.18922 201.668 4.38052 13 12 1 0 1
-5.68764 1.1678 1163.27 -0.242339 1.19502 201.902 4.37942 13 13 1 0 1
5.7511 -0.523868 1163.27 0.27563 -0.157211 201.447 4.38157 13 14 1 0 1
-2.09952 -1.15679 1163.27 -1.26497 -0.401553 198.872 4.39385 13 15 1 0 1
3.39827 0.574335 1163.27 -0.308994 0.456088 201.498 4.38133 13 16 1 0 1
2.85355 1.20763 1163.27 0.289981 1.57514 198.858 4.39391 13 17 1 0 1
-1.54592 0.221803 1163.27 -0.678737 -0.0203636 200.335 4.38682 13 18 1 0 1
-4.237 -1.08218 1163.27 -0.66875 -0.0802864 201.806 4.37989 13 19 1 0 1
-1.40464 1.53763 1163.27 -0.684797 -0.23561 199.281 4.39188 13 20 1 0 1
-6.33224 -0.296844 1163.27 -0.377102 0.553097 199.697 4.38988 13 21 1 0 1
-5.59212 -2.5939 1163.27 -0.697465 -0.224294 201.421 4.38169 13 22 1 0 1
-2.26356 0.693811 1163.27 0.164697 0.499486 203.449 4.3723 13 23 1 0 1
4.16167 -1.8535 1163.27 0.423551 -1.00209 199.269 4.39193 13 24 1 0 1
-0.503118 -1.17562 1163.27 0.603405 -0.0111945 201.769 4.38006 13 25 1 0 1
0.196715 0.740614 1163.27 -1.12224 -0.396122 197.39 4.40114 13 26 1 0 1
0.515931 -3.23031 1163.27 -0.13761 -1.15307 201.978 4.37907 13 27 1 0 1
-2.21387 -0.749723 1163.27 -0.877543 -0.561172 198.954 4.39346 13 28 1 0 1
4.98757 1.76874 1163.27 0.152822 -0.118126 198.778 4.39433 13 29 1 0 1
-1.41952 0.639617 1163.27 0.722339 0.276828 201.646 4.38063 13 30 1 0 1
-5.76969 1.59139 1163.27 -0.270645 0.817136 201.032 4.38351 13 31 1 0 1
-2.02176 -1.1889 1163.27 0.251393 -0.90445 201.397 4.38179 13 32 1 0 1
-5.01688 1.34063 1163.27 -0.560817 -0.51176 200.486 4.3861 13 33 1 0 1
1.18865 -1.55252 1163.27 0.00381624 -1.18163 201.035 4.38349 13 34 1 0 1
-4.80785 2.14492 1163.27 0.0148043 1.31359 200.455 4.38624 13 35 1 0 1
2.50068 -1.44006 1163.27 -0.312866 -0.344607 201.036 4.3835 13 36 1 0 1
0.644809 -0.537022 1163.27 0.771723 -0.345662 198.508 4.39564 13 37 1 0 1
-2.03736 0.948715 1163.27 -0.351621 0.4025 202.029 4.37884 13 38 1 0 1
2.87242 1.74245 1163.27 -0.0453793 -0.297984 196.275 4.40673 13 39 1 0 1
-2.79637 1.57588 1163.27 0.0125852 -0.174614 199.983 4.38851 13 40 1 0 1
-8.9629 -0.766717 1163.27 -0.229031 -0.207406 198.618 4.39511 13 41 1 0 1
-0.274688 -1.846 1163.27 0.130631 0.124123 204.005 4.36978 13 42 1 0 1
0.824717 1.34194 1163.27 -0.860218 0.772482 206.327 4.35941 13 43 1 0 1
3.32573 0.96988 1163.27 0.925468 0.367115 201.384 4.38185 13 44 1 0 1
-5.16118 1.44134 1163.27 -0.133223 1.32732 202.476 4.37675 13 45 1 0 1
-2.03349 1.11587 1163.27 0.899009 -0.161976 204.251 4.36865 13 46 1 0 1
-2.208 0.725488 1163.27 -0.267018 1.08271 200.091 4.38798 13 47 1 0 1
-1.95029 -0.35714 1163.27 -0.386915 0.523189 198.443 4.39596 13 48 1 0 1
4.66551 2.30694 1163.27 -0.0879288 1.86115 200.891 4.38415 13 49 1 0 1
-6.05338 -1.41749 1163.27 -0.339032 -0.724631 198.51 4.39563 13 50 1 0 1
2.82516 -0.726867 1163.27 -0.645301 -0.870524 206.658 4.35796 13 51 1 0 1
0.185651 -0.511949 1163.27 -0.309237 -0.215951 204.632 4.36695 13 52 1 0 1
-6.1269 0.773262 1163.27 0.396594 0.257755 201.566 4.38101 13 53 1 0 1
5.16204 2.05884 1163.27 1.39224 1.4989 199.783 4.38942 13 54 1 0 1
-1.44507 -0.201014 1163.27 0.314658 1.23071 200.654 4.38529 13 55 1 0 1
-1.38232 -1.02368 1163.27 -0.576292 -0.601147 202.697 4.37575 13 56 1 0 1
0.482352 0.126695 1163.27 0.348598 0.474473 195.668 4.40981 13 57 1 0 1
-0.599501 -0.14822 1163.27 -0.156383 0.379727 200.743 4.38489 13 58 1 0 1
-6.83224 0.107231 1163.27 -0.364064 0.475403 199.86 4.3891 13 59 1 0 1
5.0242 1.35312 1163.27 0.319685 -0.296047 201.886 4.37951 13 60 1 0 1
-4.18238 -1.62042 1163.27 0.147331 -0.373552 200.624 4.38545 13 61 1 0 1
-1.73749 -1.7797 1163.27 0.291556 -1.60806 196.188 4.40714 13 62 1 0 1
-2.23858 0.357251 1163.27 0.0919365 -0.0632907 200.781 4.38471 13 63 1 0 1
8.0127 0.145693 1163.27 1.00533 -0.79221 203.802 4.37068 13 64 1 0 1
-7.36783 -2.32925 1163.27 0.671035 -0.352493 203.226 4.37332 13 65 1 0 1
-1.11335 -1.73236 1163.27 0.5072 -1.62632 196.21 4.40702 13 66 1 0 1
-1.23549 -0.481733 1163.27 0.309048 -0.0255034 202.747 4.37552 13 67 1 0 1
5.69594 -2.64842 1163.27 0.128536 -1.31168 200.417 4.38642 13 68 1 0 1
-0.867515 -0.643572 1163.27 0.299775 -0.514757 198.112 4.39759 13 69 1 0 1
-6.94291 -0.305155 1163.27 -0.742463 0.213719 198.43 4.39602 13 70 1 0 1
-4.91444 -0.651473 1163.27 -0.17573 -0.336873 201.232 4.38258 13 71 1 0 1
0.531815 0.842157 1163.27 -0.359236 0.0331471 201.344 4.38205 13 72 1 0 1
0.385446 0.471738 1163.27 0.446905 0.825651 198.029 4.39799 13 73 1 0 1
-3.45146 0.0149652 1163.27 -0.150959 -1.53164 200.043 4.3882 13 74 1 0 1
6.12848 -1.063 1163.27 0.49991 0.25632 199.498 4.39084 13 75 1 0 1
-1.18461 0.267498 1163.27 0.173998 0.714513 203.572 4.37174 13 76 1 0 1
0.559533 1.14857 1163.27 0.442105 0.163564 198.63 4.39505 13 77 1 0 1
-1.85174 0.247622 1163.27 -0.456633 -0.76789 198.897 4.39374 13 78 1 0 1
-4.5827 1.36099 1163.27 0.168162 0.152262 201.645 4.38064 13 79 1 0 1
-0.117598 -1.1083 1163.27 0.587055 -0.352149 198.151 4.39739 13 80 1 0 1
2.60316 2.62952 1163.27 0.00768196 1.61372 200.341 4.38677 13 81 1 0 1
2.42238 -1.14493 1163.27 -0.395842 -0.394911 198.659 4.3949 13 82 1 0 1
-2.90677 -0.11731 1163.27 0.615158 0.344358 200.139 4.38776 13 83 1 0 1
-0.83723 -1.08255 1163.27 -0.0605766 -0.915066 199.368 4.39146 13 84 1 0 1
4.88723 0.53199 1163.27 -0.114876 -0.601582 198.504 4.39566 13 85 1 0 1
-0.110566 0.105139 1163.27 0.0234881 0.0659915 196.571 4.40525 13 86 1 0 1
-3.2248 0.479467 1163.27 -0.489431 -1.1797 199.358 4.3915 13 87 1 0 1
0.144802 -3.48688 1163.27 0.00241119 -1.29499 200.967 4.38381 13 88 1 0 1
5.61942 1.17616 1163.27 1.59741 1.78318 202.124 4.37834 13 89 1 0 1
3.43653 1.76062 1163.27 0.284665 0.81962 197.794 4.39914 13 90 1 0 1
-5.33732 0.942523 1163.27 0.22932 0.582023 200.048 4.38819 13 91 1 0 1
-5.66139 0.90752 1163.27 -0.344456 1.01341 198.852 4.39396 13 92 1 0 1
-2.85158 0.802226 1163.27 -0.335043 -0.0221977 198.943 4.39353 13 93 1 0 1
0.558992 -1.77022 1163.27 -0.062344 -1.17799 199.295 4.3918 13 94 1 0 1
4.22693 0.916271 1163.27 -0.128619 0.406031 196.196 4.40713 13 95 1 0 1
-4.2756 1.67727 1163.27 0.447047 0.460924 197.33 4.40145 13 96 1 0 1
0.32316 2.14157 1163.27 -0.0212916 0.611378 202.997 4.37437 13 97 1 0 1
7.71716 -1.89982 1163.27 1.1133 -0.457008 199.219 4.39217 13 98 1 0 1
-0.452374 0.320872 1163.27 -0.367503 0.160691 198.446 4.39595 13 99 1 0 1
-5.19098 -0.77078 1163.27 -0.0134087 -0.197862 200.213 4.38741 13 100 1 0 1
0.654647 1.73747 1163.27 0.116297 0.696682 202.827 4.37515 13 101 1 0 1
-0.900946 -0.214354 1163.27 -0.414625 -0.781317 200.605 4.38554 13 102 1 0 1
-0.765881 -0.826522 1163.27 -0.472806 0.0757563 200.047 4.3882 13 103 1 0 1
7.51822 0.49376 1163.27 0.383293 -0.488498 200.302 4.38698 13 104 1 0 1
-3.69545 0.0475628 1163.27 -0.184581 0.978697 198.058 4.39784 13 105 1 0 1
5.49745 0.669497 1163.27 -0.0406734 0.0865719 200.147 4.38773 13 106 1 0 1
-4.05969 0.504192 1163.27 -0.733678 0.53836 198.932 4.39357 13 107 1 0 1
6.51719 -1.32299 1163.27 -0.00993684 -0.924372 199.011 4.39318 13 108 1 0 1
-4.55848 -0.0863983 1163.27 0.94225 -0.156973 198.856 4.39394 13 109 1 0 1
-5.45157 0.222767 1163.27 -0.760018 0.21496 199.222 4.39216 13 110 1 0 1
1.91906 -0.738105 1163.27 0.760069 -1.22578 201.591 4.38087 13 111 1 0 1
4.54792 -2.05058 1163.27 -0.808127 -1.55952 198.184 4.3972 13 112 1 0 1
3.48808 0.985921 1163.27 -0.03443 0.726487 202.176 4.37816 13 113 1 0 1
6.18336 -2.68996 1163.27 -0.685351 -1.0458 197.169 4.40224 13 114 1 0 1
1.0339 -1.69589 1163.27 0.56888 0.548425 199.541 4.39063 13 115 1 0 1
-7.28049 -0.844686 1163.27 0.194377 0.414395 201.276 4.38237 13 116 1 0 1
1.07507 -0.516015 1163.27 -0.925624 -0.11288 201.098 4.3832 13 117 1 0 1
1.89275 -0.469475 1163.27 0.769639 -0.213256 200.331 4.38684 13 118 1 0 1
-1.54168 0.871134 1163.27 0.176495 -0.554714 197.784 4.3992 13 119 1 0 1
-6.93985 2.71965 1163.27 -0.228927 0.277116 200.31 4.38695 13 120 1 0 1
-5.38131 1.95637 1163.27 -0.678906 1.29155 198.944 4.3935 13 121 1 0 1
5.17991 0.341259 1163.27 1.15609 -0.159154 200.778 4.38471 13 122 1 0 1
1.14444 0.66651 1163.27 0.454173 0.836992 197.932 4.39846 13 123 1 0 1
0.807243 0.814649 1163.27 0.0518735 0.726105 198.478 4.39579 13 124 1 0 1
0.0643045 0.166206 1163.27 -0.247318 -0.198799 196.696 4.40462 13 125 1 0 1
1.53316 -1.9418 1163.27 -0.0616685 -0.289339 200.318 4.38691 13 126 1 0 1
-4.81976 0.452045 1163.27 -0.154111 0.0142189 200.494 4.38607 13 127 1 0 1
-2.67944 -0.771789 1163.27 -0.171423 -0.0151484 199.659 4.39006 13 128 1 0 1
-5.00805 -0.191714 1163.27 -0.151586 0.198788 201.574 4.38097 13 129 1 0 1
3.48641 0.224032 1163.27 -0.281839 0.87538 200.41 4.38646 13 130 1 0 1
-0.491027 -1.4958 1163.27 -0.175042 -0.779618 200.884 4.38421 13 131 1 0 1
3.73791 -0.287938 1163.27 -0.444533 -0.567121 200.374 4.38663 13 132 1 0 1
3.09786 -0.571108 1163.27 0.321318 -0.390397 200.247 4.38725 13 133 1 0 1
5.43075 -0.0673401 1163.27 0.18306 0.684262 199.689 4.38991 13 134 1 0 1
7.45576 -0.985802 1163.27 0.0254354 -0.652739 198.011 4.39808 13 135 1 0 1
3.75014 2.82625 1163.27 0.267087 1.88407 201.32 4.38212 13 136 1 0 1
1.19648 0.0683501 1163.27 0.312162 -0.191045 202.188 4.37811 13 137 1 0 1
-0.136494 0.651564 1163.27 0.344869 0.341809 203.112 4.37384 13 138 1 0 1
1.17866 -0.650099 1163.27 0.590172 0.962614 200.656 4.38528 13 139 1 0 1
5.30703 1.32966 1163.27 0.892686 1.70384 201.128 4.38303 13 140 1 0 1
5.06074 -0.460446 1163.27 1.13939 -0.0944425 200.861 4.38431 13 141 1 0 1
-2.94933 1.34349 1163.27 -0.145426 1.03666 200.998 4.38367 13 142 1 0 1
2.18937 -1.54235 1163.27 0.829233 -0.803848 199.178 4.39237 13 143 1 0 1
0.0309355 -0.548962 1163.27 -0.519584 -0.16296 201.364 4.38196 13 144 1 0 1
-8.42116 -1.61051 1163.27 -1.16457 -0.391111 207.5 4.35429 13 145 1 0 1
4.73838 2.02917 1163.27 0.427894 0.332359 200.84 4.38443 13 146 1 0 1
5.70666 -0.851689 1163.27 0.151957 -0.380688 197.559 4.40031 13 147 1 0 1
2.84668 -0.425688 1163.27 0.365897 0.0517701 201.47 4.38146 13 148 1 0 1
3.62347 1.85882 1163.27 1.04669 0.396562 198.851 4.39396 13 149 1 0 1
-9.2749 0.648369 1163.27 -0.717094 1.02422 200.483 4.38611 13 150 1 0 1
0.585756 0.658431 1224.49 0.0668535 -0.0309802 199.745 4.62069 13 1 1 0 1
5.95678 0.201249 1224.49 -0.367169 0.232062 200.231 4.61823 13 2 1 0 1
-0.998471 -0.800648 1224.49 -0.545352 -0.49764 198.522 4.62692 13 3 1 0 1
4.03524 -1.72843 1224.49 -0.258795 -0.971159 199.785 4.62047 13 4 1 0 1
-2.0338 0.774516 1224.49 0.803589 0.152353 201.745 4.6107 13 5 1 0 1
0.9375 0.234438 1224.49 -0.217751 -0.305278 197.773 4.63079 13 6 1 0 1
-2.17567 3.07417 1224.49 0.824288 2.00837 198.156 4.62875 13 7 1 0 1
-3.53749 2.24978 1224.49 -0.211755 0.753714 197.994 4.62964 13 8 1 0 1
0.362248 0.440239 1224.49 0.135937 -0.217411 201.277 4.61302 13 9 1 0 1
-1.43643 -1.09656 1224.49 -0.275366 -0.249642 198.565 4.6267 13 10 1 0 1
1.84546 2.02951 1224.49 -0.309656 -0.190213 198.361 4.62775 13 11 1 0 1
4.33945 -1.54047 1224.49 -0.53533 -1.13788 201.668 4.61107 13 12 1 0 1
-5.6879 1.52283 1224.49 0.240583 1.14432 201.902 4.60992 13 13 1 0 1
5.7608 -0.568569 1224.49 -0.211979 -0.13667 201.447 4.61218 13 14 1 0 1
-2.46038 -1.27358 1224.49 -1.0743 -0.356442 198.873 4.62511 13 15 1 0 1
3.26123 0.709376 1224.49 -0.59114 0.431943 201.497 4.61192 13 16 1 0 1
2.90587 1.68478 1224.49 0.0491648 1.52146 198.859 4.62517 13 17 1 0 1
-1.73265 0.214326 1224.49 -0.540635 -0.0285189 200.335 4.61771 13 18 1 0 1
-4.38471 -1.10031 1224.49 -0.302912 -0.0391764 201.807 4.61041 13 19 1 0 1
-1.59612 1.45661 1224.49 -0.559062 -0.291306 199.281 4.62303 13 20 1 0 1
-6.36619 -0.125901 1224.49 0.156092 0.560977 199.697 4.62092 13 21 1 0 1
-5.73153 -2.64716 1224.49 -0.217894 -0.125761 201.422 4.6123 13 22 1 0 1
-2.1852 0.839879 1224.49 0.355005 0.470361 203.449 4.60242 13 23 1 0 1
4.23791 -2.15023 1224.49 0.0716182 -0.927623 199.269 4.62309 13 24 1 0 1
-0.314357 -1.17231 1224.49 0.638086 0.033024 201.769 4.61058 13 25 1 0 1
-0.152403 0.613758 1224.49 -1.12408 -0.421075 197.39 4.63278 13 26 1 0 1
0.467783 -3.56075 1224.49 -0.179388 -1.02505 201.979 4.60955 13 27 1 0 1
-2.45438 -0.917808 1224.49 -0.682261 -0.530208 198.955 4.62469 13 28 1 0 1
4.9705 1.72234 1224.49 -0.263382 -0.182898 198.778 4.62561 13 29 1 0 1
-1.18294 0.71986 1224.49 0.832679 0.25124 201.646 4.61119 13 30 1 0 1
-5.7778 1.8307 1224.49 0.217464 0.752925 201.032 4.61422 13 31 1 0 1
-1.91975 -1.45654 1224.49 0.418302 -0.85472 201.397 4.61241 13 32 1 0 1
-5.1231 1.177 1224.49 -0.133368 -0.558875 200.487 4.61695 13 33 1 0 1
1.17457 -1.90285 1224.49 -0.0960784 -1.11679 201.036 4.6142 13 34 1 0 1
-4.74172 2.53313 1224.49 0.417303 1.22606 200.455 4.61709 13 35 1 0 1
2.37375 -1.53659 1224.49 -0.518909 -0.288751 201.036 4.61421 13 36 1 0 1
0.873543 -0.640366 1224.49 0.70835 -0.323847 198.508 4.62699 13 37 1 0 1
-2.11735 1.06505 1224.49 -0.175131 0.364527 202.03 4.60931 13 38 1 0 1
2.82151 1.63973 1224.49 -0.280364 -0.359945 196.275 4.63867 13 39 1 0 1
-2.75668 1.51353 1224.49 0.246085 -0.232281 199.983 4.61948 13 40 1 0 1
-8.91831 -0.826155 1224.49 0.517726 -0.177876 198.618 4.62643 13 41 1 0 1
-0.232131 -1.79829 1224.49 0.152371 0.193516 204.005 4.59976 13 42 1 0 1
0.55998 1.56307 1224.49 -0.92029 0.716536 206.327 4.58885 13 43 1 0 1
3.56326 1.07575 1224.49 0.633766 0.328665 201.385 4.61248 13 44 1 0 1
-5.13514 1.83371 1224.49 0.305126 1.26542 202.476 4.60711 13 45 1 0 1
-1.73909 1.06104 1224.49 1.06102 -0.203477 204.25 4.59858 13 46 1 0 1
-2.26105 1.05201 1224.49 -0.0789976 1.04952 200.091 4.61893 13 47 1 0 1
-2.04415 -0.193994 1224.49 -0.220245 0.533398 198.444 4.62732 13 48 1 0 1
4.57902 2.85992 1224.49 -0.478419 1.76427 200.891 4.61489 13 49 1 0 1
-6.0799 -1.63247 1224.49 0.167403 -0.66812 198.51 4.62698 13 50 1 0 1
2.59858 -0.980133 1224.49 -0.880973 -0.837594 206.657 4.58733 13 51 1 0 1
0.0911451 -0.573518 1224.49 -0.321147 -0.195218 204.632 4.59678 13 52 1 0 1
-5.92841 0.846994 1224.49 0.907514 0.22727 201.564 4.61159 13 53 1 0 1
5.52071 2.50557 1224.49 0.943509 1.41381 199.786 4.62044 13 54 1 0 1
-1.33095 0.174938 1224.49 0.431779 1.2312 200.654 4.6161 13 55 1 0 1
-1.53793 -1.19907 1224.49 -0.451832 -0.559095 202.697 4.60605 13 56 1 0 1
0.584779 0.274153 1224.49 0.304694 0.467153 195.668 4.6419 13 57 1 0 1
-0.639308 -0.0317825 1224.49 -0.104094 0.3831 200.743 4.61567 13 58 1 0 1
-6.85571 0.251976 1224.49 0.211148 0.468702 199.86 4.6201 13 59 1 0 1
5.05633 1.25579 1224.49 -0.108227 -0.345209 201.887 4.61001 13 60 1 0 1
-4.084 -1.72495 1224.49 0.496037 -0.310906 200.623 4.61627 13 61 1 0 1
-1.62462 -2.27042 1224.49 0.430247 -1.5339 196.188 4.6391 13 62 1 0 1
-2.18197 0.335951 1224.49 0.278558 -0.0762817 200.781 4.61548 13 63 1 0 1
8.21072 -0.092674 1224.49 0.310129 -0.793227 203.805 4.60071 13 64 1 0 1
-7.07209 -2.42196 1224.49 1.28805 -0.262364 203.223 4.60349 13 65 1 0 1
-0.941496 -2.22898 1224.49 0.591976 -1.55377 196.211 4.63897 13 66 1 0 1
-1.12673 -0.486672 1224.49 0.40975 -0.00717708 202.747 4.60581 13 67 1 0 1
5.66203 -3.03325 1224.49 -0.350094 -1.20539 200.417 4.61728 13 68 1 0 1
-0.764149 -0.79868 1224.49 0.367743 -0.488088 198.112 4.62904 13 69 1 0 1
-7.08202 -0.237598 1224.49 -0.157308 0.223773 198.431 4.62739 13 70 1 0 1
-4.90469 -0.750055 1224.49 0.239735 -0.310548 201.232 4.61324 13 71 1 0 1
0.416229 0.847414 1224.49 -0.399372 0.00139448 201.344 4.61268 13 72 1 0 1
0.518084 0.723828 1224.49 0.409284 0.803553 198.029 4.62946 13 73 1 0 1
-3.45322 -0.452998 1224.49 0.139463 -1.52346 200.043 4.61915 13 74 1 0 1
6.20268 -0.978426 1224.49 -0.0173474 0.294335 199.499 4.62193 13 75 1 0 1
-1.11732 0.480454 1224.49 0.272529 0.700301 203.572 4.60183 13 76 1 0 1
0.68805 1.19234 1224.49 0.39 0.120164 198.63 4.62637 13 77 1 0 1
-1.96796 0.0102871 1224.49 -0.29689 -0.772679 198.897 4.62499 13 78 1 0 1
-4.47311 1.39937 1224.49 0.552113 0.100308 201.644 4.6112 13 79 1 0 1
0.0645208 -1.21057 1224.49 0.589266 -0.309262 198.151 4.62883 13 80 1 0 1
2.57213 3.10674 1224.49 -0.210325 1.50646 200.342 4.61765 13 81 1 0 1
2.26986 -1.25988 1224.49 -0.591839 -0.350319 198.659 4.62622 13 82 1 0 1
-2.68214 -0.011498 1224.49 0.850345 0.346763 200.138 4.61869 13 83 1 0 1
-0.845022 -1.35685 1224.49 0.00994304 -0.869673 199.368 4.62259 13 84 1 0 1
4.7893 0.343763 1224.49 -0.518755 -0.617806 198.503 4.62701 13 85 1 0 1
-0.101864 0.125054 1224.49 0.0322681 0.061768 196.571 4.6371 13 86 1 0 1
-3.33313 0.115125 1224.49 -0.214538 -1.19077 199.358 4.62263 13 87 1 0 1
0.143677 -3.86076 1224.49 -0.00977884 -1.15716 200.968 4.61453 13 88 1 0 1
6.02918 1.70856 1224.49 1.10237 1.72879 202.128 4.60878 13 89 1 0 1
3.48022 2.0038 1224.49 -0.0029953 0.750123 197.795 4.63068 13 90 1 0 1
-5.19902 1.11494 1224.49 0.672506 0.543603 200.048 4.61915 13 91 1 0 1
-5.69442 1.21377 1224.49 0.130344 0.974038 198.852 4.62522 13 92 1 0 1
-2.91769 0.790832 1224.49 -0.0937121 -0.0517794 198.943 4.62476 13 93 1 0 1
0.532756 -2.12132 1224.49 -0.108093 -1.10561 199.295 4.62295 13 94 1 0 1
4.13278 1.03751 1224.49 -0.47348 0.370251 196.196 4.63908 13 95 1 0 1
-4.08268 1.81044 1224.49 0.793839 0.396683 197.329 4.6331 13 96 1 0 1
0.312624 2.3134 1224.49 -0.0484287 0.526967 202.997 4.6046 13 97 1 0 1
7.95892 -2.02916 1224.49 0.456655 -0.383954 199.222 4.62334 13 98 1 0 1
-0.559473 0.368524 1224.49 -0.325283 0.147921 198.446 4.62731 13 99 1 0 1
-5.12852 -0.826775 1224.49 0.421014 -0.168007 200.212 4.61833 13 100 1 0 1
0.68121 1.93746 1224.49 0.0593266 0.62711 202.827 4.60542 13 101 1 0 1
-1.0154 -0.451136 1224.49 -0.333794 -0.768857 200.605 4.61635 13 102 1 0 1
-0.900147 -0.798666 1224.49 -0.402729 0.106102 200.047 4.61916 13 103 1 0 1
7.5385 0.341912 1224.49 -0.250837 -0.504122 200.302 4.61788 13 104 1 0 1
-3.7049 0.349255 1224.49 0.123602 0.971362 198.058 4.62931 13 105 1 0 1
5.41459 0.692111 1224.49 -0.499889 0.0611348 200.146 4.61866 13 106 1 0 1
-4.23248 0.666689 1224.49 -0.386834 0.516622 198.933 4.62481 13 107 1 0 1
6.43061 -1.59928 1224.49 -0.551734 -0.870088 199.011 4.6244 13 108 1 0 1
-4.21118 -0.134143 1224.49 1.30892 -0.152878 198.854 4.6252 13 109 1 0 1
-5.61425 0.287432 1224.49 -0.296482 0.205474 199.224 4.62333 13 110 1 0 1
2.12431 -1.10546 1224.49 0.588684 -1.19109 201.592 4.61144 13 111 1 0 1
4.24104 -2.51975 1224.49 -1.17436 -1.47497 198.183 4.62863 13 112 1 0 1
3.43299 1.19988 1224.49 -0.328646 0.685239 202.176 4.60859 13 113 1 0 1
5.8922 -2.99874 1224.49 -1.18596 -0.941098 197.167 4.63393 13 114 1 0 1
1.19445 -1.51826 1224.49 0.475387 0.608288 199.541 4.62171 13 115 1 0 1
-7.12829 -0.714056 1224.49 0.804164 0.443675 201.274 4.61302 13 116 1 0 1
0.780686 -0.547373 1224.49 -1.00409 -0.0929193 201.098 4.61389 13 117 1 0 1
2.10269 -0.531848 1224.49 0.601344 -0.194533 200.332 4.61773 13 118 1 0 1
-1.46752 0.694778 1224.49 0.301637 -0.583622 197.783 4.63074 13 119 1 0 1
-6.92057 2.78868 1224.49 0.354843 0.174128 200.31 4.61784 13 120 1 0 1
-5.52037 2.34193 1224.49 -0.222884 1.21175 198.946 4.62473 13 121 1 0 1
5.46454 0.290873 1224.49 0.706728 -0.171002 200.78 4.61548 13 122 1 0 1
1.26966 0.921115 1224.49 0.353704 0.807662 197.932 4.62996 13 123 1 0 1
0.812828 1.03356 1224.49 -0.0157364 0.691866 198.478 4.62714 13 124 1 0 1
-0.0131721 0.103497 1224.49 -0.249433 -0.203751 196.696 4.63644 13 125 1 0 1
1.49474 -2.01899 1224.49 -0.189203 -0.215282 200.318 4.6178 13 126 1 0 1
-4.80484 0.453801 1224.49 0.25163 -0.002733 200.494 4.61692 13 127 1 0 1
-2.69744 -0.772024 1224.49 0.0543032 0.0136221 199.659 4.62112 13 128 1 0 1
-4.9897 -0.130357 1224.49 0.272155 0.204848 201.574 4.61155 13 129 1 0 1
3.35599 0.489671 1224.49 -0.570168 0.862027 200.409 4.61733 13 130 1 0 1
-0.537853 -1.72442 1224.49 -0.131584 -0.719239 200.885 4.61496 13 131 1 0 1
3.55475 -0.45925 1224.49 -0.751779 -0.553144 200.374 4.61751 13 132 1 0 1
3.15597 -0.686986 1224.49 0.0580028 -0.366883 200.247 4.61815 13 133 1 0 1
5.41702 0.142439 1224.49 -0.272409 0.682862 199.689 4.62096 13 134 1 0 1
7.36802 -1.18162 1224.49 -0.591743 -0.612678 198.011 4.62956 13 135 1 0 1
3.78295 3.38202 1224.49 -0.0517911 1.76742 201.321 4.61276 13 136 1 0 1
1.27526 0.0102199 1224.49 0.207082 -0.192528 202.188 4.60854 13 137 1 0 1
-0.0312344 0.750684 1224.49 0.352032 0.315225 203.112 4.60405 13 138 1 0 1
1.34286 -0.353236 1224.49 0.483788 0.981407 200.657 4.61609 13 139 1 0 1
5.50958 1.83974 1224.49 0.435258 1.64436 201.13 4.61371 13 140 1 0 1
5.34169 -0.486552 1224.49 0.700064 -0.0766887 200.863 4.61507 13 141 1 0 1
-2.95563 1.65099 1224.49 0.104132 0.980487 200.998 4.61439 13 142 1 0 1
2.41511 -1.78017 1224.49 0.636401 -0.742082 199.179 4.62355 13 143 1 0 1
-0.126765 -0.595285 1224.49 -0.515527 -0.141454 201.364 4.61259 13 144 1 0 1
-8.65536 -1.71651 1224.49 -0.419532 -0.326678 207.503 4.58347 13 145 1 0 1
4.80753 2.11872 1224.49 0.0247773 0.254602 200.84 4.61519 13 146 1 0 1
5.6804 -0.964584 1224.49 -0.321055 -0.347195 197.559 4.63191 13 147 1 0 1
2.9209 -0.407557 1224.49 0.121572 0.0674394 201.47 4.61206 13 148 1 0 1
3.89791 1.97009 1224.49 0.732216 0.325498 198.852 4.62522 13 149 1 0 1
-9.37407 0.956859 1224.49 0.0690388 0.994193 200.484 4.61695 13 150 1 0 1
0.598651 0.645198 1285.71 0.0171096 -0.0552851 199.745 4.85172 13 1 1 0 1
5.76863 0.270923 1285.71 -0.860818 0.223236 200.23 4.84914 13 2 1 0 1
-1.15314 -0.949262 1285.71 -0.45554 -0.465215 198.522 4.85826 13 3 1 0 1
3.90454 -2.01562 1285.71 -0.592324 -0.901339 199.784 4.8515 13 4 1 0 1
-1.76491 0.816246 1285.71 0.964725 0.122397 201.744 4.84124 13 5 1 0 1
0.858362 0.138776 1285.71 -0.292431 -0.312167 197.773 4.86233 13 6 1 0 1
-1.89419 3.67598 1285.71 0.993862 1.88353 198.157 4.86019 13 7 1 0 1
-3.55735 2.46957 1285.71 0.0836101 0.666499 197.994 4.86112 13 8 1 0 1
0.398777 0.371721 1285.71 0.10373 -0.232665 201.277 4.84367 13 9 1 0 1
-1.50256 -1.16713 1285.71 -0.15266 -0.207687 198.565 4.85804 13 10 1 0 1
1.72664 1.95934 1285.71 -0.458641 -0.264065 198.361 4.85914 13 11 1 0 1
4.122 -1.87648 1285.71 -0.89412 -1.07356 201.667 4.84162 13 12 1 0 1
-5.54235 1.86048 1285.71 0.717335 1.08055 201.902 4.84042 13 13 1 0 1
5.6228 -0.606785 1285.71 -0.69415 -0.11457 201.446 4.84279 13 14 1 0 1
-2.75815 -1.37584 1285.71 -0.856087 -0.307263 198.874 4.85636 13 15 1 0 1
3.04058 0.836326 1285.71 -0.858127 0.402871 201.496 4.84252 13 16 1 0 1
2.8837 2.1427 1285.71 -0.192913 1.45042 198.859 4.85642 13 17 1 0 1
-1.87496 0.204404 1285.71 -0.388672 -0.0363488 200.336 4.84859 13 18 1 0 1
-4.42001 -1.1059 1285.71 0.0706945 0.00238079 201.807 4.84093 13 19 1 0 1
-1.74669 1.35897 1285.71 -0.418993 -0.343678 199.282 4.85419 13 20 1 0 1
-6.23694 0.0464779 1285.71 0.685281 0.562455 199.696 4.85197 13 21 1 0 1
-5.72401 -2.67021 1285.71 0.267268 -0.0257918 201.422 4.84292 13 22 1 0 1
-2.05081 0.976367 1285.71 0.536212 0.43587 203.449 4.83254 13 23 1 0 1
4.20549 -2.42243 1285.71 -0.282152 -0.842574 199.27 4.85424 13 24 1 0 1
-0.117536 -1.15562 1285.71 0.656408 0.0768657 201.769 4.84111 13 25 1 0 1
-0.497615 0.479901 1285.71 -1.0971 -0.441225 197.39 4.86442 13 26 1 0 1
0.407642 -3.85056 1285.71 -0.216567 -0.88533 201.979 4.84003 13 27 1 0 1
-2.63198 -1.07542 1285.71 -0.469485 -0.493195 198.956 4.85593 13 28 1 0 1
4.82602 1.65629 1285.71 -0.672831 -0.245583 198.777 4.85689 13 29 1 0 1
-0.916036 0.791892 1285.71 0.921671 0.222786 201.646 4.84175 13 30 1 0 1
-5.6378 2.04912 1285.71 0.699996 0.680121 201.032 4.84494 13 31 1 0 1
-1.76852 -1.70757 1285.71 0.574486 -0.79524 201.397 4.84303 13 32 1 0 1
-5.09798 0.999938 1285.71 0.297501 -0.599611 200.486 4.8478 13 33 1 0 1
1.13038 -2.23146 1285.71 -0.19351 -1.03922 201.036 4.84491 13 34 1 0 1
-4.55403 2.89244 1285.71 0.809102 1.12454 200.455 4.84794 13 35 1 0 1
2.18597 -1.6156 1285.71 -0.711648 -0.229601 201.035 4.84492 13 36 1 0 1
1.07988 -0.736406 1285.71 0.626817 -0.298338 198.508 4.85834 13 37 1 0 1
-2.14305 1.16923 1285.71 0.00584797 0.322395 202.03 4.83978 13 38 1 0 1
2.69826 1.51832 1285.71 -0.50816 -0.4178 196.274 4.8706 13 39 1 0 1
-2.64633 1.43392 1285.71 0.473276 -0.287298 199.982 4.85046 13 40 1 0 1
-8.64508 -0.876169 1285.71 1.25119 -0.146314 198.615 4.85775 13 41 1 0 1
-0.183622 -1.73007 1285.71 0.170205 0.260701 204.005 4.82975 13 42 1 0 1
0.280887 1.76638 1285.71 -0.95677 0.652416 206.327 4.81829 13 43 1 0 1
3.70943 1.16934 1285.71 0.325813 0.286465 201.386 4.8431 13 44 1 0 1
-4.97744 2.20516 1285.71 0.73565 1.18909 202.476 4.83747 13 45 1 0 1
-1.40012 0.994113 1285.71 1.19584 -0.242657 204.249 4.82851 13 46 1 0 1
-2.25614 1.36653 1285.71 0.111049 1.00435 200.091 4.84987 13 47 1 0 1
-2.08561 -0.0286345 1285.71 -0.0479293 0.537522 198.444 4.85869 13 48 1 0 1
4.37515 3.38027 1285.71 -0.856643 1.64726 200.891 4.84564 13 49 1 0 1
-5.95056 -1.82883 1285.71 0.669545 -0.603984 198.509 4.85833 13 50 1 0 1
2.30539 -1.22222 1285.71 -1.09406 -0.79511 206.656 4.81669 13 51 1 0 1
-0.00569721 -0.628543 1285.71 -0.324823 -0.172259 204.632 4.82662 13 52 1 0 1
-5.57795 0.911064 1285.71 1.39515 0.194191 201.561 4.84217 13 53 1 0 1
5.73784 2.92372 1285.71 0.470568 1.31258 199.789 4.85146 13 54 1 0 1
-1.18271 0.548895 1285.71 0.53783 1.21764 200.654 4.8469 13 55 1 0 1
-1.65411 -1.36078 1285.71 -0.315789 -0.510665 202.698 4.83635 13 56 1 0 1
0.672214 0.418483 1285.71 0.252979 0.454503 195.668 4.874 13 57 1 0 1
-0.662725 0.0850178 1285.71 -0.0491369 0.382102 200.743 4.84645 13 58 1 0 1
-6.70343 0.393847 1285.71 0.780941 0.456652 199.858 4.85111 13 59 1 0 1
4.95884 1.14414 1285.71 -0.533362 -0.390432 201.886 4.84051 13 60 1 0 1
-3.88092 -1.80981 1285.71 0.832022 -0.244713 200.622 4.84708 13 61 1 0 1
-1.4701 -2.73524 1285.71 0.557909 -1.44224 196.188 4.87105 13 62 1 0 1
-2.06942 0.310818 1285.71 0.458038 -0.0884025 200.781 4.84626 13 63 1 0 1
8.19824 -0.329984 1285.71 -0.393038 -0.785187 203.804 4.83075 13 64 1 0 1
-6.59505 -2.48703 1285.71 1.87201 -0.169244 203.219 4.83367 13 65 1 0 1
-0.745501 -2.70018 1285.71 0.661576 -1.4635 196.211 4.87092 13 66 1 0 1
-0.98908 -0.486059 1285.71 0.499946 0.0112311 202.746 4.83611 13 67 1 0 1
5.48296 -3.38348 1285.71 -0.819746 -1.08535 200.417 4.84815 13 68 1 0 1
-0.641192 -0.944676 1285.71 0.426284 -0.45585 198.111 4.86049 13 69 1 0 1
-7.03957 -0.16733 1285.71 0.431882 0.231272 198.431 4.85876 13 70 1 0 1
-4.76919 -0.84008 1285.71 0.649051 -0.28068 201.232 4.8439 13 71 1 0 1
0.289972 0.843004 1285.71 -0.429269 -0.030374 201.344 4.84332 13 72 1 0 1
0.63744 0.967661 1285.71 0.36117 0.772289 198.029 4.86093 13 73 1 0 1
-3.36645 -0.915794 1285.71 0.426309 -1.4979 200.042 4.85011 13 74 1 0 1
6.11788 -0.882689 1285.71 -0.53416 0.328989 199.498 4.85303 13 75 1 0 1
-1.02138 0.687929 1285.71 0.364073 0.6781 203.572 4.83192 13 76 1 0 1
0.798927 1.2225 1285.71 0.327897 0.0753929 198.63 4.85768 13 77 1 0 1
-2.03374 -0.227165 1285.71 -0.129536 -0.768654 198.898 4.85624 13 78 1 0 1
-4.24886 1.42179 1285.71 0.921904 0.0472101 201.643 4.84176 13 79 1 0 1
0.244986 -1.29904 1285.71 0.576371 -0.262846 198.151 4.86027 13 80 1 0 1
2.47516 3.54851 1285.71 -0.422941 1.38201 200.343 4.84853 13 81 1 0 1
2.05915 -1.36045 1285.71 -0.772663 -0.30173 198.658 4.85753 13 82 1 0 1
-2.38874 0.0944447 1285.71 1.06373 0.345212 200.137 4.84963 13 83 1 0 1
-0.83115 -1.61567 1285.71 0.0802079 -0.814359 199.368 4.85372 13 84 1 0 1
4.5686 0.151614 1285.71 -0.909329 -0.62698 198.502 4.85836 13 85 1 0 1
-0.090551 0.143543 1285.71 0.040221 0.0568398 196.571 4.86896 13 86 1 0 1
-3.35601 -0.25053 1285.71 0.0658556 -1.18825 199.359 4.85376 13 87 1 0 1
0.138869 -4.1906 1285.71 -0.0217183 -1.00614 200.969 4.84526 13 88 1 0 1
6.28438 2.22146 1285.71 0.57905 1.65466 202.13 4.83922 13 89 1 0 1
3.43469 2.22411 1285.71 -0.290579 0.672068 197.795 4.86221 13 90 1 0 1
-4.92744 1.27463 1285.71 1.09844 0.49898 200.046 4.85011 13 91 1 0 1
-5.58147 1.50617 1285.71 0.601802 0.923551 198.851 4.85648 13 92 1 0 1
-2.90901 0.770417 1285.71 0.150021 -0.0807705 198.943 4.856 13 93 1 0 1
0.492862 -2.44822 1285.71 -0.151072 -1.02061 199.296 4.8541 13 94 1 0 1
3.93268 1.14691 1285.71 -0.806199 0.330246 196.195 4.87104 13 95 1 0 1
-3.7851 1.92296 1285.71 1.12027 0.327917 197.328 4.86476 13 96 1 0 1
0.294073 2.45884 1285.71 -0.0743243 0.436546 202.997 4.83483 13 97 1 0 1
7.99664 -2.13536 1285.71 -0.211709 -0.306515 199.222 4.8545 13 98 1 0 1
-0.652228 0.411972 1285.71 -0.274724 0.133464 198.446 4.85868 13 99 1 0 1
-4.93459 -0.873337 1285.71 0.844638 -0.136235 200.211 4.84924 13 100 1 0 1
0.69031 2.11534 1285.71 0.000835201 0.550385 202.827 4.83569 13 101 1 0 1
-1.10382 -0.682771 1285.71 -0.244406 -0.747626 200.605 4.84717 13 102 1 0 1
-1.01134 -0.7617 1285.71 -0.322327 0.135238 200.047 4.85012 13 103 1 0 1
7.36553 0.186165 1285.71 -0.878529 -0.51399 200.3 4.84877 13 104 1 0 1
-3.61936 0.646963 1285.71 0.428615 0.952943 198.058 4.86077 13 105 1 0 1
5.19292 0.706828 1285.71 -0.946282 0.0350003 200.145 4.84959 13 106 1 0 1
-4.29677 0.821582 1285.71 -0.0300687 0.488988 198.934 4.85605 13 107 1 0 1
6.17917 -1.85732 1285.71 -1.07938 -0.805872 199.009 4.85562 13 108 1 0 1
-3.75593 -0.180357 1285.71 1.64201 -0.147039 198.851 4.85646 13 109 1 0 1
-5.63301 0.348818 1285.71 0.17466 0.193643 199.224 4.8545 13 110 1 0 1
2.2751 -1.46021 1285.71 0.402206 -1.14282 201.593 4.84201 13 111 1 0 1
3.82543 -2.96017 1285.71 -1.51049 -1.37359 198.181 4.86006 13 112 1 0 1
3.28989 1.40015 1285.71 -0.614435 0.636172 202.175 4.83902 13 113 1 0 1
5.44998 -3.27331 1285.71 -1.65615 -0.825659 197.164 4.86563 13 114 1 0 1
1.32437 -1.32332 1285.71 0.369707 0.661213 199.541 4.8528 13 115 1 0 1
-6.79335 -0.575281 1285.71 1.39331 0.46789 201.271 4.84367 13 116 1 0 1
0.46629 -0.572486 1285.71 -1.05682 -0.0718991 201.098 4.84459 13 117 1 0 1
2.25874 -0.588154 1285.71 0.417631 -0.173591 200.332 4.84861 13 118 1 0 1
-1.35574 0.510497 1285.71 0.419046 -0.605871 197.783 4.86228 13 119 1 0 1
-6.72386 2.82589 1285.71 0.929508 0.0691536 200.308 4.84873 13 120 1 0 1
-5.51791 2.70077 1285.71 0.238859 1.11811 198.946 4.85597 13 121 1 0 1
5.60908 0.237169 1285.71 0.239238 -0.180899 200.781 4.84626 13 122 1 0 1
1.36232 1.16521 1285.71 0.244167 0.769119 197.932 4.86146 13 123 1 0 1
0.797576 1.24068 1285.71 -0.0829429 0.649735 198.478 4.8585 13 124 1 0 1
-0.0903109 0.0396064 1285.71 -0.245153 -0.206378 196.696 4.86826 13 125 1 0 1
1.418 -2.07315 1285.71 -0.311886 -0.138769 200.318 4.84869 13 126 1 0 1
-4.66674 0.450379 1285.71 0.650916 -0.0196537 200.493 4.84776 13 127 1 0 1
-2.64628 -0.763451 1285.71 0.278637 0.0422372 199.659 4.85218 13 128 1 0 1
-4.84343 -0.0675129 1285.71 0.688915 0.208569 201.573 4.84213 13 129 1 0 1
3.13953 0.749724 1285.71 -0.843877 0.838839 200.408 4.84819 13 130 1 0 1
-0.570891 -1.93337 1285.71 -0.0847521 -0.650654 200.885 4.84571 13 131 1 0 1
3.28046 -0.625323 1285.71 -1.03975 -0.532856 200.372 4.84839 13 132 1 0 1
3.13318 -0.795026 1285.71 -0.206799 -0.339183 200.247 4.84906 13 133 1 0 1
5.26442 0.350593 1285.71 -0.720891 0.673669 199.688 4.85201 13 134 1 0 1
7.09139 -1.36396 1285.71 -1.19374 -0.565623 198.008 4.86103 13 135 1 0 1
3.71878 3.8992 1285.71 -0.369344 1.63061 201.322 4.8434 13 136 1 0 1
1.32136 -0.0480269 1285.71 0.0966922 -0.191815 202.188 4.83896 13 137 1 0 1
0.0748261 0.841241 1285.71 0.350171 0.285045 203.112 4.83425 13 138 1 0 1
1.47263 -0.0523434 1285.71 0.365001 0.989004 200.657 4.84689 13 139 1 0 1
5.57088 2.32885 1285.71 -0.0333367 1.56611 201.131 4.8444 13 140 1 0 1
5.48569 -0.507108 1285.71 0.24278 -0.0580595 200.864 4.84582 13 141 1 0 1
-2.88616 1.93967 1285.71 0.351022 0.913123 200.998 4.84511 13 142 1 0 1
2.57894 -1.99769 1285.71 0.427251 -0.67185 199.18 4.85472 13 143 1 0 1
-0.281215 -0.634817 1285.71 -0.498253 -0.118334 201.364 4.84322 13 144 1 0 1
-8.66767 -1.80292 1285.71 0.336278 -0.258514 207.504 4.81264 13 145 1 0 1
4.75342 2.1841 1285.71 -0.378975 0.17394 200.84 4.84595 13 146 1 0 1
5.50852 -1.06648 1285.71 -0.785832 -0.309741 197.558 4.8635 13 147 1 0 1
2.92025 -0.384778 1285.71 -0.12587 0.0823393 201.47 4.84267 13 148 1 0 1
4.07243 2.05888 1285.71 0.398968 0.250719 198.853 4.85648 13 149 1 0 1
-9.23292 1.25443 1285.71 0.8534 0.952805 200.483 4.8478 13 150 1 0 1
0.5962 0.624605 1346.94 -0.033073 -0.0789592 199.745 5.08276 13 1 1 0 1
5.4326 0.337507 1346.94 -1.33238 0.211862 200.227 5.08006 13 2 1 0 1
-1.27825 -1.08705 1346.94 -0.35405 -0.427483 198.523 5.08961 13 3 1 0 1
3.67375 -2.27982 1346.94 -0.910664 -0.821236 199.784 5.08252 13 4 1 0 1
-1.45077 0.848664 1346.94 1.10113 0.0910454 201.744 5.07177 13 5 1 0 1
0.757219 0.041531 1346.94 -0.359614 -0.315495 197.773 5.09387 13 6 1 0 1
-1.56415 4.23586 1346.94 1.13796 1.7372 198.157 5.09162 13 7 1 0 1
-3.486 2.66119 1346.94 0.376832 0.571679 197.994 5.09261 13 8 1 0 1
0.425084 0.298963 1346.94 0.0688631 -0.245265 201.277 5.07432 13 9 1 0 1
-1.53017 -1.22439 1346.94 -0.0260409 -0.163363 198.565 5.08937 13 10 1 0 1
1.56355 1.86681 1346.94 -0.595866 -0.334905 198.36 5.09053 13 11 1 0 1
3.79888 -2.19108 1346.94 -1.22998 -0.996984 201.665 5.07218 13 12 1 0 1
-5.25472 2.17691 1346.94 1.17569 1.00446 201.9 5.07091 13 13 1 0 1
5.34066 -0.638078 1346.94 -1.15851 -0.091162 201.444 5.0734 13 14 1 0 1
-2.98522 -1.4624 1346.94 -0.615925 -0.254579 198.875 5.08762 13 15 1 0 1
2.74198 0.953734 1346.94 -1.10311 0.369202 201.495 5.07312 13 16 1 0 1
2.78759 2.57619 1346.94 -0.430046 1.36283 198.859 5.08768 13 17 1 0 1
-1.9692 0.192151 1346.94 -0.226744 -0.0437641 200.336 5.07948 13 18 1 0 1
-4.342 -1.09887 1346.94 0.442488 0.0439108 201.806 5.07145 13 19 1 0 1
-1.85247 1.24584 1346.94 -0.268183 -0.39213 199.282 5.08534 13 20 1 0 1
-5.94779 0.218327 1346.94 1.19689 0.557512 199.694 5.08302 13 21 1 0 1
-5.56975 -2.66281 1346.94 0.745572 0.0744713 201.421 5.07353 13 22 1 0 1
-1.86385 1.10172 1346.94 0.70367 0.396407 203.448 5.06266 13 23 1 0 1
4.06527 -2.667 1346.94 -0.628688 -0.747911 199.269 5.0854 13 24 1 0 1
0.0822984 -1.12575 1346.94 0.657903 0.119831 201.769 5.07164 13 25 1 0 1
-0.830069 0.340569 1346.94 -1.042 -0.456342 197.39 5.09605 13 26 1 0 1
0.337052 -4.09645 1346.94 -0.248194 -0.73551 201.98 5.0705 13 27 1 0 1
-2.7421 -1.22077 1346.94 -0.244672 -0.450555 198.956 5.08716 13 28 1 0 1
4.5578 1.57135 1346.94 -1.06502 -0.305465 198.775 5.08817 13 29 1 0 1
-0.625649 0.854889 1346.94 0.987035 0.191791 201.645 5.07231 13 30 1 0 1
-5.35326 2.24417 1346.94 1.16457 0.599555 201.03 5.07565 13 31 1 0 1
-1.57195 -1.93913 1346.94 0.715943 -0.726687 201.397 5.07365 13 32 1 0 1
-4.94217 0.811474 1346.94 0.720739 -0.633505 200.485 5.07865 13 33 1 0 1
1.05721 -2.53462 1346.94 -0.285982 -0.949787 201.036 5.07562 13 34 1 0 1
-4.24959 3.21876 1346.94 1.18015 1.01019 200.453 5.0788 13 35 1 0 1
1.94214 -1.67618 1346.94 -0.886142 -0.167832 201.034 5.07563 13 36 1 0 1
1.25854 -0.824045 1346.94 0.529214 -0.269426 198.509 5.08969 13 37 1 0 1
-2.11382 1.26008 1346.94 0.186678 0.276585 202.03 5.07024 13 38 1 0 1
2.50584 1.37958 1346.94 -0.722927 -0.470887 196.273 5.10253 13 39 1 0 1
-2.46814 1.33796 1346.94 0.688331 -0.339037 199.981 5.08143 13 40 1 0 1
-8.15023 -0.916188 1346.94 1.95253 -0.113083 198.609 5.08907 13 41 1 0 1
-0.130406 -1.64211 1346.94 0.183675 0.324913 204.005 5.05974 13 42 1 0 1
-0.00540752 1.94953 1346.94 -0.968721 0.580855 206.327 5.04773 13 43 1 0 1
3.76051 1.24959 1346.94 0.00950458 0.240996 201.387 5.07372 13 44 1 0 1
-4.69215 2.55145 1346.94 1.14731 1.09919 202.474 5.06782 13 45 1 0 1
-1.02525 0.915844 1346.94 1.29999 -0.279068 204.249 5.05844 13 46 1 0 1
-2.19339 1.66547 1346.94 0.298249 0.947721 200.091 5.08082 13 47 1 0 1
-2.0736 0.137051 1346.94 0.125616 0.535514 198.444 5.09006 13 48 1 0 1
4.05911 3.86206 1346.94 -1.2129 1.51145 200.89 5.07638 13 49 1 0 1
-5.66867 -2.00433 1346.94 1.15451 -0.532955 198.507 5.08968 13 50 1 0 1
1.9531 -1.45036 1346.94 -1.27909 -0.743555 206.655 5.04606 13 51 1 0 1
-0.102393 -0.676399 1346.94 -0.320173 -0.147334 204.632 5.05646 13 52 1 0 1
-5.08448 0.964741 1346.94 1.847 0.158898 201.558 5.07275 13 53 1 0 1
5.80788 3.30851 1346.94 -0.0144478 1.19637 199.79 5.08248 13 54 1 0 1
-1.00414 0.91659 1346.94 0.630093 1.19019 200.654 5.0777 13 55 1 0 1
-1.72788 -1.50697 1346.94 -0.171649 -0.456409 202.698 5.06665 13 56 1 0 1
0.742416 0.55804 1346.94 0.194779 0.436668 195.668 5.10609 13 57 1 0 1
-0.669152 0.200848 1346.94 0.00708026 0.376746 200.743 5.07724 13 58 1 0 1
-6.37929 0.531225 1346.94 1.3307 0.439388 199.856 5.08211 13 59 1 0 1
4.73422 1.01943 1346.94 -0.944817 -0.431198 201.884 5.07101 13 60 1 0 1
-3.57835 -1.87403 1346.94 1.14667 -0.175728 200.621 5.07789 13 61 1 0 1
-1.27789 -3.16887 1346.94 0.671269 -1.33412 196.189 5.10301 13 62 1 0 1
-1.90382 0.28214 1346.94 0.625774 -0.0995147 200.78 5.07703 13 63 1 0 1
7.97558 -0.56353 1346.94 -1.08611 -0.76818 203.802 5.06078 13 64 1 0 1
-5.94894 -2.52374 1346.94 2.40794 -0.0741964 203.213 5.06384 13 65 1 0 1
-0.530393 -3.14057 1346.94 0.714217 -1.35654 196.212 5.10287 13 66 1 0 1
-0.826075 -0.479902 1346.94 0.577326 0.029511 202.746 5.0664 13 67 1 0 1
5.16333 -3.69511 1346.94 -1.26837 -0.952929 200.415 5.07901 13 68 1 0 1
-0.501798 -1.0799 1346.94 0.473895 -0.418413 198.111 5.09194 13 69 1 0 1
-6.81665 -0.0951539 1346.94 1.00999 0.236131 198.429 5.09013 13 70 1 0 1
-4.51143 -0.920523 1346.94 1.04172 -0.247609 201.23 5.07456 13 71 1 0 1
0.156282 0.828977 1346.94 -0.448161 -0.061796 201.344 5.07395 13 72 1 0 1
0.740455 1.20046 1346.94 0.303798 0.732214 198.029 5.0924 13 73 1 0 1
-3.19338 -1.36814 1346.94 0.702224 -1.45525 200.042 5.08107 13 74 1 0 1
5.87623 -0.776882 1346.94 -1.03727 0.359888 199.496 5.08413 13 75 1 0 1
-0.899264 0.887557 1346.94 0.446284 0.648164 203.572 5.06201 13 76 1 0 1
0.889323 1.23872 1346.94 0.257388 0.0297619 198.63 5.089 13 77 1 0 1
-2.04737 -0.462026 1346.94 0.0411391 -0.755859 198.898 5.08749 13 78 1 0 1
-3.91567 1.42799 1346.94 1.26805 -0.00642589 201.641 5.07232 13 79 1 0 1
0.41917 -1.37269 1346.94 0.5487 -0.213431 198.151 5.09171 13 80 1 0 1
2.31473 3.94981 1346.94 -0.624715 1.2418 200.343 5.07941 13 81 1 0 1
1.79564 -1.4455 1346.94 -0.933676 -0.2497 198.658 5.08884 13 82 1 0 1
-2.0341 0.19931 1346.94 1.24984 0.339722 200.136 5.08056 13 83 1 0 1
-0.79597 -1.85606 1346.94 0.148417 -0.749754 199.369 5.08485 13 84 1 0 1
4.23077 -0.0422638 1346.94 -1.27658 -0.629 198.5 5.08971 13 85 1 0 1
-0.0769166 0.160394 1346.94 0.0471427 0.0512633 196.571 5.10081 13 86 1 0 1
-3.29285 -0.613326 1346.94 0.344561 -1.17217 199.358 5.08489 13 87 1 0 1
0.130501 -4.47263 1346.94 -0.033101 -0.843636 200.97 5.07599 13 88 1 0 1
6.37847 2.70903 1346.94 0.0408709 1.56165 202.132 5.06966 13 89 1 0 1
3.3011 2.41906 1346.94 -0.570713 0.586345 197.794 5.09375 13 90 1 0 1
-4.52953 1.41978 1346.94 1.49621 0.448664 200.043 5.08106 13 91 1 0 1
-5.32542 1.78139 1346.94 1.05782 0.862525 198.85 5.08774 13 92 1 0 1
-2.82575 0.741213 1346.94 0.389908 -0.10884 198.943 5.08724 13 93 1 0 1
0.440333 -2.7472 1346.94 -0.190177 -0.923962 199.296 5.08525 13 94 1 0 1
3.63177 1.24323 1346.94 -1.11824 0.286475 196.193 5.10299 13 95 1 0 1
-3.39049 2.01354 1346.94 1.41798 0.255411 197.326 5.09641 13 96 1 0 1
0.267983 2.57623 1346.94 -0.0983145 0.341144 202.997 5.06506 13 97 1 0 1
7.82935 -2.2172 1346.94 -0.874639 -0.225576 199.221 5.08567 13 98 1 0 1
-0.728263 0.45072 1346.94 -0.217121 0.117485 198.446 5.09004 13 99 1 0 1
-4.61415 -0.909937 1346.94 1.2466 -0.102909 200.209 5.08016 13 100 1 0 1
0.681712 2.2691 1346.94 -0.0576777 0.46738 202.828 5.06596 13 101 1 0 1
-1.16395 -0.906618 1346.94 -0.148752 -0.717867 200.605 5.07799 13 102 1 0 1
-1.0966 -0.716045 1346.94 -0.233662 0.162831 200.047 5.08107 13 103 1 0 1
7.00373 0.0282933 1346.94 -1.48367 -0.517991 200.296 5.07966 13 104 1 0 1
-3.44104 0.93729 1346.94 0.722638 0.923653 198.057 5.09224 13 105 1 0 1
4.83813 0.713483 1346.94 -1.3684 0.00846691 200.142 5.08052 13 106 1 0 1
-4.25091 0.967102 1346.94 0.327468 0.455775 198.934 5.08729 13 107 1 0 1
5.76932 -2.09418 1346.94 -1.57933 -0.73246 199.006 5.08684 13 108 1 0 1
-3.20439 -0.224514 1346.94 1.93301 -0.139522 198.849 5.08772 13 109 1 0 1
-5.50736 0.406225 1346.94 0.641321 0.179602 199.223 5.08566 13 110 1 0 1
2.36757 -1.7983 1346.94 0.205415 -1.08151 201.593 5.07259 13 111 1 0 1
3.31175 -3.36682 1346.94 -1.80788 -1.25654 198.179 5.09149 13 112 1 0 1
3.06245 1.58445 1346.94 -0.88447 0.579848 202.175 5.06945 13 113 1 0 1
4.86804 -3.51054 1346.94 -2.08386 -0.700803 197.16 5.09733 13 114 1 0 1
1.42035 -1.11328 1346.94 0.254549 0.706595 199.541 5.08388 13 115 1 0 1
-6.28426 -0.429943 1346.94 1.94671 0.486764 201.266 5.07432 13 116 1 0 1
0.13994 -0.591069 1346.94 -1.08245 -0.0500588 201.098 5.07528 13 117 1 0 1
2.35687 -0.63775 1346.94 0.22321 -0.150668 200.332 5.0795 13 118 1 0 1
-1.2092 0.320392 1346.94 0.525712 -0.621209 197.783 5.09381 13 119 1 0 1
-6.35479 2.83087 1346.94 1.48032 -0.0366078 200.305 5.07962 13 120 1 0 1
-5.37399 3.0288 1346.94 0.694477 1.01171 198.946 5.08721 13 121 1 0 1
5.60982 0.180759 1346.94 -0.234389 -0.188731 200.781 5.07703 13 122 1 0 1
1.42006 1.39602 1346.94 0.12837 0.721801 197.933 5.09296 13 123 1 0 1
0.761876 1.43364 1346.94 -0.148023 0.600191 198.478 5.08986 13 124 1 0 1
-0.165135 -0.0247356 1346.94 -0.234588 -0.206651 196.696 5.10008 13 125 1 0 1
1.30491 -2.10366 1346.94 -0.426573 -0.060673 200.318 5.07958 13 126 1 0 1
-4.409 0.44182 1346.94 1.03351 -0.0363499 200.492 5.07861 13 127 1 0 1
-2.52728 -0.746169 1346.94 0.495827 0.0703703 199.658 5.08323 13 128 1 0 1
-4.57299 -0.0038988 1346.94 1.08801 0.209911 201.571 5.07271 13 129 1 0 1
2.84258 1.00122 1346.94 -1.09595 0.806082 200.407 5.07906 13 130 1 0 1
-0.589293 -2.12027 1346.94 -0.0357474 -0.574648 200.885 5.07646 13 131 1 0 1
2.92207 -0.784263 1346.94 -1.30106 -0.50649 200.371 5.07926 13 132 1 0 1
3.03006 -0.893998 1346.94 -0.466299 -0.307613 200.247 5.07997 13 133 1 0 1
4.97686 0.554747 1346.94 -1.15088 0.656788 199.686 5.08306 13 134 1 0 1
6.63296 -1.53074 1346.94 -1.7651 -0.512113 198.004 5.09251 13 135 1 0 1
3.55927 4.37191 1346.94 -0.67743 1.47519 201.322 5.07404 13 136 1 0 1
1.33357 -0.105726 1346.94 -0.0161762 -0.188913 202.188 5.06939 13 137 1 0 1
0.178968 0.922201 1346.94 0.339332 0.251613 203.112 5.06445 13 138 1 0 1
1.56464 0.249146 1346.94 0.236857 0.985319 200.657 5.0777 13 139 1 0 1
5.48937 2.79138 1346.94 -0.50108 1.46999 201.131 5.07509 13 140 1 0 1
5.48906 -0.521879 1346.94 -0.220732 -0.0387676 200.864 5.07657 13 141 1 0 1
-2.7427 2.20621 1346.94 0.588911 0.835341 200.998 5.07583 13 142 1 0 1
2.67665 -2.19242 1346.94 0.207147 -0.593952 199.181 5.0859 13 143 1 0 1
-0.428456 -0.667107 1346.94 -0.468206 -0.0938643 201.364 5.07385 13 144 1 0 1
-8.45777 -1.86877 1346.94 1.08346 -0.187397 207.501 5.04181 13 145 1 0 1
4.57746 2.22457 1346.94 -0.773007 0.0912942 200.839 5.07671 13 146 1 0 1
5.19541 -1.1562 1346.94 -1.23045 -0.268752 197.556 5.0951 13 147 1 0 1
2.84473 -0.357609 1346.94 -0.370084 0.0962998 201.47 5.07327 13 148 1 0 1
4.14254 2.12418 1346.94 0.0554876 0.173079 198.854 5.08774 13 149 1 0 1
-8.85507 1.5377 1346.94 1.61585 0.900537 200.478 5.07865 13 150 1 0 1
0.578463 0.596886 1408.16 -0.0824077 -0.101733 199.745 5.31379 13 1 1 0 1
4.9573 0.400241 1408.16 -1.76977 0.198071 200.224 5.31097 13 2 1 0 1
-1.37059 -1.21243 1408.16 -0.243483 -0.384874 198.523 5.32095 13 3 1 0 1
3.34878 -2.51801 1408.16 -1.20565 -0.731763 199.782 5.31354 13 4 1 0 1
-1.09943 0.871401 1408.16 1.2093 0.0586555 201.743 5.30231 13 5 1 0 1
0.636663 -0.0561879 1408.16 -0.417577 -0.315225 197.773 5.32541 13 6 1 0 1
-1.19401 4.74742 1408.16 1.25288 1.57105 198.158 5.32306 13 7 1 0 1
-3.32529 2.82245 1408.16 0.660391 0.470337 197.994 5.32409 13 8 1 0 1
0.440492 0.222795 1408.16 0.032231 -0.255068 201.277 5.30497 13 9 1 0 1
-1.51855 -1.26768 1408.16 0.101246 -0.117176 198.565 5.32071 13 10 1 0 1
1.36038 1.75299 1408.16 -0.717815 -0.401924 198.36 5.32191 13 11 1 0 1
3.37836 -2.48069 1408.16 -1.5343 -0.909039 201.664 5.30273 13 12 1 0 1
-4.83237 2.46851 1408.16 1.60389 0.916903 201.897 5.30141 13 13 1 0 1
4.92161 -0.662093 1408.16 -1.59316 -0.0667144 201.441 5.304 13 14 1 0 1
-3.13576 -1.53229 1408.16 -0.35997 -0.19899 198.876 5.31887 13 15 1 0 1
2.37308 1.06026 1408.16 -1.31981 0.331322 201.494 5.30371 13 16 1 0 1
2.62003 2.98028 1408.16 -0.656154 1.2597 198.859 5.31894 13 17 1 0 1
-2.01295 0.177706 1408.16 -0.059003 -0.0506801 200.336 5.31037 13 18 1 0 1
-4.15267 -1.07931 1408.16 0.802933 0.0849394 201.805 5.30197 13 19 1 0 1
-1.91077 1.11849 1408.16 -0.110497 -0.436108 199.282 5.31649 13 20 1 0 1
-5.50616 0.387685 1408.16 1.67779 0.546207 199.69 5.31406 13 21 1 0 1
-5.2727 -2.62502 1408.16 1.20475 0.173883 201.418 5.30415 13 22 1 0 1
-1.6291 1.2145 1408.16 0.853089 0.352422 203.448 5.29278 13 23 1 0 1
3.82082 -2.88114 1408.16 -0.959103 -0.644715 199.268 5.31655 13 24 1 0 1
0.280023 -1.08303 1408.16 0.642532 0.161428 201.769 5.30217 13 25 1 0 1
-1.14124 0.197353 1408.16 -0.960183 -0.466254 197.391 5.32769 13 26 1 0 1
0.25782 -4.29561 1408.16 -0.273458 -0.577299 201.98 5.30098 13 27 1 0 1
-2.78192 -1.35219 1408.16 -0.013585 -0.402774 198.956 5.3184 13 28 1 0 1
4.17275 1.46848 1408.16 -1.4299 -0.36186 198.772 5.31945 13 29 1 0 1
-0.319223 0.908135 1408.16 1.0271 0.158608 201.645 5.30287 13 30 1 0 1
-4.93148 2.41362 1408.16 1.59928 0.51215 201.027 5.30636 13 31 1 0 1
-1.33509 -2.14856 1408.16 0.839045 -0.649846 201.397 5.30427 13 32 1 0 1
-4.65967 0.613752 1408.16 1.12549 -0.660169 200.483 5.30949 13 33 1 0 1
0.95694 -2.80887 1408.16 -0.371121 -0.84952 201.037 5.30633 13 34 1 0 1
-3.8362 3.50835 1408.16 1.52094 0.884322 200.452 5.30965 13 35 1 0 1
1.64853 -1.71763 1408.16 -1.03792 -0.104149 201.034 5.30634 13 36 1 0 1
1.40493 -0.902284 1408.16 0.418044 -0.23744 198.509 5.32104 13 37 1 0 1
-2.03039 1.33655 1408.16 0.362721 0.227619 202.03 5.30071 13 38 1 0 1
2.24918 1.2251 1408.16 -0.919157 -0.518603 196.273 5.33447 13 39 1 0 1
-2.22667 1.22673 1408.16 0.885738 -0.386908 199.981 5.31241 13 40 1 0 1
-7.44643 -0.945756 1408.16 2.60375 -0.0785636 198.602 5.32039 13 41 1 0 1
-0.073847 -1.53542 1408.16 0.192436 0.385418 204.004 5.28973 13 42 1 0 1
-0.291563 2.11044 1408.16 -0.955839 0.502667 206.327 5.27718 13 43 1 0 1
3.71519 1.31559 1408.16 -0.307048 0.192778 201.386 5.30435 13 44 1 0 1
-4.28656 2.86864 1408.16 1.52954 0.996743 202.472 5.29818 13 45 1 0 1
-0.624092 0.827128 1408.16 1.37082 -0.312296 204.248 5.28837 13 46 1 0 1
-2.0744 1.9454 1408.16 0.477803 0.880283 200.091 5.31176 13 47 1 0 1
-2.00843 0.301174 1408.16 0.29594 0.527397 198.444 5.32142 13 48 1 0 1
3.63901 4.29979 1408.16 -1.53806 1.3584 200.889 5.30713 13 49 1 0 1
-5.24145 -2.15696 1408.16 1.60986 -0.455846 198.504 5.32103 13 50 1 0 1
1.55073 -1.66196 1408.16 -1.43134 -0.683519 206.654 5.27542 13 51 1 0 1
-0.196465 -0.716538 1408.16 -0.307314 -0.120729 204.632 5.2863 13 52 1 0 1
-4.46067 1.00741 1408.16 2.25148 0.121793 201.554 5.30333 13 53 1 0 1
5.72903 3.65557 1408.16 -0.499097 1.0665 199.79 5.31351 13 54 1 0 1
-0.799837 1.27383 1408.16 0.706203 1.14917 200.654 5.30851 13 55 1 0 1
-1.75736 -1.63597 1408.16 -0.0231087 -0.396946 202.698 5.29696 13 56 1 0 1
0.793586 0.69123 1408.16 0.131585 0.413853 195.668 5.33819 13 57 1 0 1
-0.658425 0.314387 1408.16 0.0631159 0.367092 200.743 5.30802 13 58 1 0 1
-5.89162 0.662543 1408.16 1.84631 0.417111 199.852 5.31312 13 59 1 0 1
4.38823 0.8831 1408.16 -1.33204 -0.467044 201.882 5.30151 13 60 1 0 1
-3.18404 -1.91687 1408.16 1.43192 -0.10474 200.619 5.30871 13 61 1 0 1
-1.05293 -3.56634 1408.16 0.76742 -1.21079 196.189 5.33496 13 62 1 0 1
-1.68942 0.250243 1408.16 0.777467 -0.109492 200.78 5.30781 13 63 1 0 1
7.54846 -0.790647 1408.16 -1.75131 -0.742404 203.797 5.29082 13 64 1 0 1
-5.15032 -2.53166 1408.16 2.8821 0.0216921 203.207 5.29402 13 65 1 0 1
-0.301689 -3.54513 1408.16 0.748548 -1.2341 196.212 5.33482 13 66 1 0 1
-0.641894 -0.46827 1408.16 0.639905 0.0474543 202.746 5.29669 13 67 1 0 1
4.71133 -3.96459 1408.16 -1.68447 -0.809633 200.413 5.30987 13 68 1 0 1
-0.349539 -1.2028 1408.16 0.509358 -0.376202 198.111 5.32339 13 69 1 0 1
-6.41897 -0.0218923 1408.16 1.56218 0.238295 198.425 5.3215 13 70 1 0 1
-4.13801 -0.990464 1408.16 1.40767 -0.211713 201.228 5.30522 13 71 1 0 1
0.0185855 0.805494 1408.16 -0.455564 -0.0925131 201.344 5.30459 13 72 1 0 1
0.824486 1.41956 1408.16 0.238636 0.683787 198.03 5.32388 13 73 1 0 1
-2.93845 -1.80488 1408.16 0.960135 -1.396 200.041 5.31203 13 74 1 0 1
5.48393 -0.662212 1408.16 -1.51376 0.386679 199.493 5.31522 13 75 1 0 1
-0.75409 1.07706 1408.16 0.517053 0.610834 203.572 5.2921 13 76 1 0 1
0.95692 1.24081 1408.16 0.180281 -0.0162087 198.631 5.32032 13 77 1 0 1
-2.00852 -0.691616 1408.16 0.21076 -0.734442 198.898 5.31874 13 78 1 0 1
-3.48211 1.41789 1408.16 1.58168 -0.0599874 201.639 5.30288 13 79 1 0 1
0.582609 -1.43068 1408.16 0.506963 -0.161582 198.152 5.32316 13 80 1 0 1
2.09497 4.30605 1408.16 -0.810474 1.08742 200.343 5.3103 13 81 1 0 1
1.48611 -1.51407 1408.16 -1.07075 -0.194821 198.657 5.32015 13 82 1 0 1
-1.62732 0.301902 1408.16 1.40391 0.330358 200.135 5.3115 13 83 1 0 1
-0.740384 -2.07528 1408.16 0.212821 -0.676597 199.369 5.31598 13 84 1 0 1
3.78448 -0.23566 1408.16 -1.6111 -0.623843 198.498 5.32106 13 85 1 0 1
-0.0613102 0.175415 1408.16 0.0528558 0.045102 196.571 5.33267 13 86 1 0 1
-3.14528 -0.969127 1408.16 0.614431 -1.14272 199.358 5.31602 13 87 1 0 1
0.118787 -4.70364 1408.16 -0.0436352 -0.671507 200.97 5.30672 13 88 1 0 1
6.30903 3.16569 1408.16 -0.498361 1.45082 202.132 5.3001 13 89 1 0 1
3.08289 2.58641 1408.16 -0.836213 0.493932 197.794 5.32528 13 90 1 0 1
-4.01551 1.54874 1408.16 1.8556 0.39323 200.04 5.31202 13 91 1 0 1
-4.93286 2.03629 1408.16 1.48671 0.791657 198.847 5.319 13 92 1 0 1
-2.67005 0.703553 1408.16 0.619797 -0.135668 198.942 5.31848 13 93 1 0 1
0.376516 -3.01483 1408.16 -0.224408 -0.816778 199.297 5.31639 13 94 1 0 1
3.23774 1.32537 1408.16 -1.40161 0.239435 196.192 5.33495 13 95 1 0 1
-2.90895 2.08115 1408.16 1.67933 0.179992 197.324 5.32807 13 96 1 0 1
0.235023 2.66423 1408.16 -0.119784 0.24185 202.997 5.29529 13 97 1 0 1
7.46135 -2.27374 1408.16 -1.51512 -0.142064 199.217 5.31684 13 98 1 0 1
-0.785628 0.484326 1408.16 -0.153953 0.100165 198.446 5.32141 13 99 1 0 1
-4.17542 -0.936157 1408.16 1.61659 -0.0684095 200.206 5.31108 13 100 1 0 1
0.655638 2.39697 1408.16 -0.114712 0.379044 202.828 5.29623 13 101 1 0 1
-1.19423 -1.12012 1408.16 -0.0492839 -0.679918 200.606 5.30881 13 102 1 0 1
-1.15375 -0.662221 1408.16 -0.139006 0.188566 200.048 5.31203 13 103 1 0 1
6.46238 -0.129901 1408.16 -2.05075 -0.516078 200.291 5.31056 13 104 1 0 1
-3.1745 1.21693 1408.16 0.998132 0.883824 198.056 5.3237 13 105 1 0 1
4.3593 0.711999 1408.16 -1.75543 -0.0181624 200.139 5.31146 13 106 1 0 1
-4.09607 1.10159 1408.16 0.676606 0.417361 198.933 5.31853 13 107 1 0 1
5.21156 -2.30715 1408.16 -2.03877 -0.650692 199.002 5.31806 13 108 1 0 1
-2.5707 -0.26611 1408.16 2.17444 -0.130414 198.846 5.31898 13 109 1 0 1
-5.24052 0.458998 1408.16 1.09153 0.163511 199.221 5.31683 13 110 1 0 1
2.39934 -2.11588 1408.16 0.00335715 -1.00786 201.594 5.30316 13 111 1 0 1
2.71318 -3.73507 1408.16 -2.05892 -1.12516 198.178 5.32292 13 112 1 0 1
2.75649 1.75067 1408.16 -1.13183 0.516909 202.173 5.29988 13 113 1 0 1
4.1613 -3.70772 1408.16 -2.45813 -0.567956 197.157 5.32902 13 114 1 0 1
1.47991 -0.890541 1408.16 0.132865 0.743916 199.541 5.31497 13 115 1 0 1
-5.61405 -0.279701 1408.16 2.45017 0.500081 201.261 5.30498 13 116 1 0 1
-0.189998 -0.602909 1408.16 -1.08033 -0.0276475 201.098 5.30598 13 117 1 0 1
2.39458 -0.680071 1408.16 0.0230669 -0.126027 200.333 5.31038 13 118 1 0 1
-1.03166 0.126633 1408.16 0.6189 -0.629461 197.782 5.32535 13 119 1 0 1
-5.82279 2.80356 1408.16 1.99316 -0.141947 200.3 5.31052 13 120 1 0 1
-5.09229 3.32228 1408.16 1.13228 0.893769 198.944 5.31844 13 121 1 0 1
5.46674 0.122288 1408.16 -0.702004 -0.19441 200.78 5.3078 13 122 1 0 1
1.4414 1.6109 1408.16 0.00928223 0.66625 197.933 5.32446 13 123 1 0 1
0.706645 1.61025 1408.16 -0.209309 0.543801 198.479 5.32122 13 124 1 0 1
-0.235725 -0.0887955 1408.16 -0.21801 -0.204567 196.696 5.33191 13 125 1 0 1
1.15836 -2.11017 1408.16 -0.530325 0.0181149 200.318 5.31047 13 126 1 0 1
-4.03823 0.428221 1408.16 1.38959 -0.052631 200.489 5.30945 13 127 1 0 1
-2.34349 -0.720375 1408.16 0.700304 0.0977004 199.658 5.31429 13 128 1 0 1
-4.18532 0.0597598 1408.16 1.45919 0.208858 201.569 5.30328 13 129 1 0 1
2.47277 1.2413 1408.16 -1.31992 0.764129 200.406 5.30993 13 130 1 0 1
-0.592587 -2.28298 1408.16 0.0141738 -0.492085 200.885 5.3072 13 131 1 0 1
2.48877 -0.934256 1408.16 -1.52901 -0.474346 200.369 5.31014 13 132 1 0 1
2.84926 -0.982771 1408.16 -0.713842 -0.272533 200.246 5.31088 13 133 1 0 1
4.56171 0.752574 1408.16 -1.55135 0.632413 199.684 5.3141 13 134 1 0 1
6.00449 -1.68006 1408.16 -2.29117 -0.452761 197.999 5.32399 13 135 1 0 1
3.30851 4.79474 1408.16 -0.968148 1.30293 201.322 5.30468 13 136 1 0 1
1.3116 -0.162219 1408.16 -0.12863 -0.183857 202.188 5.29982 13 137 1 0 1
0.278523 0.992641 1408.16 0.319794 0.215311 203.112 5.29465 13 138 1 0 1
1.61655 0.547794 1408.16 0.10264 0.970394 200.657 5.3085 13 139 1 0 1
5.26713 3.22208 1408.16 -0.955973 1.35709 201.13 5.30577 13 140 1 0 1
5.3517 -0.530696 1408.16 -0.678581 -0.0190333 200.863 5.30733 13 141 1 0 1
-2.52893 2.44759 1408.16 0.811702 0.74803 200.997 5.30655 13 142 1 0 1
2.70574 -2.36213 1408.16 -0.0182697 -0.509278 199.181 5.31708 13 143 1 0 1
-0.564713 -0.691787 1408.16 -0.426156 -0.0683238 201.364 5.30448 13 144 1 0 1
-8.03104 -1.9133 1408.16 1.80282 -0.114144 207.496 5.27099 13 145 1 0 1
4.28414 2.23965 1408.16 -1.14721 0.00760729 200.837 5.30747 13 146 1 0 1
4.74912 -1.23274 1408.16 -1.64351 -0.224697 197.553 5.3267 13 147 1 0 1
2.69628 -0.32636 1408.16 -0.60481 0.109162 201.47 5.30387 13 148 1 0 1
4.10645 2.16525 1408.16 -0.289416 0.0934633 198.853 5.319 13 149 1 0 1
-8.2502 1.80342 1408.16 2.33681 0.837987 200.471 5.3095 13 150 1 0 1
0.545897 0.562358 1469.39 -0.12963 -0.123346 199.745 5.54482 13 1 1 0 1
4.35491 0.458409 1469.39 -2.16177 0.18202 200.22 5.54188 13 2 1 0 1
-1.42779 -1.32399 1469.39 -0.126673 -0.337875 198.523 5.5523 13 3 1 0 1
2.93795 -2.72747 1469.39 -1.46973 -0.633943 199.781 5.54457 13 4 1 0 1
-0.719913 0.884198 1469.39 1.28648 0.0255966 201.743 5.53284 13 5 1 0 1
0.499786 -0.153266 1469.39 -0.464835 -0.311358 197.773 5.55695 13 6 1 0 1
-0.793262 5.20482 1469.39 1.33569 1.38698 198.159 5.5545 13 7 1 0 1
-3.07933 2.95152 1469.39 0.927017 0.363629 197.993 5.55557 13 8 1 0 1
0.444608 0.144085 1469.39 -0.0052274 -0.26196 201.277 5.53562 13 9 1 0 1
-1.468 -1.29651 1469.39 0.225937 -0.0696512 198.565 5.55204 13 10 1 0 1
1.12233 1.61917 1469.39 -0.821361 -0.464357 198.359 5.5533 13 11 1 0 1
2.87124 -2.74199 1469.39 -1.79929 -0.810725 201.662 5.53328 13 12 1 0 1
-4.28613 2.73195 1469.39 1.99095 0.818888 201.894 5.5319 13 13 1 0 1
4.37638 -0.678554 1469.39 -1.98695 -0.0415064 201.437 5.53461 13 14 1 0 1
-3.20591 -1.58469 1469.39 -0.0947845 -0.14113 198.876 5.55013 13 15 1 0 1
1.94335 1.1547 1469.39 -1.50268 0.289663 201.493 5.53431 13 16 1 0 1
2.38529 3.35038 1469.39 -0.86544 1.14219 198.859 5.5502 13 17 1 0 1
-2.00511 0.161233 1469.39 0.110251 -0.057018 200.336 5.54125 13 18 1 0 1
-3.85688 -1.04743 1469.39 1.14279 0.124998 201.803 5.53249 13 19 1 0 1
-1.92008 0.978378 1469.39 0.0500221 -0.475111 199.282 5.54764 13 20 1 0 1
-4.92338 0.552621 1469.39 2.11566 0.52867 199.686 5.54511 13 21 1 0 1
-4.84047 -2.5573 1469.39 1.63303 0.271307 201.415 5.53476 13 22 1 0 1
-1.3526 1.31343 1469.39 0.980636 0.304417 203.447 5.52291 13 23 1 0 1
3.47843 -3.06242 1469.39 -1.26492 -0.534164 199.267 5.54771 13 24 1 0 1
0.470568 -1.02797 1469.39 0.610688 0.201185 201.769 5.5327 13 25 1 0 1
-1.42316 0.0518845 1469.39 -0.853752 -0.470847 197.391 5.55933 13 26 1 0 1
0.171979 -4.44577 1469.39 -0.291712 -0.412502 201.981 5.53146 13 27 1 0 1
-2.75042 -1.46819 1469.39 0.217851 -0.350399 198.956 5.54963 13 28 1 0 1
3.68072 1.34885 1469.39 -1.75811 -0.414125 198.77 5.55073 13 29 1 0 1
-0.00461278 0.951021 1469.39 1.04083 0.123617 201.645 5.53343 13 30 1 0 1
-4.38328 2.55554 1469.39 1.99297 0.418903 201.024 5.53707 13 31 1 0 1
-1.064 -2.33348 1469.39 0.940637 -0.565591 201.397 5.5349 13 32 1 0 1
-4.2577 0.40903 1469.39 1.50138 -0.6793 200.481 5.54034 13 33 1 0 1
0.832134 -3.05107 1469.39 -0.446747 -0.739562 201.037 5.53704 13 34 1 0 1
-3.32447 3.75793 1469.39 1.82273 0.748363 200.45 5.54051 13 35 1 0 1
1.31265 -1.73949 1469.39 -1.16308 -0.0392785 201.033 5.53705 13 36 1 0 1
1.5153 -0.97023 1469.39 0.296156 -0.202745 198.509 5.55239 13 37 1 0 1
-1.89492 1.39777 1469.39 0.529465 0.176057 202.029 5.53117 13 38 1 0 1
1.93485 1.05665 1469.39 -1.09182 -0.560401 196.272 5.5664 13 39 1 0 1
-1.92812 1.1015 1469.39 1.06044 -0.430365 199.98 5.54338 13 40 1 0 1
-6.55173 -0.964535 1469.39 3.18816 -0.0431502 198.593 5.55171 13 41 1 0 1
-0.0153948 -1.41121 1469.39 0.196264 0.441526 204.004 5.51972 13 42 1 0 1
-0.570244 2.24728 1469.39 -0.918453 0.418745 206.327 5.50662 13 43 1 0 1
3.57462 1.36659 1469.39 -0.615726 0.14236 201.386 5.53497 13 44 1 0 1
-3.77108 3.1531 1469.39 1.87255 0.88293 202.47 5.52853 13 45 1 0 1
-0.206938 0.728976 1469.39 1.40651 -0.341962 204.248 5.5183 13 46 1 0 1
-1.90224 2.20315 1469.39 0.645107 0.802803 200.091 5.54271 13 47 1 0 1
-1.89177 0.461861 1469.39 0.458677 0.513263 198.443 5.55279 13 48 1 0 1
3.12562 4.68848 1469.39 -1.82378 1.18986 200.888 5.53787 13 49 1 0 1
-4.67986 -2.28498 1469.39 2.02392 -0.373538 198.501 5.55238 13 50 1 0 1
1.10862 -1.85459 1469.39 -1.54689 -0.615686 206.654 5.50479 13 51 1 0 1
-0.285499 -0.748504 1469.39 -0.286577 -0.0927463 204.632 5.51614 13 52 1 0 1
-3.7225 1.03859 1469.39 2.59823 0.0832998 201.55 5.53391 13 53 1 0 1
5.5033 3.96092 1469.39 -0.970945 0.924466 199.789 5.54453 13 54 1 0 1
-0.575025 1.61654 1469.39 0.764209 1.09504 200.654 5.53931 13 55 1 0 1
-1.74178 -1.74631 1469.39 0.126024 -0.332954 202.698 5.52726 13 56 1 0 1
0.82441 0.816536 1469.39 0.0650181 0.386316 195.668 5.57028 13 57 1 0 1
-0.630818 0.42434 1469.39 0.117533 0.35325 200.743 5.5388 13 58 1 0 1
-5.2529 0.786303 1469.39 2.31456 0.390075 199.847 5.54412 13 59 1 0 1
3.92974 0.736692 1469.39 -1.6851 -0.49756 201.879 5.53201 13 60 1 0 1
-2.70811 -1.93784 1469.39 1.68045 -0.0325581 200.617 5.53952 13 61 1 0 1
-0.800966 -3.92313 1469.39 0.843897 -1.07364 196.19 5.56692 13 62 1 0 1
-1.4317 0.215492 1469.39 0.909227 -0.118219 200.779 5.53858 13 63 1 0 1
6.92783 -1.00874 1469.39 -2.37157 -0.708154 203.791 5.52085 13 64 1 0 1
-4.21966 -2.51069 1469.39 3.28236 0.117327 203.201 5.52419 13 65 1 0 1
-0.0652497 -3.90926 1469.39 0.763689 -1.09758 196.213 5.56677 13 66 1 0 1
-0.441256 -0.451296 1469.39 0.686079 0.0648563 202.746 5.52698 13 67 1 0 1
4.13854 -4.18885 1469.39 -2.05737 -0.657102 200.41 5.54074 13 68 1 0 1
-0.188319 -1.31198 1469.39 0.531763 -0.3297 198.111 5.55484 13 69 1 0 1
-5.85674 0.0516192 1469.39 2.07429 0.237739 198.42 5.55287 13 70 1 0 1
-3.65851 -1.04911 1469.39 1.73753 -0.173403 201.225 5.53589 13 71 1 0 1
-0.119588 0.772821 1469.39 -0.451288 -0.122175 201.344 5.53522 13 72 1 0 1
0.887381 1.62246 1469.39 0.167357 0.62756 198.03 5.55535 13 73 1 0 1
-2.60818 -2.22104 1469.39 1.19343 -1.32083 200.041 5.54299 13 74 1 0 1
4.95105 -0.539989 1469.39 -1.95143 0.409057 199.489 5.54632 13 75 1 0 1
-0.589585 1.25428 1469.39 0.574567 0.566535 203.572 5.52219 13 76 1 0 1
0.999985 1.22875 1469.39 0.0985511 -0.0619945 198.631 5.55164 13 77 1 0 1
-1.91817 -0.913316 1469.39 0.374977 -0.704646 198.897 5.54999 13 78 1 0 1
-2.95927 1.39163 1469.39 1.85476 -0.112863 201.636 5.53344 13 79 1 0 1
0.731111 -1.47235 1469.39 0.452228 -0.10789 198.152 5.5546 13 80 1 0 1
1.82149 4.61317 1469.39 -0.975455 0.92063 200.343 5.54118 13 81 1 0 1
1.13847 -1.56536 1469.39 -1.18038 -0.137721 198.656 5.55146 13 82 1 0 1
-1.17881 0.401049 1469.39 1.52199 0.317225 200.134 5.54243 13 83 1 0 1
-0.665818 -2.27083 1469.39 0.271769 -0.595721 199.369 5.5471 13 84 1 0 1
3.24117 -0.426367 1469.39 -1.9043 -0.611569 198.495 5.55241 13 85 1 0 1
-0.0441321 0.188436 1469.39 0.0572139 0.0384261 196.571 5.56452 13 86 1 0 1
-2.91707 -1.31387 1469.39 0.868547 -1.10024 199.357 5.54715 13 87 1 0 1
0.104028 -4.88099 1469.39 -0.0530508 -0.491715 200.971 5.53744 13 88 1 0 1
6.07786 3.58624 1469.39 -1.02481 1.32342 202.131 5.53054 13 89 1 0 1
2.78564 2.72426 1469.39 -1.08027 0.395885 197.793 5.55681 13 90 1 0 1
-3.39854 1.66003 1469.39 2.16741 0.333313 200.037 5.54298 13 91 1 0 1
-4.41383 2.26796 1469.39 1.87747 0.711759 198.844 5.55026 13 92 1 0 1
-2.44589 0.657868 1469.39 0.833795 -0.160947 198.941 5.54972 13 93 1 0 1
0.303046 -3.24807 1469.39 -0.252885 -0.700276 199.297 5.54754 13 94 1 0 1
2.76072 1.39238 1469.39 -1.64905 0.189665 196.19 5.5669 13 95 1 0 1
-2.35284 2.12502 1469.39 1.89762 0.102522 197.322 5.55972 13 96 1 0 1
0.196037 2.72183 1469.39 -0.138183 0.139797 202.997 5.52552 13 97 1 0 1
6.90206 -2.30435 1469.39 -2.11672 -0.0569342 199.211 5.548 13 98 1 0 1
-0.822852 0.512408 1469.39 -0.0868375 0.081703 198.446 5.55278 13 99 1 0 1
-3.62965 -0.951698 1469.39 1.94512 -0.0331306 200.203 5.54199 13 100 1 0 1
0.612756 2.49749 1469.39 -0.168806 0.286383 202.828 5.52651 13 101 1 0 1
-1.1939 -1.32085 1469.39 0.0514476 -0.634213 200.606 5.53962 13 102 1 0 1
-1.18132 -0.600843 1469.39 -0.0407868 0.21215 200.048 5.54299 13 103 1 0 1
5.75536 -0.286613 1469.39 -2.56521 -0.508276 200.285 5.54145 13 104 1 0 1
-2.82658 1.48268 1469.39 1.24803 0.833913 198.055 5.55517 13 105 1 0 1
3.76872 0.702392 1469.39 -2.09744 -0.0445836 200.136 5.54239 13 106 1 0 1
-3.83622 1.22351 1469.39 1.00839 0.374186 198.931 5.54977 13 107 1 0 1
4.5202 -2.4938 1469.39 -2.44592 -0.561504 198.998 5.54928 13 108 1 0 1
-1.8711 -0.304671 1469.39 2.36013 -0.119819 198.844 5.55024 13 109 1 0 1
-4.83933 0.506534 1469.39 1.51374 0.145555 199.218 5.548 13 110 1 0 1
2.3696 -2.40932 1469.39 -0.198788 -0.922714 201.594 5.53373 13 111 1 0 1
2.04504 -4.06071 1469.39 -2.25718 -0.980951 198.176 5.55435 13 112 1 0 1
2.37987 1.89693 1469.39 -1.35016 0.448074 202.172 5.53031 13 113 1 0 1
3.34789 -3.86261 1469.39 -2.76937 -0.428635 197.153 5.56072 13 114 1 0 1
1.50153 -0.657643 1469.39 0.00777538 0.772751 199.541 5.54605 13 115 1 0 1
-4.79992 -0.126268 1469.39 2.89078 0.507693 201.255 5.53563 13 116 1 0 1
-0.515065 -0.607872 1469.39 -1.05052 -0.00492083 201.098 5.53667 13 117 1 0 1
2.37091 -0.714635 1469.39 -0.177668 -0.0999472 200.333 5.54127 13 118 1 0 1
-0.827668 -0.0685716 1469.39 0.696222 -0.630532 197.782 5.55689 13 119 1 0 1
-5.14152 2.74426 1469.39 2.45486 -0.245662 200.295 5.54141 13 120 1 0 1
-4.68005 3.57786 1469.39 1.54105 0.76563 198.942 5.54968 13 121 1 0 1
5.18352 0.0624211 1469.39 -1.15161 -0.197869 200.778 5.53858 13 122 1 0 1
1.42578 1.8074 1469.39 -0.110044 0.603098 197.933 5.55595 13 123 1 0 1
0.633298 1.7685 1469.39 -0.265228 0.481207 198.479 5.55257 13 124 1 0 1
-0.300272 -0.151842 1469.39 -0.195842 -0.200149 196.696 5.56373 13 125 1 0 1
0.982123 -2.0926 1469.39 -0.62048 0.0966959 200.317 5.54136 13 126 1 0 1
-3.56393 0.409737 1469.39 1.71005 -0.0683113 200.487 5.5403 13 127 1 0 1
-2.09962 -0.686364 1469.39 0.886826 0.123916 199.657 5.54534 13 128 1 0 1
-3.69036 0.122737 1469.39 1.79296 0.205421 201.566 5.53386 13 129 1 0 1
2.03956 1.46722 1469.39 -1.51005 0.71346 200.405 5.54079 13 130 1 0 1
-0.58069 -2.41965 1469.39 0.0637317 -0.403909 200.886 5.53795 13 131 1 0 1
1.99167 -1.07359 1469.39 -1.71776 -0.436791 200.368 5.54101 13 132 1 0 1
2.59541 -1.06033 1469.39 -0.943083 -0.234345 200.245 5.54178 13 133 1 0 1
4.02962 0.941815 1469.39 -1.91204 0.600823 199.681 5.54515 13 134 1 0 1
5.22209 -1.81021 1469.39 -2.75847 -0.388246 197.993 5.55547 13 135 1 0 1
2.97294 5.16287 1469.39 -1.23404 1.11581 201.322 5.53532 13 136 1 0 1
1.25601 -0.216861 1469.39 -0.237786 -0.176702 202.188 5.53024 13 137 1 0 1
0.370936 1.05176 1469.39 0.292058 0.176553 203.112 5.52486 13 138 1 0 1
1.62701 0.840193 1469.39 -0.0342089 0.944399 200.657 5.53931 13 139 1 0 1
4.90986 3.61601 1469.39 -1.38635 1.2287 201.128 5.53646 13 140 1 0 1
5.07715 -0.53346 1469.39 -1.11902 0.000917862 200.861 5.53808 13 141 1 0 1
-2.25032 2.66105 1469.39 1.01368 0.652185 200.997 5.53727 13 142 1 0 1
2.66546 -2.50491 1469.39 -0.243218 -0.418793 199.181 5.54826 13 143 1 0 1
-0.686493 -0.708575 1469.39 -0.373181 -0.0420039 201.364 5.53511 13 144 1 0 1
-7.39843 -1.936 1469.39 2.47591 -0.0395913 207.489 5.50016 13 145 1 0 1
3.881 2.22919 1469.39 -1.492 -0.0761647 200.835 5.53822 13 146 1 0 1
4.18107 -1.29521 1469.39 -2.01442 -0.178081 197.549 5.55829 13 147 1 0 1
2.47871 -0.291389 1469.39 -0.824028 0.120778 201.469 5.53448 13 148 1 0 1
3.96508 2.18162 1469.39 -0.626897 0.0127818 198.853 5.55027 13 149 1 0 1
-7.43383 2.04857 1469.39 2.99779 0.765877 200.463 5.54034 13 150 1 0 1
0.499337 0.521415 1530.61 -0.173528 -0.143551 199.745 5.77586 13 1 1 0 1
3.64087 0.511348 1530.61 -2.49834 0.163894 200.216 5.77279 13 2 1 0 1
-1.44838 -1.42044 1530.61 -0.00661552 -0.287021 198.523 5.78365 13 3 1 0 1
2.45181 -2.90582 1530.61 -1.69612 -0.528893 199.779 5.77559 13 4 1 0 1
-0.321937 0.886908 1530.61 1.33067 -0.00775418 201.742 5.76338 13 5 1 0 1
0.350096 -0.248595 1530.61 -0.500177 -0.30394 197.773 5.78849 13 6 1 0 1
-0.372176 5.60285 1530.61 1.38425 1.18709 198.16 5.78593 13 7 1 0 1
-2.75443 3.04691 1530.61 1.16987 0.252773 197.992 5.78705 13 8 1 0 1
0.437325 0.0637315 1530.61 -0.0425518 -0.265864 201.277 5.76628 13 9 1 0 1
-1.37982 -1.31055 1530.61 0.344836 -0.0213322 198.565 5.78338 13 10 1 0 1
0.855513 1.46688 1530.61 -0.903851 -0.521493 198.359 5.78469 13 11 1 0 1
2.29051 -2.97202 1530.61 -2.01814 -0.703164 201.66 5.76384 13 12 1 0 1
-3.63002 2.96422 1530.61 2.32696 0.711535 201.891 5.7624 13 13 1 0 1
3.71895 -0.687275 1530.61 -2.32978 -0.0158258 201.434 5.76522 13 14 1 0 1
-3.19387 -1.61902 1530.61 0.172831 -0.0816598 198.876 5.78138 13 15 1 0 1
1.46379 1.23596 1530.61 -1.64702 0.2447 201.492 5.7649 13 16 1 0 1
2.0894 3.68225 1530.61 -1.05254 1.01166 198.859 5.78146 13 17 1 0 1
-1.94585 0.142922 1530.61 0.276678 -0.0627054 200.336 5.77214 13 18 1 0 1
-3.46222 -1.00361 1530.61 1.45334 0.16363 201.801 5.76301 13 19 1 0 1
-1.88017 0.827108 1530.61 0.209258 -0.508694 199.281 5.77879 13 20 1 0 1
-4.21437 0.711253 1530.61 2.49927 0.505102 199.682 5.77615 13 21 1 0 1
-4.28416 -2.4604 1530.61 2.01942 0.365633 201.411 5.76538 13 22 1 0 1
-1.04141 1.39737 1530.61 1.08304 0.25294 203.447 5.75303 13 23 1 0 1
3.04685 -3.20876 1530.61 -1.53831 -0.41752 199.265 5.77886 13 24 1 0 1
0.64905 -0.961172 1530.61 0.563189 0.238646 201.769 5.76323 13 25 1 0 1
-1.66859 -0.0941755 1530.61 -0.725434 -0.470069 197.392 5.79097 13 26 1 0 1
0.0817287 -4.54521 1530.61 -0.302487 -0.242998 201.981 5.76194 13 27 1 0 1
-2.64841 -1.56744 1530.61 0.4437 -0.294025 198.956 5.78087 13 28 1 0 1
3.09432 1.21385 1530.61 -2.04123 -0.461664 198.767 5.78201 13 29 1 0 1
0.310115 0.983058 1530.61 1.02787 0.0872146 201.645 5.76398 13 30 1 0 1
-3.7227 2.6683 1530.61 2.33555 0.320881 201.02 5.76778 13 31 1 0 1
-0.765629 -2.49178 1530.61 1.01811 -0.474884 201.397 5.76552 13 32 1 0 1
-3.74658 0.199641 1530.61 1.83876 -0.69068 200.478 5.77119 13 33 1 0 1
0.685995 -3.25847 1530.61 -0.51092 -0.621167 201.037 5.76775 13 34 1 0 1
-2.72751 3.96464 1530.61 2.07778 0.603869 200.448 5.77136 13 35 1 0 1
0.943127 -1.74151 1530.61 -1.25843 0.0260398 201.032 5.76777 13 36 1 0 1
1.58683 -1.02711 1530.61 0.166676 -0.165737 198.509 5.78374 13 37 1 0 1
-1.71086 1.44305 1530.61 0.682635 0.122487 202.029 5.76164 13 38 1 0 1
1.57093 0.876147 1530.61 -1.2365 -0.595807 196.271 5.79833 13 39 1 0 1
-1.58013 0.963711 1530.61 1.20795 -0.468912 199.979 5.77436 13 40 1 0 1
-5.48908 -0.972311 1530.61 3.69078 -0.00724754 198.584 5.78303 13 41 1 0 1
0.0434521 -1.27091 1530.61 0.19506 0.492598 204.004 5.7497 13 42 1 0 1
-0.834306 2.35848 1530.61 -0.857521 0.330046 206.328 5.73606 13 43 1 0 1
3.34241 1.40199 1530.61 -0.908616 0.0903179 201.385 5.7656 13 44 1 0 1
-3.15893 3.4016 1530.61 2.16755 0.759048 202.467 5.75889 13 45 1 0 1
0.215521 0.622508 1530.61 1.40614 -0.367727 204.248 5.74823 13 46 1 0 1
-1.68131 2.43576 1530.61 0.795873 0.716164 200.091 5.77366 13 47 1 0 1
-1.72662 0.617279 1530.61 0.609654 0.493273 198.443 5.78415 13 48 1 0 1
2.53209 5.02368 1530.61 -2.06275 1.00774 200.887 5.76862 13 49 1 0 1
-3.99829 -2.38694 1530.61 2.38608 -0.286972 198.497 5.78372 13 50 1 0 1
0.638075 -2.02608 1530.61 -1.62278 -0.540832 206.653 5.73416 13 51 1 0 1
-0.367215 -0.771931 1530.61 -0.258493 -0.0637058 204.632 5.74598 13 52 1 0 1
-2.8889 1.05792 1530.61 2.87835 0.0438583 201.546 5.76449 13 53 1 0 1
5.13649 4.22109 1530.61 -1.41789 0.771879 199.787 5.77555 13 54 1 0 1
-0.335472 1.9408 1530.61 0.802624 1.02841 200.654 5.77012 13 55 1 0 1
-1.68155 -1.83672 1530.61 0.271927 -0.265165 202.698 5.75756 13 56 1 0 1
0.8341 0.932527 1530.61 -0.00321603 0.354372 195.668 5.80238 13 57 1 0 1
-0.587039 0.529452 1530.61 0.168938 0.335379 200.743 5.76959 13 58 1 0 1
-4.47951 0.901093 1530.61 2.72345 0.35859 199.842 5.77513 13 59 1 0 1
3.37051 0.581881 1530.61 -1.99495 -0.522398 201.876 5.76252 13 60 1 0 1
-2.16274 -1.9367 1530.61 1.8859 0.0399937 200.615 5.77033 13 61 1 0 1
-0.528472 -4.23516 1530.61 0.898741 -0.924251 196.19 5.79887 13 62 1 0 1
-1.13728 0.178282 1530.61 1.01768 -0.125599 200.778 5.76935 13 63 1 0 1
6.12959 -1.21534 1530.61 -2.93097 -0.665825 203.784 5.75089 13 64 1 0 1
-3.18082 -2.46109 1530.61 3.59845 0.211619 203.195 5.75437 13 65 1 0 1
0.172862 -4.22879 1530.61 0.759252 -0.948541 196.214 5.79872 13 66 1 0 1
-0.229306 -0.429174 1530.61 0.714665 0.0815183 202.746 5.75727 13 67 1 0 1
3.45966 -4.36532 1530.61 -2.37751 -0.49708 200.407 5.7716 13 68 1 0 1
-0.0222715 -1.40619 1530.61 0.540536 -0.279437 198.112 5.7863 13 69 1 0 1
-5.14436 0.124542 1530.61 2.5332 0.23447 198.415 5.78424 13 70 1 0 1
-3.08522 -1.09578 1530.61 2.02283 -0.133115 201.223 5.76655 13 71 1 0 1
-0.254695 0.731333 1530.61 -0.435443 -0.150443 201.344 5.76585 13 72 1 0 1
0.927527 1.80686 1530.61 0.0917873 0.564173 198.03 5.78682 13 73 1 0 1
-2.21105 -2.61185 1530.61 1.39613 -1.23059 200.04 5.77394 13 74 1 0 1
4.29124 -0.411605 1530.61 -2.33905 0.426767 199.485 5.77741 13 75 1 0 1
-0.409964 1.41718 1530.61 0.617352 0.515774 203.572 5.75228 13 76 1 0 1
1.01741 1.20267 1530.61 0.014295 -0.107073 198.631 5.78296 13 77 1 0 1
-1.77865 -1.1246 1530.61 0.529581 -0.666811 198.897 5.78124 13 78 1 0 1
-2.36057 1.34949 1530.61 2.08028 -0.164451 201.634 5.764 13 79 1 0 1
0.860871 -1.49723 1530.61 0.3859 -0.0529669 198.152 5.78604 13 80 1 0 1
1.50132 4.86767 1530.61 -1.11543 0.74334 200.343 5.77206 13 81 1 0 1
0.761648 -1.5988 1530.61 -1.25974 -0.0790493 198.656 5.78277 13 82 1 0 1
-0.700089 0.495622 1530.61 1.60105 0.300474 200.133 5.77337 13 83 1 0 1
-0.574182 -2.44047 1530.61 0.32375 -0.50805 199.369 5.77823 13 84 1 0 1
2.61477 -0.612211 1530.61 -2.14868 -0.59232 198.493 5.78376 13 85 1 0 1
-0.0258226 0.199306 1530.61 0.0601053 0.0313119 196.571 5.79638 13 86 1 0 1
-2.61408 -1.64363 1530.61 1.10039 -1.0452 199.356 5.77828 13 87 1 0 1
0.0866022 -5.00267 1530.61 -0.0611063 -0.306314 200.971 5.76817 13 88 1 0 1
5.69087 3.96588 1530.61 -1.52497 1.18092 202.129 5.76098 13 89 1 0 1
2.41697 2.83103 1530.61 -1.29663 0.293323 197.792 5.78835 13 90 1 0 1
-2.69444 1.75238 1530.61 2.42365 0.269595 200.035 5.77394 13 91 1 0 1
-3.78165 2.47376 1530.61 2.22009 0.623742 198.841 5.78152 13 92 1 0 1
-2.15904 0.604678 1530.61 1.02641 -0.184391 198.94 5.78096 13 93 1 0 1
0.221807 -3.44426 1530.61 -0.274879 -0.575785 199.297 5.77869 13 94 1 0 1
2.21292 1.44352 1530.61 -1.8542 0.137732 196.188 5.79886 13 95 1 0 1
-1.73641 2.14465 1530.61 2.06727 0.0238835 197.32 5.79138 13 96 1 0 1
0.152026 2.74839 1530.61 -0.15304 0.0361497 202.997 5.75575 13 97 1 0 1
6.16583 -2.30867 1530.61 -2.664 0.0288403 199.205 5.77917 13 98 1 0 1
-0.83898 0.534644 1530.61 -0.0174959 0.0623086 198.447 5.78414 13 99 1 0 1
-2.99083 -0.956382 1530.61 2.22378 0.00252525 200.2 5.77291 13 100 1 0 1
0.554165 2.56953 1530.61 -0.218572 0.190456 202.828 5.75678 13 101 1 0 1
-1.16296 -1.50651 1530.61 0.15086 -0.581273 200.606 5.77044 13 102 1 0 1
-1.17861 -0.532611 1530.61 0.0584781 0.233314 200.048 5.77395 13 103 1 0 1
4.90079 -0.440056 1530.61 -3.01388 -0.494676 200.279 5.77235 13 104 1 0 1
-2.4062 1.73152 1530.61 1.46594 0.77449 198.054 5.78663 13 105 1 0 1
3.08152 0.684773 1530.61 -2.38566 -0.0704954 200.133 5.77332 13 106 1 0 1
-3.47803 1.33148 1530.61 1.31432 0.326742 198.93 5.78101 13 107 1 0 1
3.71295 -2.652 1530.61 -2.79035 -0.465915 198.994 5.7805 13 108 1 0 1
-1.12354 -0.339755 1530.61 2.48531 -0.107858 198.843 5.7815 13 109 1 0 1
-4.31408 0.548293 1530.61 1.89713 0.125939 199.215 5.77916 13 110 1 0 1
2.27911 -2.67527 1530.61 -0.395837 -0.827039 201.594 5.7643 13 111 1 0 1
1.32448 -4.34003 1530.61 -2.39757 -0.825553 198.175 5.78579 13 112 1 0 1
1.94224 2.02154 1530.61 -1.53389 0.374128 202.171 5.76074 13 113 1 0 1
2.44864 -3.97344 1530.61 -3.00961 -0.284431 197.15 5.79241 13 114 1 0 1
1.48466 -0.417242 1530.61 -0.117514 0.79277 199.541 5.77714 13 115 1 0 1
-3.86274 0.0286055 1530.61 3.25727 0.509513 201.249 5.76628 13 116 1 0 1
-0.826927 -0.6059 1530.61 -0.993778 0.017862 201.098 5.76737 13 117 1 0 1
2.28645 -0.741046 1530.61 -0.373848 -0.0727276 200.332 5.77216 13 118 1 0 1
-0.602461 -0.262994 1530.61 0.755695 -0.62441 197.782 5.78842 13 119 1 0 1
-4.32845 2.65366 1530.61 2.85361 -0.346568 200.289 5.7723 13 120 1 0 1
-4.14783 3.79263 1530.61 1.9103 0.628758 198.939 5.78092 13 121 1 0 1
4.76741 0.00184238 1530.61 -1.57168 -0.199071 200.775 5.76935 13 122 1 0 1
1.37361 1.98329 1530.61 -0.226549 0.533065 197.933 5.78745 13 123 1 0 1
0.543715 1.90656 1530.61 -0.314349 0.413124 198.479 5.78393 13 124 1 0 1
-0.357121 -0.213157 1530.61 -0.168654 -0.193448 196.696 5.79555 13 125 1 0 1
0.780703 -2.05117 1530.61 -0.694728 0.174174 200.317 5.77225 13 126 1 0 1
-2.99827 0.386579 1530.61 1.98665 -0.0832119 200.484 5.77115 13 127 1 0 1
-1.80193 -0.644523 1530.61 1.05061 0.148717 199.656 5.7764 13 128 1 0 1
-3.10078 0.184313 1530.61 2.08075 0.199642 201.564 5.76444 13 129 1 0 1
1.55406 1.6764 1530.61 -1.66147 0.654653 200.404 5.77166 13 130 1 0 1
-0.553906 -2.52871 1530.61 0.111656 -0.311125 200.886 5.7687 13 131 1 0 1
1.4435 -1.20068 1530.61 -1.86247 -0.394255 200.367 5.77189 13 132 1 0 1
2.27503 -1.1258 1530.61 -1.14814 -0.193484 200.244 5.77269 13 133 1 0 1
3.39422 1.12031 1530.61 -2.2237 0.562381 199.677 5.7762 13 134 1 0 1
4.30581 -1.91971 1530.61 -3.15503 -0.319306 197.987 5.78694 13 135 1 0 1
2.56115 5.47211 1530.61 -1.4683 0.915968 201.321 5.76595 13 136 1 0 1
1.16821 -0.26903 1530.61 -0.340846 -0.167533 202.188 5.76067 13 137 1 0 1
0.453841 1.09888 1530.61 0.256834 0.135781 203.112 5.75506 13 138 1 0 1
1.59576 1.12301 1530.61 -0.170181 0.90763 200.657 5.77011 13 139 1 0 1
4.42671 3.9687 1530.61 -1.78117 1.0863 201.126 5.76714 13 140 1 0 1
4.67244 -0.530138 1530.61 -1.53077 0.0208581 200.859 5.76884 13 141 1 0 1
-1.91403 2.84415 1530.61 1.18967 0.548901 200.996 5.76799 13 142 1 0 1
2.55686 -2.6191 1530.61 -0.461931 -0.32353 199.181 5.77943 13 143 1 0 1
-0.790673 -0.717281 1530.61 -0.310639 -0.0152048 201.364 5.76573 13 144 1 0 1
-6.57615 -1.93662 1530.61 3.08546 0.0354077 207.481 5.72933 13 145 1 0 1
3.37836 2.19331 1530.61 -1.79853 -0.159066 200.832 5.76898 13 146 1 0 1
3.50584 -1.34291 1530.61 -2.33367 -0.129434 197.546 5.78989 13 147 1 0 1
2.19759 -0.253093 1530.61 -1.02212 0.131016 201.468 5.76508 13 148 1 0 1
3.72207 2.17311 1530.61 -0.948302 -0.0680447 198.851 5.78153 13 149 1 0 1
-6.42689 2.27035 1530.61 3.58186 0.685034 200.454 5.77119 13 150 1 0 1
0.439975 0.474525 1591.84 -0.212979 -0.16212 199.745 6.00689 13 1 1 0 1
2.8335 0.558453 1591.84 -2.77085 0.143899 200.213 6.0037 13 2 1 0 1
-1.43185 -1.50068 1591.84 0.113612 -0.232893 198.523 6.01499 13 3 1 0 1
1.90281 -3.05103 1591.84 -1.87903 -0.417812 199.778 6.00661 13 4 1 0 1
0.0842915 0.8795 1591.84 1.34075 -0.0410164 201.742 5.99391 13 5 1 0 1
0.191431 -0.341089 1591.84 -0.522696 -0.293054 197.773 6.02003 13 6 1 0 1
0.0584514 5.93696 1591.84 1.39733 0.973649 198.161 6.01737 13 7 1 0 1
-2.35891 3.10755 1591.84 1.38274 0.139036 197.991 6.01854 13 8 1 0 1
0.418832 -0.017349 1591.84 -0.0787853 -0.266736 201.277 5.99693 13 9 1 0 1
-1.25626 -1.30964 1591.84 0.454894 0.02723 198.565 6.01471 13 10 1 0 1
0.566762 1.29786 1591.84 -0.963168 -0.57268 198.358 6.01608 13 11 1 0 1
1.65106 -3.16815 1591.84 -2.18525 -0.587585 201.659 5.99439 13 12 1 0 1
-2.88084 3.16268 1591.84 2.60331 0.596069 201.888 5.9929 13 13 1 0 1
2.96619 -0.688156 1591.84 -2.61288 0.0100344 201.43 5.99583 13 14 1 0 1
-3.09995 -1.63487 1591.84 0.436016 -0.021258 198.876 6.01264 13 15 1 0 1
0.946714 1.30312 1591.84 -1.74914 0.196947 201.491 5.9955 13 16 1 0 1
1.73995 3.97213 1591.84 -1.21265 0.869579 198.859 6.01272 13 17 1 0 1
-1.83672 0.12298 1591.84 0.436012 -0.0676774 200.335 6.00302 13 18 1 0 1
-2.9788 -0.948333 1591.84 1.72662 0.200395 201.799 5.99353 13 19 1 0 1
-1.79205 0.666404 1591.84 0.36313 -0.536474 199.281 6.00994 13 20 1 0 1
-3.39733 0.861772 1591.84 2.81879 0.475774 199.677 6.0072 13 21 1 0 1
-3.61801 -2.33543 1591.84 2.35403 0.455784 201.408 5.99599 13 22 1 0 1
-0.703529 1.46537 1591.84 1.15769 0.198577 203.446 5.98315 13 23 1 0 1
2.53717 -3.3185 1591.84 -1.77226 -0.296116 199.263 6.01001 13 24 1 0 1
0.810892 -0.883413 1591.84 0.501252 0.273386 201.77 5.99376 13 25 1 0 1
-1.87125 -0.239161 1591.84 -0.578517 -0.463928 197.392 6.02261 13 26 1 0 1
-0.0106166 -4.59281 1591.84 -0.305507 -0.0707217 201.981 5.99241 13 27 1 0 1
-2.47851 -1.64881 1591.84 0.658174 -0.234298 198.955 6.0121 13 28 1 0 1
2.42861 1.06499 1591.84 -2.27203 -0.503936 198.764 6.01329 13 29 1 0 1
0.616893 1.00388 1591.84 0.98857 0.0498177 201.645 5.99454 13 30 1 0 1
-2.96669 2.75063 1591.84 2.61825 0.219202 201.017 5.99849 13 31 1 0 1
-0.447632 -2.62166 1591.84 1.06949 -0.378761 201.396 5.99614 13 32 1 0 1
-3.13941 -0.0120252 1591.84 2.129 -0.69418 200.475 6.00204 13 33 1 0 1
0.52227 -3.42869 1591.84 -0.561995 -0.495686 201.037 5.99846 13 34 1 0 1
-2.06063 4.12612 1591.84 2.27957 0.45249 200.446 6.00222 13 35 1 0 1
0.549422 -1.72366 1591.84 -1.32152 0.0910608 201.032 5.99848 13 36 1 0 1
1.61768 -1.07227 1591.84 0.0329221 -0.126838 198.509 6.01509 13 37 1 0 1
-1.48294 1.47187 1591.84 0.818303 0.0675191 202.028 5.9921 13 38 1 0 1
1.16673 0.685647 1591.84 -1.34947 -0.624416 196.27 6.03027 13 39 1 0 1
-1.19164 0.814928 1591.84 1.32449 -0.502109 199.978 6.00533 13 40 1 0 1
-4.2857 -0.968996 1591.84 4.09876 0.0287347 198.576 6.01436 13 41 1 0 1
0.101185 -1.1161 1591.84 0.188856 0.53805 204.004 5.97969 13 42 1 0 1
-1.07698 2.44278 1591.84 -0.774605 0.237582 206.328 5.9655 13 43 1 0 1
3.02451 1.4214 1591.84 -1.17821 0.0372464 201.383 5.99622 13 44 1 0 1
-2.46579 3.61129 1591.84 2.40698 0.626511 202.465 5.98924 13 45 1 0 1
0.632454 0.508938 1591.84 1.36972 -0.389297 204.248 5.97816 13 46 1 0 1
-1.41727 2.64058 1591.84 0.926235 0.621356 200.091 6.0046 13 47 1 0 1
-1.51719 0.765656 1591.84 0.745002 0.467657 198.442 6.01552 13 48 1 0 1
1.87366 5.30157 1591.84 -2.24883 0.814134 200.886 5.99936 13 49 1 0 1
-3.21422 -2.46168 1591.84 2.68705 -0.197135 198.493 6.01507 13 50 1 0 1
0.151177 -2.17445 1591.84 -1.65707 -0.459808 206.653 5.96352 13 51 1 0 1
-0.439516 -0.786552 1591.84 -0.223782 -0.0339385 204.632 5.97582 13 52 1 0 1
-1.98123 1.06519 1591.84 3.08469 0.00391804 201.543 5.99507 13 53 1 0 1
4.63799 4.4331 1591.84 -1.82847 0.610488 199.784 6.00657 13 54 1 0 1
-0.0873193 2.24293 1591.84 0.820463 0.950058 200.654 6.00092 13 55 1 0 1
-1.57821 -1.90619 1591.84 0.410858 -0.19435 202.698 5.98786 13 56 1 0 1
0.822406 1.03788 1591.84 -0.0713678 0.318386 195.668 6.03447 13 57 1 0 1
-0.52821 0.628525 1591.84 0.216011 0.313681 200.743 6.00037 13 58 1 0 1
-3.59129 1.0056 1591.84 3.06251 0.323016 199.837 6.00613 13 59 1 0 1
2.72487 0.420432 1591.84 -2.25365 -0.541278 201.874 5.99302 13 60 1 0 1
-1.56194 -1.91347 1591.84 2.04299 0.112088 200.613 6.00115 13 61 1 0 1
-0.24243 -4.49889 1591.84 0.930545 -0.764313 196.191 6.03082 13 62 1 0 1
-0.813701 0.139038 1591.84 1.10004 -0.131545 200.778 6.00013 13 63 1 0 1
5.17421 -1.40806 1591.84 -3.4152 -0.615903 203.777 5.98093 13 64 1 0 1
-2.06044 -2.38341 1591.84 3.8223 0.303494 203.191 5.98454 13 65 1 0 1
0.406542 -4.50008 1591.84 0.735351 -0.78868 196.215 6.03066 13 66 1 0 1
-0.011477 -0.402157 1591.84 0.724929 0.0972505 202.746 5.98756 13 67 1 0 1
2.69209 -4.49199 1591.84 -2.6367 -0.331393 200.404 6.00247 13 68 1 0 1
0.144347 -1.48436 1591.84 0.535451 -0.225986 198.112 6.01775 13 69 1 0 1
-4.3001 0.196044 1591.84 2.92714 0.228526 198.41 6.01561 13 70 1 0 1
-2.43283 -1.12996 1591.84 2.25627 -0.0913106 201.22 5.99721 13 71 1 0 1
-0.383273 0.681503 1591.84 -0.408434 -0.176995 201.344 5.99649 13 72 1 0 1
0.943894 1.97065 1591.84 0.0138642 0.49435 198.03 6.0183 13 73 1 0 1
-1.75723 -2.97287 1591.84 1.56303 -1.12631 200.039 6.0049 13 74 1 0 1
3.52142 -0.278526 1591.84 -2.6667 0.439608 199.481 6.00851 13 75 1 0 1
-0.219834 1.56393 1591.84 0.64431 0.45913 203.572 5.98238 13 76 1 0 1
1.00876 1.16287 1591.84 -0.0703275 -0.15093 198.631 6.01428 13 77 1 0 1
-1.59354 -1.32305 1591.84 0.670608 -0.62137 198.897 6.01249 13 78 1 0 1
-1.70136 1.29195 1591.84 2.25247 -0.214161 201.632 5.99456 13 79 1 0 1
0.968561 -1.50502 1591.84 0.309679 0.00256063 198.152 6.01748 13 80 1 0 1
1.14266 5.06664 1591.84 -1.22681 0.557569 200.343 6.00294 13 81 1 0 1
0.365301 -1.61399 1591.84 -1.30682 -0.0194766 198.656 6.01408 13 82 1 0 1
-0.203418 0.584541 1591.84 1.63907 0.280296 200.133 6.0043 13 83 1 0 1
-0.467827 -2.58227 1591.84 0.367431 -0.414582 199.369 6.00936 13 84 1 0 1
1.92133 -0.791071 1591.84 -2.33797 -0.566315 198.491 6.01511 13 85 1 0 1
-0.00685114 0.207903 1591.84 0.0614558 0.0238405 196.571 6.02823 13 86 1 0 1
-2.24407 -1.95464 1591.84 1.30403 -0.978241 199.355 6.00942 13 87 1 0 1
0.0669561 -5.06727 1591.84 -0.0675953 -0.117417 200.971 5.9989 13 88 1 0 1
5.15799 4.30028 1591.84 -1.98602 1.02496 202.126 5.99142 13 89 1 0 1
1.98635 2.90551 1591.84 -1.47975 0.187416 197.79 6.01988 13 90 1 0 1
-1.92127 1.82474 1591.84 2.61775 0.202804 200.032 6.00489 13 91 1 0 1
-3.05252 2.65134 1591.84 2.50578 0.528614 198.838 6.01278 13 92 1 0 1
-1.81683 0.54459 1591.84 1.19272 -0.20573 198.939 6.01219 13 93 1 0 1
0.134881 -3.60117 1591.84 -0.289827 -0.444725 199.298 6.00984 13 94 1 0 1
1.60839 1.47818 1591.84 -2.01182 0.0842291 196.186 6.03081 13 95 1 0 1
-1.07546 2.13982 1591.84 2.18391 -0.0550261 197.319 6.02303 13 96 1 0 1
0.104118 2.7436 1591.84 -0.163973 -0.0679103 202.997 5.98598 13 97 1 0 1
5.27153 -2.28666 1591.84 -3.14295 0.11428 199.198 6.01034 13 98 1 0 1
-0.833601 0.550782 1591.84 0.0522943 0.0422035 198.447 6.01551 13 99 1 0 1
-2.27533 -0.950157 1591.84 2.44543 0.0381513 200.198 6.00383 13 100 1 0 1
0.481366 2.61226 1591.84 -0.262734 0.0923552 202.828 5.98705 13 101 1 0 1
-1.10221 -1.67498 1591.84 0.246406 -0.521702 200.606 6.00126 13 102 1 0 1
-1.14568 -0.458303 1591.84 0.156244 0.251817 200.047 6.00491 13 103 1 0 1
3.92058 -0.588479 1591.84 -3.38526 -0.475435 200.273 6.00324 13 104 1 0 1
-1.92412 1.96061 1591.84 1.64626 0.706233 198.052 6.0181 13 105 1 0 1
2.31532 0.659342 1591.84 -2.61273 -0.0956024 200.13 6.00426 13 106 1 0 1
-3.03066 1.42425 1591.84 1.58655 0.275571 198.928 6.01225 13 107 1 0 1
2.81052 -2.77995 1591.84 -3.06324 -0.365015 198.99 6.01172 13 108 1 0 1
-0.347169 -0.370964 1591.84 2.54679 -0.0946669 198.842 6.01276 13 109 1 0 1
-3.67823 0.583796 1591.84 2.23187 0.104886 199.211 6.01033 13 110 1 0 1
2.13019 -2.91071 1591.84 -0.582738 -0.72193 201.594 5.99487 13 111 1 0 1
0.569962 -4.56984 1591.84 -2.4765 -0.660742 198.175 6.01722 13 112 1 0 1
1.45482 2.12309 1591.84 -1.67828 0.295915 202.17 5.99117 13 113 1 0 1
1.48662 -4.03893 1591.84 -3.1727 -0.136988 197.147 6.02411 13 114 1 0 1
1.42973 -0.172082 1591.84 -0.23979 0.803745 199.541 6.00822 13 115 1 0 1
-2.82654 0.183153 1591.84 3.54024 0.505523 201.245 5.99693 13 116 1 0 1
-1.11759 -0.597016 1591.84 -0.911558 0.0404412 201.098 5.99806 13 117 1 0 1
2.14338 -0.759003 1591.84 -0.560442 -0.0446783 200.332 6.00304 13 118 1 0 1
-0.36181 -0.454416 1591.84 0.795795 -0.611166 197.782 6.01996 13 119 1 0 1
-3.4044 2.53279 1591.84 3.17919 -0.443517 200.284 6.00319 13 120 1 0 1
-3.50928 3.96413 1591.84 2.23056 0.484717 198.936 6.01215 13 121 1 0 1
4.22908 -0.0587574 1591.84 -1.95144 -0.198001 200.772 6.00013 13 122 1 0 1
1.28623 2.13655 1591.84 -0.337247 0.456952 197.933 6.01895 13 123 1 0 1
0.440194 2.02288 1591.84 -0.35541 0.340328 198.479 6.01529 13 124 1 0 1
-0.404815 -0.27204 1591.84 -0.137142 -0.18454 196.696 6.02737 13 125 1 0 1
0.559268 -1.98634 1591.84 -0.751166 0.249664 200.317 6.00314 13 126 1 0 1
-2.35574 0.359011 1591.84 2.21232 -0.097163 200.482 6.00199 13 127 1 0 1
-1.45804 -0.595329 1591.84 1.18746 0.171822 199.656 6.00746 13 128 1 0 1
-2.43171 0.243787 1591.84 2.3152 0.191585 201.561 5.99502 13 129 1 0 1
1.02872 1.86646 1591.84 -1.7703 0.58838 200.403 6.00253 13 130 1 0 1
-0.512922 -2.60893 1591.84 0.156718 -0.214792 200.886 5.99945 13 131 1 0 1
0.858331 -1.31407 1591.84 -1.95944 -0.347222 200.366 6.00276 13 132 1 0 1
1.89633 -1.17842 1591.84 -1.32377 -0.150416 200.243 6.0036 13 133 1 0 1
2.6718 1.28603 1591.84 -2.47835 0.517525 199.675 6.00725 13 134 1 0 1
3.27914 -2.00731 1591.84 -3.4707 -0.246728 197.982 6.01842 13 135 1 0 1
2.0837 5.71893 1591.84 -1.66491 0.705673 201.321 5.99659 13 136 1 0 1
1.05047 -0.318129 1591.84 -0.435167 -0.156452 202.188 5.9911 13 137 1 0 1
0.52511 1.13346 1591.84 0.215026 0.0934596 203.112 5.98526 13 138 1 0 1
1.5236 1.39301 1591.84 -0.30179 0.860507 200.658 6.00092 13 139 1 0 1
3.83009 4.27612 1591.84 -2.13032 0.931511 201.123 5.99783 13 140 1 0 1
4.14794 -0.520768 1591.84 -1.90325 0.0405598 200.855 5.99959 13 141 1 0 1
-1.52866 2.99481 1591.84 1.33516 0.439356 200.996 5.99871 13 142 1 0 1
2.3827 -2.70342 1591.84 -0.6688 -0.224577 199.18 6.01061 13 143 1 0 1
-0.874584 -0.717804 1591.84 -0.240133 0.0117678 201.364 5.99636 13 144 1 0 1
-5.58527 -1.91514 1591.84 3.61586 0.109997 207.473 5.95851 13 145 1 0 1
2.78911 2.1324 1591.84 -2.05894 -0.24015 200.83 5.99974 13 146 1 0 1
2.74073 -1.37529 1591.84 -2.59309 -0.0793125 197.543 6.02148 13 147 1 0 1
1.86014 -0.211911 1591.84 -1.194 0.13976 201.467 5.99568 13 148 1 0 1
3.38364 2.1398 1591.84 -1.24539 -0.148094 198.85 6.01279 13 149 1 0 1
-5.25518 2.46624 1591.84 4.07405 0.596385 200.444 6.00204 13 150 1 0 1
0.369333 0.422221 1653.06 -0.246969 -0.178839 199.745 6.23793 13 1 1 0 1
1.95348 0.599188 1653.06 -2.97232 0.122264 200.21 6.23461 13 2 1 0 1
-1.37861 -1.56381 1653.06 0.230926 -0.176108 198.523 6.24634 13 3 1 0 1
1.30503 -3.16142 1653.06 -2.01377 -0.301966 199.777 6.23764 13 4 1 0 1
0.488359 0.86206 1653.06 1.31646 -0.0738108 201.743 6.22445 13 5 1 0 1
0.0278578 -0.429692 1653.06 -0.531815 -0.278825 197.773 6.25157 13 6 1 0 1
0.48758 6.20335 1653.06 1.37459 0.749104 198.162 6.24881 13 7 1 0 1
-1.90292 3.13274 1653.06 1.56015 0.0237134 197.989 6.25002 13 8 1 0 1
0.3896 -0.0982316 1653.06 -0.112999 -0.264564 201.277 6.22758 13 9 1 0 1
-1.1005 -1.29379 1653.06 0.55329 0.0754815 198.564 6.24605 13 10 1 0 1
0.26348 1.11403 1653.06 -0.997794 -0.617334 198.358 6.24746 13 11 1 0 1
0.969279 -3.32813 1653.06 -2.29635 -0.465306 201.658 6.22495 13 12 1 0 1
-2.05781 3.32506 1653.06 2.81292 0.473808 201.886 6.22339 13 13 1 0 1
2.13738 -0.681187 1653.06 -2.829 0.0357793 201.427 6.22644 13 14 1 0 1
-2.92656 -1.63208 1653.06 0.68802 0.0393859 198.875 6.24389 13 15 1 0 1
0.405364 1.35542 1653.06 -1.80641 0.146947 201.49 6.2261 13 16 1 0 1
1.3459 4.21669 1653.06 -1.34168 0.717583 198.859 6.24397 13 17 1 0 1
-1.68049 0.101635 1653.06 0.584167 -0.0718774 200.335 6.23391 13 18 1 0 1
-2.41901 -0.882241 1653.06 1.95563 0.234873 201.797 6.22405 13 19 1 0 1
-1.65799 0.498097 1653.06 0.507691 -0.558133 199.281 6.2411 13 20 1 0 1
-2.49319 1.00246 1653.06 3.06605 0.441021 199.674 6.23825 13 21 1 0 1
-2.85911 -2.18382 1653.06 2.62828 0.540732 201.404 6.22661 13 22 1 0 1
-0.34761 1.51666 1653.06 1.20265 0.14195 203.446 6.21327 13 23 1 0 1
1.96245 -3.39038 1653.06 -1.96076 -0.171336 199.262 6.24117 13 24 1 0 1
0.951946 -0.795577 1653.06 0.426464 0.305006 201.77 6.22429 13 25 1 0 1
-2.02593 -0.381419 1653.06 -0.416768 -0.452496 197.393 6.25425 13 26 1 0 1
-0.10269 -4.58801 1653.06 -0.300695 0.102362 201.981 6.22289 13 27 1 0 1
-2.24507 -1.71137 1653.06 0.855773 -0.171898 198.955 6.24334 13 28 1 0 1
1.70063 0.903987 1653.06 -2.44457 -0.540459 198.762 6.24457 13 29 1 0 1
0.907856 1.01325 1653.06 0.923924 0.0118524 201.646 6.2251 13 30 1 0 1
-2.13462 2.80157 1653.06 2.83382 0.115025 201.014 6.2292 13 31 1 0 1
-0.11816 -2.72163 1653.06 1.09345 -0.278317 201.396 6.22676 13 32 1 0 1
-2.45176 -0.223554 1653.06 2.36465 -0.689763 200.472 6.23288 13 33 1 0 1
0.345156 -3.55981 1653.06 -0.598663 -0.364549 201.038 6.22917 13 34 1 0 1
-1.34092 4.24053 1653.06 2.42291 0.295953 200.445 6.23307 13 35 1 0 1
0.141631 -1.68615 1653.06 -1.35073 0.155043 201.032 6.22919 13 36 1 0 1
1.60705 -1.1052 1653.06 -0.101676 -0.0864927 198.509 6.24643 13 37 1 0 1
-1.21701 1.4839 1653.06 0.932993 0.0117816 202.028 6.22257 13 38 1 0 1
0.73262 0.487326 1653.06 -1.42785 -0.645902 196.269 6.2622 13 39 1 0 1
-0.772599 0.656848 1653.06 1.40708 -0.52958 199.977 6.2363 13 40 1 0 1
-2.97245 -0.954626 1653.06 4.40167 0.0643868 198.57 6.24568 13 41 1 0 1
0.156324 -0.948569 1653.06 0.17781 0.577364 204.004 6.20968 13 42 1 0 1
-1.29204 2.49921 1653.06 -0.671831 0.142407 206.329 6.19495 13 43 1 0 1
2.62907 1.42459 1653.06 -1.41759 -0.0162493 201.382 6.22684 13 44 1 0 1
-1.70944 3.77979 1653.06 2.5847 0.486831 202.463 6.2196 13 45 1 0 1
1.03317 0.389564 1653.06 1.2982 -0.406427 204.249 6.20809 13 46 1 0 1
-1.11691 2.81528 1653.06 1.03285 0.51946 200.09 6.23555 13 47 1 0 1
-1.26888 0.905298 1653.06 0.861249 0.436706 198.442 6.24689 13 48 1 0 1
1.16719 5.51899 1653.06 -2.37726 0.611241 200.885 6.2301 13 49 1 0 1
-2.34775 -2.50832 1653.06 2.91914 -0.105054 198.49 6.24642 13 50 1 0 1
-0.339597 -2.29801 1653.06 -1.64889 -0.37354 206.654 6.19289 13 51 1 0 1
-0.50055 -0.7922 1653.06 -0.183334 -0.00378404 204.632 6.20566 13 52 1 0 1
-1.02278 1.0603 1653.06 3.21196 -0.0360659 201.541 6.22565 13 53 1 0 1
4.0206 4.59455 1653.06 -2.19216 0.442136 199.781 6.23759 13 54 1 0 1
0.163072 2.51947 1653.06 0.817269 0.860865 200.655 6.23173 13 55 1 0 1
-1.43441 -1.95391 1653.06 0.539255 -0.121318 202.698 6.21817 13 56 1 0 1
0.789629 1.13139 1653.06 -0.13769 0.278767 195.668 6.26657 13 57 1 0 1
-0.45584 0.720427 1653.06 0.257547 0.288406 200.743 6.23115 13 58 1 0 1
-2.611 1.09864 1653.06 3.32305 0.283761 199.833 6.23714 13 59 1 0 1
2.00937 0.254187 1653.06 -2.45458 -0.553983 201.871 6.22352 13 60 1 0 1
-0.921089 -1.86841 1653.06 2.14772 0.182903 200.612 6.23196 13 61 1 0 1
0.0498268 -4.71129 1653.06 0.938493 -0.595655 196.191 6.26278 13 62 1 0 1
-0.469264 0.0982087 1653.06 1.1542 -0.135991 200.778 6.2309 13 63 1 0 1
4.08618 -1.58473 1653.06 -3.81185 -0.55896 203.77 6.21096 13 64 1 0 1
-0.88724 -2.27854 1653.06 3.94819 0.391906 203.188 6.21471 13 65 1 0 1
0.6298 -4.72003 1653.06 0.692598 -0.619821 196.216 6.26261 13 66 1 0 1
0.206646 -0.370551 1653.06 0.716609 0.111873 202.746 6.21785 13 67 1 0 1
1.8555 -4.56742 1653.06 -2.82829 -0.16193 200.401 6.23333 13 68 1 0 1
0.307265 -1.5456 1653.06 0.516639 -0.169958 198.112 6.2492 13 69 1 0 1
-3.3456 0.265309 1653.06 3.24602 0.219977 198.405 6.24698 13 70 1 0 1
-1.71807 -1.15124 1653.06 2.43187 -0.0484653 201.218 6.22787 13 71 1 0 1
-0.502025 0.623898 1653.06 -0.370955 -0.201527 201.344 6.22712 13 72 1 0 1
0.936063 2.11195 1653.06 -0.0644145 0.418888 198.031 6.24977 13 73 1 0 1
-1.25837 -3.29998 1653.06 1.68987 -1.00918 200.039 6.23586 13 74 1 0 1
2.66132 -0.14227 1653.06 -2.92597 0.447435 199.477 6.23961 13 75 1 0 1
-0.0240678 1.69283 1653.06 0.65475 0.397248 203.572 6.21247 13 76 1 0 1
0.974244 1.1098 1653.06 -0.153147 -0.193065 198.63 6.24559 13 77 1 0 1
-1.36757 -1.50641 1653.06 0.794442 -0.568841 198.897 6.24374 13 78 1 0 1
-0.998522 1.21967 1653.06 2.36692 -0.261429 201.631 6.22512 13 79 1 0 1
1.05142 -1.49565 1653.06 0.225518 0.058059 198.152 6.24892 13 80 1 0 1
0.754712 5.20781 1653.06 -1.30673 0.365439 200.343 6.23383 13 81 1 0 1
-0.0404122 -1.61078 1653.06 -1.32039 0.0403182 198.656 6.24539 13 82 1 0 1
0.298468 0.666792 1653.06 1.63507 0.256921 200.133 6.23524 13 83 1 0 1
-0.349478 -2.69461 1653.06 0.401693 -0.316385 199.369 6.24049 13 84 1 0 1
1.17864 -0.960907 1653.06 -2.46733 -0.533852 198.489 6.24647 13 85 1 0 1
0.012296 0.214129 1653.06 0.0612307 0.0160972 196.571 6.26009 13 86 1 0 1
-1.81654 -2.24335 1653.06 1.47423 -0.900123 199.355 6.24055 13 87 1 0 1
0.0455935 -5.07407 1653.06 -0.0723513 0.0728188 200.972 6.22962 13 88 1 0 1
4.49287 4.58563 1653.06 -2.39614 0.857296 202.122 6.22185 13 89 1 0 1
1.5048 2.94684 1653.06 -1.62493 0.0793719 197.789 6.25142 13 90 1 0 1
-1.09885 1.87629 1653.06 2.74476 0.133701 200.031 6.23585 13 91 1 0 1
-2.24513 2.79868 1653.06 2.72723 0.427459 198.835 6.24404 13 92 1 0 1
-1.42805 0.47829 1653.06 1.32845 -0.224723 198.938 6.24343 13 93 1 0 1
0.0444978 -3.71699 1653.06 -0.297344 -0.308591 199.298 6.24098 13 94 1 0 1
0.96262 1.49599 1653.06 -2.11786 0.0297663 196.185 6.26276 13 95 1 0 1
-0.386943 2.11057 1653.06 2.24458 -0.133307 197.318 6.25469 13 96 1 0 1
0.0535404 2.70751 1653.06 -0.170702 -0.171196 202.997 6.21621 13 97 1 0 1
4.24209 -2.23856 1653.06 -3.5413 0.19841 199.191 6.2415 13 98 1 0 1
-0.806851 0.560636 1653.06 0.120744 0.0216169 198.446 6.24687 13 99 1 0 1
-1.5015 -0.933092 1653.06 2.60438 0.0733415 200.196 6.23474 13 100 1 0 1
0.396228 2.62518 1653.06 -0.300161 -0.00679874 202.828 6.21732 13 101 1 0 1
-1.0132 -1.82435 1653.06 0.335634 -0.456179 200.606 6.23208 13 102 1 0 1
-1.08338 -0.378767 1653.06 0.250004 0.267447 200.047 6.23586 13 103 1 0 1
2.83986 -0.730188 1653.06 -3.66985 -0.450774 200.268 6.23413 13 104 1 0 1
-1.39273 2.16733 1653.06 1.78437 0.629921 198.051 6.24956 13 105 1 0 1
1.48976 0.62639 1653.06 -2.77282 -0.119618 200.128 6.23519 13 106 1 0 1
-2.50561 1.50078 1653.06 1.8181 0.221258 198.926 6.24349 13 107 1 0 1
1.83604 -2.87619 1653.06 -3.25761 -0.259957 198.987 6.24294 13 108 1 0 1
0.438098 -0.397941 1653.06 2.54299 -0.0803962 198.842 6.24402 13 109 1 0 1
-2.94809 0.61264 1653.06 2.50939 0.0826382 199.208 6.2415 13 110 1 0 1
1.92667 -3.11294 1653.06 -0.754699 -0.608585 201.594 6.22545 13 111 1 0 1
-0.199167 -4.74751 1653.06 -2.49196 -0.488395 198.175 6.24865 13 112 1 0 1
0.930096 2.20043 1653.06 -1.77966 0.214328 202.169 6.2216 13 113 1 0 1
0.486494 -4.05836 1653.06 -3.25447 0.0120148 197.146 6.25581 13 114 1 0 1
1.33814 0.0750408 1653.06 -0.355919 0.805552 199.541 6.23931 13 115 1 0 1
-1.71787 0.33561 1653.06 3.73247 0.495771 201.241 6.22758 13 116 1 0 1
-1.3796 -0.581322 1653.06 -0.80597 0.0625592 201.099 6.22876 13 117 1 0 1
1.94536 -0.768303 1653.06 -0.732668 -0.0161195 200.331 6.23393 13 118 1 0 1
-0.111882 -0.640654 1653.06 0.815494 -0.59095 197.782 6.2515 13 119 1 0 1
-2.39308 2.38302 1653.06 3.42326 -0.535403 200.28 6.23408 13 120 1 0 1
-2.78075 4.09042 1653.06 2.49363 0.335151 198.933 6.24339 13 121 1 0 1
3.58234 -0.118687 1653.06 -2.28116 -0.194672 200.768 6.2309 13 122 1 0 1
1.16587 2.26544 1653.06 -0.439298 0.375626 197.933 6.25045 13 123 1 0 1
0.325387 2.11612 1653.06 -0.38736 0.263649 198.479 6.24664 13 124 1 0 1
-0.44213 -0.32782 1653.06 -0.102114 -0.173527 196.696 6.25919 13 125 1 0 1
0.323496 -1.89885 1653.06 -0.788346 0.322307 200.317 6.23403 13 126 1 0 1
-1.65282 0.327347 1653.06 2.38128 -0.110006 200.48 6.23284 13 127 1 0 1
-1.07677 -0.539345 1653.06 1.29387 0.192967 199.655 6.23851 13 128 1 0 1
-1.7003 0.300481 1653.06 2.49029 0.181344 201.559 6.22559 13 129 1 0 1
0.477009 2.03523 1653.06 -1.83374 0.515396 200.403 6.23339 13 130 1 0 1
-0.458788 -2.65939 1653.06 0.197762 -0.116008 200.886 6.2302 13 131 1 0 1
0.251156 -1.41247 1653.06 -2.00618 -0.29623 200.365 6.23364 13 132 1 0 1
1.46901 -1.2176 1653.06 -1.46545 -0.105632 200.242 6.23451 13 133 1 0 1
1.88089 1.43708 1653.06 -2.66946 0.466767 199.672 6.2383 13 134 1 0 1
2.16841 -2.07202 1653.06 -3.6974 -0.171341 197.978 6.2499 13 135 1 0 1
1.55283 5.90051 1653.06 -1.81884 0.48733 201.32 6.22723 13 136 1 0 1
0.905791 -0.3636 1653.06 -0.518333 -0.143586 202.188 6.22152 13 137 1 0 1
0.582918 1.15511 1653.06 0.167705 0.0500722 203.112 6.21546 13 138 1 0 1
1.41239 1.64712 1653.06 -0.425662 0.803568 200.658 6.23172 13 139 1 0 1
3.13527 4.53475 1653.06 -2.42484 0.766098 201.121 6.22851 13 140 1 0 1
3.51711 -0.505458 1653.06 -2.22693 0.0597981 200.852 6.23034 13 141 1 0 1
-1.10411 3.11131 1653.06 1.44643 0.3248 200.995 6.22943 13 142 1 0 1
2.14746 -2.7569 1653.06 -0.858522 -0.123062 199.18 6.24179 13 143 1 0 1
-0.936073 -0.710138 1653.06 -0.163471 0.0386062 201.364 6.22699 13 144 1 0 1
-4.45122 -1.87182 1653.06 4.05353 0.183325 207.464 6.18768 13 145 1 0 1
2.12836 2.04716 1653.06 -2.26656 -0.318493 200.827 6.2305 13 146 1 0 1
1.90536 -1.39198 1653.06 -2.78603 -0.0282881 197.54 6.25308 13 147 1 0 1
1.475 -0.168311 1653.06 -1.33528 0.146909 201.466 6.22628 13 148 1 0 1
2.95846 2.08209 1653.06 -1.51054 -0.226452 198.848 6.24405 13 149 1 0 1
-3.94875 2.63398 1653.06 4.46178 0.500943 200.436 6.23289 13 150 1 0 1
0.289224 0.3651 1714.29 -0.274627 -0.193517 199.745 6.46896 13 1 1 0 1
1.02339 0.633088 1714.29 -3.09761 0.0992346 200.208 6.46553 13 2 1 0 1
-1.29002 -1.6091 1714.29 0.34232 -0.117314 198.523 6.47768 13 3 1 0 1
0.673793 -3.23576 1714.29 -2.09688 -0.182677 199.776 6.46866 13 4 1 0 1
0.879907 0.834785 1714.29 1.25842 -0.105763 201.743 6.45498 13 5 1 0 1
-0.136429 -0.513393 1714.29 -0.5273 -0.261416 197.773 6.48311 13 6 1 0 1
0.904209 6.39897 1714.29 1.31661 0.516011 198.163 6.48025 13 7 1 0 1
-1.39815 3.12219 1714.29 1.69756 -0.091878 197.988 6.4815 13 8 1 0 1
0.350381 -0.177994 1714.29 -0.144316 -0.259375 201.277 6.45823 13 9 1 0 1
-0.916521 -1.26318 1714.29 0.637502 0.122872 198.564 6.47738 13 10 1 0 1
-0.0465556 0.917497 1714.29 -1.00684 -0.654946 198.358 6.47885 13 11 1 0 1
0.262651 -3.45015 1714.29 -2.34858 -0.337721 201.658 6.4555 13 12 1 0 1
-1.18203 3.44951 1714.29 2.95043 0.346146 201.884 6.45389 13 13 1 0 1
1.25378 -0.666447 1714.29 -2.97259 0.0611156 201.425 6.45705 13 14 1 0 1
-2.67815 -1.61067 1714.29 0.922383 0.09958 198.874 6.47515 13 15 1 0 1
-0.146378 1.39225 1714.29 -1.81739 0.095272 201.49 6.45669 13 16 1 0 1
0.917335 4.41314 1714.29 -1.43631 0.557402 198.859 6.47523 13 17 1 0 1
-1.48119 0.0791302 1714.29 0.717345 -0.0752574 200.335 6.46479 13 18 1 0 1
-1.79721 -0.806085 1714.29 2.13451 0.266671 201.795 6.45457 13 19 1 0 1
-1.48143 0.324109 1714.29 0.639236 -0.573426 199.28 6.47225 13 20 1 0 1
-1.52513 1.13171 1714.29 3.23471 0.401241 199.671 6.46929 13 21 1 0 1
-2.02691 -2.00731 1714.29 2.83515 0.619511 201.401 6.45722 13 22 1 0 1
0.0172193 1.55065 1714.29 1.21678 0.0837033 203.446 6.44339 13 23 1 0 1
1.33741 -3.42359 1714.29 -2.09901 -0.0446032 199.26 6.47232 13 24 1 0 1
1.0686 -0.698665 1714.29 0.340743 0.333147 201.77 6.45482 13 25 1 0 1
-2.12868 -0.519325 1714.29 -0.244334 -0.435901 197.393 6.48589 13 26 1 0 1
-0.19213 -4.53087 1714.29 -0.288174 0.274277 201.981 6.45337 13 27 1 0 1
-1.95407 -1.7544 1714.29 1.03143 -0.107537 198.954 6.47457 13 28 1 0 1
0.929048 0.73267 1714.29 -2.55445 -0.570819 198.761 6.47585 13 29 1 0 1
1.17555 1.01107 1714.29 0.835592 -0.0262482 201.646 6.45566 13 30 1 0 1
-1.24783 2.82056 1714.29 2.97675 0.00954029 201.012 6.45991 13 31 1 0 1
0.214342 -2.79055 1714.29 1.08938 -0.174698 201.397 6.45738 13 32 1 0 1
-1.70126 -0.432533 1714.29 2.53968 -0.677479 200.47 6.46373 13 33 1 0 1
0.159193 -3.65031 1714.29 -0.619982 -0.229254 201.038 6.45988 13 34 1 0 1
-0.586836 4.30657 1714.29 2.50415 0.136042 200.444 6.46393 13 35 1 0 1
-0.269791 -1.6294 1714.29 -1.34531 0.217256 201.032 6.4599 13 36 1 0 1
1.55523 -1.12552 1714.29 -0.233667 -0.0451605 198.509 6.47778 13 37 1 0 1
-0.919874 1.479 1714.29 1.02376 -0.0440899 202.028 6.45303 13 38 1 0 1
0.279729 0.283446 1714.29 -1.46962 -0.660021 196.269 6.49413 13 39 1 0 1
-0.333751 0.491275 1714.29 1.45359 -0.551009 199.977 6.46728 13 40 1 0 1
-1.58299 -0.929367 1714.29 4.59177 0.0993032 198.566 6.477 13 41 1 0 1
0.207455 -0.770213 1714.29 0.162206 0.610092 204.004 6.43967 13 42 1 0 1
-1.47398 2.52713 1714.29 -0.551832 0.0456075 206.329 6.42439 13 43 1 0 1
2.16624 1.41154 1714.29 -1.62063 -0.0695589 201.38 6.45747 13 44 1 0 1
-0.909259 3.90516 1714.29 2.69616 0.341601 202.462 6.44995 13 45 1 0 1
1.40741 0.265745 1714.29 1.19339 -0.418922 204.249 6.43801 13 46 1 0 1
-0.787905 2.95787 1714.29 1.11299 0.411639 200.09 6.4665 13 47 1 0 1
-0.988032 1.03461 1714.29 0.955418 0.400773 198.442 6.47825 13 48 1 0 1
0.430798 5.67345 1714.29 -2.44476 0.401378 200.884 6.46085 13 49 1 0 1
-1.4211 -2.52636 1714.29 3.0764 -0.0117769 198.487 6.47777 13 50 1 0 1
-0.821664 -2.39536 1714.29 -1.59843 -0.283011 206.654 6.42226 13 51 1 0 1
-0.548751 -0.788812 1714.29 -0.138186 0.0264136 204.632 6.4355 13 52 1 0 1
-0.0381063 1.04332 1714.29 3.25691 -0.0756381 201.54 6.45623 13 53 1 0 1
3.30013 4.70358 1714.29 -2.49964 0.268746 199.778 6.46862 13 54 1 0 1
0.409284 2.76727 1714.29 0.793123 0.761852 200.655 6.46253 13 55 1 0 1
-1.25384 -1.97934 1714.29 0.653827 -0.0469025 202.697 6.44847 13 56 1 0 1
0.736608 1.212 1714.29 -0.200482 0.235969 195.668 6.49866 13 57 1 0 1
-0.371784 0.804111 1714.29 0.29248 0.25984 200.743 6.46194 13 58 1 0 1
-1.56377 1.17915 1714.29 3.49841 0.241272 199.83 6.46814 13 59 1 0 1
1.24236 0.085042 1714.29 -2.59258 -0.56037 201.87 6.45402 13 60 1 0 1
-0.256626 -1.80204 1714.29 2.19739 0.251632 200.612 6.46277 13 61 1 0 1
0.340806 -4.86994 1714.29 0.922381 -0.420202 196.192 6.49473 13 62 1 0 1
-0.112796 0.0562588 1714.29 1.17877 -0.138886 200.778 6.46168 13 63 1 0 1
2.8934 -1.74331 1714.29 -4.11078 -0.495648 203.764 6.441 13 64 1 0 1
0.308708 -2.14768 1714.29 3.97289 0.47585 203.188 6.44489 13 65 1 0 1
0.836912 -4.88614 1714.29 0.632088 -0.443889 196.216 6.49456 13 66 1 0 1
0.419471 -0.334719 1714.29 0.689918 0.12522 202.746 6.44814 13 67 1 0 1
0.971344 -4.59074 1714.29 -2.94738 0.00937541 200.4 6.46419 13 68 1 0 1
0.462306 -1.58921 1714.29 0.484582 -0.11199 198.112 6.48065 13 69 1 0 1
-2.30533 0.331548 1714.29 3.48169 0.208919 198.401 6.47835 13 70 1 0 1
-0.959271 -1.15939 1714.29 2.54513 -0.00506803 201.217 6.45853 13 71 1 0 1
-0.607907 0.559175 1714.29 -0.323966 -0.223761 201.344 6.45776 13 72 1 0 1
0.904234 2.22917 1714.29 -0.141042 0.338647 198.031 6.48124 13 73 1 0 1
-0.727245 -3.58945 1714.29 1.77338 -0.880545 200.039 6.46682 13 74 1 0 1
1.73299 -0.00439105 1714.29 -3.11023 0.450159 199.474 6.4707 13 75 1 0 1
0.172315 1.80242 1714.29 0.648405 0.330834 203.572 6.44256 13 76 1 0 1
0.914753 1.04408 1714.29 -0.23204 -0.232998 198.63 6.47691 13 77 1 0 1
-1.10654 -1.67259 1714.29 0.897909 -0.509823 198.896 6.47499 13 78 1 0 1
-0.27009 1.13349 1714.29 2.42069 -0.305714 201.63 6.45568 13 79 1 0 1
1.10732 -1.46921 1714.29 0.135576 0.112895 198.152 6.48036 13 80 1 0 1
0.347411 5.28957 1714.29 -1.35316 0.169139 200.343 6.46471 13 81 1 0 1
-0.445089 -1.58919 1714.29 -1.30011 0.099653 198.656 6.4767 13 82 1 0 1
0.792703 0.741436 1714.29 1.58916 0.230615 200.133 6.46617 13 83 1 0 1
-0.222169 -2.77622 1714.29 0.425657 -0.214579 199.369 6.47162 13 84 1 0 1
0.405729 -1.11978 1714.29 -2.53344 -0.495302 198.488 6.47782 13 85 1 0 1
0.0311279 0.217912 1714.29 0.0594359 0.00817024 196.571 6.49194 13 86 1 0 1
-1.34243 -2.50646 1714.29 1.60664 -0.811738 199.354 6.47168 13 87 1 0 1
0.0230621 -5.02299 1714.29 -0.0752524 0.262224 200.971 6.46035 13 88 1 0 1
3.71257 4.81866 1714.29 -2.74481 0.679863 202.118 6.45229 13 89 1 0 1
0.984674 2.95455 1714.29 -1.72846 -0.0295763 197.789 6.48295 13 90 1 0 1
-0.248252 1.90643 1714.29 2.8014 0.0630748 200.03 6.46681 13 91 1 0 1
-1.38019 2.91408 1714.29 2.87876 0.321433 198.833 6.47531 13 92 1 0 1
-1.00265 0.406534 1714.29 1.43011 -0.241152 198.938 6.47467 13 93 1 0 1
-0.0470262 -3.7904 1714.29 -0.297238 -0.168936 199.298 6.47213 13 94 1 0 1
0.292176 1.49673 1714.29 -2.16962 -0.0250356 196.185 6.49472 13 95 1 0 1
0.311494 2.05725 1714.29 2.24771 -0.210068 197.318 6.48634 13 96 1 0 1
0.00159015 2.64053 1714.29 -0.173055 -0.272528 202.997 6.44644 13 97 1 0 1
3.1039 -2.16492 1714.29 -3.84886 0.280273 199.185 6.47267 13 98 1 0 1
-0.759416 0.564095 1714.29 0.186098 0.000783756 198.446 6.47824 13 99 1 0 1
-0.689179 -0.905383 1714.29 2.69658 0.107695 200.194 6.46566 13 100 1 0 1
0.300931 2.60816 1714.29 -0.329893 -0.105875 202.828 6.44759 13 101 1 0 1
-0.898217 -1.9529 1714.29 0.416258 -0.385453 200.606 6.46289 13 102 1 0 1
-0.993307 -0.29491 1714.29 0.337355 0.280026 200.047 6.46682 13 103 1 0 1
1.68634 -0.863569 1714.29 -3.86038 -0.420974 200.265 6.46503 13 104 1 0 1
-0.825622 2.34933 1714.29 1.87674 0.546424 198.051 6.48103 13 105 1 0 1
0.626012 0.586293 1714.29 -2.86183 -0.14227 200.126 6.46612 13 106 1 0 1
-1.91632 1.56019 1714.29 2.00304 0.164422 198.924 6.47473 13 107 1 0 1
0.814485 -2.93962 1714.29 -3.36848 -0.151937 198.985 6.47417 13 108 1 0 1
1.21213 -0.420379 1714.29 2.47401 -0.0652087 198.843 6.47528 13 109 1 0 1
-2.14236 0.634496 1714.29 2.72257 0.0594483 199.205 6.47266 13 110 1 0 1
1.67375 -3.27966 1714.29 -0.907311 -0.488297 201.594 6.45602 13 111 1 0 1
-0.96319 -4.87103 1714.29 -2.44354 -0.310478 198.176 6.48008 13 112 1 0 1
0.381532 2.25266 1714.29 -1.83541 0.130297 202.169 6.45203 13 113 1 0 1
-0.526109 -4.03149 1714.29 -3.25283 0.160879 197.146 6.4875 13 114 1 0 1
1.21225 0.321308 1714.29 -0.462923 0.798169 199.54 6.4704 13 115 1 0 1
-0.565157 0.48424 1714.29 3.82904 0.480367 201.239 6.45823 13 116 1 0 1
-1.60625 -0.558996 1714.29 -0.679718 0.0839636 201.099 6.45945 13 117 1 0 1
1.69746 -0.768838 1714.29 -0.886109 0.012623 200.331 6.46482 13 118 1 0 1
0.140913 -0.819584 1714.29 0.814287 -0.563993 197.782 6.48303 13 119 1 0 1
-1.32041 2.20607 1714.29 3.57959 -0.621182 200.277 6.46497 13 120 1 0 1
-1.98094 4.17004 1714.29 2.69277 0.181767 198.931 6.47462 13 121 1 0 1
2.84375 -0.177262 1714.29 -2.55239 -0.189123 200.765 6.46167 13 122 1 0 1
1.01562 2.36849 1714.29 -0.530087 0.290014 197.933 6.48195 13 123 1 0 1
0.202239 2.18523 1714.29 -0.409379 0.183963 198.479 6.478 13 124 1 0 1
-0.468112 -0.37986 1714.29 -0.064468 -0.160534 196.696 6.49102 13 125 1 0 1
0.0794307 -1.7897 1714.29 -0.805316 0.391272 200.316 6.46492 13 126 1 0 1
-0.907531 0.291949 1714.29 2.48919 -0.121593 200.479 6.46368 13 127 1 0 1
-0.6679 -0.477207 1714.29 1.36711 0.21191 199.654 6.46957 13 128 1 0 1
-0.925304 0.353746 1714.29 2.60155 0.169034 201.558 6.45617 13 129 1 0 1
-0.0869303 2.18078 1714.29 -1.85018 0.436534 200.403 6.46426 13 130 1 0 1
-0.392893 -2.67951 1714.29 0.233736 -0.0159012 200.886 6.46094 13 131 1 0 1
-0.362457 -1.49476 1714.29 -2.00149 -0.241859 200.366 6.46451 13 132 1 0 1
1.00403 -1.24289 1714.29 -1.56957 -0.0596443 200.241 6.46541 13 133 1 0 1
1.04176 1.57173 1714.29 -2.79214 0.410688 199.671 6.46935 13 134 1 0 1
1.00208 -2.11309 1714.29 -3.82933 -0.094003 197.975 6.48138 13 135 1 0 1
0.982151 6.01477 1714.29 -1.92614 0.263429 201.319 6.45787 13 136 1 0 1
0.737895 -0.404922 1714.29 -0.588209 -0.129082 202.187 6.45195 13 137 1 0 1
0.625781 1.16359 1714.29 0.116085 0.00611355 203.112 6.44566 13 138 1 0 1
1.26496 1.88245 1714.29 -0.538621 0.737462 200.658 6.46253 13 139 1 0 1
2.36007 4.74165 1714.29 -2.6572 0.59195 201.118 6.4592 13 140 1 0 1
2.79611 -0.484382 1714.29 -2.49351 0.0783538 200.849 6.4611 13 141 1 0 1
-0.651248 3.19231 1714.29 1.52061 0.206539 200.995 6.46015 13 142 1 0 1
1.85717 -2.77893 1714.29 -1.02623 -0.0201441 199.179 6.47297 13 143 1 0 1
-0.973565 -0.694372 1714.29 -0.0826175 0.0650042 201.364 6.45762 13 144 1 0 1
-3.20304 -1.80715 1714.29 4.38728 0.254558 207.458 6.41685 13 145 1 0 1
1.41305 1.93857 1714.29 -2.41608 -0.393202 200.826 6.46126 13 146 1 0 1
1.02114 -1.39279 1714.29 -2.90756 0.0230577 197.538 6.48467 13 147 1 0 1
1.05204 -0.122791 1714.29 -1.44232 0.152383 201.465 6.45689 13 148 1 0 1
2.45743 2.00062 1714.29 -1.73697 -0.302225 198.846 6.47531 13 149 1 0 1
-2.54108 2.77169 1714.29 4.73515 0.399799 200.43 6.46373 13 150 1 0 1
0.201699 0.303815 1775.51 -0.295245 -0.205988 199.744 6.7 13 1 1 0 1
0.0670544 0.659766 1775.51 -3.1435 0.0750745 200.207 6.69644 13 2 1 0 1
-1.16837 -1.63603 1775.51 0.444938 -0.0571815 198.523 6.70903 13 3 1 0 1
0.0252824 -3.27318 1775.51 -2.12625 -0.0613055 199.776 6.69968 13 4 1 0 1
1.2489 0.797988 1775.51 1.16812 -0.13651 201.743 6.68552 13 5 1 0 1
-0.297219 -0.591237 1775.51 -0.509267 -0.241025 197.773 6.71465 13 6 1 0 1
1.29766 6.52159 1775.51 1.22487 0.277029 198.164 6.71168 13 7 1 0 1
-0.857529 3.07602 1775.51 1.79146 -0.20642 197.987 6.71298 13 8 1 0 1
0.30218 -0.255725 1775.51 -0.171933 -0.251227 201.277 6.68888 13 9 1 0 1
-0.709048 -1.21816 1775.51 0.705369 0.16886 198.564 6.70872 13 10 1 0 1
-0.355398 0.710495 1775.51 -0.990076 -0.685088 198.358 6.71024 13 11 1 0 1
-0.45071 -3.53281 1775.51 -2.34061 -0.206284 201.658 6.68605 13 12 1 0 1
-0.27594 3.53461 1775.51 3.0123 0.214539 201.883 6.68438 13 13 1 0 1
0.338033 -0.644105 1775.51 -3.03999 0.0857547 201.424 6.68766 13 14 1 0 1
-2.36107 -1.57088 1775.51 1.1331 0.158637 198.873 6.7064 13 15 1 0 1
-0.694368 1.41321 1775.51 -1.78177 0.04251 201.491 6.68729 13 16 1 0 1
0.465256 4.55926 1775.51 -1.49412 0.390863 198.859 6.70649 13 17 1 0 1
-1.24391 0.0557231 1775.51 0.832133 -0.0777788 200.334 6.69568 13 18 1 0 1
-1.12934 -0.720734 1775.51 2.25867 0.295427 201.794 6.68509 13 19 1 0 1
-1.26689 0.146423 1775.51 0.754393 -0.582176 199.28 6.7034 13 20 1 0 1
-0.517976 1.24805 1775.51 3.32047 0.356886 199.67 6.70034 13 21 1 0 1
-1.14275 -1.80789 1775.51 2.96934 0.691224 201.399 6.68784 13 22 1 0 1
0.381608 1.56694 1775.51 1.19972 0.0245019 203.446 6.67351 13 23 1 0 1
0.678086 -3.41774 1775.51 -2.18344 0.0826367 199.26 6.70348 13 24 1 0 1
1.15785 -0.593783 1775.51 0.246287 0.357488 201.77 6.68535 13 25 1 0 1
-2.17685 -0.651307 1775.51 -0.0656349 -0.414333 197.393 6.71753 13 26 1 0 1
-0.276645 -4.42205 1775.51 -0.268265 0.443063 201.981 6.68385 13 27 1 0 1
-1.61297 -1.77742 1775.51 1.18064 -0.0419503 198.953 6.70581 13 28 1 0 1
0.133653 0.552996 1775.51 -2.59886 -0.594669 198.76 6.70713 13 29 1 0 1
1.4131 0.997344 1775.51 0.725839 -0.0640495 201.647 6.68622 13 30 1 0 1
-0.329049 2.80738 1775.51 3.04339 -0.0960521 201.011 6.69063 13 31 1 0 1
0.541349 -2.82765 1775.51 1.05738 -0.0690863 201.397 6.688 13 32 1 0 1
-0.907137 -0.636578 1775.51 2.64961 -0.65747 200.469 6.69458 13 33 1 0 1
-0.030851 -3.69918 1775.51 -0.625408 -0.0913433 201.038 6.69059 13 34 1 0 1
0.182295 4.32348 1775.51 2.5212 -0.0254196 200.444 6.69478 13 35 1 0 1
-0.674296 -1.55407 1775.51 -1.3054 0.276992 201.032 6.69061 13 36 1 0 1
1.46353 -1.133 1775.51 -0.359667 -0.00331306 198.509 6.70913 13 37 1 0 1
-0.599158 1.45723 1775.51 1.08829 -0.0994583 202.027 6.6835 13 38 1 0 1
-0.180333 0.0763328 1775.51 -1.47372 -0.666612 196.269 6.72607 13 39 1 0 1
0.113654 0.320098 1775.51 1.46285 -0.566153 199.977 6.69825 13 40 1 0 1
-0.152958 -0.893505 1775.51 4.66421 0.133087 198.564 6.70832 13 41 1 0 1
0.253268 -0.583071 1775.51 0.142443 0.635861 204.004 6.66966 13 42 1 0 1
-1.61813 2.52622 1775.51 -0.417686 -0.051713 206.329 6.65383 13 43 1 0 1
1.64787 1.38238 1775.51 -1.78211 -0.122074 201.379 6.68809 13 44 1 0 1
-0.0857718 3.98599 1775.51 2.73852 0.192476 202.462 6.68031 13 45 1 0 1
1.74556 0.138894 1775.51 1.05798 -0.426638 204.25 6.66794 13 46 1 0 1
-0.438705 3.06672 1775.51 1.16459 0.299122 200.09 6.69744 13 47 1 0 1
-0.681857 1.15213 1775.51 1.02509 0.360269 198.441 6.70962 13 48 1 0 1
-0.316638 5.76318 1775.51 -2.44958 0.186937 200.885 6.69159 13 49 1 0 1
-0.458009 -2.51558 1775.51 3.1548 0.0816327 198.486 6.70912 13 50 1 0 1
-1.28267 -2.46538 1775.51 -1.507 -0.189254 206.655 6.65162 13 51 1 0 1
-0.582885 -0.776425 1775.51 -0.0894953 0.0563099 204.632 6.66534 13 52 1 0 1
0.947545 1.01443 1775.51 3.21838 -0.114348 201.541 6.6868 13 53 1 0 1
2.49506 4.75895 1775.51 -2.74303 0.0922959 199.775 6.69964 13 54 1 0 1
0.645002 2.98351 1775.51 0.748644 0.654148 200.656 6.69334 13 55 1 0 1
-1.04113 -1.98219 1775.51 0.751638 0.0280479 202.697 6.67877 13 56 1 0 1
0.664704 1.27878 1775.51 -0.258135 0.190478 195.668 6.73076 13 57 1 0 1
-0.278196 0.878623 1775.51 0.319915 0.228311 200.743 6.69272 13 58 1 0 1
-0.476457 1.2462 1775.51 3.58411 0.196033 199.828 6.69915 13 59 1 0 1
0.443505 -0.0850729 1775.51 -2.66412 -0.560367 201.869 6.68452 13 60 1 0 1
0.414415 -1.71512 1775.51 2.19074 0.31749 200.612 6.69359 13 61 1 0 1
0.623049 -4.97305 1775.51 0.882622 -0.239954 196.192 6.72669 13 62 1 0 1
0.246563 0.0136671 1775.51 1.17312 -0.140196 200.778 6.69245 13 63 1 0 1
1.62644 -1.88201 1775.51 -4.30434 -0.426689 203.76 6.67103 13 64 1 0 1
1.49674 -1.99232 1775.51 3.89578 0.55437 203.189 6.67506 13 65 1 0 1
1.02257 -4.99651 1775.51 0.555373 -0.262893 196.217 6.72651 13 66 1 0 1
0.621542 -0.295068 1775.51 0.64554 0.137138 202.746 6.67843 13 67 1 0 1
0.0622842 -4.5617 1775.51 -2.99092 0.180572 200.399 6.69506 13 68 1 0 1
0.605495 -1.61469 1775.51 0.440102 -0.052745 198.112 6.7121 13 69 1 0 1
-1.20595 0.394005 1775.51 3.62812 0.195481 198.398 6.70972 13 70 1 0 1
-0.175878 -1.15432 1775.51 2.59314 0.0383866 201.216 6.6892 13 71 1 0 1
-0.698205 0.488074 1775.51 -0.268671 -0.243443 201.344 6.68839 13 72 1 0 1
0.849225 2.32095 1775.51 -0.214054 0.254543 198.031 6.71272 13 73 1 0 1
-0.177477 -3.83796 1775.51 1.81144 -0.741866 200.039 6.69777 13 74 1 0 1
0.76024 0.133538 1775.51 -3.21478 0.447751 199.473 6.7018 13 75 1 0 1
0.364281 1.89145 1775.51 0.625437 0.260647 203.572 6.67265 13 76 1 0 1
0.831811 0.966441 1775.51 -0.304985 -0.270273 198.63 6.70823 13 77 1 0 1
-0.817139 -1.81968 1775.51 0.978357 -0.444989 198.896 6.70623 13 78 1 0 1
0.465266 1.03437 1775.51 2.41242 -0.346513 201.63 6.68624 13 79 1 0 1
1.13484 -1.42602 1775.51 0.042158 0.166443 198.152 6.71181 13 80 1 0 1
-0.0687964 5.31099 1775.51 -1.36489 -0.0290893 200.343 6.69559 13 81 1 0 1
-0.838355 -1.54947 1775.51 -1.2465 0.157851 198.656 6.70801 13 82 1 0 1
1.26662 0.807622 1775.51 1.5025 0.201679 200.134 6.69711 13 83 1 0 1
-0.0891654 -2.82615 1775.51 0.438708 -0.110325 199.37 6.70275 13 84 1 0 1
-0.377581 -1.26588 1775.51 -2.53462 -0.451104 198.488 6.70917 13 85 1 0 1
0.0491618 0.219209 1775.51 0.0561174 0.000150064 196.571 6.7238 13 86 1 0 1
-0.833912 -2.74099 1775.51 1.69786 -0.714094 199.354 6.70281 13 87 1 0 1
-6.0616e-05 -4.91461 1775.51 -0.0762243 0.448638 200.971 6.69108 13 88 1 0 1
2.8371 4.99672 1775.51 -3.0231 0.494682 202.115 6.68273 13 89 1 0 1
0.439304 2.92856 1775.51 -1.78767 -0.138186 197.788 6.71448 13 90 1 0 1
0.608708 1.91483 1775.51 2.78625 -0.00827048 200.03 6.69777 13 91 1 0 1
-0.479865 2.99625 1775.51 2.95651 0.211742 198.832 6.70657 13 92 1 0 1
-0.551557 0.33014 1775.51 1.49512 -0.254831 198.937 6.70591 13 93 1 0 1
-0.137345 -3.82058 1775.51 -0.289512 -0.0273547 199.298 6.70328 13 94 1 0 1
-0.385758 1.48039 1775.51 -2.16576 -0.0795517 196.185 6.72667 13 95 1 0 1
1.00194 1.98046 1775.51 2.19322 -0.284433 197.319 6.718 13 96 1 0 1
-0.0504008 2.54343 1775.51 -0.170971 -0.370751 202.997 6.67667 13 97 1 0 1
1.88613 -2.06659 1775.51 -4.05776 0.358936 199.181 6.70384 13 98 1 0 1
-0.692512 0.561119 1775.51 0.246681 -0.0200583 198.446 6.7096 13 99 1 0 1
0.140811 -0.867346 1775.51 2.71966 0.14082 200.194 6.69658 13 100 1 0 1
0.19792 2.56138 1775.51 -0.351168 -0.203743 202.828 6.67786 13 101 1 0 1
-0.760206 -2.05918 1775.51 0.48621 -0.310329 200.606 6.69371 13 102 1 0 1
-0.877768 -0.207689 1775.51 0.416057 0.28941 200.047 6.69778 13 103 1 0 1
0.489587 -0.987097 1775.51 -3.95197 -0.386377 200.263 6.69592 13 104 1 0 1
-0.237352 2.50452 1775.51 1.92101 0.456696 198.051 6.71249 13 105 1 0 1
-0.253786 0.539507 1775.51 -2.87749 -0.163299 200.126 6.69706 13 106 1 0 1
-1.2779 1.6018 1775.51 2.13663 0.105711 198.923 6.70597 13 107 1 0 1
-0.227949 -2.96951 1775.51 -3.39301 -0.0421866 198.985 6.70539 13 108 1 0 1
1.9551 -0.438021 1775.51 2.34161 -0.0492774 198.844 6.70654 13 109 1 0 1
-1.28171 0.649113 1775.51 2.86596 0.035581 199.203 6.70383 13 110 1 0 1
1.37792 -3.40897 1775.51 -1.03666 -0.36244 201.593 6.68659 13 111 1 0 1
-1.70252 -4.93899 1775.51 -2.33248 -0.129017 198.178 6.71151 13 112 1 0 1
-0.176814 2.27919 1775.51 -1.84411 0.0447794 202.169 6.68245 13 113 1 0 1
-1.52522 -3.95862 1775.51 -3.16781 0.30791 197.147 6.7192 13 114 1 0 1
1.05528 0.56391 1775.51 -0.558059 0.781681 199.54 6.70148 13 115 1 0 1
0.602041 0.627345 1775.51 3.82748 0.459487 201.24 6.68888 13 116 1 0 1
-1.79171 -0.530294 1775.51 -0.536041 0.10441 201.1 6.69015 13 117 1 0 1
1.40605 -0.760602 1775.51 -1.01683 0.0412214 200.33 6.6957 13 118 1 0 1
0.390096 -0.989164 1775.51 0.792205 -0.530603 197.782 6.71457 13 119 1 0 1
-0.213885 2.00395 1775.51 3.64417 -0.699878 200.276 6.69587 13 120 1 0 1
-1.13035 4.20209 1775.51 2.82288 0.0263129 198.929 6.70586 13 121 1 0 1
2.03226 -0.233816 1775.51 -2.75819 -0.181417 200.762 6.69245 13 122 1 0 1
0.839339 2.44451 1775.51 -0.607287 0.201095 197.933 6.71345 13 123 1 0 1
0.0739061 2.2294 1775.51 -0.420904 0.102179 198.479 6.70936 13 124 1 0 1
-0.482092 -0.427567 1775.51 -0.0251696 -0.14571 196.696 6.72284 13 125 1 0 1
-0.166671 -1.66013 1775.51 -0.801641 0.455775 200.316 6.69581 13 126 1 0 1
-0.138972 0.253221 1775.51 2.53329 -0.131795 200.478 6.69453 13 127 1 0 1
-0.241905 -0.409626 1775.51 1.4053 0.228437 199.654 6.70062 13 128 1 0 1
-0.126584 0.402976 1775.51 2.64612 0.154798 201.557 6.68675 13 129 1 0 1
-0.648641 2.30145 1775.51 -1.81919 0.352693 200.403 6.69513 13 130 1 0 1
-0.316925 -2.66906 1775.51 0.263718 0.0843872 200.886 6.69169 13 131 1 0 1
-0.966779 -1.56 1775.51 -1.9455 -0.18473 200.366 6.69539 13 132 1 0 1
0.513309 -1.25401 1775.51 -1.63345 -0.0129763 200.241 6.69632 13 133 1 0 1
0.175919 1.68845 1775.51 -2.84325 0.349927 199.67 6.70039 13 134 1 0 1
-0.189928 -2.13005 1775.51 -3.86312 -0.0155948 197.975 6.71285 13 135 1 0 1
0.386295 6.06043 1775.51 -1.98407 0.0365237 201.319 6.68851 13 136 1 0 1
0.551082 -0.441626 1775.51 -0.643007 -0.113106 202.187 6.68238 13 137 1 0 1
0.652602 1.15879 1775.51 0.0614894 -0.0379149 203.112 6.67587 13 138 1 0 1
1.0851 2.0963 1775.51 -0.637773 0.662943 200.657 6.69333 13 139 1 0 1
1.52438 4.89447 1775.51 -2.82144 0.411055 201.117 6.68989 13 140 1 0 1
2.00343 -0.45778 1775.51 -2.69616 0.0960153 200.846 6.69185 13 141 1 0 1
-0.181692 3.23689 1775.51 1.55581 0.0859231 200.994 6.69087 13 142 1 0 1
1.51926 -2.76926 1775.51 -1.16763 0.083003 199.178 6.70414 13 143 1 0 1
-0.986098 -0.670685 1775.51 0.000353654 0.0906607 201.364 6.68825 13 144 1 0 1
-1.87276 -1.72186 1775.51 4.60858 0.322886 207.453 6.64603 13 145 1 0 1
0.661509 1.80787 1775.51 -2.50367 -0.463426 200.824 6.69202 13 146 1 0 1
0.110743 -1.37771 1775.51 -2.95456 0.07414 197.538 6.71627 13 147 1 0 1
0.602115 -0.0758698 1775.51 -1.51239 0.156118 201.465 6.68749 13 148 1 0 1
1.89341 1.89633 1775.51 -1.91886 -0.374549 198.844 6.70657 13 149 1 0 1
-1.06827 2.87777 1775.51 4.88717 0.294104 200.427 6.69458 13 150 1 0 1
0.109004 0.239064 1836.73 -0.308295 -0.21611 199.744 6.93103 13 1 1 0 1
-0.890996 0.678917 1836.73 -3.10883 0.0500585 200.208 6.92735 13 2 1 0 1
-1.01676 -1.6443 1836.73 0.536149 0.00360289 198.523 6.94038 13 3 1 0 1
-0.623876 -3.27326 1836.73 -2.1011 0.0607655 199.776 6.93071 13 4 1 0 1
1.58587 0.752088 1836.73 1.04787 -0.165699 201.744 6.91605 13 5 1 0 1
-0.450389 -0.662337 1836.73 -0.478179 -0.217884 197.773 6.94619 13 6 1 0 1
1.65784 6.56982 1836.73 1.10173 0.0348843 198.165 6.94312 13 7 1 0 1
-0.294927 2.99477 1836.73 1.83943 -0.318607 197.987 6.94446 13 8 1 0 1
0.246231 -0.33054 1836.73 -0.195142 -0.240212 201.277 6.91953 13 9 1 0 1
-0.483399 -1.15925 1836.73 0.755154 0.212922 198.564 6.94005 13 10 1 0 1
-0.655129 0.495388 1836.73 -0.94793 -0.707415 198.358 6.94163 13 11 1 0 1
-1.15252 -3.57517 1836.73 -2.27264 -0.0724942 201.659 6.91661 13 12 1 0 1
0.637223 3.57939 1836.73 2.99697 0.0804857 201.884 6.91488 13 13 1 0 1
-0.586378 -0.614415 1836.73 -3.02948 0.109416 201.424 6.91827 13 14 1 0 1
-1.98347 -1.51318 1836.73 1.31476 0.215884 198.872 6.93766 13 15 1 0 1
-1.22456 1.41804 1836.73 -1.70048 -0.0107372 201.491 6.91789 13 16 1 0 1
0.00125048 4.65336 1836.73 -1.51363 0.219865 198.859 6.93775 13 17 1 0 1
-0.974745 0.0316803 1836.73 0.925588 -0.079413 200.334 6.92656 13 18 1 0 1
-0.432509 -0.627161 1836.73 2.32493 0.320814 201.793 6.91561 13 19 1 0 1
-1.01987 -0.0329333 1836.73 0.850209 -0.584286 199.28 6.93455 13 20 1 0 1
0.502459 1.35016 1836.73 3.32112 0.308464 199.67 6.93139 13 21 1 0 1
-0.229292 -1.58785 1836.73 3.02743 0.755054 201.398 6.91845 13 22 1 0 1
0.736213 1.56537 1836.73 1.15191 -0.0349791 203.446 6.90363 13 23 1 0 1
0.00138013 -3.3729 1836.73 -2.2119 0.208933 199.259 6.93463 13 24 1 0 1
1.21742 -0.482127 1836.73 0.145516 0.377751 201.77 6.91588 13 25 1 0 1
-2.16922 -0.775859 1836.73 0.114747 -0.388038 197.393 6.94916 13 26 1 0 1
-0.354068 -4.26278 1836.73 -0.241479 0.606794 201.98 6.91432 13 27 1 0 1
-1.23053 -1.78017 1836.73 1.29959 0.0241145 198.952 6.93704 13 28 1 0 1
-0.665169 0.367013 1836.73 -2.57665 -0.611738 198.76 6.93841 13 29 1 0 1
1.61442 0.972245 1836.73 0.597476 -0.10112 201.647 6.91678 13 30 1 0 1
0.598168 2.76216 1836.73 3.03201 -0.200549 201.011 6.92134 13 31 1 0 1
0.854477 -2.83248 1836.73 0.998272 0.0373138 201.397 6.91862 13 32 1 0 1
-0.0897622 -0.833361 1836.73 2.69162 -0.629964 200.468 6.92543 13 33 1 0 1
-0.220104 -3.70584 1836.73 -0.6148 0.0476095 201.038 6.9213 13 34 1 0 1
0.946752 4.29107 1836.73 2.47362 -0.186591 200.444 6.92564 13 35 1 0 1
-1.06151 -1.46101 1836.73 -1.23203 0.333568 201.032 6.92132 13 36 1 0 1
1.33432 -1.12756 1836.73 -0.476447 0.038572 198.509 6.94048 13 37 1 0 1
-0.263082 1.41883 1836.73 1.12491 -0.153692 202.027 6.91396 13 38 1 0 1
-0.635772 -0.131651 1836.73 -1.44005 -0.665599 196.269 6.958 13 39 1 0 1
0.558144 0.14527 1836.73 1.4346 -0.57484 199.977 6.92923 13 40 1 0 1
1.281 -0.847452 1836.73 4.61714 0.165354 198.565 6.93964 13 41 1 0 1
0.292588 -0.389277 1836.73 0.119029 0.654376 204.004 6.89965 13 42 1 0 1
-1.7208 2.4965 1836.73 -0.272832 -0.148444 206.33 6.88327 13 43 1 0 1
1.08725 1.33745 1836.73 -1.89791 -0.173197 201.378 6.91872 13 44 1 0 1
0.739914 4.02135 1836.73 2.71068 0.0411566 202.462 6.91067 13 45 1 0 1
2.03896 0.0104596 1836.73 0.895455 -0.429487 204.251 6.89787 13 46 1 0 1
-0.0782577 3.14058 1836.73 1.18634 0.183194 200.09 6.92839 13 47 1 0 1
-0.358201 1.2565 1836.73 1.06849 0.315656 198.441 6.94099 13 48 1 0 1
-1.05596 5.78718 1836.73 -2.39162 -0.0296365 200.886 6.92234 13 49 1 0 1
0.516822 -2.4761 1836.73 3.15235 0.174111 198.486 6.94047 13 50 1 0 1
-1.71079 -2.50728 1836.73 -1.37694 -0.0933364 206.656 6.88099 13 51 1 0 1
-0.602075 -0.755181 1836.73 -0.0385105 0.0855639 204.632 6.89518 13 52 1 0 1
1.9089 0.973976 1836.73 3.09736 -0.151755 201.543 6.91738 13 53 1 0 1
1.62602 4.76004 1836.73 -2.9161 -0.0852017 199.772 6.93066 13 54 1 0 1
0.864185 3.1657 1836.73 0.684973 0.538981 200.656 6.92414 13 55 1 0 1
-0.801723 -1.96243 1836.73 0.830178 0.102678 202.697 6.90907 13 56 1 0 1
0.575759 1.33097 1836.73 -0.30917 0.142815 195.668 6.96285 13 57 1 0 1
-0.177477 0.943111 1836.73 0.339149 0.194176 200.743 6.92351 13 58 1 0 1
0.623074 1.29904 1836.73 3.57795 0.148559 199.828 6.93015 13 59 1 0 1
-0.366724 -0.254217 1836.73 -2.66738 -0.553974 201.869 6.91502 13 60 1 0 1
1.07483 -1.60862 1836.73 2.12792 0.379728 200.612 6.9244 13 61 1 0 1
0.889319 -5.01942 1836.73 0.820235 -0.0569679 196.193 6.95864 13 62 1 0 1
0.599601 -0.0290805 1836.73 1.1374 -0.139907 200.778 6.92322 13 63 1 0 1
0.317781 -1.99924 1836.73 -4.38761 -0.35287 203.759 6.90107 13 64 1 0 1
2.64641 -1.81423 1836.73 3.71883 0.626573 203.192 6.90524 13 65 1 0 1
1.18201 -5.04989 1836.73 0.464419 -0.0788961 196.217 6.95846 13 66 1 0 1
0.80768 -0.252051 1836.73 0.584613 0.147492 202.746 6.90872 13 67 1 0 1
-0.848372 -4.48062 1836.73 -2.9578 0.349709 200.399 6.92592 13 68 1 0 1
0.733161 -1.62175 1836.73 0.38434 0.00710197 198.112 6.94356 13 69 1 0 1
-0.0756671 0.451967 1836.73 3.68157 0.179814 198.397 6.94109 13 70 1 0 1
0.612025 -1.13608 1836.73 2.57469 0.0814034 201.216 6.91986 13 71 1 0 1
-0.770603 0.411406 1836.73 -0.206489 -0.260347 201.344 6.91903 13 72 1 0 1
0.772444 2.38626 1836.73 -0.281578 0.167535 198.031 6.94419 13 73 1 0 1
0.376842 -4.0427 1836.73 1.80306 -0.594724 200.039 6.92873 13 74 1 0 1
-0.232003 0.269944 1836.73 -3.23693 0.440238 199.472 6.9329 13 75 1 0 1
0.546908 1.9589 1836.73 0.586435 0.187485 203.572 6.90274 13 76 1 0 1
0.727544 0.87778 1836.73 -0.37011 -0.304464 198.63 6.93955 13 77 1 0 1
-0.506793 -1.94602 1836.73 1.03372 -0.375079 198.896 6.93748 13 78 1 0 1
1.18869 0.923451 1836.73 2.34231 -0.383361 201.631 6.9168 13 79 1 0 1
1.13326 -1.36655 1836.73 -0.0523407 0.218093 198.152 6.94325 13 80 1 0 1
-0.48324 5.27182 1836.73 -1.34164 -0.226986 200.343 6.92647 13 81 1 0 1
-1.21013 -1.49208 1836.73 -1.16094 0.214249 198.656 6.93932 13 82 1 0 1
1.70806 0.864596 1836.73 1.37733 0.170442 200.135 6.92804 13 83 1 0 1
0.0461245 -2.84385 1836.73 0.440512 -0.00481171 199.37 6.93388 13 84 1 0 1
-1.15121 -1.39754 1836.73 -2.47083 -0.401761 198.489 6.94052 13 85 1 0 1
0.0659354 0.218005 1836.73 0.0513603 -0.00787182 196.571 6.95565 13 86 1 0 1
-0.304013 -2.94425 1836.73 1.74556 -0.608306 199.353 6.93394 13 87 1 0 1
-0.0231818 -4.75016 1836.73 -0.0752419 0.629932 200.971 6.9218 13 88 1 0 1
1.88889 5.11779 1836.73 -3.2239 0.303866 202.112 6.91317 13 89 1 0 1
-0.117328 2.86916 1836.73 -1.80106 -0.24522 197.788 6.94602 13 90 1 0 1
1.45006 1.90138 1836.73 2.69967 -0.0795219 200.031 6.92872 13 91 1 0 1
0.432763 3.04424 1836.73 2.95848 0.0996379 198.832 6.93783 13 92 1 0 1
-0.0863188 0.24998 1836.73 1.5218 -0.265602 198.937 6.93715 13 93 1 0 1
-0.224142 -3.80718 1836.73 -0.274364 0.114539 199.298 6.93443 13 94 1 0 1
-1.0538 1.44717 1836.73 -2.10638 -0.133161 196.185 6.95863 13 95 1 0 1
1.66671 1.88107 1836.73 2.08251 -0.355555 197.32 6.94965 13 96 1 0 1
-0.1011 2.41732 1836.73 -0.164505 -0.464745 202.997 6.9069 13 97 1 0 1
0.620007 -1.94468 1836.73 -4.16267 0.433506 199.179 6.93501 13 98 1 0 1
-0.607855 0.551741 1836.73 0.30094 -0.0406716 198.446 6.94097 13 99 1 0 1
0.96719 -0.819414 1836.73 2.67303 0.172339 200.195 6.92749 13 100 1 0 1
0.0898348 2.48539 1836.73 -0.363439 -0.299288 202.828 6.90813 13 101 1 0 1
-0.602706 -2.14196 1836.73 0.543698 -0.231665 200.606 6.92453 13 102 1 0 1
-0.739727 -0.118099 1836.73 0.484092 0.295493 200.047 6.92874 13 103 1 0 1
-0.719717 -1.09937 1836.73 -3.94228 -0.347377 200.263 6.92682 13 104 1 0 1
0.357002 2.63115 1836.73 1.91603 0.361759 198.051 6.94396 13 105 1 0 1
-1.12708 0.486566 1836.73 -2.81939 -0.182467 200.127 6.92799 13 106 1 0 1
-0.60672 1.62514 1836.73 2.21544 0.0457955 198.922 6.93721 13 107 1 0 1
-1.26454 -2.96553 1836.73 -3.33058 0.0680454 198.986 6.93661 13 108 1 0 1
2.64793 -0.450666 1836.73 2.14918 -0.0327838 198.847 6.9378 13 109 1 0 1
-0.388208 0.656326 1836.73 2.93589 0.0113083 199.202 6.935 13 110 1 0 1
1.04677 -3.49939 1836.73 -1.13944 -0.232448 201.593 6.91716 13 111 1 0 1
-2.3982 -4.9506 1836.73 -2.16162 0.0539182 198.18 6.94294 13 112 1 0 1
-0.730627 2.27973 1836.73 -1.80554 -0.0412487 202.169 6.91288 13 113 1 0 1
-2.48524 -3.8406 1836.73 -3.0016 0.451433 197.149 6.9509 13 114 1 0 1
0.871259 0.800079 1836.73 -0.638889 0.756277 199.54 6.93257 13 115 1 0 1
1.75381 0.763294 1836.73 3.72783 0.43337 201.241 6.91953 13 116 1 0 1
-1.93124 -0.495542 1836.73 -0.378621 0.123666 201.1 6.92084 13 117 1 0 1
1.0786 -0.743689 1836.73 -1.12149 0.0693494 200.329 6.92659 13 118 1 0 1
0.629278 -1.14746 1836.73 0.749814 -0.49116 197.782 6.94611 13 119 1 0 1
0.89812 1.77898 1836.73 3.61536 -0.770595 200.276 6.92676 13 120 1 0 1
-0.250776 4.1862 1836.73 2.88064 -0.129439 198.928 6.9371 13 121 1 0 1
1.16867 -0.287702 1836.73 -2.89328 -0.171643 200.76 6.92322 13 122 1 0 1
0.641538 2.49265 1836.73 -0.668918 0.109881 197.933 6.94494 13 123 1 0 1
-0.0563216 2.24815 1836.73 -0.421638 0.0192283 198.479 6.94072 13 124 1 0 1
-0.483713 -0.470397 1836.73 0.0147742 -0.129224 196.696 6.95466 13 125 1 0 1
-0.4085 -1.51162 1836.73 -0.777416 0.515078 200.316 6.9267 13 126 1 0 1
0.633149 0.211604 1836.73 2.51247 -0.140493 200.478 6.92537 13 127 1 0 1
0.190292 -0.337372 1836.73 1.40747 0.242357 199.654 6.93168 13 128 1 0 1
0.675381 0.447609 1836.73 2.62287 0.138796 201.557 6.91733 13 129 1 0 1
-1.19372 2.39587 1836.73 -1.74156 0.264829 200.404 6.92599 13 130 1 0 1
-0.232832 -2.62817 1836.73 0.286939 0.183713 200.886 6.92244 13 131 1 0 1
-1.54632 -1.60744 1836.73 -1.83963 -0.125493 200.367 6.92626 13 132 1 0 1
0.0094297 -1.25081 1836.73 -1.65546 0.0338395 200.241 6.92723 13 133 1 0 1
-0.694429 1.78592 1836.73 -2.82149 0.285176 199.67 6.93144 13 134 1 0 1
-1.37707 -2.12271 1836.73 -3.79792 0.0629915 197.976 6.94433 13 135 1 0 1
-0.219464 6.03695 1836.73 -1.99113 -0.190797 201.319 6.91914 13 136 1 0 1
0.350142 -0.473291 1836.73 -0.68132 -0.0958397 202.187 6.9128 13 137 1 0 1
0.662692 1.14077 1836.73 0.00531704 -0.0815108 203.112 6.90607 13 138 1 0 1
0.87743 2.28623 1836.73 -0.720574 0.580862 200.657 6.92413 13 139 1 0 1
0.649598 4.99145 1836.73 -2.91336 0.225476 201.116 6.92057 13 140 1 0 1
1.15938 -0.425956 1836.73 -2.8297 0.112581 200.844 6.9226 13 141 1 0 1
0.292522 3.24455 1836.73 1.55112 -0.035673 200.995 6.92159 13 142 1 0 1
1.14241 -2.728 1836.73 -1.2791 0.185202 199.177 6.93532 13 143 1 0 1
-0.973351 -0.639346 1836.73 0.0833157 0.115283 201.364 6.91888 13 144 1 0 1
-0.494459 -1.61692 1836.73 4.71178 0.387531 207.45 6.8752 13 145 1 0 1
-0.10699 1.65654 1836.73 -2.52708 -0.528364 200.824 6.92278 13 146 1 0 1
-0.802494 -1.34692 1836.73 -2.92584 0.124377 197.538 6.94786 13 147 1 0 1
0.136753 -0.0280836 1836.73 -1.54368 0.158073 201.464 6.91809 13 148 1 0 1
1.28085 1.77041 1836.73 -2.05156 -0.4426 198.843 6.93783 13 149 1 0 1
0.431922 2.95102 1836.73 4.91398 0.18506 200.426 6.92543 13 150 1 0 1
0.0135141 0.171585 1897.96 -0.31344 -0.223766 199.744 7.16206 13 1 1 0 1
-1.8262 0.690324 1897.96 -2.99447 0.0244714 200.209 7.15826 13 2 1 0 1
-0.839084 -1.63382 1897.96 0.613615 0.0643461 198.522 7.17172 13 3 1 0 1
-1.25704 -3.236 1897.96 -2.0221 0.182144 199.777 7.16173 13 4 1 0 1
1.88219 0.697608 1897.96 0.900765 -0.192998 201.745 7.14659 13 5 1 0 1
-0.592012 -0.725881 1897.96 -0.434832 -0.192258 197.773 7.17773 13 6 1 0 1
1.97552 6.54311 1897.96 0.95034 -0.207661 198.166 7.17456 13 7 1 0 1
0.275237 2.87935 1897.96 1.84024 -0.42716 197.987 7.17595 13 8 1 0 1
0.18397 -0.401583 1897.96 -0.213349 -0.226458 201.277 7.15018 13 9 1 0 1
-0.245356 -1.08711 1897.96 0.785579 0.254556 198.564 7.17139 13 10 1 0 1
-0.938066 0.274629 1897.96 -0.881483 -0.721672 198.358 7.17301 13 11 1 0 1
-1.82478 -3.57674 1897.96 -2.14641 0.0621241 201.66 7.14716 13 12 1 0 1
1.53405 3.58333 1897.96 2.90482 -0.0544862 201.885 7.14538 13 13 1 0 1
-1.49576 -0.577716 1897.96 -2.94131 0.13183 201.426 7.14887 13 14 1 0 1
-1.55501 -1.43821 1897.96 1.46271 0.270668 198.871 7.16891 13 15 1 0 1
-1.72335 1.40669 1897.96 -1.57559 -0.0638624 201.492 7.14848 13 16 1 0 1
-0.462787 4.69439 1897.96 -1.49433 0.0463587 198.859 7.16901 13 17 1 0 1
-0.680589 0.0072762 1897.96 0.995313 -0.0801413 200.333 7.15745 13 18 1 0 1
0.275407 -0.526433 1897.96 2.33159 0.342542 201.793 7.14613 13 19 1 0 1
-0.746707 -0.211914 1897.96 0.924229 -0.579731 199.279 7.1657 13 20 1 0 1
1.51001 1.43686 1897.96 3.23665 0.256524 199.672 7.16243 13 21 1 0 1
0.690044 -1.34969 1897.96 3.00792 0.810275 201.398 7.14907 13 22 1 0 1
1.07194 1.54593 1897.96 1.07456 -0.0940612 203.447 7.13375 13 23 1 0 1
-0.675362 -3.28959 1897.96 -2.18367 0.332847 199.259 7.16579 13 24 1 0 1
1.24578 -0.364972 1897.96 0.0410153 0.393704 201.77 7.14641 13 25 1 0 1
-2.10598 -0.891561 1897.96 0.292186 -0.357316 197.393 7.1808 13 26 1 0 1
-0.422414 -4.05488 1897.96 -0.208502 0.763602 201.98 7.1448 13 27 1 0 1
-0.816536 -1.76261 1897.96 1.38522 0.0899039 198.952 7.16828 13 28 1 0 1
-1.44694 0.176843 1897.96 -2.48839 -0.621831 198.761 7.1697 13 29 1 0 1
1.77436 0.936056 1897.96 0.453796 -0.137038 201.647 7.14734 13 30 1 0 1
1.51005 2.68544 1897.96 2.94293 -0.302759 201.012 7.15205 13 31 1 0 1
1.1457 -2.805 1897.96 0.913573 0.143289 201.398 7.14924 13 32 1 0 1
0.729914 -1.02064 1897.96 2.66465 -0.595274 200.469 7.15627 13 33 1 0 1
-0.403715 -3.67023 1897.96 -0.58843 0.186019 201.038 7.15201 13 34 1 0 1
1.68694 4.20971 1897.96 2.36263 -0.345637 200.445 7.15649 13 35 1 0 1
-1.42152 -1.35128 1897.96 -1.12708 0.386339 201.033 7.15203 13 36 1 0 1
1.1709 -1.10925 1897.96 -0.581011 0.080017 198.509 7.17183 13 37 1 0 1
0.0797391 1.36425 1897.96 1.1327 -0.206173 202.027 7.14443 13 38 1 0 1
-1.07491 -0.338134 1897.96 -1.36945 -0.656995 196.27 7.18993 13 39 1 0 1
0.988326 -0.0312162 1897.96 1.36958 -0.576971 199.977 7.1602 13 40 1 0 1
2.68211 -0.79173 1897.96 4.45176 0.195738 198.569 7.17096 13 41 1 0 1
0.324407 -0.191043 1897.96 0.0925633 0.665426 204.004 7.12963 13 42 1 0 1
-1.77936 2.4383 1897.96 -0.120982 -0.243481 206.33 7.11272 13 43 1 0 1
0.498763 1.27726 1897.96 -1.96506 -0.222343 201.377 7.14934 13 44 1 0 1
1.54663 4.01084 1897.96 2.61335 -0.110634 202.464 7.14102 13 45 1 0 1
2.28009 -0.118095 1897.96 0.709969 -0.427436 204.251 7.1278 13 46 1 0 1
0.284195 3.17861 1897.96 1.17768 0.065175 200.09 7.15933 13 47 1 0 1
-0.0253616 1.34653 1897.96 1.08449 0.267442 198.441 7.17235 13 48 1 0 1
-1.7682 5.74515 1897.96 -2.27234 -0.245875 200.887 7.15308 13 49 1 0 1
1.4784 -2.40837 1897.96 3.06909 0.264605 198.487 7.17182 13 50 1 0 1
-2.09505 -2.52058 1897.96 -1.21157 0.0036465 206.657 7.11035 13 51 1 0 1
-0.60583 -0.725322 1897.96 0.0134617 0.113842 204.632 7.12502 13 52 1 0 1
2.82133 0.922408 1897.96 2.89695 -0.187432 201.545 7.14796 13 53 1 0 1
0.7153 4.70683 1897.96 -3.01442 -0.261724 199.771 7.16168 13 54 1 0 1
1.06121 3.31179 1897.96 0.60374 0.417664 200.657 7.15495 13 55 1 0 1
-0.541763 -1.92028 1897.96 0.887436 0.176137 202.697 7.13938 13 56 1 0 1
0.472053 1.36798 1897.96 -0.352279 0.0935224 195.668 7.19495 13 57 1 0 1
-0.0722077 0.996841 1897.96 0.349688 0.157827 200.743 7.15429 13 58 1 0 1
1.70663 1.33706 1897.96 3.4801 0.099392 199.83 7.16116 13 59 1 0 1
-1.16755 -0.420462 1897.96 -2.60227 -0.541263 201.869 7.14552 13 60 1 0 1
1.70769 -1.48378 1897.96 2.01056 0.437635 200.613 7.15521 13 61 1 0 1
1.13279 -5.00854 1897.96 0.73682 0.126669 196.193 7.1906 13 62 1 0 1
0.937267 -0.0714963 1897.96 1.07252 -0.138023 200.778 7.154 13 63 1 0 1
-0.999022 -2.09367 1897.96 -4.35843 -0.275029 203.76 7.1311 13 64 1 0 1
3.72822 -1.61545 1897.96 3.44656 0.691635 203.197 7.13541 13 65 1 0 1
1.31115 -5.04566 1897.96 0.361559 0.106001 196.217 7.19041 13 66 1 0 1
0.973111 -0.206159 1897.96 0.508698 0.156163 202.746 7.13901 13 67 1 0 1
-1.73728 -4.34842 1897.96 -2.84887 0.51486 200.4 7.15679 13 68 1 0 1
0.842031 -1.61031 1897.96 0.318724 0.0668679 198.112 7.17501 13 69 1 0 1
1.05656 0.504773 1897.96 3.64066 0.162097 198.398 7.17246 13 70 1 0 1
1.38424 -1.10488 1897.96 2.49025 0.123492 201.217 7.15052 13 71 1 0 1
-0.823245 0.330044 1897.96 -0.139013 -0.274281 201.345 7.14966 13 72 1 0 1
0.675861 2.42435 1897.96 -0.341883 0.0786154 198.031 7.17566 13 73 1 0 1
0.921499 -4.20131 1897.96 1.74846 -0.440798 200.04 7.15969 13 74 1 0 1
-1.2183 0.403271 1897.96 -3.17612 0.427706 199.473 7.16399 13 75 1 0 1
0.715514 2.004 1897.96 0.532399 0.112185 203.573 7.13283 13 76 1 0 1
0.604625 0.779106 1897.96 -0.425748 -0.335183 198.63 7.17087 13 77 1 0 1
-0.183455 -2.05016 1897.96 1.06259 -0.300891 198.896 7.16873 13 78 1 0 1
1.88165 0.801999 1897.96 2.21215 -0.415837 201.632 7.14736 13 79 1 0 1
1.10264 -1.2915 1897.96 -0.145497 0.267254 198.152 7.17469 13 80 1 0 1
-0.885295 5.17252 1897.96 -1.28399 -0.422294 200.343 7.15736 13 81 1 0 1
-1.55088 -1.41766 1897.96 -1.04561 0.268204 198.657 7.17063 13 82 1 0 1
2.10571 0.911706 1897.96 1.21685 0.137261 200.136 7.15898 13 83 1 0 1
0.180232 -2.8291 1897.96 0.431023 0.100756 199.37 7.16501 13 84 1 0 1
-1.89533 -1.51326 1897.96 -2.3437 -0.347836 198.491 7.17187 13 85 1 0 1
0.0810186 0.214314 1897.96 0.0452864 -0.0158039 196.571 7.18751 13 86 1 0 1
0.23368 -3.11392 1897.96 1.74851 -0.49558 199.354 7.16507 13 87 1 0 1
-0.0457086 -4.53153 1897.96 -0.0723306 0.804039 200.97 7.15253 13 88 1 0 1
0.892261 5.18047 1897.96 -3.34206 0.109589 202.11 7.14361 13 89 1 0 1
-0.670952 2.77704 1897.96 -1.76828 -0.349456 197.788 7.17755 13 90 1 0 1
2.25424 1.86624 1897.96 2.5439 -0.149868 200.033 7.15968 13 91 1 0 1
1.3343 3.05749 1897.96 2.88462 -0.0136032 198.834 7.16909 13 92 1 0 1
0.381132 0.166968 1897.96 1.50947 -0.273345 198.937 7.16839 13 93 1 0 1
-0.305193 -3.75034 1897.96 -0.252182 0.255126 199.298 7.16557 13 94 1 0 1
-1.69483 1.39744 1897.96 -1.99301 -0.185252 196.187 7.19058 13 95 1 0 1
2.28875 1.76023 1897.96 1.91842 -0.422622 197.321 7.18131 13 96 1 0 1
-0.149207 2.26363 1897.96 -0.153821 -0.553436 202.997 7.13713 13 97 1 0 1
-0.662009 -1.80059 1897.96 -4.16091 0.503135 199.179 7.16617 13 98 1 0 1
-0.507615 0.53607 1897.96 0.347484 -0.0608209 198.446 7.17233 13 99 1 0 1
1.76877 -0.762135 1897.96 2.55788 0.201893 200.196 7.15841 13 100 1 0 1
-0.0205534 2.38105 1897.96 -0.366394 -0.391417 202.827 7.1384 13 101 1 0 1
-0.429755 -2.20032 1897.96 0.587247 -0.150359 200.606 7.15535 13 102 1 0 1
-0.582722 -0.0271617 1897.96 0.539717 0.298205 200.047 7.15969 13 103 1 0 1
-1.91057 -1.19909 1897.96 -3.83157 -0.304417 200.266 7.15771 13 104 1 0 1
0.942204 2.72776 1897.96 1.86193 0.262696 198.052 7.17542 13 105 1 0 1
-1.97147 0.428075 1897.96 -2.68903 -0.199554 200.129 7.15892 13 106 1 0 1
0.0800133 1.62993 1897.96 2.23747 -0.014642 198.922 7.16845 13 107 1 0 1
-2.26871 -2.92772 1897.96 -3.18279 0.177504 198.988 7.16783 13 108 1 0 1
3.27289 -0.458171 1897.96 1.90165 -0.0159158 198.849 7.16906 13 109 1 0 1
0.51525 0.656051 1897.96 2.93057 -0.0130932 199.202 7.16616 13 110 1 0 1
0.688776 -3.54989 1897.96 -1.213 -0.0998049 201.593 7.14773 13 111 1 0 1
-3.03241 -4.90573 1897.96 -1.93535 0.236242 198.182 7.17437 13 112 1 0 1
-1.26571 2.25426 1897.96 -1.72068 -0.126807 202.17 7.14331 13 113 1 0 1
-3.38154 -3.67877 1897.96 -2.75845 0.589812 197.153 7.18259 13 114 1 0 1
0.6649 1.02712 1897.96 -0.70334 0.722245 199.54 7.16365 13 115 1 0 1
2.86061 0.890535 1897.96 3.53264 0.402312 201.245 7.15018 13 116 1 0 1
-2.02127 -0.455138 1897.96 -0.211493 0.141511 201.1 7.15154 13 117 1 0 1
0.723489 -0.718293 1897.96 -1.19739 0.0966861 200.329 7.15748 13 118 1 0 1
0.852327 -1.29267 1897.96 0.6882 -0.446114 197.783 7.17764 13 119 1 0 1
1.9871 1.53371 1897.96 3.4939 -0.832529 200.278 7.15765 13 120 1 0 1
0.635225 4.12256 1897.96 2.86456 -0.283715 198.929 7.16833 13 121 1 0 1
0.27512 -0.338306 1897.96 -2.95421 -0.159912 200.76 7.154 13 122 1 0 1
0.42729 2.51236 1897.96 -0.7134 0.0174142 197.933 7.17644 13 123 1 0 1
-0.185105 2.24124 1897.96 -0.411562 -0.0639414 198.479 7.17207 13 124 1 0 1
-0.472934 -0.50786 1897.96 0.0543391 -0.111264 196.696 7.18648 13 125 1 0 1
-0.639856 -1.34587 1897.96 -0.73326 0.568505 200.316 7.15759 13 126 1 0 1
1.38904 0.167574 1897.96 2.42724 -0.147589 200.479 7.15622 13 127 1 0 1
0.617611 -0.26127 1897.96 1.37355 0.253514 199.654 7.16274 13 128 1 0 1
1.46003 0.487136 1897.96 2.53238 0.121211 201.558 7.1479 13 129 1 0 1
-1.7082 2.46295 1897.96 -1.61929 0.173943 200.405 7.15686 13 130 1 0 1
-0.142771 -2.5573 1897.96 0.302804 0.280943 200.886 7.15319 13 131 1 0 1
-2.08621 -1.63655 1897.96 -1.6866 -0.0648242 200.369 7.15714 13 132 1 0 1
-0.494691 -1.23335 1897.96 -1.63503 0.0802693 200.241 7.15814 13 133 1 0 1
-1.54697 1.86301 1897.96 -2.72741 0.217172 199.672 7.16249 13 134 1 0 1
-2.52891 -2.09116 1897.96 -3.63538 0.140861 197.979 7.17581 13 135 1 0 1
-0.819596 5.9446 1897.96 -1.94714 -0.415942 201.319 7.14978 13 136 1 0 1
0.140225 -0.499558 1897.96 -0.702166 -0.0774801 202.187 7.14323 13 137 1 0 1
0.655794 1.10974 1897.96 -0.0509917 -0.124177 203.112 7.13627 13 138 1 0 1
0.647262 2.45009 1897.96 -0.784902 0.492155 200.657 7.15494 13 139 1 0 1
-0.241834 5.03149 1897.96 -2.9306 0.0373256 201.115 7.15126 13 140 1 0 1
0.285618 -0.389273 1897.96 -2.89071 0.127864 200.844 7.15336 13 141 1 0 1
0.759236 3.2152 1897.96 1.50668 -0.156862 200.995 7.15231 13 142 1 0 1
0.73627 -2.65562 1897.96 -1.35777 0.285289 199.177 7.1665 13 143 1 0 1
-0.93565 -0.600715 1897.96 0.164142 0.13859 201.364 7.14951 13 144 1 0 1
0.896514 -1.49355 1897.96 4.69425 0.447761 207.451 7.10437 13 145 1 0 1
-0.872746 1.48632 1897.96 -2.48571 -0.587278 200.824 7.15354 13 146 1 0 1
-1.69516 -1.30076 1897.96 -2.82212 0.173196 197.539 7.17946 13 147 1 0 1
-0.332115 0.020023 1897.96 -1.53541 0.158224 201.465 7.1487 13 148 1 0 1
0.635445 1.62429 1897.96 -2.13167 -0.505603 198.842 7.16909 13 149 1 0 1
1.92104 2.99061 1897.96 4.81488 0.0739072 200.429 7.15628 13 150 1 0 1
-0.0823221 0.10215 1959.18 -0.31055 -0.228869 199.744 7.3931 13 1 1 0 1
-2.7146 0.693856 1959.18 -2.80336 -0.00139526 200.212 7.38917 13 2 1 0 1
-0.639898 -1.60469 1959.18 0.67535 0.124355 198.522 7.40307 13 3 1 0 1
-1.85798 -3.16183 1959.18 -1.89126 0.301446 199.778 7.39275 13 4 1 0 1
2.13025 0.63517 1959.18 0.730561 -0.218096 201.745 7.37712 13 5 1 0 1
-0.718458 -0.781145 1959.18 -0.380337 -0.164438 197.773 7.40927 13 6 1 0 1
2.24255 6.44175 1959.18 0.774587 -0.447838 198.166 7.406 13 7 1 0 1
0.838344 2.73108 1959.18 1.79389 -0.53084 197.987 7.40743 13 8 1 0 1
0.116993 -0.468046 1959.18 -0.226086 -0.21012 201.277 7.38083 13 9 1 0 1
-0.00102386 -1.00257 1959.18 0.795866 0.293285 198.563 7.40272 13 10 1 0 1
-1.19695 0.0507376 1959.18 -0.792438 -0.727697 198.358 7.4044 13 11 1 0 1
-2.45026 -3.53752 1959.18 -1.96516 0.196036 201.662 7.37771 13 12 1 0 1
2.39155 3.5464 1959.18 2.73822 -0.188839 201.887 7.37587 13 13 1 0 1
-2.36679 -0.534426 1959.18 -2.77776 0.152741 201.428 7.37948 13 14 1 0 1
-1.08669 -1.34684 1959.18 1.57317 0.322364 198.87 7.40017 13 15 1 0 1
-2.17797 1.3793 1959.18 -1.41032 -0.11626 201.494 7.37908 13 16 1 0 1
-0.914961 4.68186 1959.18 -1.43673 -0.127677 198.859 7.40027 13 17 1 0 1
-0.368986 -0.0172109 1959.18 1.03952 -0.0799555 200.333 7.38833 13 18 1 0 1
0.976263 -0.4197 1959.18 2.27849 0.360363 201.794 7.37665 13 19 1 0 1
-0.454399 -0.388477 1959.18 0.974556 -0.568563 199.279 7.39685 13 20 1 0 1
2.47886 1.50717 1959.18 3.06923 0.201658 199.674 7.39348 13 21 1 0 1
1.59169 -1.09614 1959.18 2.91131 0.856258 201.399 7.37968 13 22 1 0 1
1.38019 1.50886 1959.18 0.969666 -0.152071 203.447 7.36387 13 23 1 0 1
-1.33479 -3.16875 1959.18 -2.09945 0.452965 199.26 7.39694 13 24 1 0 1
1.24221 -0.243653 1959.18 -0.0645372 0.405167 201.77 7.37694 13 25 1 0 1
-1.98874 -0.997092 1959.18 0.462135 -0.322519 197.393 7.41244 13 26 1 0 1
-0.479931 -3.80073 1959.18 -0.17018 0.911698 201.979 7.37528 13 27 1 0 1
-0.381611 -1.72494 1959.18 1.43534 0.154667 198.951 7.39951 13 28 1 0 1
-2.19161 -0.0153438 1959.18 -2.33635 -0.624833 198.763 7.40098 13 29 1 0 1
1.88881 0.889188 1959.18 0.298482 -0.171392 201.648 7.3779 13 30 1 0 1
2.38322 2.57808 1959.18 2.7784 -0.40152 201.014 7.38276 13 31 1 0 1
1.40755 -2.74553 1959.18 0.805453 0.247629 201.398 7.37986 13 32 1 0 1
1.53088 -1.19627 1959.18 2.56937 -0.553796 200.47 7.38712 13 33 1 0 1
-0.576975 -3.59276 1959.18 -0.546976 0.322307 201.038 7.38272 13 34 1 0 1
2.38388 4.08033 1959.18 2.19108 -0.500742 200.447 7.38734 13 35 1 0 1
-1.74508 -1.22614 1959.18 -0.993231 0.434704 201.034 7.38274 13 36 1 0 1
0.977457 -1.0783 1959.18 -0.670681 0.120549 198.508 7.40318 13 37 1 0 1
0.420516 1.29411 1959.18 1.11145 -0.256301 202.027 7.3749 13 38 1 0 1
-1.4865 -0.540759 1959.18 -1.26375 -0.640896 196.27 7.42187 13 39 1 0 1
1.39317 -0.207346 1959.18 1.26945 -0.57252 199.978 7.39118 13 40 1 0 1
4.01447 -0.726977 1959.18 4.17229 0.223893 198.575 7.40228 13 41 1 0 1
0.34791 0.00937101 1959.18 0.0637246 0.668885 204.004 7.35962 13 42 1 0 1
-1.79229 2.35228 1959.18 0.0339689 -0.335741 206.33 7.34216 13 43 1 0 1
-0.102512 1.20251 1959.18 -1.98184 -0.268953 201.377 7.37996 13 44 1 0 1
2.3137 3.95457 1959.18 2.44904 -0.261164 202.465 7.37138 13 45 1 0 1
2.46277 -0.245301 1959.18 0.506281 -0.420509 204.252 7.35773 13 46 1 0 1
0.639363 3.18039 1959.18 1.13883 -0.0535873 200.091 7.39028 13 47 1 0 1
0.308128 1.42121 1959.18 1.07269 0.216177 198.441 7.40372 13 48 1 0 1
-2.43512 5.63759 1959.18 -2.09481 -0.459311 200.888 7.38383 13 49 1 0 1
2.40208 -2.31317 1959.18 2.90718 0.352083 198.49 7.40317 13 50 1 0 1
-2.4256 -2.50513 1959.18 -1.01514 0.100589 206.658 7.33972 13 51 1 0 1
-0.594054 -0.687189 1959.18 0.0650887 0.140821 204.632 7.35485 13 52 1 0 1
3.66142 0.860318 1959.18 2.62227 -0.220973 201.549 7.37854 13 53 1 0 1
-0.21376 4.59992 1959.18 -3.03548 -0.43526 199.77 7.3927 13 54 1 0 1
1.23104 3.42009 1959.18 0.50703 0.291583 200.658 7.38575 13 55 1 0 1
-0.267915 -1.85622 1959.18 0.921943 0.247586 202.696 7.36968 13 56 1 0 1
0.356246 1.38939 1959.18 -0.386356 0.0431632 195.668 7.42704 13 57 1 0 1
0.0349127 1.0392 1959.18 0.351262 0.119678 200.743 7.38507 13 58 1 0 1
2.74644 1.35983 1959.18 3.29305 0.0490904 199.833 7.39216 13 59 1 0 1
-1.93845 -0.58191 1959.18 -2.47046 -0.522381 201.871 7.37602 13 60 1 0 1
2.29678 -1.34201 1959.18 1.84166 0.490552 200.615 7.38603 13 61 1 0 1
1.34722 -4.94051 1959.18 0.634515 0.308861 196.193 7.42255 13 62 1 0 1
1.25091 -0.113097 1959.18 0.980149 -0.134564 200.779 7.38477 13 63 1 0 1
-2.29021 -2.16421 1959.18 -4.21758 -0.194053 203.763 7.36114 13 64 1 0 1
4.71446 -1.39824 1959.18 3.08593 0.748814 203.202 7.36559 13 65 1 0 1
1.40667 -4.98386 1959.18 0.249428 0.289689 196.217 7.42236 13 66 1 0 1
1.1136 -0.157916 1959.18 0.419742 0.163053 202.746 7.3693 13 67 1 0 1
-2.58165 -4.16662 1959.18 -2.66691 0.674143 200.402 7.38765 13 68 1 0 1
0.929315 -1.5805 1959.18 0.244938 0.125871 198.112 7.40646 13 69 1 0 1
2.1617 0.551822 1959.18 3.50645 0.142533 198.4 7.40383 13 70 1 0 1
2.12096 -1.06107 1959.18 2.34197 0.164173 201.219 7.38118 13 71 1 0 1
-0.854783 0.244917 1959.18 -0.0679727 -0.285087 201.345 7.38029 13 72 1 0 1
0.56195 2.43478 1959.18 -0.393423 -0.0112006 198.031 7.40713 13 73 1 0 1
1.44253 -4.31201 1959.18 1.64903 -0.281842 200.041 7.39065 13 74 1 0 1
-2.17336 0.531997 1959.18 -3.0339 0.410297 199.476 7.39509 13 75 1 0 1
0.865777 2.02625 1959.18 0.464714 0.0356054 203.573 7.36292 13 76 1 0 1
0.466206 0.671544 1959.18 -0.47047 -0.362077 198.63 7.40219 13 77 1 0 1
0.144586 -2.13091 1959.18 1.06422 -0.223271 198.896 7.39998 13 78 1 0 1
2.52637 0.671398 1959.18 2.02529 -0.44357 201.634 7.37793 13 79 1 0 1
1.04374 -1.20172 1959.18 -0.234924 0.313367 198.152 7.40613 13 80 1 0 1
-1.26465 5.01421 1959.18 -1.19343 -0.612784 200.343 7.38824 13 81 1 0 1
-1.85187 -1.32707 1959.18 -0.90348 0.319099 198.658 7.40194 13 82 1 0 1
2.44938 0.948416 1959.18 1.02517 0.102514 200.137 7.38991 13 83 1 0 1
0.309719 -2.78208 1959.18 0.410485 0.205174 199.369 7.39614 13 84 1 0 1
-2.59085 -1.61171 1959.18 -2.15649 -0.289943 198.493 7.40322 13 85 1 0 1
0.0940248 0.208179 1959.18 0.0380516 -0.0235557 196.571 7.41936 13 86 1 0 1
0.765382 -3.24807 1959.18 1.70664 -0.3772 199.354 7.3962 13 87 1 0 1
-0.0670636 -4.2612 1959.18 -0.067565 0.968973 200.969 7.38326 13 88 1 0 1
-0.127245 5.18406 1959.18 -3.37457 -0.0859357 202.11 7.37405 13 89 1 0 1
-1.20738 2.65323 1959.18 -1.69017 -0.449707 197.788 7.40908 13 90 1 0 1
3.00063 1.80982 1959.18 2.32291 -0.218506 200.036 7.39064 13 91 1 0 1
2.20162 3.03587 1959.18 2.73682 -0.126691 198.836 7.40035 13 92 1 0 1
0.838812 0.082052 1959.18 1.45845 -0.277969 198.937 7.39962 13 93 1 0 1
-0.378421 -3.65073 1959.18 -0.223535 0.392803 199.298 7.39672 13 94 1 0 1
-2.29241 1.33177 1959.18 -1.82855 -0.23523 196.188 7.42253 13 95 1 0 1
2.85211 1.61931 1959.18 1.70515 -0.484871 197.323 7.41296 13 96 1 0 1
-0.193489 2.08411 1959.18 -0.139194 -0.635814 202.997 7.36736 13 97 1 0 1
-1.92705 -1.63596 1959.18 -4.05252 0.56703 199.181 7.39734 13 98 1 0 1
-0.394361 0.514284 1959.18 0.38512 -0.0802764 198.446 7.4037 13 99 1 0 1
2.52501 -0.696162 1959.18 2.37716 0.229146 200.198 7.38933 13 100 1 0 1
-0.130415 2.24954 1959.18 -0.359955 -0.479082 202.827 7.36867 13 101 1 0 1
-0.245786 -2.23357 1959.18 0.615741 -0.0673374 200.606 7.38617 13 102 1 0 1
-0.410778 0.0640856 1959.18 0.581506 0.297516 200.047 7.39065 13 103 1 0 1
-3.05244 -1.28514 1959.18 -3.62265 -0.257985 200.27 7.3886 13 104 1 0 1
1.50325 2.79326 1959.18 1.7601 0.160636 198.053 7.40689 13 105 1 0 1
-2.76533 0.364701 1959.18 -2.48974 -0.214365 200.131 7.38985 13 106 1 0 1
0.764695 1.61614 1959.18 2.20214 -0.0749125 198.922 7.39969 13 107 1 0 1
-3.21472 -2.85651 1959.18 -2.95342 0.284941 198.991 7.39905 13 108 1 0 1
3.81394 -0.460448 1959.18 1.60537 0.00113414 198.852 7.40032 13 109 1 0 1
1.4055 0.648293 1959.18 2.85014 -0.0373455 199.204 7.39733 13 110 1 0 1
0.313129 -3.5599 1959.18 -1.25547 0.0339762 201.592 7.37831 13 111 1 0 1
-3.58887 -4.80491 1959.18 -1.65946 0.415876 198.184 7.40581 13 112 1 0 1
-1.76834 2.20307 1959.18 -1.59172 -0.210919 202.171 7.37374 13 113 1 0 1
-4.19115 -3.47498 1959.18 -2.44458 0.72147 197.156 7.41429 13 114 1 0 1
0.441496 1.24245 1959.18 -0.749759 0.679975 199.54 7.39474 13 115 1 0 1
3.89408 1.00762 1959.18 3.2469 0.366666 201.25 7.38084 13 116 1 0 1
-2.05947 -0.409541 1959.18 -0.038943 0.157741 201.1 7.38223 13 117 1 0 1
0.349833 -0.684703 1959.18 -1.2426 0.12292 200.329 7.38836 13 118 1 0 1
1.05353 -1.42313 1959.18 0.608944 -0.395978 197.783 7.40918 13 119 1 0 1
3.02514 1.27094 1959.18 3.28288 -0.884973 200.281 7.38854 13 120 1 0 1
1.50494 4.0119 1959.18 2.77506 -0.434756 198.93 7.39957 13 121 1 0 1
-0.625483 -0.385051 1959.18 -2.93943 -0.146357 200.76 7.38477 13 122 1 0 1
0.202088 2.50341 1959.18 -0.739593 -0.0752512 197.932 7.40794 13 123 1 0 1
-0.309144 2.20877 1959.18 -0.390936 -0.146382 198.479 7.40343 13 124 1 0 1
-0.45003 -0.53953 1959.18 0.0925111 -0.0920345 196.696 7.4183 13 125 1 0 1
-0.854809 -1.16477 1959.18 -0.670306 0.615447 200.316 7.38848 13 126 1 0 1
2.10932 0.121631 1959.18 2.27979 -0.153002 200.481 7.38707 13 127 1 0 1
1.0291 -0.182187 1959.18 1.30443 0.261778 199.655 7.39379 13 128 1 0 1
2.20725 0.521106 1959.18 2.37698 0.102243 201.56 7.37848 13 129 1 0 1
-2.17889 2.50194 1959.18 -1.45551 0.0810716 200.407 7.38773 13 130 1 0 1
-0.049049 -2.45725 1959.18 0.310906 0.374968 200.885 7.38394 13 131 1 0 1
-2.57262 -1.64698 1959.18 -1.49034 -0.00341494 200.37 7.38802 13 132 1 0 1
-0.98613 -1.20182 1959.18 -1.57269 0.125784 200.241 7.38905 13 133 1 0 1
-2.35986 1.91885 1959.18 -2.56341 0.146691 199.674 7.39354 13 134 1 0 1
-3.61592 -2.03576 1959.18 -3.37966 0.217128 197.983 7.40729 13 135 1 0 1
-1.39872 5.78444 1959.18 -1.85325 -0.636342 201.319 7.38042 13 136 1 0 1
-0.0732873 -0.520126 1959.18 -0.705012 -0.0582367 202.187 7.37366 13 137 1 0 1
0.632083 1.06606 1959.18 -0.105993 -0.165426 203.112 7.36647 13 138 1 0 1
0.400501 2.58599 1959.18 -0.829108 0.397833 200.657 7.38574 13 139 1 0 1
-1.12707 5.01413 1959.18 -2.87272 -0.151251 201.116 7.38194 13 140 1 0 1
-0.59547 -0.348149 1959.18 -2.87763 0.141688 200.844 7.38411 13 141 1 0 1
1.20649 3.14917 1959.18 1.42361 -0.276263 200.995 7.38303 13 142 1 0 1
0.311254 -2.55295 1959.18 -1.40164 0.38212 199.176 7.39767 13 143 1 0 1
-0.873963 -0.555231 1959.18 0.24076 0.160316 201.364 7.38014 13 144 1 0 1
2.2645 -1.35313 1959.18 4.55644 0.502889 207.453 7.33355 13 145 1 0 1
-1.61613 1.29914 1959.18 -2.38063 -0.639494 200.825 7.3843 13 146 1 0 1
-2.54436 -1.23976 1959.18 -2.64606 0.220041 197.542 7.41105 13 147 1 0 1
-0.792469 0.0679012 1959.18 -1.48777 0.156571 201.465 7.3793 13 148 1 0 1
-0.0262451 1.45965 1959.18 -2.15713 -0.562839 198.841 7.40035 13 149 1 0 1
3.36092 2.99609 1959.18 4.5924 -0.0380921 200.434 7.38713 13 150 1 0 1
-0.176048 0.0315488 2020.41 -0.299699 -0.231362 199.744 7.62413 13 1 1 0 1
-3.53339 0.689472 2020.41 -2.54038 -0.0272468 200.216 7.62008 13 2 1 0 1
-0.424308 -1.55726 2020.41 0.719771 0.182945 198.522 7.63441 13 3 1 0 1
-2.41129 -3.05159 2020.41 -1.71194 0.417312 199.78 7.62378 13 4 1 0 1
2.3237 0.565487 2020.41 0.541628 -0.240706 201.746 7.60766 13 5 1 0 1
-0.826486 -0.827498 2020.41 -0.316091 -0.134743 197.773 7.64081 13 6 1 0 1
2.4521 6.26691 2020.41 0.578974 -0.682905 198.166 7.63743 13 7 1 0 1
1.37996 2.55166 2020.41 1.70155 -0.628466 197.987 7.63891 13 8 1 0 1
0.0470163 -0.529169 2020.41 -0.233027 -0.191386 201.277 7.61148 13 9 1 0 1
0.243335 -0.906591 2020.41 0.785749 0.328669 198.563 7.63406 13 10 1 0 1
-1.42515 -0.173733 2020.41 -0.683078 -0.725422 198.359 7.63579 13 11 1 0 1
-3.01292 -3.45794 2020.41 -1.73353 0.327714 201.664 7.60827 13 12 1 0 1
3.18774 3.46902 2020.41 2.50142 -0.321042 201.89 7.60637 13 13 1 0 1
-3.17714 -0.485041 2020.41 -2.54299 0.17191 201.431 7.61009 13 14 1 0 1
-0.590516 -1.2401 2020.41 1.6433 0.370382 198.869 7.63142 13 15 1 0 1
-2.57675 1.33618 2020.41 -1.20888 -0.167331 201.495 7.60967 13 16 1 0 1
-1.34368 4.61592 2020.41 -1.34229 -0.300257 198.86 7.63152 13 17 1 0 1
-0.0479223 -0.0415017 2020.41 1.05708 -0.0788576 200.333 7.61922 13 18 1 0 1
1.65209 -0.308179 2020.41 2.16698 0.374075 201.795 7.60717 13 19 1 0 1
-0.150442 -0.560608 2020.41 0.999899 -0.550909 199.279 7.62801 13 20 1 0 1
3.38415 1.56029 2020.41 2.82313 0.144491 199.678 7.62452 13 21 1 0 1
2.45253 -0.830083 2020.41 2.74008 0.892478 201.401 7.6103 13 22 1 0 1
1.65306 1.45458 2020.41 0.839913 -0.208346 203.448 7.594 13 23 1 0 1
-1.96 -3.01176 2020.41 -1.96142 0.567918 199.261 7.6281 13 24 1 0 1
1.20678 -0.119554 2020.41 -0.168435 0.412007 201.77 7.60746 13 25 1 0 1
-1.82052 -1.09125 2020.41 0.620235 -0.284041 197.392 7.64408 13 26 1 0 1
-0.525143 -3.50322 2020.41 -0.127495 1.04939 201.978 7.60576 13 27 1 0 1
0.0630967 -1.6676 2020.41 1.44866 0.217667 198.951 7.63075 13 28 1 0 1
-2.8801 -0.207356 2020.41 -2.12442 -0.620708 198.766 7.63226 13 29 1 0 1
1.95484 0.832177 2020.41 0.135515 -0.203791 201.648 7.60846 13 30 1 0 1
3.19529 2.44132 2020.41 2.54266 -0.495703 201.017 7.61347 13 31 1 0 1
1.63332 -2.65473 2020.41 0.676684 0.349146 201.398 7.61048 13 32 1 0 1
2.2926 -1.35826 2020.41 2.40823 -0.506002 200.472 7.61797 13 33 1 0 1
-0.735444 -3.47429 2020.41 -0.491498 0.454917 201.038 7.61343 13 34 1 0 1
3.0197 3.9044 2020.41 1.96336 -0.650139 200.449 7.6182 13 35 1 0 1
-2.02391 -1.08701 2020.41 -0.833918 0.47811 201.034 7.61345 13 36 1 0 1
0.758959 -1.03504 2020.41 -0.743156 0.159706 198.508 7.63453 13 37 1 0 1
0.750512 1.2092 2020.41 1.06171 -0.303506 202.027 7.60536 13 38 1 0 1
-1.85997 -0.737216 2020.41 -1.12566 -0.617487 196.271 7.6538 13 39 1 0 1
1.7623 -0.38111 2020.41 1.13677 -0.561538 199.979 7.62215 13 40 1 0 1
5.24391 -0.653931 2020.41 3.78587 0.249498 198.582 7.63361 13 41 1 0 1
0.362493 0.209678 2020.41 0.0332522 0.664714 204.004 7.58961 13 42 1 0 1
-1.75928 2.23942 2020.41 0.188049 -0.42417 206.329 7.5716 13 43 1 0 1
-0.701159 1.11404 2020.41 -1.94781 -0.312496 201.377 7.61059 13 44 1 0 1
3.02145 3.85319 2020.41 2.22194 -0.40872 202.468 7.60173 13 45 1 0 1
2.58231 -0.36971 2020.41 0.289612 -0.408785 204.252 7.58766 13 46 1 0 1
0.978139 3.14588 2020.41 1.07078 -0.171739 200.091 7.62123 13 47 1 0 1
0.633717 1.47967 2020.41 1.0334 0.162446 198.442 7.63508 13 48 1 0 1
-3.03961 5.46572 2020.41 -1.86358 -0.667512 200.89 7.61457 13 49 1 0 1
3.26418 -2.19158 2020.41 2.67074 0.435548 198.493 7.63452 13 50 1 0 1
-2.69397 -2.4611 2020.41 -0.792688 0.196384 206.659 7.56909 13 51 1 0 1
-0.567049 -0.641217 2020.41 0.115047 0.166194 204.632 7.58469 13 52 1 0 1
4.40765 0.788414 2020.41 2.28037 -0.251994 201.553 7.60912 13 53 1 0 1
-1.13734 4.44054 2020.41 -2.97873 -0.603833 199.77 7.62373 13 54 1 0 1
1.3693 3.48938 2020.41 0.39732 0.162174 200.658 7.61656 13 55 1 0 1
0.0128015 -1.771 2020.41 0.932815 0.316211 202.696 7.59998 13 56 1 0 1
0.231306 1.39494 2020.41 -0.410529 -0.00768847 195.668 7.65914 13 57 1 0 1
0.141138 1.0697 2020.41 0.343831 0.0801627 200.743 7.61586 13 58 1 0 1
3.71584 1.36709 2020.41 3.02158 -0.00177285 199.838 7.62317 13 59 1 0 1
-2.65965 -0.73672 2020.41 -2.27531 -0.49754 201.874 7.60652 13 60 1 0 1
2.82698 -1.18493 2020.41 1.62555 0.537874 200.617 7.61684 13 61 1 0 1
1.52711 -4.81613 2020.41 0.515942 0.487529 196.193 7.65451 13 62 1 0 1
1.53248 -0.153407 2020.41 0.862647 -0.12957 200.779 7.61555 13 63 1 0 1
-3.52269 -2.21006 2020.41 -3.96863 -0.110862 203.768 7.59117 13 64 1 0 1
5.57984 -1.16508 2020.41 2.64618 0.797455 203.208 7.59576 13 65 1 0 1
1.46614 -4.86522 2020.41 0.130904 0.470072 196.217 7.65431 13 66 1 0 1
1.22553 -0.10787 2020.41 0.320025 0.168083 202.747 7.59959 13 67 1 0 1
-3.35983 -3.93729 2020.41 -2.41658 0.82574 200.405 7.61851 13 68 1 0 1
0.992775 -1.53266 2020.41 0.164872 0.183439 198.112 7.63791 13 69 1 0 1
3.21142 0.592575 2020.41 3.28237 0.121343 198.404 7.6352 13 70 1 0 1
2.80331 -1.00516 2020.41 2.13365 0.202983 201.221 7.61184 13 71 1 0 1
-0.864407 0.156996 2020.41 0.00480986 -0.29264 201.345 7.61093 13 72 1 0 1
0.433634 2.41743 2020.41 -0.434878 -0.100889 198.031 7.63861 13 73 1 0 1
1.92659 -4.37351 2020.41 1.50733 -0.11967 200.043 7.6216 13 74 1 0 1
-3.07271 0.654654 2020.41 -2.81391 0.388209 199.479 7.62619 13 75 1 0 1
0.993844 2.02538 2020.41 0.385116 -0.0413808 203.573 7.59302 13 76 1 0 1
0.315836 0.556321 2020.41 -0.503132 -0.384842 198.63 7.6335 13 77 1 0 1
0.468921 -2.18735 2020.41 1.03856 -0.143103 198.896 7.63123 13 78 1 0 1
3.10631 0.533139 2020.41 1.7865 -0.466245 201.636 7.60849 13 79 1 0 1
0.958084 -1.09822 2020.41 -0.318328 0.355905 198.152 7.63757 13 80 1 0 1
-1.61159 4.7987 2020.41 -1.07226 -0.796284 200.343 7.61912 13 81 1 0 1
-2.10539 -1.22135 2020.41 -0.738186 0.366354 198.658 7.63325 13 82 1 0 1
2.73025 0.974307 2020.41 0.807212 0.0665963 200.138 7.62085 13 83 1 0 1
0.431266 -2.70333 2020.41 0.379422 0.307252 199.369 7.62727 13 84 1 0 1
-3.21996 -1.69178 2020.41 -1.914 -0.228742 198.496 7.63457 13 85 1 0 1
0.104621 0.199669 2020.41 0.0298412 -0.0310388 196.571 7.65122 13 86 1 0 1
1.27746 -3.34517 2020.41 1.62102 -0.254517 199.355 7.62734 13 87 1 0 1
-0.0866994 -3.94226 2020.41 -0.0610673 1.12285 200.968 7.61398 13 88 1 0 1
-1.14349 5.1285 2020.41 -3.32058 -0.28048 202.111 7.60449 13 89 1 0 1
-1.71285 2.49916 2020.41 -1.56873 -0.54483 197.789 7.64062 13 90 1 0 1
3.6701 1.73274 2020.41 2.04237 -0.284654 200.039 7.6216 13 91 1 0 1
3.01251 2.97962 2020.41 2.51887 -0.238337 198.838 7.63161 13 92 1 0 1
1.27499 -0.00380033 2020.41 1.37003 -0.279423 198.938 7.63086 13 93 1 0 1
-0.441946 -3.50946 2020.41 -0.189157 0.525998 199.298 7.62787 13 94 1 0 1
-2.83122 1.2509 2020.41 -1.61721 -0.282527 196.19 7.65449 13 95 1 0 1
3.34235 1.45992 2020.41 1.44815 -0.541589 197.325 7.64462 13 96 1 0 1
-0.23281 1.88083 2020.41 -0.120998 -0.710939 202.996 7.59759 13 97 1 0 1
-3.1427 -1.45266 2020.41 -3.84027 0.624464 199.185 7.62851 13 98 1 0 1
-0.270997 0.486631 2020.41 0.412882 -0.098816 198.446 7.63507 13 99 1 0 1
3.21652 -0.622248 2020.41 2.13551 0.253785 200.201 7.62024 13 100 1 0 1
-0.236933 2.09237 2020.41 -0.344288 -0.561281 202.827 7.59895 13 101 1 0 1
-0.0555159 -2.24134 2020.41 0.62845 0.0164524 200.606 7.61698 13 102 1 0 1
-0.228303 0.154602 2020.41 0.608387 0.293432 200.047 7.62161 13 103 1 0 1
-4.11606 -1.35653 2020.41 -3.32088 -0.20861 200.275 7.6195 13 104 1 0 1
2.02576 2.82689 2020.41 1.61316 0.0567416 198.054 7.63835 13 105 1 0 1
-3.48829 0.297167 2020.41 -2.22662 -0.226733 200.134 7.62079 13 106 1 0 1
1.42977 1.58391 2020.41 2.11037 -0.134329 198.923 7.63093 13 107 1 0 1
-4.07832 -2.75271 2020.41 -2.64832 0.389133 198.996 7.63027 13 108 1 0 1
4.25722 -0.457474 2020.41 1.26792 0.0181716 198.854 7.63158 13 109 1 0 1
2.25972 0.633139 2020.41 2.69665 -0.0611725 199.206 7.6285 13 110 1 0 1
-0.0705449 -3.52929 2020.41 -1.26575 0.167369 201.592 7.60888 13 111 1 0 1
-4.05333 -4.64927 2020.41 -1.34101 0.590768 198.186 7.63724 13 112 1 0 1
-2.22564 2.12675 2020.41 -1.42194 -0.292627 202.172 7.60417 13 113 1 0 1
-4.89331 -3.23154 2020.41 -2.06802 0.844902 197.16 7.64599 13 114 1 0 1
0.206774 1.4436 2020.41 -0.776958 0.629948 199.54 7.62582 13 115 1 0 1
4.82771 1.11321 2020.41 2.87792 0.326837 201.256 7.61149 13 116 1 0 1
-2.04488 -0.359273 2020.41 0.134605 0.172172 201.1 7.61293 13 117 1 0 1
-0.0327914 -0.643303 2020.41 -1.25596 0.147752 200.329 7.61925 13 118 1 0 1
1.22772 -1.53735 2020.41 0.514076 -0.341326 197.783 7.64072 13 119 1 0 1
3.98562 0.993675 2020.41 2.98771 -0.927328 200.286 7.61943 13 120 1 0 1
2.33608 3.85546 2020.41 2.61442 -0.580842 198.931 7.63081 13 121 1 0 1
-1.51005 -0.427404 2020.41 -2.8493 -0.131134 200.761 7.61555 13 122 1 0 1
-0.0282953 2.46589 2020.41 -0.746825 -0.167058 197.932 7.63944 13 123 1 0 1
-0.425257 2.15111 2020.41 -0.360287 -0.227152 198.479 7.63479 13 124 1 0 1
-0.415589 -0.565045 2020.41 0.128311 -0.0717552 196.696 7.65013 13 125 1 0 1
-1.04785 -0.970375 2020.41 -0.590168 0.655369 200.316 7.61937 13 126 1 0 1
2.77552 0.0743016 2020.41 2.0739 -0.15667 200.483 7.61791 13 127 1 0 1
1.4142 -0.101025 2020.41 1.20186 0.267057 199.655 7.62485 13 128 1 0 1
2.89789 0.549131 2020.41 2.16065 0.0821096 201.563 7.60906 13 129 1 0 1
-2.59372 2.51239 2020.41 -1.25441 -0.0127255 200.408 7.61859 13 130 1 0 1
0.0459301 -2.32917 2020.41 0.311037 0.464715 200.885 7.61468 13 131 1 0 1
-2.99308 -1.63863 2020.41 -1.25586 0.0580342 200.372 7.61889 13 132 1 0 1
-1.45229 -1.15658 2020.41 -1.47003 0.169864 200.242 7.61995 13 133 1 0 1
-3.11225 1.95279 2020.41 -2.3337 0.0745343 199.677 7.62459 13 134 1 0 1
-4.61023 -1.95713 2020.41 -3.0373 0.290923 197.989 7.63877 13 135 1 0 1
-1.94198 5.55829 2020.41 -1.71184 -0.849485 201.32 7.61106 13 136 1 0 1
-0.28492 -0.53476 2020.41 -0.689784 -0.0383289 202.187 7.60408 13 137 1 0 1
0.592168 1.0102 2020.41 -0.158277 -0.204789 203.112 7.59668 13 138 1 0 1
0.143472 2.6924 2020.41 -0.852059 0.298974 200.658 7.61655 13 139 1 0 1
-1.9834 4.93957 2020.41 -2.74121 -0.338104 201.118 7.61263 13 140 1 0 1
-1.46129 -0.303054 2020.41 -2.79079 0.153897 200.845 7.61486 13 141 1 0 1
1.62281 3.04722 2020.41 1.30404 -0.392513 200.996 7.61374 13 142 1 0 1
-0.121741 -2.42115 2020.41 -1.40957 0.474592 199.176 7.62885 13 143 1 0 1
-0.789871 -0.503412 2020.41 0.311206 0.180213 201.364 7.61077 13 144 1 0 1
3.57444 -1.19728 2020.41 4.30185 0.552288 207.459 7.56272 13 145 1 0 1
-2.31808 1.09715 2020.41 -2.21452 -0.684418 200.827 7.61506 13 146 1 0 1
-3.32834 -1.16462 2020.41 -2.40217 0.264378 197.545 7.64265 13 147 1 0 1
-1.23251 0.115005 2020.41 -1.402 0.153132 201.466 7.6099 13 148 1 0 1
-0.687263 1.27835 2020.41 -2.1273 -0.613655 198.841 7.63162 13 149 1 0 1
4.71463 2.96739 2020.41 4.25222 -0.149664 200.442 7.61797 13 150 1 0 1
-0.26526 -0.039412 2081.63 -0.281165 -0.231216 199.744 7.85517 13 1 1 0 1
-4.26161 0.677223 2081.63 -2.21227 -0.0527886 200.22 7.85099 13 2 1 0 1
-0.197839 -1.49206 2081.63 0.74574 0.239449 198.522 7.86576 13 3 1 0 1
-2.90278 -2.90654 2081.63 -1.48873 0.528418 199.781 7.8548 13 4 1 0 1
2.45759 0.489353 2081.63 0.338807 -0.26057 201.746 7.83819 13 5 1 0 1
-0.913326 -0.864411 2081.63 -0.243742 -0.10351 197.773 7.87235 13 6 1 0 1
2.59878 6.02058 2081.63 0.368518 -0.910181 198.166 7.86887 13 7 1 0 1
1.8862 2.34313 2081.63 1.56558 -0.718925 197.988 7.87039 13 8 1 0 1
-0.0241656 -0.584256 2081.63 -0.233994 -0.170468 201.277 7.84213 13 9 1 0 1
0.481455 -0.800272 2081.63 0.755489 0.360303 198.563 7.86539 13 10 1 0 1
-1.61682 -0.396221 2081.63 -0.556206 -0.714871 198.359 7.86718 13 11 1 0 1
-3.49834 -3.33891 2081.63 -1.45745 0.455656 201.666 7.83882 13 12 1 0 1
3.9022 3.35206 2081.63 2.20048 -0.449587 201.893 7.83686 13 13 1 0 1
-3.90605 -0.430122 2081.63 -2.24303 0.18912 201.435 7.8407 13 14 1 0 1
-0.0791999 -1.11922 2081.63 1.6713 0.414176 198.869 7.86268 13 15 1 0 1
-2.90947 1.27781 2081.63 -0.976455 -0.216495 201.496 7.84027 13 16 1 0 1
-1.73795 4.49732 2081.63 -1.21344 -0.469412 198.86 7.86278 13 17 1 0 1
0.27437 -0.0653191 2081.63 1.04755 -0.0768602 200.333 7.85011 13 18 1 0 1
2.28556 -0.193143 2081.63 1.99993 0.383521 201.796 7.83769 13 19 1 0 1
0.157372 -0.726345 2081.63 0.999609 -0.526971 199.279 7.85916 13 20 1 0 1
4.20268 1.59561 2081.63 2.50465 0.0856741 199.682 7.85557 13 21 1 0 1
3.25049 -0.554558 2081.63 2.49861 0.918521 201.404 7.84091 13 22 1 0 1
1.88355 1.3837 2081.63 0.688627 -0.262244 203.448 7.82412 13 23 1 0 1
-2.53496 -2.82042 2081.63 -1.77311 0.676394 199.262 7.85925 13 24 1 0 1
1.14042 0.00590826 2081.63 -0.268015 0.414147 201.77 7.83799 13 25 1 0 1
-1.60563 -1.17296 2081.63 0.762434 -0.242324 197.392 7.87572 13 26 1 0 1
-0.556894 -3.16575 2081.63 -0.081542 1.17512 201.978 7.83623 13 27 1 0 1
0.506187 -1.59123 2081.63 1.42485 0.278183 198.951 7.86198 13 28 1 0 1
-3.49476 -0.397002 2081.63 -1.85802 -0.609504 198.768 7.86354 13 29 1 0 1
1.97075 0.765673 2081.63 -0.0309266 -0.233865 201.648 7.83902 13 30 1 0 1
3.92545 2.2767 2081.63 2.24173 -0.584236 201.021 7.84418 13 31 1 0 1
1.81721 -2.53365 2081.63 0.530566 0.446679 201.398 7.8411 13 32 1 0 1
2.99554 -1.50475 2081.63 2.18535 -0.452436 200.475 7.84882 13 33 1 0 1
-0.875059 -3.3162 2081.63 -0.423421 0.582338 201.037 7.84414 13 34 1 0 1
3.57811 3.68393 2081.63 1.6853 -0.792122 200.451 7.84905 13 35 1 0 1
-2.25085 -0.935477 2081.63 -0.653226 0.516062 201.035 7.84416 13 36 1 0 1
0.521004 -0.979968 2081.63 -0.796579 0.197041 198.508 7.86588 13 37 1 0 1
1.06127 1.1105 2081.63 0.984748 -0.34725 202.027 7.83583 13 38 1 0 1
-2.18576 -0.925262 2081.63 -0.958698 -0.587034 196.272 7.88573 13 39 1 0 1
2.08625 -0.550527 2081.63 0.974949 -0.544151 199.98 7.85312 13 40 1 0 1
6.33891 -0.573426 2081.63 3.30238 0.272259 198.591 7.86493 13 41 1 0 1
0.367783 0.407593 2081.63 0.00192728 0.65296 204.004 7.8196 13 42 1 0 1
-1.68117 2.10103 2081.63 0.337307 -0.50776 206.329 7.80104 13 43 1 0 1
-1.28183 1.01285 2081.63 -1.86386 -0.352475 201.378 7.84121 13 44 1 0 1
3.65174 3.70785 2081.63 1.93788 -0.551616 202.47 7.83209 13 45 1 0 1
2.63565 -0.489901 2081.63 0.0655178 -0.392397 204.253 7.81759 13 46 1 0 1
1.29184 3.07549 2081.63 0.975275 -0.287931 200.091 7.85217 13 47 1 0 1
0.943061 1.52125 2081.63 0.967608 0.106862 198.442 7.86645 13 48 1 0 1
-3.56617 5.2315 2081.63 -1.58456 -0.868101 200.892 7.84532 13 49 1 0 1
4.0426 -2.04499 2081.63 2.36583 0.51405 198.496 7.86587 13 50 1 0 1
-2.89327 -2.38899 2081.63 -0.549908 0.28994 206.66 7.79845 13 51 1 0 1
-0.525506 -0.58793 2081.63 0.162056 0.189671 204.632 7.81453 13 52 1 0 1
5.04088 0.707516 2081.63 1.87998 -0.280143 201.557 7.8397 13 53 1 0 1
-2.03176 4.23051 2081.63 -2.84564 -0.765522 199.772 7.85475 13 54 1 0 1
1.47246 3.51887 2081.63 0.277424 0.0309148 200.658 7.84736 13 55 1 0 1
0.29319 -1.66556 2081.63 0.919774 0.381229 202.696 7.83028 13 56 1 0 1
0.100436 1.38459 2081.63 -0.424177 -0.0584524 195.668 7.89123 13 57 1 0 1
0.243745 1.088 2081.63 0.327585 0.0397333 200.743 7.84664 13 58 1 0 1
4.58997 1.35875 2081.63 2.67265 -0.0526182 199.843 7.85417 13 59 1 0 1
-3.31266 -0.883125 2081.63 -2.02183 -0.467025 201.876 7.83702 13 60 1 0 1
3.28471 -1.01434 2081.63 1.36775 0.579062 200.618 7.84765 13 61 1 0 1
1.66785 -4.63681 2081.63 0.384142 0.660636 196.193 7.88646 13 62 1 0 1
1.77476 -0.191967 2081.63 0.723029 -0.123098 200.78 7.84632 13 63 1 0 1
-4.66486 -2.2307 2081.63 -3.61795 -0.0264015 203.774 7.82121 13 64 1 0 1
6.30217 -0.918623 2081.63 2.13855 0.837001 203.214 7.82594 13 65 1 0 1
1.48802 -4.69107 2081.63 0.0090233 0.645091 196.217 7.88625 13 66 1 0 1
1.30605 -0.0565946 2081.63 0.212104 0.171196 202.747 7.82988 13 67 1 0 1
-4.05188 -3.66305 2081.63 -2.1043 0.967923 200.408 7.84938 13 68 1 0 1
1.03078 -1.46734 2081.63 0.0805788 0.238913 198.112 7.86936 13 69 1 0 1
4.17882 0.626568 2081.63 2.97414 0.098768 198.409 7.86657 13 70 1 0 1
3.4138 -0.937786 2081.63 1.87063 0.239478 201.224 7.8425 13 71 1 0 1
-0.85187 0.0672844 2081.63 0.0774691 -0.296855 201.345 7.84156 13 72 1 0 1
0.294201 2.37251 2081.63 -0.465184 -0.189426 198.03 7.87008 13 73 1 0 1
2.36125 -4.38512 2081.63 1.32699 0.0438695 200.044 7.85256 13 74 1 0 1
-3.89328 0.769843 2081.63 -2.52179 0.361693 199.483 7.85728 13 75 1 0 1
1.09643 2.00141 2081.63 0.295644 -0.117895 203.573 7.82311 13 76 1 0 1
0.157368 0.434752 2081.63 -0.522894 -0.403216 198.63 7.86482 13 77 1 0 1
0.781234 -2.21884 2081.63 0.98628 -0.0613033 198.897 7.86248 13 78 1 0 1
3.60663 0.388797 2081.63 1.50192 -0.483602 201.639 7.83905 13 79 1 0 1
0.847867 -0.982202 2081.63 -0.393571 0.394382 198.151 7.86901 13 80 1 0 1
-1.91721 4.52845 2081.63 -0.923614 -0.970701 200.343 7.85 13 81 1 0 1
-2.30493 -1.10169 2081.63 -0.553966 0.40943 198.659 7.86457 13 82 1 0 1
2.94114 0.989084 2081.63 0.568553 0.0299189 200.139 7.85178 13 83 1 0 1
0.541756 -2.59373 2081.63 0.338633 0.405825 199.369 7.8584 13 84 1 0 1
-3.76652 -1.75255 2081.63 -1.62243 -0.164929 198.498 7.86592 13 85 1 0 1
0.112534 0.188881 2081.63 0.0208659 -0.0381678 196.571 7.88307 13 86 1 0 1
1.75679 -3.4041 2081.63 1.49384 -0.12893 199.356 7.85847 13 87 1 0 1
-0.104112 -3.57835 2081.63 -0.0530041 1.26392 200.968 7.84471 13 88 1 0 1
-2.13042 5.01445 2081.63 -3.18148 -0.47183 202.112 7.83493 13 89 1 0 1
-2.17441 2.31657 2081.63 -1.40707 -0.633738 197.79 7.87215 13 90 1 0 1
4.24547 1.6359 2081.63 1.70946 -0.347557 200.042 7.85255 13 91 1 0 1
3.74616 2.88938 2081.63 2.23633 -0.347267 198.842 7.86287 13 92 1 0 1
1.67848 -0.0896093 2081.63 1.24649 -0.27769 198.939 7.8621 13 93 1 0 1
-0.494142 -3.32817 2081.63 -0.14993 0.653192 199.297 7.85902 13 94 1 0 1
-3.29745 1.15577 2081.63 -1.3644 -0.326601 196.192 7.88644 13 95 1 0 1
3.74691 1.28387 2081.63 1.15403 -0.59213 197.327 7.87627 13 96 1 0 1
-0.266163 1.65609 2081.63 -0.0997001 -0.777954 202.996 7.82782 13 97 1 0 1
-4.27777 -1.2528 2081.63 -3.5296 0.674782 199.19 7.85967 13 98 1 0 1
-0.140686 0.453427 2081.63 0.43006 -0.116228 198.446 7.86643 13 99 1 0 1
3.82557 -0.541235 2081.63 1.8391 0.275531 200.204 7.85116 13 100 1 0 1
-0.337377 1.91133 2081.63 -0.319795 -0.637077 202.827 7.82922 13 101 1 0 1
0.136177 -2.22354 2081.63 0.625047 0.100054 200.606 7.8478 13 102 1 0 1
-0.0399753 0.243354 2081.63 0.619672 0.286001 200.047 7.85257 13 103 1 0 1
-5.07416 -1.41244 2081.63 -2.93396 -0.156853 200.281 7.85039 13 104 1 0 1
2.49634 2.82827 2081.63 1.42485 -0.047801 198.055 7.86982 13 105 1 0 1
-4.12183 0.226242 2081.63 -1.90641 -0.236514 200.138 7.85172 13 106 1 0 1
2.0582 1.53361 2081.63 1.96449 -0.192214 198.925 7.86218 13 107 1 0 1
-4.83736 -2.61751 2081.63 -2.27533 0.48889 199 7.86149 13 108 1 0 1
4.59135 -0.44928 2081.63 0.897952 0.0350021 198.856 7.86284 13 109 1 0 1
3.056 0.610762 2081.63 2.47403 -0.0843024 199.209 7.85966 13 110 1 0 1
-0.452411 -3.45843 2081.63 -1.24358 0.298853 201.592 7.83945 13 111 1 0 1
-4.41387 -4.4406 2081.63 -0.988183 0.758923 198.188 7.86867 13 112 1 0 1
-2.62588 2.02617 2081.63 -1.21572 -0.370997 202.173 7.8346 13 113 1 0 1
-5.47003 -2.95124 2081.63 -1.63843 0.958699 197.164 7.87768 13 114 1 0 1
-0.0332501 1.62828 2081.63 -0.784239 0.572735 199.54 7.85691 13 115 1 0 1
5.63758 1.2061 2081.63 2.43513 0.283277 201.262 7.84214 13 116 1 0 1
-1.97786 -0.304906 2081.63 0.304703 0.184639 201.1 7.84362 13 117 1 0 1
-0.414575 -0.594564 2081.63 -1.23711 0.170898 200.329 7.85013 13 118 1 0 1
1.37043 -1.63404 2081.63 0.406028 -0.28278 197.784 7.87226 13 119 1 0 1
4.84393 0.705075 2081.63 2.61594 -0.95911 200.291 7.85033 13 120 1 0 1
3.10732 3.65505 2081.63 2.38676 -0.720306 198.934 7.86204 13 121 1 0 1
-2.35591 -0.464881 2081.63 -2.68614 -0.114414 200.763 7.84632 13 122 1 0 1
-0.257953 2.40025 2081.63 -0.734912 -0.256959 197.932 7.87094 13 123 1 0 1
-0.530468 2.0689 2081.63 -0.320402 -0.305331 198.479 7.86614 13 124 1 0 1
-0.370494 -0.584115 2081.63 0.160822 -0.0506573 196.696 7.88195 13 125 1 0 1
-1.21402 -0.764915 2081.63 -0.4949 0.687815 200.317 7.85026 13 126 1 0 1
3.37057 0.0261242 2081.63 1.81484 -0.158551 200.486 7.84876 13 127 1 0 1
1.76305 -0.0187116 2081.63 1.06848 0.269289 199.656 7.8559 13 128 1 0 1
3.51423 0.570893 2081.63 1.88892 0.0610387 201.566 7.83964 13 129 1 0 1
-2.94205 2.49418 2081.63 -1.02114 -0.106379 200.409 7.84946 13 130 1 0 1
0.139732 -2.17452 2081.63 0.303195 0.54916 200.885 7.84543 13 131 1 0 1
-3.33681 -1.61158 2081.63 -0.989185 0.118822 200.373 7.84977 13 132 1 0 1
-1.88121 -1.09815 2081.63 -1.32968 0.212007 200.243 7.85086 13 133 1 0 1
-3.78485 1.96447 2081.63 -2.04416 0.00152581 199.68 7.85563 13 134 1 0 1
-5.48635 -1.85617 2081.63 -2.61706 0.361404 197.995 7.87024 13 135 1 0 1
-2.43546 5.26874 2081.63 -1.52654 -1.05294 201.32 7.8417 13 136 1 0 1
-0.489249 -0.543295 2081.63 -0.656872 -0.0179839 202.187 7.83451 13 137 1 0 1
0.537071 0.942831 2081.63 -0.206504 -0.241815 203.112 7.82688 13 138 1 0 1
-0.117235 2.76809 2081.63 -0.853166 0.196703 200.658 7.84735 13 139 1 0 1
-2.78889 4.80867 2081.63 -2.53943 -0.521106 201.12 7.84331 13 140 1 0 1
-2.28965 -0.254501 2081.63 -2.63241 0.164351 200.847 7.84562 13 141 1 0 1
1.99752 2.9105 2081.63 1.15104 -0.504286 200.997 7.84446 13 142 1 0 1
-0.551615 -2.26173 2081.63 -1.38137 0.561651 199.176 7.86003 13 143 1 0 1
-0.685529 -0.445852 2081.63 0.373673 0.198055 201.364 7.8414 13 144 1 0 1
4.79274 -1.02778 2081.63 3.937 0.595395 207.466 7.79189 13 145 1 0 1
-2.9606 0.882631 2081.63 -1.99165 -0.721537 200.829 7.84582 13 146 1 0 1
-4.02699 -1.0762 2081.63 -2.09669 0.305701 197.548 7.87425 13 147 1 0 1
-1.64095 0.160797 2081.63 -1.28028 0.147946 201.466 7.84051 13 148 1 0 1
-1.33066 1.08247 2081.63 -2.04294 -0.657474 198.842 7.86288 13 149 1 0 1
5.94747 2.90483 2081.63 3.80303 -0.25954 200.451 7.84882 13 150 1 0 1
-0.347673 -0.109923 2142.86 -0.255422 -0.228431 199.745 8.0862 13 1 1 0 1
-4.88057 0.657249 2142.86 -1.82743 -0.0777291 200.223 8.08191 13 2 1 0 1
0.0337008 -1.40985 2142.86 0.752592 0.293221 198.522 8.09711 13 3 1 0 1
-3.31985 -2.72833 2142.86 -1.22735 0.633499 199.783 8.08583 13 4 1 0 1
2.52846 0.407636 2142.86 0.1273 -0.277461 201.747 8.06873 13 5 1 0 1
-0.976751 -0.891463 2142.86 -0.165144 -0.0710971 197.773 8.10389 13 6 1 0 1
2.67883 5.70557 2142.86 0.148615 -1.12707 198.165 8.10031 13 7 1 0 1
2.34408 2.10788 2142.86 1.38949 -0.801184 197.989 8.10187 13 8 1 0 1
-0.094728 -0.632678 2142.86 -0.228962 -0.147605 201.277 8.07279 13 9 1 0 1
0.707233 -0.684824 2142.86 0.705861 0.387828 198.564 8.09673 13 10 1 0 1
-1.76704 -0.614189 2142.86 -0.415074 -0.696165 198.36 8.09856 13 11 1 0 1
-3.89408 -3.18179 2142.86 -1.144 0.578402 201.668 8.06937 13 12 1 0 1
4.51663 3.19686 2142.86 1.84313 -0.573008 201.897 8.06736 13 13 1 0 1
-4.53482 -0.370296 2142.86 -1.88556 0.204173 201.438 8.07131 13 14 1 0 1
0.434147 -0.985568 2142.86 1.65646 0.453246 198.869 8.09393 13 15 1 0 1
-3.1676 1.20486 2142.86 -0.71899 -0.263189 201.497 8.07087 13 16 1 0 1
-2.08766 4.32742 2142.86 -1.05348 -0.633214 198.861 8.09404 13 17 1 0 1
0.589627 -0.0883914 2142.86 1.01115 -0.073986 200.333 8.08099 13 18 1 0 1
2.86045 -0.0759036 2142.86 1.7816 0.388593 201.799 8.06821 13 19 1 0 1
0.461151 -0.883795 2142.86 0.973693 -0.497022 199.279 8.09031 13 20 1 0 1
4.91348 1.61273 2142.86 2.12194 0.0258772 199.687 8.08662 13 21 1 0 1
3.96513 -0.272706 2142.86 2.19308 0.934089 201.408 8.07153 13 22 1 0 1
2.06575 1.29704 2142.86 0.519686 -0.313151 203.449 8.05424 13 23 1 0 1
-3.04493 -2.5969 2142.86 -1.53934 0.777157 199.264 8.0904 13 24 1 0 1
1.04483 0.131303 2142.86 -0.360724 0.411562 201.77 8.06852 13 25 1 0 1
-1.34958 -1.24129 2142.86 0.885086 -0.197843 197.391 8.10736 13 26 1 0 1
-0.574367 -2.79216 2142.86 -0.0334989 1.28743 201.977 8.06671 13 27 1 0 1
0.9363 -1.49671 2142.86 1.36451 0.335526 198.952 8.09322 13 28 1 0 1
-4.01982 -0.58212 2142.86 -1.54398 -0.591347 198.771 8.09482 13 29 1 0 1
1.93614 0.690435 2142.86 -0.196575 -0.261271 201.648 8.06958 13 30 1 0 1
4.55497 2.08611 2142.86 1.88332 -0.666107 201.024 8.07489 13 31 1 0 1
1.95452 -2.38367 2142.86 0.370846 0.539117 201.399 8.07172 13 32 1 0 1
3.62169 -1.63408 2142.86 1.90645 -0.393707 200.478 8.07966 13 33 1 0 1
-0.992241 -3.12028 2142.86 -0.344488 0.703116 201.037 8.07485 13 34 1 0 1
4.04479 3.42144 2142.86 1.36402 -0.925071 200.453 8.07991 13 35 1 0 1
-2.42008 -0.773276 2142.86 -0.455786 0.548127 201.035 8.07487 13 36 1 0 1
0.269693 -0.913722 2142.86 -0.829581 0.232128 198.508 8.09723 13 37 1 0 1
1.34482 0.999133 2142.86 0.882542 -0.387032 202.028 8.06629 13 38 1 0 1
-2.45552 -1.10275 2142.86 -0.767161 -0.549884 196.273 8.11767 13 39 1 0 1
2.35671 -0.713664 2142.86 0.788133 -0.520556 199.981 8.0841 13 40 1 0 1
7.27141 -0.486379 2142.86 2.73418 0.291917 198.6 8.09625 13 41 1 0 1
0.363645 0.600858 2142.86 -0.029447 0.633758 204.004 8.04959 13 42 1 0 1
-1.55996 1.93866 2142.86 0.477918 -0.585557 206.328 8.03049 13 43 1 0 1
-1.82964 0.900119 2142.86 -1.73212 -0.388434 201.379 8.07183 13 44 1 0 1
4.18842 3.52022 2142.86 1.60413 -0.688224 202.473 8.06244 13 45 1 0 1
2.62142 -0.604504 2142.86 -0.160257 -0.371533 204.253 8.04752 13 46 1 0 1
1.57242 2.97001 2142.86 0.854772 -0.40084 200.092 8.08312 13 47 1 0 1
1.22823 1.54549 2142.86 0.877012 0.0500586 198.442 8.09782 13 48 1 0 1
-4.00131 4.93759 2142.86 -1.26492 -1.05879 200.893 8.07606 13 49 1 0 1
4.71738 -1.87508 2142.86 2.00026 0.58669 198.5 8.09721 13 50 1 0 1
-3.01841 -2.28963 2142.86 -0.293029 0.380189 206.66 8.02782 13 51 1 0 1
-0.470491 -0.527937 2142.86 0.20491 0.210984 204.632 8.04437 13 52 1 0 1
5.54488 0.618547 2142.86 1.43138 -0.305096 201.561 8.07028 13 53 1 0 1
-2.8741 3.97221 2142.86 -2.6396 -0.918485 199.774 8.08577 13 54 1 0 1
1.53787 3.50821 2142.86 0.150415 -0.100697 200.658 8.07817 13 55 1 0 1
0.566062 -1.54113 2142.86 0.883153 0.441898 202.696 8.06059 13 56 1 0 1
-0.0330091 1.35843 2142.86 -0.426951 -0.108549 195.668 8.12333 13 57 1 0 1
0.340103 1.09389 2142.86 0.302942 -0.00114927 200.743 8.07742 13 58 1 0 1
5.34644 1.33491 2142.86 2.25518 -0.102866 199.848 8.08518 13 59 1 0 1
-3.88076 -1.01946 2142.86 -1.71652 -0.431181 201.879 8.06752 13 60 1 0 1
3.65823 -0.83217 2142.86 1.07489 0.613644 200.62 8.07847 13 61 1 0 1
1.76584 -4.4046 2142.86 0.242494 0.826205 196.193 8.11842 13 62 1 0 1
1.97154 -0.228337 2142.86 0.564875 -0.115221 200.78 8.0771 13 63 1 0 1
-5.68744 -2.22589 2142.86 -3.17451 0.0583654 203.782 8.05125 13 64 1 0 1
6.86294 -0.661691 2142.86 1.57606 0.866998 203.219 8.05611 13 65 1 0 1
1.47175 -4.46342 2142.86 -0.113088 0.81275 196.216 8.1182 13 66 1 0 1
1.35308 -0.00467325 2142.86 0.0987444 0.172355 202.747 8.06018 13 67 1 0 1
-4.64006 -3.34702 2142.86 -1.73806 1.09907 200.411 8.08024 13 68 1 0 1
1.04237 -1.38527 2142.86 -0.00577976 0.291663 198.112 8.10082 13 69 1 0 1
5.03908 0.653414 2142.86 2.58966 0.0750657 198.414 8.09793 13 70 1 0 1
3.93677 -0.859712 2142.86 1.55965 0.273242 201.227 8.07317 13 71 1 0 1
-0.817495 -0.0231948 2142.86 0.148142 -0.297684 201.344 8.0722 13 72 1 0 1
0.147225 2.30053 2142.86 -0.483564 -0.275802 198.03 8.10155 13 73 1 0 1
2.73537 -4.34671 2142.86 1.11262 0.206911 200.045 8.08352 13 74 1 0 1
-4.61404 0.876251 2142.86 -2.165 0.331051 199.487 8.08838 13 75 1 0 1
1.17091 1.9546 2142.86 0.198592 -0.193065 203.573 8.0532 13 76 1 0 1
-0.00513415 0.308224 2142.86 -0.529252 -0.41699 198.629 8.09614 13 77 1 0 1
1.07352 -2.22502 2142.86 0.908715 0.0211963 198.897 8.09373 13 78 1 0 1
4.01448 0.24002 2142.86 1.17881 -0.495442 201.641 8.06961 13 79 1 0 1
0.715914 -0.854975 2142.86 -0.458723 0.428361 198.151 8.10046 13 80 1 0 1
-2.17369 4.20654 2142.86 -0.751284 -1.13404 200.343 8.08089 13 81 1 0 1
-2.44538 -0.969464 2142.86 -0.355543 0.447836 198.659 8.09588 13 82 1 0 1
3.07662 0.992577 2142.86 0.315315 -0.00710011 200.14 8.08272 13 83 1 0 1
0.638358 -2.45455 2142.86 0.289162 0.499768 199.369 8.08953 13 84 1 0 1
-4.21652 -1.79333 2142.86 -1.28926 -0.0992338 198.501 8.09727 13 85 1 0 1
0.117563 0.175938 2142.86 0.0113556 -0.0448614 196.571 8.11493 13 86 1 0 1
2.19109 -3.42421 2142.86 1.32836 -0.0018708 199.358 8.0896 13 87 1 0 1
-0.118857 -3.17362 2142.86 -0.0435821 1.39057 200.967 8.07544 13 88 1 0 1
-3.06273 4.84319 2142.86 -2.96083 -0.657803 202.115 8.06537 13 89 1 0 1
-2.58022 2.10756 2142.86 -1.20935 -0.715418 197.791 8.10369 13 90 1 0 1
4.71201 1.5204 2142.86 1.33271 -0.406496 200.045 8.08351 13 91 1 0 1
4.38378 2.76618 2142.86 1.89646 -0.45224 198.845 8.09413 13 92 1 0 1
2.03894 -0.174396 2142.86 1.091 -0.272789 198.94 8.09334 13 93 1 0 1
-0.53367 -3.1089 2142.86 -0.10686 0.772934 199.297 8.09017 13 94 1 0 1
-3.67914 1.04745 2142.86 -1.07661 -0.366951 196.193 8.1184 13 95 1 0 1
4.05541 1.09318 2142.86 0.830312 -0.635916 197.328 8.10793 13 96 1 0 1
-0.292693 1.41245 2142.86 -0.0758466 -0.836094 202.996 8.05805 13 97 1 0 1
-5.30318 -1.03864 2142.86 -3.12842 0.717409 199.197 8.09084 13 98 1 0 1
-0.00676826 0.41505 2142.86 0.436213 -0.132315 198.446 8.0978 13 99 1 0 1
4.33654 -0.454048 2142.86 1.49553 0.294134 200.207 8.08207 13 100 1 0 1
-0.429171 1.70849 2142.86 -0.287104 -0.705606 202.827 8.05949 13 101 1 0 1
0.324379 -2.18038 2142.86 0.605621 0.182515 200.606 8.07862 13 102 1 0 1
0.149377 0.329331 2142.86 0.61507 0.275308 200.047 8.08353 13 103 1 0 1
-5.90218 -1.45225 2142.86 -2.47181 -0.103303 200.287 8.08128 13 104 1 0 1
2.90292 2.79739 2142.86 1.20001 -0.1518 198.057 8.10129 13 105 1 0 1
-4.64969 0.152737 2142.86 -1.53732 -0.243597 200.141 8.08265 13 106 1 0 1
2.63386 1.46581 2142.86 1.76826 -0.247908 198.926 8.09342 13 107 1 0 1
-5.47239 -2.45246 2142.86 -1.84398 0.583075 199.004 8.09271 13 108 1 0 1
4.80778 -0.435961 2142.86 0.504957 0.0514334 198.858 8.0941 13 109 1 0 1
3.77394 0.581418 2142.86 2.18799 -0.106471 199.212 8.09083 13 110 1 0 1
-0.822678 -3.34811 2142.86 -1.18954 0.426928 201.592 8.07002 13 111 1 0 1
-4.66126 -4.18127 2142.86 -0.61001 0.91842 198.188 8.1001 13 112 1 0 1
-2.95881 1.90248 2142.86 -0.978319 -0.445136 202.174 8.06503 13 113 1 0 1
-5.90652 -2.63727 2142.86 -1.16682 1.06156 197.166 8.10938 13 114 1 0 1
-0.272421 1.79439 2142.86 -0.771415 0.508988 199.54 8.08799 13 115 1 0 1
6.30293 1.28523 2142.86 1.92989 0.236483 201.267 8.07279 13 116 1 0 1
-1.86014 -0.24706 2142.86 0.466988 0.194999 201.1 8.07431 13 117 1 0 1
-0.785731 -0.539042 2142.86 -1.18656 0.192095 200.329 8.08102 13 118 1 0 1
1.47802 -1.71209 2142.86 0.287571 -0.221007 197.784 8.10379 13 119 1 0 1
5.57806 0.408432 2142.86 2.17709 -0.979952 200.296 8.08122 13 120 1 0 1
3.79891 3.41294 2142.86 2.09791 -0.851558 198.936 8.09328 13 121 1 0 1
-3.14137 -0.497054 2142.86 -2.45412 -0.0963901 200.766 8.07709 13 122 1 0 1
-0.480997 2.30723 2142.86 -0.704158 -0.343929 197.932 8.10243 13 123 1 0 1
-0.622079 1.96309 2142.86 -0.272303 -0.380027 198.479 8.0975 13 124 1 0 1
-0.315901 -0.596521 2142.86 0.18921 -0.0289815 196.696 8.11377 13 125 1 0 1
-1.34907 -0.550729 2142.86 -0.386945 0.712415 200.317 8.08115 13 126 1 0 1
3.87921 -0.0223512 2142.86 1.50924 -0.158624 200.488 8.0796 13 127 1 0 1
2.0667 0.0638156 2142.86 0.907712 0.26845 199.657 8.08696 13 128 1 0 1
4.04048 0.586141 2142.86 1.56876 0.0392709 201.568 8.07021 13 129 1 0 1
-3.21496 2.44752 2142.86 -0.761699 -0.198819 200.41 8.08032 13 130 1 0 1
0.229951 -1.99507 2142.86 0.287579 0.627341 200.885 8.07618 13 131 1 0 1
-3.59499 -1.56615 2142.86 -0.697144 0.178255 200.374 8.08064 13 132 1 0 1
-2.26191 -1.02719 2142.86 -1.15524 0.251731 200.244 8.08177 13 133 1 0 1
-4.36042 1.95373 2142.86 -1.70221 -0.0715024 199.683 8.08668 13 134 1 0 1
-6.22181 -1.73404 2142.86 -2.1297 0.427766 198.001 8.10172 13 135 1 0 1
-2.8665 4.91908 2142.86 -1.30211 -1.24438 201.321 8.07233 13 136 1 0 1
-0.681035 -0.545631 2142.86 -0.607121 0.00256624 202.187 8.06494 13 137 1 0 1
0.468206 0.864701 2142.86 -0.249436 -0.276082 203.112 8.05708 13 138 1 0 1
-0.374936 2.8122 2142.86 -0.832402 0.0921888 200.658 8.07816 13 139 1 0 1
-3.52289 4.62291 2142.86 -2.27255 -0.698168 201.123 8.074 13 140 1 0 1
-3.05931 -0.203046 2142.86 -2.40656 0.172931 200.85 8.07637 13 141 1 0 1
2.32103 2.74059 2142.86 0.968531 -0.610307 200.997 8.07518 13 142 1 0 1
-0.967348 -2.07651 2142.86 -1.31776 0.642304 199.176 8.09121 13 143 1 0 1
-0.563613 -0.383205 2142.86 0.426561 0.213637 201.364 8.07203 13 144 1 0 1
5.88817 -0.846543 2142.86 3.47121 0.631715 207.474 8.02107 13 145 1 0 1
-3.52722 0.658049 2142.86 -1.7177 -0.750426 200.832 8.07658 13 146 1 0 1
-4.6224 -0.975497 2142.86 -1.73745 0.343538 197.552 8.10584 13 147 1 0 1
-2.00732 0.204754 2142.86 -1.12574 0.141073 201.467 8.07111 13 148 1 0 1
-1.93995 0.87424 2142.86 -1.90621 -0.693794 198.843 8.09414 13 149 1 0 1
7.02785 2.80914 2142.86 3.25631 -0.366465 200.46 8.07967 13 150 1 0 1
-0.421172 -0.179181 2204.08 -0.223132 -0.223041 199.745 8.31724 13 1 1 0 1
-5.37441 0.629778 2204.08 -1.39572 -0.101784 200.227 8.31282 13 2 1 0 1
0.264377 -1.31155 2204.08 0.740149 0.343647 198.522 8.32845 13 3 1 0 1
-3.65181 -2.519 2204.08 -0.934493 0.731353 199.784 8.31685 13 4 1 0 1
2.53452 0.321269 2204.08 -0.0874714 -0.291187 201.747 8.29926 13 5 1 0 1
-1.01514 -0.908346 2204.08 -0.0823128 -0.0378726 197.774 8.33543 13 6 1 0 1
2.69022 5.32547 2204.08 -0.0750959 -1.3311 198.164 8.33175 13 7 1 0 1
2.74187 1.84857 2204.08 1.17777 -0.874304 197.99 8.33336 13 8 1 0 1
-0.162862 -0.673883 2204.08 -0.218061 -0.123059 201.277 8.30344 13 9 1 0 1
0.91488 -0.561564 2204.08 0.638137 0.410929 198.564 8.32806 13 10 1 0 1
-1.87195 -0.825151 2204.08 -0.2633 -0.669517 198.36 8.32995 13 11 1 0 1
-4.18999 -2.98838 2204.08 -0.801213 0.694551 201.669 8.29993 13 12 1 0 1
5.01527 3.00519 2204.08 1.4385 -0.689894 201.899 8.29786 13 13 1 0 1
-5.04733 -0.306246 2204.08 -1.47973 0.216897 201.442 8.30192 13 14 1 0 1
0.936363 -0.840674 2204.08 1.59915 0.487146 198.869 8.32519 13 15 1 0 1
-3.34452 1.11817 2204.08 -0.44309 -0.306881 201.498 8.30146 13 16 1 0 1
-2.38386 4.10816 2204.08 -0.866516 -0.789792 198.861 8.3253 13 17 1 0 1
0.889769 -0.110455 2204.08 0.948838 -0.0702679 200.334 8.31188 13 18 1 0 1
3.36199 0.0422018 2204.08 1.51759 0.389231 201.801 8.29873 13 19 1 0 1
0.753108 -1.03116 2204.08 0.922816 -0.461404 199.28 8.32146 13 20 1 0 1
5.49831 1.61145 2204.08 1.68482 -0.0342175 199.691 8.31766 13 21 1 0 1
4.57811 0.0122558 2204.08 1.83132 0.939002 201.411 8.30214 13 22 1 0 1
2.19499 1.19559 2204.08 0.337421 -0.360486 203.449 8.28436 13 23 1 0 1
-3.47685 -2.34376 2204.08 -1.2661 0.869055 199.266 8.32156 13 24 1 0 1
0.922447 0.2552 2204.08 -0.444185 0.404283 201.77 8.29905 13 25 1 0 1
-1.05893 -1.29545 2204.08 0.985047 -0.151105 197.391 8.339 13 26 1 0 1
-0.577115 -2.38672 2204.08 0.0154027 1.38506 201.976 8.29719 13 27 1 0 1
1.34241 -1.38512 2204.08 1.26919 0.389043 198.952 8.32445 13 28 1 0 1
-4.44182 -0.760597 2204.08 -1.19034 -0.566443 198.774 8.3261 13 29 1 0 1
1.85189 0.60732 2204.08 -0.357183 -0.285697 201.647 8.30014 13 30 1 0 1
5.06772 1.87173 2204.08 1.47661 -0.740381 201.027 8.3056 13 31 1 0 1
2.04172 -2.2065 2204.08 0.201618 0.625404 201.399 8.30234 13 32 1 0 1
4.15499 -1.74476 2204.08 1.57866 -0.330486 200.481 8.31051 13 33 1 0 1
-1.08398 -2.88876 2204.08 -0.256724 0.815872 201.037 8.30556 13 34 1 0 1
4.40778 3.11991 2204.08 1.00777 -1.04747 200.454 8.31076 13 35 1 0 1
-2.52727 -0.602253 2204.08 -0.24666 0.573938 201.035 8.30558 13 36 1 0 1
0.0114671 -0.837053 2204.08 -0.841316 0.264567 198.507 8.32858 13 37 1 0 1
1.59389 0.876368 2204.08 0.75771 -0.422399 202.028 8.29676 13 38 1 0 1
-2.66232 -1.26767 2204.08 -0.555955 -0.50646 196.274 8.3496 13 39 1 0 1
2.56676 -0.868659 2204.08 0.58111 -0.491022 199.981 8.31507 13 40 1 0 1
8.0175 -0.393783 2204.08 2.09582 0.308244 198.607 8.32757 13 41 1 0 1
0.350184 0.787269 2204.08 -0.0600664 0.607326 204.004 8.27957 13 42 1 0 1
-1.39876 1.75418 2204.08 0.606275 -0.656674 206.328 8.25993 13 43 1 0 1
-2.33055 0.777115 2204.08 -1.55598 -0.419963 201.38 8.30246 13 44 1 0 1
4.61772 3.29243 2204.08 1.22924 -0.816982 202.475 8.2928 13 45 1 0 1
2.53999 -0.712211 2204.08 -0.381922 -0.346429 204.252 8.27745 13 46 1 0 1
1.81269 2.83065 2204.08 0.712355 -0.509176 200.092 8.31407 13 47 1 0 1
1.48191 1.55208 2204.08 0.763933 -0.00731595 198.443 8.32918 13 48 1 0 1
-4.33388 4.58737 2204.08 -0.912842 -1.2374 200.894 8.30681 13 49 1 0 1
5.27122 -1.68377 2204.08 1.58339 0.652639 198.504 8.32856 13 50 1 0 1
-3.06616 -2.16415 2204.08 -0.0286365 0.4661 206.66 8.25719 13 51 1 0 1
-0.403415 -0.461921 2204.08 0.242512 0.22989 204.632 8.27421 13 52 1 0 1
5.90673 0.522522 2204.08 0.946067 -0.326568 201.564 8.30086 13 53 1 0 1
-3.64275 3.66861 2204.08 -2.36589 -1.06098 199.777 8.31679 13 54 1 0 1
1.56385 3.45754 2204.08 0.0195496 -0.231161 200.658 8.30897 13 55 1 0 1
0.824422 -1.39912 2204.08 0.823892 0.497526 202.696 8.29089 13 56 1 0 1
-0.165608 1.31679 2204.08 -0.41878 -0.157408 195.668 8.35543 13 57 1 0 1
0.427743 1.0873 2204.08 0.270532 -0.0420188 200.743 8.30821 13 58 1 0 1
5.96584 1.29584 2204.08 1.77988 -0.151943 199.853 8.31618 13 59 1 0 1
-4.34936 -1.14416 2204.08 -1.36719 -0.390416 201.882 8.29802 13 60 1 0 1
3.93796 -0.64051 2204.08 0.754465 0.641225 200.621 8.30928 13 61 1 0 1
1.81855 -4.12214 2204.08 0.0946298 0.982347 196.192 8.35037 13 62 1 0 1
2.11778 -0.262103 2204.08 0.392238 -0.10603 200.781 8.30787 13 63 1 0 1
-6.56421 -2.19569 2204.08 -2.64965 0.142473 203.789 8.28128 13 64 1 0 1
7.24776 -0.397211 2204.08 0.973137 0.887099 203.223 8.28629 13 65 1 0 1
1.41774 -4.18484 2204.08 -0.232299 0.971136 196.215 8.35015 13 66 1 0 1
1.36543 0.0473014 2204.08 -0.0171465 0.171549 202.747 8.29047 13 67 1 0 1
-5.10928 -2.99281 2204.08 -1.32725 1.21768 200.413 8.31111 13 68 1 0 1
1.02723 -1.28741 2204.08 -0.0919901 0.341085 198.112 8.33227 13 69 1 0 1
5.77016 0.672806 2204.08 2.13876 0.0505057 198.42 8.3293 13 70 1 0 1
4.35881 -0.771831 2204.08 1.20867 0.30389 201.229 8.30383 13 71 1 0 1
-0.762162 -0.113409 2204.08 0.215018 -0.295116 201.344 8.30283 13 72 1 0 1
-0.00352495 2.2023 2204.08 -0.489547 -0.359032 198.03 8.33303 13 73 1 0 1
3.03938 -4.25871 2204.08 0.869726 0.367593 200.046 8.31448 13 74 1 0 1
-5.21652 0.972662 2204.08 -1.7527 0.29663 199.491 8.31948 13 75 1 0 1
1.21537 1.8855 2204.08 0.0964498 -0.266032 203.573 8.28329 13 76 1 0 1
-0.167505 0.178179 2204.08 -0.522042 -0.426008 198.629 8.32746 13 77 1 0 1
1.33828 -2.20582 2204.08 0.807853 0.103454 198.897 8.32498 13 78 1 0 1
4.31942 0.0885056 2204.08 0.825483 -0.50163 201.642 8.30017 13 79 1 0 1
0.565608 -0.717996 2204.08 -0.512116 0.457453 198.151 8.3319 13 80 1 0 1
-2.37443 3.83664 2204.08 -0.559695 -1.28445 200.343 8.31177 13 81 1 0 1
-2.52314 -0.826179 2204.08 -0.148005 0.481132 198.659 8.32719 13 82 1 0 1
3.13323 0.984748 2204.08 0.0539925 -0.0440382 200.14 8.31365 13 83 1 0 1
0.718595 -2.28737 2204.08 0.232278 0.588009 199.369 8.32066 13 84 1 0 1
-4.55842 -1.81365 2204.08 -0.923022 -0.0324044 198.503 8.32862 13 85 1 0 1
0.119578 0.160989 2204.08 0.00155418 -0.0510433 196.571 8.34678 13 86 1 0 1
2.56921 -3.40525 2204.08 1.12883 0.125211 199.359 8.32073 13 87 1 0 1
-0.130553 -2.73269 2204.08 -0.0330429 1.50135 200.966 8.30616 13 88 1 0 1
-3.91653 4.61669 2204.08 -2.66427 -0.836281 202.119 8.29581 13 89 1 0 1
-2.91989 1.87451 2204.08 -0.980611 -0.788938 197.792 8.33522 13 90 1 0 1
5.05775 1.38756 2204.08 0.921785 -0.460798 200.047 8.31447 13 91 1 0 1
4.90901 2.61142 2204.08 1.50795 -0.552057 198.848 8.32539 13 92 1 0 1
2.34713 -0.257193 2204.08 0.907538 -0.264776 198.941 8.32458 13 93 1 0 1
-0.559517 -2.85417 2204.08 -0.0610496 0.883859 199.296 8.32131 13 94 1 0 1
-3.96651 0.92718 2204.08 -0.761217 -0.403114 196.195 8.35035 13 95 1 0 1
4.25994 0.890013 2204.08 0.485303 -0.672446 197.329 8.33958 13 96 1 0 1
-0.311719 1.1527 2204.08 -0.0500486 -0.884696 202.996 8.28828 13 97 1 0 1
-6.19263 -0.812633 2204.08 -2.64703 0.751855 199.204 8.32201 13 98 1 0 1
0.127323 0.371938 2204.08 0.431182 -0.146892 198.446 8.32916 13 99 1 0 1
4.73634 -0.361681 2204.08 1.11361 0.309381 200.209 8.31299 13 100 1 0 1
-0.509964 1.48616 2204.08 -0.247053 -0.766085 202.826 8.28976 13 101 1 0 1
0.504265 -2.11235 2204.08 0.570669 0.262894 200.606 8.30944 13 102 1 0 1
0.334901 0.411551 2204.08 0.5947 0.261474 200.047 8.31448 13 103 1 0 1
-6.57888 -1.47548 2204.08 -1.94625 -0.0485719 200.293 8.31218 13 104 1 0 1
3.23507 2.7346 2204.08 0.944408 -0.254068 198.058 8.33275 13 105 1 0 1
-5.05836 0.0774896 2204.08 -1.1288 -0.247902 200.144 8.31359 13 106 1 0 1
3.14199 1.3813 2204.08 1.52669 -0.300775 198.928 8.32466 13 107 1 0 1
-5.96713 -2.25943 2204.08 -1.36534 0.67061 199.008 8.32393 13 108 1 0 1
4.90095 -0.41767 2204.08 0.0990114 0.0672781 198.858 8.32536 13 109 1 0 1
4.39513 0.545442 2204.08 1.84584 -0.127427 199.215 8.32199 13 110 1 0 1
-1.17186 -3.1996 2204.08 -1.10499 0.550134 201.593 8.3006 13 111 1 0 1
-4.78915 -3.87424 2204.08 -0.216195 1.06744 198.189 8.33153 13 112 1 0 1
-3.21588 1.75709 2204.08 -0.715837 -0.514197 202.175 8.29546 13 113 1 0 1
-6.19158 -2.29321 2204.08 -0.665278 1.15231 197.168 8.34108 13 114 1 0 1
-0.504609 1.94003 2204.08 -0.738815 0.439436 199.541 8.31908 13 115 1 0 1
6.80669 1.3497 2204.08 1.37513 0.186987 201.272 8.30344 13 116 1 0 1
-1.69473 -0.186397 2204.08 0.6173 0.203135 201.099 8.30501 13 117 1 0 1
-1.13674 -0.477371 2204.08 -1.10558 0.211101 200.329 8.31191 13 118 1 0 1
1.54771 -1.77061 2204.08 0.161741 -0.156713 197.784 8.33533 13 119 1 0 1
6.16918 0.10713 2204.08 1.6824 -0.989614 200.301 8.31211 13 120 1 0 1
4.39311 3.1319 2204.08 1.75527 -0.9731 198.939 8.32452 13 121 1 0 1
-3.84629 -0.523558 2204.08 -2.15918 -0.0772658 200.77 8.30787 13 122 1 0 1
-0.691711 2.18789 2204.08 -0.655353 -0.426976 197.932 8.33393 13 123 1 0 1
-0.697743 1.83489 2204.08 -0.217223 -0.450388 198.479 8.32886 13 124 1 0 1
-0.253209 -0.602122 2204.08 0.212747 -0.00697509 196.696 8.34559 13 125 1 0 1
-1.44954 -0.330261 2204.08 -0.269069 0.728887 200.317 8.31204 13 126 1 0 1
4.2884 -0.0705717 2204.08 1.16494 -0.156887 200.491 8.31045 13 127 1 0 1
2.31736 0.145615 2204.08 0.72367 0.264548 199.658 8.31802 13 128 1 0 1
4.46315 0.594704 2204.08 1.20837 0.0170544 201.571 8.30079 13 129 1 0 1
-3.40545 2.37294 2204.08 -0.482723 -0.288993 200.411 8.31119 13 130 1 0 1
0.314276 -1.79286 2204.08 0.264592 0.698366 200.885 8.30693 13 131 1 0 1
-3.76101 -1.50286 2204.08 -0.387227 0.235655 200.375 8.31152 13 132 1 0 1
-2.58462 -0.944507 2204.08 -0.951191 0.288585 200.245 8.31268 13 133 1 0 1
-4.82421 1.9207 2204.08 -1.3166 -0.143717 199.686 8.31773 13 134 1 0 1
-6.79778 -1.59213 2204.08 -1.5877 0.48925 198.005 8.3332 13 135 1 0 1
-3.22405 4.51331 2204.08 -1.0443 -1.42163 201.321 8.30297 13 136 1 0 1
-0.855362 -0.541743 2204.08 -0.541805 0.0230872 202.188 8.29536 13 137 1 0 1
0.387338 0.776707 2204.08 -0.285974 -0.3072 203.112 8.28728 13 138 1 0 1
-0.623026 2.82424 2204.08 -0.790298 -0.0133773 200.658 8.30896 13 139 1 0 1
-4.16657 4.38441 2204.08 -1.9474 -0.867271 201.126 8.30469 13 140 1 0 1
-3.75055 -0.149274 2204.08 -2.119 0.179539 200.853 8.30712 13 141 1 0 1
2.58504 2.53941 2204.08 0.761191 -0.709367 200.998 8.3059 13 142 1 0 1
-1.35828 -1.86761 2204.08 -1.22037 0.71563 199.177 8.32238 13 143 1 0 1
-0.427247 -0.316187 2204.08 0.468513 0.226782 201.364 8.30266 13 144 1 0 1
6.83265 -0.655653 2204.08 2.9164 0.660833 207.483 8.25024 13 145 1 0 1
-4.00342 0.42596 2204.08 -1.39972 -0.770756 200.834 8.30734 13 146 1 0 1
-5.09931 -0.863667 2204.08 -1.33365 0.377457 197.555 8.33744 13 147 1 0 1
-2.32223 0.246376 2204.08 -0.942342 0.13259 201.468 8.30171 13 148 1 0 1
-2.4995 0.656038 2204.08 -1.72061 -0.722202 198.845 8.3254 13 149 1 0 1
7.92805 2.68141 2204.08 2.62604 -0.469218 200.469 8.31052 13 150 1 0 1
-0.483873 -0.246394 2265.31 -0.185121 -0.215107 199.745 8.54827 13 1 1 0 1
-5.73047 0.595122 2265.31 -0.928211 -0.124678 200.23 8.54373 13 2 1 0 1
0.488275 -1.19829 2265.31 0.708732 0.390154 198.522 8.5598 13 3 1 0 1
-3.89016 -2.28093 2265.31 -0.617679 0.820864 199.785 8.54787 13 4 1 0 1
2.4756 0.231238 2265.31 -0.3 -0.301591 201.746 8.5298 13 5 1 0 1
-1.0275 -0.914867 2265.31 0.00262907 -0.00421615 197.774 8.56697 13 6 1 0 1
2.63263 4.88463 2265.31 -0.296878 -1.51994 198.162 8.56318 13 7 1 0 1
3.06936 1.56818 2265.31 0.935848 -0.937451 197.991 8.56484 13 8 1 0 1
-0.226821 -0.7074 2265.31 -0.201569 -0.0971089 201.277 8.53409 13 9 1 0 1
1.09907 -0.431898 2265.31 0.554054 0.429342 198.564 8.5594 13 10 1 0 1
-1.92888 -1.0267 2265.31 -0.104775 -0.635231 198.36 8.56134 13 11 1 0 1
-4.37848 -2.76088 2265.31 -0.437881 0.802775 201.67 8.53048 13 12 1 0 1
5.38533 2.77924 2265.31 0.996989 -0.798912 201.902 8.52835 13 13 1 0 1
-5.43044 -0.238703 2265.31 -1.03595 0.227147 201.444 8.53253 13 14 1 0 1
1.41457 -0.68619 2265.31 1.50085 0.51549 198.87 8.55644 13 15 1 0 1
-3.43571 1.01873 2265.31 -0.155828 -0.347071 201.498 8.53206 13 16 1 0 1
-2.61894 3.84203 2265.31 -0.657333 -0.93736 198.861 8.55656 13 17 1 0 1
1.1671 -0.131259 2265.31 0.862198 -0.0657482 200.334 8.54276 13 18 1 0 1
3.77735 0.159826 2265.31 1.21467 0.38543 201.803 8.52925 13 19 1 0 1
1.02576 -1.16677 2265.31 0.848281 -0.420522 199.28 8.55261 13 20 1 0 1
5.94218 1.59179 2265.31 1.20448 -0.0939241 199.694 8.54871 13 21 1 0 1
5.07373 0.297078 2265.31 1.4226 0.933202 201.415 8.53276 13 22 1 0 1
2.26797 1.08049 2265.31 0.146505 -0.403709 203.449 8.51448 13 23 1 0 1
-3.81962 -2.06388 2265.31 -0.960394 0.951041 199.267 8.55271 13 24 1 0 1
0.776416 0.376186 2265.31 -0.516258 0.392392 201.769 8.52958 13 25 1 0 1
-0.741134 -1.33484 2265.31 1.05976 -0.102643 197.391 8.57064 13 26 1 0 1
-0.565069 -1.95406 2265.31 0.0639091 1.46689 201.976 8.52767 13 27 1 0 1
1.71411 -1.25772 2265.31 1.14133 0.438122 198.953 8.55568 13 28 1 0 1
-4.74996 -0.930397 2265.31 -0.806182 -0.535074 198.776 8.55738 13 29 1 0 1
1.72017 0.517277 2265.31 -0.508634 -0.306863 201.647 8.5307 13 30 1 0 1
5.45055 1.63599 2265.31 1.03203 -0.806209 201.03 8.53632 13 31 1 0 1
2.07658 -2.00415 2265.31 0.0272217 0.704557 201.398 8.53296 13 32 1 0 1
4.58177 -1.83555 2265.31 1.21039 -0.263492 200.484 8.54136 13 33 1 0 1
-1.14794 -2.62428 2265.31 -0.162379 0.91932 201.037 8.53627 13 34 1 0 1
4.65777 2.7828 2265.31 0.625679 -1.15791 200.455 8.54162 13 35 1 0 1
-2.56968 -0.42436 2265.31 -0.0312098 0.593203 201.036 8.53629 13 36 1 0 1
-0.247052 -0.750835 2265.31 -0.831483 0.293988 198.507 8.55993 13 37 1 0 1
1.8021 0.743605 2265.31 0.613453 -0.452948 202.029 8.52722 13 38 1 0 1
-2.80088 -1.41812 2265.31 -0.330494 -0.457258 196.275 8.58153 13 39 1 0 1
2.71101 -1.01375 2265.31 0.359187 -0.455886 199.982 8.54605 13 40 1 0 1
8.55804 -0.296696 2265.31 1.40367 0.321054 198.613 8.55889 13 41 1 0 1
0.327746 0.964699 2265.31 -0.089146 0.573966 204.004 8.50956 13 42 1 0 1
-1.20169 1.54969 2265.31 0.719089 -0.720299 206.327 8.48937 13 43 1 0 1
-2.7717 0.645246 2265.31 -1.33994 -0.446702 201.382 8.53308 13 44 1 0 1
4.92864 3.02708 2265.31 0.822828 -0.936421 202.477 8.52315 13 45 1 0 1
2.39344 -0.811793 2265.31 -0.593796 -0.317374 204.252 8.50738 13 46 1 0 1
2.00649 2.65901 2265.31 0.551675 -0.611703 200.092 8.54501 13 47 1 0 1
1.6976 1.54098 2265.31 0.631269 -0.0646073 198.443 8.56055 13 48 1 0 1
-4.55533 4.18481 2265.31 -0.537357 -1.40189 200.894 8.53755 13 49 1 0 1
5.68993 -1.47326 2265.31 1.12591 0.711143 198.507 8.55991 13 50 1 0 1
-3.0353 -2.01398 2265.31 0.23649 0.546693 206.66 8.48655 13 51 1 0 1
-0.325996 -0.390635 2265.31 0.273896 0.246174 204.632 8.50405 13 52 1 0 1
6.11715 0.420537 2265.31 0.43648 -0.344313 201.566 8.53144 13 53 1 0 1
-4.31802 3.32315 2265.31 -2.03152 -1.19137 199.78 8.54781 13 54 1 0 1
1.54975 3.36742 2265.31 -0.111817 -0.358987 200.658 8.53978 13 55 1 0 1
1.06165 -1.24115 2265.31 0.743509 0.547479 202.696 8.52119 13 56 1 0 1
-0.293961 1.26012 2265.31 -0.399872 -0.204471 195.668 8.58752 13 57 1 0 1
0.504416 1.06831 2265.31 0.231187 -0.082409 200.743 8.53899 13 58 1 0 1
6.4323 1.24199 2265.31 1.25891 -0.199287 199.856 8.54719 13 59 1 0 1
-4.70646 -1.25581 2265.31 -0.982793 -0.345197 201.884 8.52852 13 60 1 0 1
4.11675 -0.441543 2265.31 0.414692 0.66149 200.622 8.54009 13 61 1 0 1
1.82465 -3.79266 2265.31 -0.0556594 1.12728 196.191 8.58233 13 62 1 0 1
2.20973 -0.292878 2265.31 0.209544 -0.0956296 200.781 8.53864 13 63 1 0 1
-7.2727 -2.14045 2265.31 -2.05681 0.22496 203.796 8.51132 13 64 1 0 1
7.44678 -0.128199 2265.31 0.345238 0.897074 203.225 8.51646 13 65 1 0 1
1.3274 -3.85853 2265.31 -0.345553 1.11844 196.214 8.5821 13 66 1 0 1
1.34277 0.0987365 2265.31 -0.132598 0.168785 202.747 8.52076 13 67 1 0 1
-5.44752 -2.60445 2265.31 -0.882397 1.32239 200.415 8.54197 13 68 1 0 1
0.985752 -1.17486 2265.31 -0.175842 0.386615 198.112 8.56372 13 69 1 0 1
6.35331 0.684523 2265.31 1.63301 0.0253682 198.425 8.56067 13 70 1 0 1
4.66911 -0.675145 2265.31 0.826702 0.331071 201.231 8.53449 13 71 1 0 1
-0.68729 -0.20233 2265.31 0.27638 -0.289182 201.344 8.53347 13 72 1 0 1
-0.154185 2.07895 2265.31 -0.48298 -0.438166 198.03 8.5645 13 73 1 0 1
3.26546 -4.12213 2265.31 0.604531 0.524083 200.047 8.54544 13 74 1 0 1
-5.68526 1.05798 2265.31 -1.29544 0.258824 199.495 8.55057 13 75 1 0 1
1.22868 1.79489 2265.31 -0.00816546 -0.335964 203.573 8.51338 13 76 1 0 1
-0.325581 0.0461022 2265.31 -0.501449 -0.430167 198.63 8.55878 13 77 1 0 1
1.56874 -2.16145 2265.31 0.68628 0.184533 198.898 8.55623 13 78 1 0 1
4.51362 -0.0640189 2265.31 0.450983 -0.502094 201.644 8.53073 13 79 1 0 1
0.400801 -0.572827 2265.31 -0.55238 0.481327 198.151 8.56334 13 80 1 0 1
-2.51431 3.42298 2265.31 -0.353757 -1.4202 200.342 8.54265 13 81 1 0 1
-2.53622 -0.67347 2265.31 0.0633284 0.50894 198.659 8.5585 13 82 1 0 1
3.10951 0.965685 2265.31 -0.208715 -0.080474 200.14 8.54459 13 83 1 0 1
0.78041 -2.09409 2265.31 0.16944 0.669543 199.369 8.55179 13 84 1 0 1
-4.78346 -1.81328 2265.31 -0.533115 0.0347959 198.504 8.55997 13 85 1 0 1
0.118527 0.144203 2265.31 -0.00828707 -0.0566429 196.571 8.57864 13 86 1 0 1
2.88146 -3.34745 2265.31 0.900353 0.250867 199.36 8.55186 13 87 1 0 1
-0.138904 -2.26059 2265.31 -0.0216567 1.59501 200.965 8.53689 13 88 1 0 1
-4.66991 4.33751 2265.31 -2.2994 -1.00523 202.122 8.52625 13 89 1 0 1
-3.1847 1.62008 2265.31 -0.726733 -0.853458 197.793 8.56675 13 90 1 0 1
5.27383 1.23888 2265.31 0.487217 -0.509843 200.048 8.54543 13 91 1 0 1
5.3084 2.42687 2265.31 1.08077 -0.645577 198.85 8.55665 13 92 1 0 1
2.59514 -0.337057 2265.31 0.700806 -0.253742 198.942 8.55581 13 93 1 0 1
-0.571019 -2.56689 2265.31 -0.0136748 0.9847 199.296 8.55246 13 94 1 0 1
-4.1522 0.796335 2265.31 -0.426301 -0.434678 196.196 8.58231 13 95 1 0 1
4.35526 0.676696 2265.31 0.127849 -0.701305 197.33 8.57124 13 96 1 0 1
-0.322754 0.879808 2265.31 -0.0229677 -0.923207 202.995 8.51851 13 97 1 0 1
-6.92333 -0.577358 2265.31 -2.09773 0.777725 199.21 8.55317 13 98 1 0 1
0.25815 0.324584 2265.31 0.415098 -0.159794 198.446 8.56053 13 99 1 0 1
5.01472 -0.265189 2265.31 0.703128 0.321099 200.211 8.54391 13 100 1 0 1
-0.577682 1.24687 2265.31 -0.200668 -0.817825 202.826 8.52003 13 101 1 0 1
0.671224 -2.02022 2265.31 0.521087 0.340273 200.606 8.54025 13 102 1 0 1
0.511838 0.489076 2265.31 0.559085 0.244658 200.047 8.54544 13 103 1 0 1
-7.08693 -1.48188 2265.31 -1.37076 0.00671668 200.298 8.54307 13 104 1 0 1
3.4843 2.64061 2265.31 0.664587 -0.353439 198.059 8.56422 13 105 1 0 1
-5.33734 0.00135796 2265.31 -0.691322 -0.249377 200.146 8.54452 13 106 1 0 1
3.56958 1.28103 2265.31 1.24597 -0.350212 198.93 8.5559 13 107 1 0 1
-6.30889 -2.04062 2265.31 -0.851675 0.750493 199.01 8.55515 13 108 1 0 1
4.86849 -0.394613 2265.31 -0.309474 0.0823549 198.858 8.55662 13 109 1 0 1
4.90365 0.503244 2265.31 1.45636 -0.146929 199.219 8.55316 13 110 1 0 1
-1.49099 -3.01459 2265.31 -0.992123 0.667063 201.593 8.53117 13 111 1 0 1
-4.79426 -3.52302 2265.31 0.183162 1.20427 198.188 8.56296 13 112 1 0 1
-3.39051 1.59165 2265.31 -0.435 -0.577392 202.176 8.52589 13 113 1 0 1
-6.31791 -1.923 2265.31 -0.14667 1.2299 197.169 8.57277 13 114 1 0 1
-0.723859 2.06354 2265.31 -0.687275 0.36487 199.541 8.55017 13 115 1 0 1
7.13595 1.39877 2265.31 0.78509 0.135355 201.275 8.53409 13 116 1 0 1
-1.48587 -0.123607 2265.31 0.751787 0.208954 201.099 8.5357 13 117 1 0 1
-1.45861 -0.410254 2265.31 -0.996261 0.227699 200.33 8.54279 13 118 1 0 1
1.57772 -1.80893 2265.31 0.0317646 -0.0906313 197.784 8.56687 13 119 1 0 1
6.60215 -0.195394 2265.31 1.14454 -0.987983 200.304 8.543 13 120 1 0 1
4.87468 2.81513 2265.31 1.36762 -1.08354 198.942 8.55575 13 121 1 0 1
-4.45261 -0.544089 2265.31 -1.80887 -0.0572595 200.773 8.53864 13 122 1 0 1
-0.884691 2.04359 2265.31 -0.589746 -0.505152 197.932 8.56543 13 123 1 0 1
-0.755519 1.68576 2265.31 -0.156574 -0.515611 198.479 8.56022 13 124 1 0 1
-0.184026 -0.600855 2265.31 0.23083 0.0151109 196.696 8.57741 13 125 1 0 1
-1.51285 -0.106025 2265.31 -0.144296 0.737045 200.317 8.54293 13 126 1 0 1
4.58766 -0.117987 2265.31 0.790774 -0.15336 200.493 8.54129 13 127 1 0 1
2.50862 0.225753 2265.31 0.521073 0.257628 199.658 8.54907 13 128 1 0 1
4.7714 0.596482 2265.31 0.816993 -0.00535709 201.573 8.53137 13 129 1 0 1
-3.50864 2.27129 2265.31 -0.19137 -0.375869 200.411 8.54206 13 130 1 0 1
0.390543 -1.57019 2265.31 0.234821 0.761423 200.884 8.53768 13 131 1 0 1
-3.83061 -1.42242 2265.31 -0.06738 0.290367 200.376 8.54239 13 132 1 0 1
-2.84107 -0.851053 2265.31 -0.72275 0.322147 200.246 8.54358 13 133 1 0 1
-5.16432 1.86577 2265.31 -0.897224 -0.214294 199.688 8.54878 13 134 1 0 1
-7.19947 -1.43206 2265.31 -1.00497 0.545152 198.009 8.56468 13 135 1 0 1
-3.49895 4.05605 2265.31 -0.759712 -1.58266 201.321 8.53361 13 136 1 0 1
-1.00776 -0.531676 2265.31 -0.462599 0.0433448 202.188 8.52579 13 137 1 0 1
0.29654 0.679853 2265.31 -0.31518 -0.334814 203.112 8.51749 13 138 1 0 1
-0.855143 2.80406 2265.31 -0.727933 -0.118791 200.658 8.53977 13 139 1 0 1
-4.70343 4.0959 2265.31 -1.57231 -1.02648 201.128 8.53537 13 140 1 0 1
-4.34563 -0.0937993 2265.31 -1.77711 0.184099 200.856 8.53788 13 141 1 0 1
2.78277 2.30926 2265.31 0.534335 -0.800334 200.998 8.53662 13 142 1 0 1
-1.71439 -1.6374 2265.31 -1.09169 0.780793 199.177 8.55356 13 143 1 0 1
-0.279929 -0.245561 2265.31 0.498454 0.23734 201.364 8.53329 13 144 1 0 1
7.60197 -0.457284 2265.31 2.28676 0.682412 207.49 8.47941 13 145 1 0 1
-4.37699 0.189011 2265.31 -1.04584 -0.782292 200.836 8.5381 13 146 1 0 1
-5.4455 -0.741985 2265.31 -0.895648 0.40707 197.557 8.56903 13 147 1 0 1
-2.57761 0.285187 2265.31 -0.734781 0.122595 201.469 8.53232 13 148 1 0 1
-2.99497 0.430353 2265.31 -1.49091 -0.742372 198.847 8.55666 13 149 1 0 1
8.62501 2.52309 2265.31 1.92839 -0.566624 200.477 8.54136 13 150 1 0 1
-0.53417 -0.310796 2326.53 -0.142364 -0.204719 199.745 8.7793 13 1 1 0 1
-5.93963 0.553677 2326.53 -0.436892 -0.146149 200.231 8.77464 13 2 1 0 1
0.699656 -1.07136 2326.53 0.659146 0.432211 198.522 8.79114 13 3 1 0 1
-4.02877 -2.01685 2326.53 -0.285026 0.90101 199.785 8.7789 13 4 1 0 1
2.35321 0.138568 2326.53 -0.504836 -0.308554 201.746 8.76033 13 5 1 0 1
-1.01351 -0.910951 2326.53 0.0875035 0.0294884 197.774 8.79851 13 6 1 0 1
2.50755 4.38806 2326.53 -0.511046 -1.69143 198.161 8.79462 13 7 1 0 1
3.31817 1.2699 2326.53 0.669935 -0.989904 197.992 8.79632 13 8 1 0 1
-0.284964 -0.732848 2326.53 -0.17991 -0.070051 201.277 8.76474 13 9 1 0 1
1.25509 -0.297304 2326.53 0.455766 0.442857 198.564 8.79073 13 10 1 0 1
-1.93636 -1.21654 2326.53 0.0564355 -0.593699 198.361 8.79273 13 11 1 0 1
-4.45472 -2.50188 2326.53 -0.0633204 0.90184 201.67 8.76103 13 12 1 0 1
5.61733 2.52159 2326.53 0.529902 -0.898813 201.903 8.75885 13 13 1 0 1
-5.67434 -0.168437 2326.53 -0.565598 0.234804 201.446 8.76314 13 14 1 0 1
1.85652 -0.523879 2326.53 1.36408 0.537954 198.871 8.7877 13 15 1 0 1
-3.43882 0.907663 2326.53 0.13543 -0.383302 201.498 8.76266 13 16 1 0 1
-2.78688 3.53208 2326.53 -0.431298 -1.07423 198.861 8.78782 13 17 1 0 1
1.41451 -0.150566 2326.53 0.753455 -0.0604785 200.335 8.77365 13 18 1 0 1
4.09587 0.275627 2326.53 0.880603 0.377231 201.804 8.75977 13 19 1 0 1
1.27211 -1.28907 2326.53 0.751999 -0.374843 199.28 8.78376 13 20 1 0 1
6.23372 1.55397 2326.53 0.693245 -0.15256 199.697 8.77976 13 21 1 0 1
5.43927 0.578512 2326.53 0.977381 0.916753 201.417 8.76337 13 22 1 0 1
2.28279 0.95307 2326.53 -0.0481672 -0.442325 203.449 8.7446 13 23 1 0 1
-4.06448 -1.76046 2326.53 -0.630065 1.02218 199.268 8.78387 13 24 1 0 1
0.610482 0.492881 2326.53 -0.575096 0.376025 201.769 8.76011 13 25 1 0 1
-0.404336 -1.35901 2326.53 1.1073 -0.0530111 197.39 8.80227 13 26 1 0 1
-0.538536 -1.4991 2326.53 0.110777 1.53199 201.975 8.75814 13 27 1 0 1
2.04186 -1.11598 2326.53 0.984213 0.482204 198.954 8.78692 13 28 1 0 1
-4.93632 -1.08958 2326.53 -0.401344 -0.4976 198.777 8.78866 13 29 1 0 1
1.54434 0.421334 2326.53 -0.647045 -0.324528 201.647 8.76126 13 30 1 0 1
5.69365 1.3816 2326.53 0.560975 -0.862838 201.031 8.76703 13 31 1 0 1
2.0582 -1.77894 2326.53 -0.147872 0.775672 201.398 8.76358 13 32 1 0 1
4.89109 -1.90539 2326.53 0.811073 -0.19349 200.486 8.77221 13 33 1 0 1
-1.18246 -2.32987 2326.53 -0.0638708 1.01228 201.036 8.76698 13 34 1 0 1
4.78834 2.41394 2326.53 0.227541 -1.25515 200.455 8.77247 13 35 1 0 1
-2.5462 -0.241626 2326.53 0.18504 0.605699 201.035 8.767 13 36 1 0 1
-0.499239 -0.656052 2326.53 -0.800334 0.320056 198.508 8.79128 13 37 1 0 1
1.96411 0.602359 2326.53 0.453468 -0.47833 202.029 8.75769 13 38 1 0 1
-2.86763 -1.55239 2326.53 -0.0965588 -0.402839 196.275 8.81347 13 39 1 0 1
2.78575 -1.14727 2326.53 0.128055 -0.415549 199.982 8.77702 13 40 1 0 1
8.87919 -0.196224 2326.53 0.675488 0.330198 198.617 8.79021 13 41 1 0 1
0.296905 1.13112 2326.53 -0.11594 0.534059 204.004 8.73955 13 42 1 0 1
-0.973825 1.32752 2326.53 0.813467 -0.775708 206.327 8.71881 13 43 1 0 1
-3.14181 0.506017 2326.53 -1.08955 -0.468346 201.383 8.76371 13 44 1 0 1
5.1132 2.7272 2326.53 0.395314 -1.04517 202.477 8.75351 13 45 1 0 1
2.18553 -0.902114 2326.53 -0.790445 -0.284698 204.251 8.73731 13 46 1 0 1
2.14885 2.45703 2326.53 0.376851 -0.707253 200.092 8.77596 13 47 1 0 1
1.86976 1.51229 2326.53 0.482421 -0.121162 198.444 8.79191 13 48 1 0 1
-4.66001 3.73451 2326.53 -0.148095 -1.55038 200.894 8.76829 13 49 1 0 1
5.96277 -1.24593 2326.53 0.639543 0.761533 198.509 8.79126 13 50 1 0 1
-2.92663 -1.84084 2326.53 0.495552 0.621048 206.659 8.71592 13 51 1 0 1
-0.24022 -0.314894 2326.53 0.298258 0.25965 204.632 8.73389 13 52 1 0 1
6.17075 0.313753 2326.53 -0.0843042 -0.358129 201.566 8.76202 13 53 1 0 1
-4.88259 2.93978 2326.53 -1.64506 -1.30817 199.783 8.77884 13 54 1 0 1
1.49591 3.23889 2326.53 -0.240316 -0.482717 200.658 8.77058 13 55 1 0 1
1.27166 -1.06902 2326.53 0.644065 0.591187 202.697 8.75149 13 56 1 0 1
-0.414778 1.18907 2326.53 -0.370714 -0.249202 195.668 8.81962 13 57 1 0 1
0.568158 1.03713 2326.53 0.185914 -0.121859 200.743 8.76977 13 58 1 0 1
6.73386 1.17397 2326.53 0.705647 -0.244359 199.859 8.77819 13 59 1 0 1
-4.9429 -1.35313 2326.53 -0.573194 -0.296037 201.886 8.75902 13 60 1 0 1
4.18999 -0.23754 2326.53 0.0642847 0.674208 200.623 8.77091 13 61 1 0 1
1.78396 -3.41991 2326.53 -0.20452 1.25935 196.19 8.81428 13 62 1 0 1
2.24503 -0.320313 2326.53 0.0214781 -0.084138 200.781 8.76942 13 63 1 0 1
-7.79475 -2.06079 2326.53 -1.4112 0.304884 203.801 8.74135 13 64 1 0 1
7.45489 0.142275 2326.53 -0.291522 0.896808 203.225 8.74664 13 65 1 0 1
1.20302 -3.4882 2326.53 -0.449947 1.25299 196.213 8.81405 13 66 1 0 1
1.28569 0.149045 2326.53 -0.24465 0.164096 202.747 8.75105 13 67 1 0 1
-5.6461 -2.18639 2326.53 -0.414914 1.41202 200.416 8.77283 13 68 1 0 1
0.919007 -1.0489 2326.53 -0.255186 0.427736 198.112 8.79517 13 69 1 0 1
6.77359 0.688431 2326.53 1.08536 -5.99602e-05 198.428 8.79204 13 70 1 0 1
4.8597 -0.570757 2326.53 0.423526 0.354474 201.232 8.76515 13 71 1 0 1
-0.594798 -0.288943 2326.53 0.330658 -0.27995 201.344 8.7641 13 72 1 0 1
-0.300891 1.93188 2326.53 -0.464031 -0.512301 198.03 8.79597 13 73 1 0 1
3.40783 -3.93853 2326.53 0.323836 0.674594 200.047 8.77639 13 74 1 0 1
-6.00825 1.13123 2326.53 -0.804948 0.218062 199.497 8.78167 13 75 1 0 1
1.21048 1.6838 2326.53 -0.112571 -0.402063 203.573 8.74347 13 76 1 0 1
-0.47531 -0.0865008 2326.53 -0.468 -0.429418 198.63 8.79009 13 77 1 0 1
1.75898 -2.09243 2326.53 0.547113 0.263506 198.898 8.78748 13 78 1 0 1
4.59211 -0.215813 2326.53 0.0649158 -0.496828 201.644 8.76129 13 79 1 0 1
0.22572 -0.421122 2326.53 -0.578483 0.49971 198.151 8.79478 13 80 1 0 1
-2.58972 2.97027 2326.53 -0.138751 -1.53975 200.342 8.77353 13 81 1 0 1
-2.48427 -0.513078 2326.53 0.273038 0.530941 198.659 8.78981 13 82 1 0 1
3.00608 0.935606 2326.53 -0.46607 -0.115991 200.139 8.77552 13 83 1 0 1
0.822217 -1.87693 2326.53 0.102258 0.743439 199.369 8.78292 13 84 1 0 1
-4.88587 -1.79223 2326.53 -0.129535 0.1016 198.505 8.79132 13 85 1 0 1
0.114437 0.125772 2326.53 -0.0179159 -0.0615963 196.571 8.81049 13 86 1 0 1
3.11985 -3.25146 2326.53 0.648792 0.373661 199.361 8.78299 13 87 1 0 1
-0.143693 -1.76269 2326.53 -0.0097154 1.67047 200.965 8.76762 13 88 1 0 1
-5.30358 4.00886 2326.53 -1.87557 -1.16271 202.126 8.75668 13 89 1 0 1
-3.36787 1.34716 2326.53 -0.454223 -0.908241 197.793 8.79829 13 90 1 0 1
5.3547 1.07608 2326.53 0.0401514 -0.55307 200.049 8.77638 13 91 1 0 1
5.57169 2.21464 2326.53 0.625872 -0.731732 198.852 8.78791 13 92 1 0 1
2.77663 -0.413075 2326.53 0.476106 -0.239814 198.942 8.78705 13 93 1 0 1
-0.567882 -2.25032 2326.53 0.0340504 1.07431 199.296 8.78361 13 94 1 0 1
-4.23144 0.656406 2326.53 -0.0804529 -0.461283 196.196 8.81426 13 95 1 0 1
4.33893 0.45566 2326.53 -0.232884 -0.72216 197.33 8.8029 13 96 1 0 1
-0.325514 0.596876 2326.53 0.004702 -0.951185 202.995 8.74874 13 97 1 0 1
-7.47653 -0.335497 2326.53 -1.49461 0.79472 199.216 8.78434 13 98 1 0 1
0.38236 0.273527 2326.53 0.388372 -0.170872 198.446 8.79189 13 99 1 0 1
5.16453 -0.165671 2326.53 0.274613 0.329152 200.212 8.77482 13 100 1 0 1
-0.630591 0.993365 2326.53 -0.149138 -0.860236 202.826 8.7503 13 101 1 0 1
0.820974 -1.90504 2326.53 0.458146 0.413772 200.606 8.77107 13 102 1 0 1
0.675654 0.561021 2326.53 0.509136 0.22505 200.047 8.7764 13 103 1 0 1
-7.41329 -1.47138 2326.53 -0.760088 0.0619308 200.301 8.77397 13 104 1 0 1
3.64419 2.5165 2326.53 0.367725 -0.448778 198.06 8.79568 13 105 1 0 1
-5.4795 -0.0747891 2326.53 -0.236115 -0.248007 200.147 8.77545 13 106 1 0 1
3.90565 1.16614 2326.53 0.933307 -0.395654 198.932 8.78714 13 107 1 0 1
-6.48891 -1.79853 2326.53 -0.316158 0.821813 199.012 8.78637 13 108 1 0 1
4.71121 -0.367055 2326.53 -0.710022 0.0964919 198.857 8.78788 13 109 1 0 1
5.28645 0.455304 2326.53 1.02953 -0.164755 199.221 8.78433 13 110 1 0 1
-1.7719 -2.79519 2326.53 -0.853818 0.776384 201.593 8.76174 13 111 1 0 1
-4.67647 -3.1316 2326.53 0.577818 1.32736 198.186 8.79439 13 112 1 0 1
-3.47821 1.40805 2326.53 -0.14301 -0.634 202.176 8.75632 13 113 1 0 1
-6.28228 -1.53085 2326.53 0.3757 1.29346 197.168 8.80447 13 114 1 0 1
-0.924553 2.16351 2326.53 -0.618115 0.286142 199.541 8.78125 13 115 1 0 1
7.28227 1.43189 2326.53 0.174902 0.082177 201.276 8.76474 13 116 1 0 1
-1.23892 -0.0594073 2326.53 0.866999 0.212388 201.099 8.7664 13 117 1 0 1
-1.74309 -0.338458 2326.53 -0.861401 0.241699 200.331 8.77368 13 118 1 0 1
1.56729 -1.82661 2326.53 -0.0990264 -0.0235156 197.784 8.7984 13 119 1 0 1
6.86587 -0.49569 2326.53 0.57732 -0.975074 200.307 8.77389 13 120 1 0 1
5.23128 2.46624 2326.53 0.944898 -1.18162 198.944 8.78699 13 121 1 0 1
-4.94478 -0.558413 2326.53 -1.41218 -0.0365992 200.776 8.76942 13 122 1 0 1
-1.05499 1.87598 2326.53 -0.509021 -0.577565 197.932 8.79693 13 123 1 0 1
-0.793927 1.5174 2326.53 -0.0919113 -0.574951 198.479 8.79157 13 124 1 0 1
-0.110125 -0.592733 2326.53 0.242996 0.0370244 196.696 8.80924 13 125 1 0 1
-1.53737 0.119421 2326.53 -0.0158226 0.736795 200.317 8.77382 13 126 1 0 1
4.7693 -0.164057 2326.53 0.396322 -0.148083 200.494 8.77214 13 127 1 0 1
2.63557 0.303316 2326.53 0.305117 0.247769 199.659 8.78013 13 128 1 0 1
4.95732 0.591455 2326.53 0.404659 -0.0277078 201.574 8.76195 13 129 1 0 1
-3.52188 2.14372 2326.53 0.10489 -0.458457 200.411 8.77292 13 130 1 0 1
0.456798 -1.32961 2326.53 0.19903 0.815795 200.884 8.76843 13 131 1 0 1
-3.80201 -1.32575 2326.53 0.254195 0.341765 200.375 8.77327 13 132 1 0 1
-3.02469 -0.747891 2326.53 -0.475777 0.352033 200.247 8.77449 13 133 1 0 1
-5.37203 1.78955 2326.53 -0.454836 -0.282426 199.69 8.77983 13 134 1 0 1
-7.41659 -1.25565 2326.53 -0.396447 0.594833 198.011 8.79615 13 135 1 0 1
-3.68416 3.55253 2326.53 -0.455647 -1.72563 201.321 8.76425 13 136 1 0 1
-1.13432 -0.515543 2326.53 -0.371534 0.063108 202.188 8.75622 13 137 1 0 1
0.19814 0.575243 2326.53 -0.336306 -0.358609 203.112 8.74769 13 138 1 0 1
-1.06534 2.75189 2326.53 -0.646906 -0.22285 200.658 8.77057 13 139 1 0 1
-5.11971 3.76067 2326.53 -1.1569 -1.17399 201.13 8.76606 13 140 1 0 1
-4.8293 -0.0372546 2326.53 -1.38965 0.186558 200.859 8.76863 13 141 1 0 1
2.90916 2.05277 2326.53 0.29378 -0.88217 200.998 8.76734 13 142 1 0 1
-2.02655 -1.38851 2326.53 -0.935022 0.837051 199.178 8.78474 13 143 1 0 1
-0.125434 -0.172135 2326.53 0.515617 0.24519 201.363 8.76392 13 144 1 0 1
8.1764 -0.253698 2326.53 1.59843 0.696203 207.497 8.70859 13 145 1 0 1
-4.63834 -0.0500932 2326.53 -0.665144 -0.784902 200.838 8.76886 13 146 1 0 1
-5.65208 -0.611839 2326.53 -0.434668 0.432037 197.559 8.80063 13 147 1 0 1
-2.76691 0.320745 2326.53 -0.508381 0.111201 201.47 8.76292 13 148 1 0 1
-3.41367 0.199758 2326.53 -1.22297 -0.754073 198.848 8.78792 13 149 1 0 1
9.10085 2.33598 2326.53 1.18122 -0.657567 200.482 8.77221 13 150 1 0 1
-0.570773 -0.371653 2387.76 -0.0959573 -0.191995 199.745 9.01034 13 1 1 0 1
-5.99651 0.505916 2387.76 0.0656344 -0.165952 200.232 9.00555 13 2 1 0 1
0.893101 -0.932205 2387.76 0.592662 0.469337 198.522 9.02249 13 3 1 0 1
-4.0641 -1.72975 2387.76 0.0549358 0.970875 199.785 9.00992 13 4 1 0 1
2.1705 0.044318 2387.76 -0.696729 -0.311997 201.745 8.99087 13 5 1 0 1
-0.973551 -0.896644 2387.76 0.170135 0.0628566 197.773 9.03005 13 6 1 0 1
2.31819 3.84143 2387.76 -0.712108 -1.84363 198.159 9.02606 13 7 1 0 1
3.48192 0.957138 2387.76 0.386846 -1.03106 197.993 9.0278 13 8 1 0 1
-0.335803 -0.749935 2387.76 -0.153638 -0.042194 201.277 8.99539 13 9 1 0 1
1.37893 -0.159319 2387.76 0.345794 0.451321 198.564 9.02207 13 10 1 0 1
-1.89419 -1.3925 2387.76 0.2162 -0.545393 198.361 9.02411 13 11 1 0 1
-4.41676 -2.21435 2387.76 0.312863 0.990613 201.669 8.99159 13 12 1 0 1
5.70533 2.23517 2387.76 0.0492231 -0.988458 201.903 8.98934 13 13 1 0 1
-5.77277 -0.0962493 2387.76 -0.0807351 0.239782 201.447 8.99375 13 14 1 0 1
2.25087 -0.355591 2387.76 1.19233 0.554282 198.872 9.01896 13 15 1 0 1
-3.35376 0.786242 2387.76 0.423215 -0.41516 201.498 8.99325 13 16 1 0 1
-2.88338 3.18183 2387.76 -0.194206 -1.19885 198.861 9.01907 13 17 1 0 1
1.62566 -0.168155 2387.76 0.625395 -0.0545189 200.335 9.00453 13 18 1 0 1
4.30939 0.388283 2387.76 0.523954 0.364728 201.806 8.99029 13 19 1 0 1
1.48585 -1.39666 2387.76 0.636438 -0.324888 199.281 9.01492 13 20 1 0 1
6.36544 1.49842 2387.76 0.164221 -0.209457 199.698 9.0108 13 21 1 0 1
5.66537 0.853346 2387.76 0.507096 0.889842 201.419 8.99399 13 22 1 0 1
2.2391 0.814777 2387.76 -0.241604 -0.475896 203.449 8.97472 13 23 1 0 1
-4.20514 -1.43695 2387.76 -0.283579 1.08165 199.268 9.01502 13 24 1 0 1
0.428897 0.603952 2387.76 -0.619191 0.355368 201.769 8.99064 13 25 1 0 1
-0.0571722 -1.36767 2387.76 1.12645 -0.00277427 197.39 9.03391 13 26 1 0 1
-0.498197 -1.02705 2387.76 0.154805 1.57961 201.975 8.98862 13 27 1 0 1
2.31726 -0.961508 2387.76 0.801862 0.520785 198.954 9.01815 13 28 1 0 1
-4.99613 -1.23634 2387.76 0.0137877 -0.454447 198.777 9.01994 13 29 1 0 1
1.32893 0.320584 2387.76 -0.768867 -0.338492 201.646 8.99182 13 30 1 0 1
5.79078 1.11144 2387.76 0.0755341 -0.90962 201.032 8.99774 13 31 1 0 1
1.98706 -1.53344 2387.76 -0.319175 0.837937 201.398 8.9942 13 32 1 0 1
5.07503 -1.9535 2387.76 0.390956 -0.121279 200.487 9.00305 13 33 1 0 1
-1.18668 -2.00889 2387.76 0.036274 1.09369 201.036 8.99769 13 34 1 0 1
4.79617 2.01754 2387.76 -0.17643 -1.33806 200.455 9.00333 13 35 1 0 1
-2.45745 -0.0561352 2387.76 0.396546 0.611285 201.035 8.99771 13 36 1 0 1
-0.738626 -0.553785 2387.76 -0.748668 0.342473 198.508 9.02263 13 37 1 0 1
2.07577 0.454242 2387.76 0.281857 -0.498255 202.029 8.98815 13 38 1 0 1
-2.86086 -1.66896 2387.76 0.139853 -0.343823 196.275 9.0454 13 39 1 0 1
2.78908 -1.2677 2387.76 -0.106361 -0.370471 199.982 9.008 13 40 1 0 1
8.9727 -0.0935131 2387.76 -0.0700416 0.335572 198.618 9.02153 13 41 1 0 1
0.258453 1.28465 2387.76 -0.139762 0.488059 204.004 8.96954 13 42 1 0 1
-0.72099 1.0902 2387.76 0.886992 -0.822267 206.326 8.94826 13 43 1 0 1
-3.43136 0.361015 2387.76 -0.811226 -0.484646 201.384 8.99433 13 44 1 0 1
5.16668 2.39621 2387.76 -0.0423376 -1.142 202.477 8.98386 13 45 1 0 1
1.92159 -0.982145 2387.76 -0.966828 -0.248775 204.251 8.96724 13 46 1 0 1
2.23613 2.22702 2387.76 0.192366 -0.794734 200.092 9.00691 13 47 1 0 1
1.994 1.46636 2387.76 0.321204 -0.176334 198.444 9.02328 13 48 1 0 1
-4.64521 3.24161 2387.76 0.244962 -1.68119 200.893 8.99904 13 49 1 0 1
6.08274 -1.0044 2387.76 0.136775 0.803232 198.51 9.02261 13 50 1 0 1
-2.74293 -1.6467 2387.76 0.741907 0.688317 206.658 8.94528 13 51 1 0 1
-0.148286 -0.23556 2387.76 0.314974 0.270163 204.632 8.96373 13 52 1 0 1
6.06616 0.203391 2387.76 -0.602926 -0.367857 201.565 8.9926 13 53 1 0 1
-5.32198 2.52288 2387.76 -1.21641 -1.41005 199.785 9.00986 13 54 1 0 1
1.40373 3.07341 2387.76 -0.362653 -0.600939 200.657 9.00139 13 55 1 0 1
1.44906 -0.884692 2387.76 0.528109 0.628151 202.697 8.9818 13 56 1 0 1
-0.524961 1.10446 2387.76 -0.332051 -0.29109 195.668 9.05171 13 57 1 0 1
0.617335 0.994121 2387.76 0.135876 -0.159919 200.743 9.00056 13 58 1 0 1
6.86278 1.09256 2387.76 0.134275 -0.286642 199.86 9.0092 13 59 1 0 1
-5.05263 -1.43502 2387.76 -0.148892 -0.243499 201.887 8.98952 13 60 1 0 1
4.15581 -0.0308269 2387.76 -0.287771 0.679233 200.623 9.00172 13 61 1 0 1
1.69755 -3.00815 2387.76 -0.348137 1.37706 196.189 9.04624 13 62 1 0 1
2.22277 -0.344093 2387.76 -0.167139 -0.0716865 200.781 9.00019 13 63 1 0 1
-8.11696 -1.95761 2387.76 -0.729364 0.381331 203.805 8.97139 13 64 1 0 1
7.27188 0.411126 2387.76 -0.9208 0.886302 203.223 8.97681 13 65 1 0 1
1.0478 -3.07807 2387.76 -0.542805 1.37324 196.212 9.046 13 66 1 0 1
1.19565 0.197654 2387.76 -0.350429 0.157535 202.747 8.98134 13 67 1 0 1
-5.69994 -1.74339 2387.76 0.0632089 1.48553 200.416 9.0037 13 68 1 0 1
0.828701 -0.910984 2387.76 -0.327988 0.463977 198.112 9.02662 13 69 1 0 1
7.02021 0.684486 2387.76 0.509854 -0.0254882 198.431 9.02341 13 70 1 0 1
4.92572 -0.459859 2387.76 0.00948805 0.373833 201.232 8.99581 13 71 1 0 1
-0.487057 -0.37226 2387.76 0.376459 -0.267523 201.344 8.99473 13 72 1 0 1
-0.439884 1.76278 2387.76 -0.433186 -0.580593 198.03 9.02744 13 73 1 0 1
3.46283 -3.70999 2387.76 0.0348387 0.817407 200.047 9.00735 13 74 1 0 1
-6.17721 1.19157 2387.76 -0.293807 0.174811 199.499 9.01277 13 75 1 0 1
1.16126 1.55351 2387.76 -0.214091 -0.463576 203.573 8.97356 13 76 1 0 1
-0.612855 -0.218117 2387.76 -0.422554 -0.42377 198.63 9.02141 13 77 1 0 1
1.90412 -1.99954 2387.76 0.393919 0.339474 198.898 9.01873 13 78 1 0 1
4.55287 -0.365145 2387.76 -0.322816 -0.485893 201.644 8.99185 13 79 1 0 1
0.0448515 -0.264614 2387.76 -0.589756 0.512392 198.151 9.02622 13 80 1 0 1
-2.59875 2.48368 2387.76 0.0798112 -1.64173 200.341 9.00442 13 81 1 0 1
-2.36864 -0.346832 2387.76 0.475747 0.546885 198.659 9.02112 13 82 1 0 1
2.82558 0.894854 2387.76 -0.711475 -0.150185 200.138 9.00645 13 83 1 0 1
0.842946 -1.63835 2387.76 0.0324543 0.808853 199.368 9.01405 13 84 1 0 1
-4.86302 -1.75073 2387.76 0.277367 0.167244 198.505 9.02267 13 85 1 0 1
0.107414 0.105906 2387.76 -0.0270854 -0.065847 196.571 9.04235 13 86 1 0 1
3.27825 -3.11838 2387.76 0.380596 0.492193 199.361 9.01412 13 87 1 0 1
-0.144798 -1.24469 2387.76 0.0024749 1.72688 200.964 8.99834 13 88 1 0 1
-5.80129 3.63448 2387.76 -1.40364 -1.30693 202.129 8.98712 13 89 1 0 1
-3.4647 1.05888 2387.76 -0.170065 -0.952662 197.794 9.02982 13 90 1 0 1
5.2983 0.900995 2387.76 -0.407944 -0.589985 200.048 9.00734 13 91 1 0 1
5.69215 1.97714 2387.76 0.154916 -0.809537 198.853 9.01917 13 92 1 0 1
2.88693 -0.484382 2387.76 0.239198 -0.223149 198.943 9.01829 13 93 1 0 1
-0.550188 -1.90808 2387.76 0.0809024 1.15166 199.295 9.01476 13 94 1 0 1
-4.2022 0.508989 2387.76 0.267459 -0.482624 196.196 9.04621 13 95 1 0 1
4.21137 0.229427 2387.76 -0.587644 -0.734776 197.329 9.03455 13 96 1 0 1
-0.31993 0.307134 2387.76 0.0322511 -0.968314 202.995 8.97897 13 97 1 0 1
-7.83807 -0.089808 2387.76 -0.853132 0.802644 199.219 9.01551 13 98 1 0 1
0.496767 0.219349 2387.76 0.35169 -0.180002 198.446 9.02326 13 99 1 0 1
5.18195 -0.0642637 2387.76 -0.160946 0.333449 200.212 9.00574 13 100 1 0 1
-0.667334 0.728525 2387.76 -0.0937857 -0.892834 202.826 8.98057 13 101 1 0 1
0.949678 -1.76814 2387.76 0.38346 0.482549 200.606 9.00189 13 102 1 0 1
0.822148 0.626567 2387.76 0.446135 0.202876 200.047 9.00736 13 103 1 0 1
-7.5496 -1.4441 2387.76 -0.129912 0.116439 200.302 9.00486 13 104 1 0 1
3.71067 2.36369 2387.76 0.0614344 -0.538997 198.06 9.02715 13 105 1 0 1
-5.48118 -0.150083 2387.76 0.225148 -0.243806 200.147 9.00638 13 106 1 0 1
4.1416 1.03795 2387.76 0.596709 -0.436583 198.933 9.01838 13 107 1 0 1
-6.50258 -1.53593 2387.76 0.227469 0.883752 199.012 9.01759 13 108 1 0 1
4.43315 -0.33531 2387.76 -1.09236 0.109528 198.855 9.01914 13 109 1 0 1
5.53373 0.402171 2387.76 0.576285 -0.180702 199.223 9.01549 13 110 1 0 1
-2.00739 -2.54391 2387.76 -0.693624 0.876848 201.593 8.99231 13 111 1 0 1
-4.43878 -2.70447 2387.76 0.957652 1.43531 198.184 9.02582 13 112 1 0 1
-3.47675 1.20839 2387.76 0.152647 -0.683374 202.176 8.98675 13 113 1 0 1
-6.08559 -1.12124 2387.76 0.888429 1.34226 197.166 9.03617 13 114 1 0 1
-1.10154 2.2388 2387.76 -0.533108 0.204149 199.542 9.01234 13 115 1 0 1
7.2419 1.44867 2387.76 -0.439775 0.0280602 201.276 8.99539 13 116 1 0 1
-0.960214 0.00547027 2387.76 0.959985 0.2134 201.098 8.99709 13 117 1 0 1
-1.98288 -0.2628 2387.76 -0.704457 0.252943 200.331 9.00457 13 118 1 0 1
1.51668 -1.82346 2387.76 -0.227279 0.0438684 197.784 9.02994 13 119 1 0 1
6.95356 -0.79033 2387.76 -0.00471544 -0.951035 200.308 9.00479 13 120 1 0 1
5.45377 2.08922 2387.76 0.497939 -1.26622 198.945 9.01823 13 121 1 0 1
-5.31019 -0.566367 2387.76 -0.979273 -0.0155207 200.779 9.00019 13 122 1 0 1
-1.19825 1.68696 2387.76 -0.415246 -0.64339 197.932 9.02843 13 123 1 0 1
-0.81198 1.33173 2387.76 -0.0248924 -0.627733 198.478 9.02293 13 124 1 0 1
-0.0334009 -0.57785 2387.76 0.248932 0.0585156 196.696 9.04106 13 125 1 0 1
-1.52248 0.343504 2387.76 0.113056 0.72814 200.317 9.00471 13 126 1 0 1
4.82867 -0.208255 2387.76 -0.0082945 -0.141115 200.494 9.00299 13 127 1 0 1
2.69495 0.377418 2387.76 0.0813369 0.235083 199.659 9.01118 13 128 1 0 1
5.01616 0.579682 2387.76 -0.018053 -0.0497426 201.574 8.99252 13 129 1 0 1
-3.44483 1.99171 2387.76 0.39846 -0.535814 200.411 9.00379 13 130 1 0 1
0.511343 -1.07387 2387.76 0.158137 0.86086 200.884 8.99917 13 131 1 0 1
-3.67594 -1.21396 2387.76 0.56925 0.389264 200.375 9.00414 13 132 1 0 1
-3.13076 -0.636198 2387.76 -0.216605 0.377904 200.247 9.0054 13 133 1 0 1
-5.44203 1.69291 2387.76 -0.000781191 -0.347336 199.69 9.01087 13 134 1 0 1
-7.44358 -1.06492 2387.76 0.222249 0.637722 198.011 9.02763 13 135 1 0 1
-3.77491 3.00847 2387.76 -0.139902 -1.84891 201.32 8.99489 13 136 1 0 1
-1.23181 -0.493529 2387.76 -0.270943 0.0821513 202.188 8.98664 13 137 1 0 1
0.0946603 0.464072 2387.76 -0.348811 -0.378312 203.112 8.97789 13 138 1 0 1
-1.24822 2.66832 2387.76 -0.549295 -0.324367 200.659 9.00137 13 139 1 0 1
-5.40475 3.38253 2387.76 -0.711826 -1.3081 201.131 8.99674 13 140 1 0 1
-5.18917 0.0197151 2387.76 -0.966549 0.18689 200.862 8.99938 13 141 1 0 1
2.96098 1.77286 2387.76 0.0456924 -0.953942 200.998 8.99806 13 142 1 0 1
-2.28676 -1.12378 2387.76 -0.754384 0.883759 199.178 9.01592 13 143 1 0 1
0.0322765 -0.0967448 2387.76 0.519561 0.250244 201.363 8.99455 13 144 1 0 1
8.54121 -0.0472188 2387.76 0.869081 0.702046 207.501 8.93776 13 145 1 0 1
-4.78079 -0.288626 2387.76 -0.267387 -0.778556 200.839 8.99962 13 146 1 0 1
-5.71376 -0.474713 2387.76 0.037461 0.452074 197.559 9.03222 13 147 1 0 1
-2.88527 0.352644 2387.76 -0.268945 0.0985378 201.47 8.99352 13 148 1 0 1
-3.74485 -0.033115 2387.76 -0.923676 -0.757172 198.85 9.01918 13 149 1 0 1
9.34338 2.12223 2387.76 0.403728 -0.741002 200.485 9.00306 13 150 1 0 1
-0.592743 -0.428271 2448.98 -0.0470908 -0.177082 199.745 9.24137 13 1 1 0 1
-5.89966 0.452384 2448.98 0.566477 -0.183862 200.231 9.23646 13 2 1 0 1
1.06365 -0.782419 2448.98 0.510984 0.501109 198.522 9.25383 13 3 1 0 1
-3.99525 -1.42293 2448.98 0.393487 1.02966 199.784 9.24094 13 4 1 0 1
1.93214 -0.0504377 2448.98 -0.870759 -0.311881 201.745 9.2214 13 5 1 0 1
-0.908628 -0.872108 2448.98 0.248404 0.0955077 197.773 9.26159 13 6 1 0 1
2.0694 3.25098 2448.98 -0.89491 -1.97479 198.157 9.2575 13 7 1 0 1
3.5564 0.633453 2448.98 0.0938366 -1.06046 197.993 9.25928 13 8 1 0 1
-0.378032 -0.758468 2448.98 -0.123428 -0.0138556 201.277 9.22604 13 9 1 0 1
1.46742 -0.0195172 2448.98 0.226957 0.454635 198.565 9.2534 13 10 1 0 1
-1.80346 -1.55257 2448.98 0.370421 -0.490866 198.36 9.2555 13 11 1 0 1
-4.26557 -1.90155 2448.98 0.68102 1.06808 201.668 9.22214 13 12 1 0 1
5.64706 1.92326 2448.98 -0.432716 -1.06682 201.903 9.21984 13 13 1 0 1
-5.72321 -0.0229636 2448.98 0.406199 0.242023 201.447 9.22435 13 14 1 0 1
2.58752 -0.183247 2448.98 0.990018 0.564287 198.873 9.25021 13 15 1 0 1
-3.18273 0.655853 2448.98 0.700147 -0.44228 201.497 9.22385 13 16 1 0 1
-2.90595 2.79529 2448.98 0.0478638 -1.30979 198.86 9.25033 13 17 1 0 1
1.79513 -0.183825 2448.98 0.481302 -0.0479372 200.335 9.23542 13 18 1 0 1
4.41243 0.49651 2448.98 0.153867 0.348063 201.806 9.22081 13 19 1 0 1
1.6615 -1.48831 2448.98 0.504561 -0.271226 199.281 9.24607 13 20 1 0 1
6.33398 1.42578 2448.98 -0.369016 -0.263962 199.697 9.24185 13 21 1 0 1
5.74623 1.11845 2448.98 0.0238025 0.852775 201.42 9.22461 13 22 1 0 1
2.138 0.667189 2448.98 -0.428846 -0.504037 203.449 9.20484 13 23 1 0 1
-4.23799 -1.09706 2448.98 0.0701786 1.12878 199.268 9.24618 13 24 1 0 1
0.236316 0.708135 2448.98 -0.647413 0.330657 201.769 9.22117 13 25 1 0 1
0.291457 -1.36072 2448.98 1.11673 0.0474942 197.39 9.26555 13 26 1 0 1
-0.445086 -0.543275 2448.98 0.194864 1.60921 201.975 9.2191 13 27 1 0 1
2.53326 -0.796066 2448.98 0.598952 0.553425 198.955 9.24939 13 28 1 0 1
-4.92786 -1.369 2448.98 0.428567 -0.406107 198.777 9.25122 13 29 1 0 1
1.07945 0.216177 2448.98 -0.870978 -0.348593 201.646 9.22238 13 30 1 0 1
5.73946 0.828597 2448.98 -0.411844 -0.94602 201.031 9.22845 13 31 1 0 1
1.86497 -1.27045 2448.98 -0.482293 0.890643 201.397 9.22483 13 32 1 0 1
5.12885 -1.97932 2448.98 -0.0391892 -0.0476833 200.487 9.2339 13 33 1 0 1
-1.16046 -1.66498 2448.98 0.135488 1.16263 201.035 9.2284 13 34 1 0 1
4.68103 1.59813 2448.98 -0.575875 -1.4057 200.454 9.23418 13 35 1 0 1
-2.3057 0.129996 2448.98 0.597885 0.609898 201.035 9.22842 13 36 1 0 1
-0.959077 -0.445201 2448.98 -0.677808 0.360983 198.508 9.25398 13 37 1 0 1
2.13421 0.300943 2448.98 0.10302 -0.512497 202.029 9.21862 13 38 1 0 1
-2.78075 -1.76648 2448.98 0.372678 -0.280885 196.275 9.27733 13 39 1 0 1
2.72091 -1.37367 2448.98 -0.33805 -0.321166 199.982 9.23897 13 40 1 0 1
8.83619 0.0102642 2448.98 -0.813773 0.337112 198.617 9.25285 13 41 1 0 1
0.213375 1.42351 2448.98 -0.160001 0.436492 204.004 9.19953 13 42 1 0 1
-0.449671 0.840452 2448.98 0.937776 -0.859447 206.326 9.1777 13 43 1 0 1
-3.63295 0.211895 2448.98 -0.512099 -0.495418 201.385 9.22495 13 44 1 0 1
5.08771 2.03788 2448.98 -0.478901 -1.22579 202.476 9.21422 13 45 1 0 1
1.60839 -1.05097 2448.98 -1.11842 -0.210013 204.25 9.19716 13 46 1 0 1
2.26607 1.9716 2448.98 0.00294893 -0.873148 200.092 9.23785 13 47 1 0 1
2.06711 1.4037 2448.98 0.151752 -0.229495 198.444 9.25465 13 48 1 0 1
-4.51133 2.71174 2448.98 0.631732 -1.7928 200.891 9.22978 13 49 1 0 1
6.04677 -0.75141 2448.98 -0.369501 0.835763 198.509 9.25396 13 50 1 0 1
-2.48892 -1.43378 2448.98 0.969239 0.747733 206.657 9.17465 13 51 1 0 1
-0.0525502 -0.153539 2448.98 0.323615 0.277595 204.632 9.19357 13 52 1 0 1
5.80605 0.0907089 2448.98 -1.10608 -0.373386 201.563 9.22318 13 53 1 0 1
-5.62494 2.0772 2448.98 -0.756565 -1.49585 199.787 9.24088 13 54 1 0 1
1.27555 2.87287 2448.98 -0.475693 -0.712306 200.657 9.23219 13 55 1 0 1
1.58932 -0.690274 2448.98 0.398615 0.657949 202.697 9.2121 13 56 1 0 1
-0.621687 1.00725 2448.98 -0.284876 -0.329657 195.668 9.28381 13 57 1 0 1
0.650685 0.93977 2448.98 0.082354 -0.196155 200.743 9.23134 13 58 1 0 1
6.81577 0.998689 2448.98 -0.440542 -0.325653 199.86 9.2402 13 59 1 0 1
-5.03282 -1.50054 2448.98 0.27923 -0.188181 201.887 9.22002 13 60 1 0 1
4.0151 0.176238 2448.98 -0.632447 0.676507 200.622 9.23254 13 61 1 0 1
1.56761 -2.56207 2448.98 -0.482826 1.47905 196.188 9.27819 13 62 1 0 1
2.14353 -0.363949 2448.98 -0.35147 -0.0584173 200.781 9.23097 13 63 1 0 1
-8.23109 -1.83211 2448.98 -0.0288066 0.453426 203.806 9.20142 13 64 1 0 1
6.90245 0.675287 2448.98 -1.52645 0.865679 203.22 9.20698 13 65 1 0 1
0.865725 -2.63284 2448.98 -0.621747 1.47782 196.211 9.27795 13 66 1 0 1
1.07495 0.244008 2448.98 -0.447225 0.149177 202.746 9.21163 13 67 1 0 1
-5.60765 -1.2805 2448.98 0.539708 1.54209 200.415 9.23456 13 68 1 0 1
0.717151 -0.762673 2448.98 -0.392381 0.494925 198.111 9.25807 13 69 1 0 1
7.08687 0.672733 2448.98 -0.0787321 -0.0506259 198.431 9.25478 13 70 1 0 1
4.86545 -0.343714 2448.98 -0.404793 0.388925 201.232 9.22648 13 71 1 0 1
-0.366831 -0.45133 2448.98 0.412608 -0.252045 201.344 9.22537 13 72 1 0 1
-0.5676 1.57356 2448.98 -0.391235 -0.642261 198.03 9.25892 13 73 1 0 1
3.42906 -3.43914 2448.98 -0.255051 0.950894 200.046 9.23831 13 74 1 0 1
-6.18781 1.23832 2448.98 0.224872 0.129564 199.499 9.24386 13 75 1 0 1
1.08226 1.40549 2448.98 -0.310122 -0.5198 203.572 9.20366 13 76 1 0 1
-0.734687 -0.347245 2448.98 -0.366274 -0.413289 198.63 9.25273 13 77 1 0 1
2.00045 -1.88383 2448.98 0.230626 0.411569 198.898 9.24998 13 78 1 0 1
4.39691 -0.510312 2448.98 -0.702269 -0.469414 201.643 9.22241 13 79 1 0 1
-0.137167 -0.105087 2448.98 -0.58591 0.51923 198.151 9.25766 13 80 1 0 1
-2.54115 1.96875 2448.98 0.296325 -1.72498 200.34 9.2353 13 81 1 0 1
-2.19229 -0.176631 2448.98 0.666257 0.556589 198.658 9.25243 13 82 1 0 1
2.57264 0.843895 2448.98 -0.938637 -0.182666 200.137 9.23739 13 83 1 0 1
0.842065 -1.38109 2448.98 -0.0381811 0.865041 199.368 9.24517 13 84 1 0 1
-4.71551 -1.68926 2448.98 0.677155 0.23098 198.504 9.25402 13 85 1 0 1
0.0976374 0.0848319 2448.98 -0.0355605 -0.0693466 196.571 9.2742 13 86 1 0 1
3.35262 -2.94972 2448.98 0.102641 0.605109 199.361 9.24526 13 87 1 0 1
-0.142191 -0.712492 2448.98 0.0146017 1.76359 200.964 9.22907 13 88 1 0 1
-6.15027 3.21864 2448.98 -0.895705 -1.43624 202.131 9.21756 13 89 1 0 1
-3.4727 0.758515 2448.98 0.118452 -0.986214 197.794 9.26136 13 90 1 0 1
5.10607 0.715635 2448.98 -0.845574 -0.620167 200.047 9.2383 13 91 1 0 1
5.66668 1.71709 2448.98 -0.320012 -0.878103 198.852 9.25044 13 92 1 0 1
2.92322 -0.550162 2448.98 -0.00384319 -0.203939 198.943 9.24953 13 93 1 0 1
-0.518388 -1.54407 2448.98 0.12568 1.21587 199.295 9.2459 13 94 1 0 1
-4.06523 0.355766 2448.98 0.608511 -0.498458 196.195 9.27817 13 95 1 0 1
3.97584 0.000575361 2448.98 -0.927334 -0.739007 197.327 9.26621 13 96 1 0 1
-0.306143 0.0138894 2448.98 0.0589734 -0.974396 202.995 9.2092 13 97 1 0 1
-7.99866 0.156905 2448.98 -0.189756 0.801403 199.221 9.24667 13 98 1 0 1
0.598438 0.16267 2448.98 0.305992 -0.187078 198.446 9.25463 13 99 1 0 1
5.06652 0.0378769 2448.98 -0.592377 0.333941 200.211 9.23666 13 100 1 0 1
-0.686969 0.455374 2448.98 -0.0360288 -0.915246 202.826 9.21084 13 101 1 0 1
1.05404 -1.61106 2448.98 0.298943 0.545823 200.606 9.23271 13 102 1 0 1
0.947566 0.684966 2448.98 0.371697 0.178387 200.047 9.23832 13 103 1 0 1
-7.49237 -1.40034 2448.98 0.503598 0.169618 200.302 9.23575 13 104 1 0 1
3.68201 2.18391 2448.98 -0.246431 -0.623066 198.059 9.25861 13 105 1 0 1
-5.34234 -0.223665 2448.98 0.680636 -0.236822 200.146 9.23732 13 106 1 0 1
4.27138 0.897923 2448.98 0.244809 -0.47253 198.934 9.24962 13 107 1 0 1
-6.34955 -1.25581 2448.98 0.765258 0.935602 199.01 9.24881 13 108 1 0 1
4.04144 -0.29974 2448.98 -1.44668 0.121313 198.853 9.2504 13 109 1 0 1
5.63914 0.34445 2448.98 0.108262 -0.194586 199.224 9.24666 13 110 1 0 1
-2.19141 -2.2636 2448.98 -0.515647 0.967309 201.593 9.22288 13 111 1 0 1
-4.08731 -2.24648 2448.98 1.31292 1.52687 198.181 9.25726 13 112 1 0 1
-3.38616 0.994949 2448.98 0.44439 -0.724951 202.176 9.21718 13 113 1 0 1
-5.73288 -0.698836 2448.98 1.37836 1.37573 197.163 9.26786 13 114 1 0 1
-1.2503 2.28855 2448.98 -0.434434 0.119827 199.542 9.24342 13 115 1 0 1
7.01587 1.44892 2448.98 -1.04317 -0.0263763 201.274 9.22604 13 116 1 0 1
-0.656887 0.0702854 2448.98 1.02836 0.211978 201.098 9.22779 13 117 1 0 1
-2.17184 -0.184145 2448.98 -0.529452 0.261301 200.332 9.23545 13 118 1 0 1
1.42718 -1.79951 2448.98 -0.349704 0.110752 197.784 9.26148 13 119 1 0 1
6.863 -1.07596 2448.98 -0.586631 -0.916138 200.307 9.23568 13 120 1 0 1
5.53645 1.68837 2448.98 0.0382097 -1.33637 198.945 9.24946 13 121 1 0 1
-5.53946 -0.567861 2448.98 -0.521243 0.00573541 200.781 9.23096 13 122 1 0 1
-1.31078 1.47871 2448.98 -0.310825 -0.701875 197.932 9.25992 13 123 1 0 1
-0.809218 1.13086 2448.98 0.0427646 -0.673354 198.478 9.25429 13 124 1 0 1
0.0441796 -0.556375 2448.98 0.248486 0.0793393 196.696 9.27288 13 125 1 0 1
-1.46856 0.563668 2448.98 0.239036 0.711178 200.317 9.23559 13 126 1 0 1
4.76425 -0.250077 2448.98 -0.412699 -0.132538 200.494 9.23383 13 127 1 0 1
2.68524 0.447216 2448.98 -0.144528 0.219715 199.659 9.24224 13 128 1 0 1
4.9464 0.561296 2448.98 -0.440302 -0.0712096 201.574 9.2231 13 129 1 0 1
-3.27946 1.81697 2448.98 0.681812 -0.607056 200.41 9.23466 13 130 1 0 1
0.552779 -0.805873 2448.98 0.11319 0.896106 200.884 9.22992 13 131 1 0 1
-3.45563 -1.08833 2448.98 0.869708 0.43232 200.373 9.23502 13 132 1 0 1
-3.15658 -0.517247 2448.98 0.0481209 0.399463 200.247 9.23631 13 133 1 0 1
-5.37251 1.57697 2448.98 0.453293 -0.408282 199.69 9.24192 13 134 1 0 1
-7.27974 -0.86204 2448.98 0.83524 0.673331 198.01 9.25911 13 135 1 0 1
-3.76888 2.4301 2448.98 0.179428 -1.9511 201.319 9.22553 13 136 1 0 1
-1.29771 -0.465885 2448.98 -0.163407 0.100257 202.188 9.21707 13 137 1 0 1
-0.0112463 0.347606 2448.98 -0.352373 -0.3937 203.112 9.20809 13 138 1 0 1
-1.3991 2.55432 2448.98 -0.437602 -0.422183 200.659 9.23218 13 139 1 0 1
-5.55122 2.96581 2448.98 -0.248492 -1.42728 201.132 9.22743 13 140 1 0 1
-5.41601 0.0764599 2448.98 -0.518655 0.185088 200.864 9.23014 13 141 1 0 1
2.93688 1.47273 2448.98 -0.203566 -1.01483 200.998 9.22878 13 142 1 0 1
-2.48834 -0.846234 2448.98 -0.554404 0.920386 199.179 9.24709 13 143 1 0 1
0.18916 -0.0202511 2448.98 0.510186 0.252443 201.363 9.22518 13 144 1 0 1
8.68706 0.159799 2448.98 0.117414 0.699871 207.503 9.16693 13 145 1 0 1
-4.80067 -0.523867 2448.98 0.137229 -0.763326 200.839 9.23037 13 146 1 0 1
-5.62896 -0.332172 2448.98 0.508629 0.466952 197.558 9.26382 13 147 1 0 1
-2.92967 0.38052 2448.98 -0.022614 0.0847507 201.47 9.22413 13 148 1 0 1
-3.98002 -0.265611 2448.98 -0.600696 -0.751633 198.851 9.25044 13 149 1 0 1
9.34638 1.88426 2448.98 -0.384132 -0.815975 200.485 9.23391 13 150 1 0 1
-0.599518 -0.480003 2510.2 0.00298295 -0.160148 199.745 9.47241 13 1 1 0 1
-5.65157 0.393691 2510.2 1.05279 -0.199672 200.229 9.46738 13 2 1 0 1
1.20693 -0.623708 2510.2 0.416206 0.527164 198.522 9.48518 13 3 1 0 1
-3.82396 -1.09987 2510.2 0.721947 1.0767 199.783 9.47197 13 4 1 0 1
1.64425 -0.144618 2510.2 -1.02246 -0.308207 201.744 9.45194 13 5 1 0 1
-0.820412 -0.837624 2510.2 0.320305 0.127069 197.773 9.49313 13 6 1 0 1
1.76755 2.62345 2510.2 -1.05477 -2.08342 198.155 9.48893 13 7 1 0 1
3.5397 0.302542 2510.2 -0.201578 -1.07776 197.993 9.49077 13 8 1 0 1
-0.410571 -0.758349 2510.2 -0.0900535 0.0146408 201.277 9.45669 13 9 1 0 1
1.51829 0.120508 2510.2 0.102302 0.452764 198.565 9.48474 13 10 1 0 1
-1.66651 -1.69493 2510.2 0.515146 -0.430738 198.36 9.48689 13 11 1 0 1
-4.00503 -1.56706 2510.2 1.03171 1.13336 201.666 9.4527 13 12 1 0 1
5.44402 1.5894 2510.2 -0.903554 -1.13301 201.901 9.45034 13 13 1 0 1
-5.52692 0.050584 2510.2 0.882712 0.241502 201.445 9.45496 13 14 1 0 1
2.85784 -0.00881229 2510.2 0.76232 0.567855 198.874 9.48147 13 15 1 0 1
-2.9301 0.517981 2510.2 0.959127 -0.464355 201.496 9.45444 13 16 1 0 1
-2.85403 2.37685 2510.2 0.288705 -1.40579 198.859 9.48159 13 17 1 0 1
1.91858 -0.197399 2510.2 0.324869 -0.0408088 200.336 9.4663 13 18 1 0 1
4.40235 0.599073 2510.2 -0.220167 0.327426 201.806 9.45133 13 19 1 0 1
1.79456 -1.56299 2510.2 0.359747 -0.21447 199.282 9.47722 13 20 1 0 1
6.14014 1.33687 2510.2 -0.892785 -0.315454 199.696 9.47289 13 21 1 0 1
5.67978 1.37079 2510.2 -0.460103 0.805976 201.42 9.45522 13 22 1 0 1
1.98209 0.51199 2510.2 -0.605094 -0.526428 203.448 9.43496 13 23 1 0 1
-4.1622 -0.744645 2510.2 0.422136 1.16303 199.268 9.47733 13 24 1 0 1
0.0376771 0.804239 2510.2 -0.659037 0.302175 201.769 9.4517 13 25 1 0 1
0.632614 -1.33826 2510.2 1.07837 0.0972209 197.391 9.49719 13 26 1 0 1
-0.380564 -0.0533057 2510.2 0.229927 1.62046 201.975 9.44958 13 27 1 0 1
2.68432 -0.621544 2510.2 0.380686 0.579752 198.955 9.48062 13 28 1 0 1
-4.73326 -1.48603 2510.2 0.832354 -0.353134 198.776 9.4825 13 29 1 0 1
0.802294 0.109304 2510.2 -0.950759 -0.354719 201.645 9.45293 13 30 1 0 1
5.541 0.536307 2510.2 -0.888656 -0.971624 201.03 9.45916 13 31 1 0 1
1.69508 -0.992964 2510.2 -0.633047 0.933188 201.396 9.45545 13 32 1 0 1
5.05119 -1.98256 2510.2 -0.468329 0.0264566 200.487 9.46475 13 33 1 0 1
-1.1045 -1.30209 2510.2 0.231229 1.2183 201.035 9.45911 13 34 1 0 1
4.44589 1.16049 2510.2 -0.960548 -1.4573 200.452 9.46503 13 35 1 0 1
-2.09484 0.314643 2510.2 0.783894 0.601553 201.034 9.45914 13 36 1 0 1
-1.15494 -0.331538 2510.2 -0.589572 0.375375 198.508 9.48533 13 37 1 0 1
2.13794 0.144212 2510.2 -0.0784586 -0.520891 202.029 9.44909 13 38 1 0 1
-2.62935 -1.84386 2510.2 0.595949 -0.214743 196.274 9.50927 13 39 1 0 1
2.58298 -1.46398 2510.2 -0.561072 -0.268198 199.982 9.46994 13 40 1 0 1
8.47315 0.113924 2510.2 -1.53661 0.334803 198.612 9.48418 13 41 1 0 1
0.162826 1.54614 2510.2 -0.176138 0.379945 204.005 9.42952 13 42 1 0 1
-0.166824 0.581114 2510.2 0.964521 -0.886822 206.326 9.40714 13 43 1 0 1
-3.7414 0.0603576 2510.2 -0.19984 -0.500537 201.386 9.45558 13 44 1 0 1
4.8783 1.65631 2510.2 -0.903178 -1.2956 202.474 9.44458 13 45 1 0 1
1.25396 -1.10781 2510.2 -1.24135 -0.168857 204.249 9.42709 13 46 1 0 1
2.23792 1.6937 2510.2 -0.186543 -0.941601 200.092 9.4688 13 47 1 0 1
2.08724 1.32502 2510.2 -0.0215909 -0.280038 198.444 9.48601 13 48 1 0 1
-4.2618 2.15093 2510.2 1.0023 -1.88396 200.888 9.46053 13 49 1 0 1
5.85579 -0.489847 2510.2 -0.866297 0.858755 198.507 9.48531 13 50 1 0 1
-2.17109 -1.20449 2510.2 1.17172 0.798619 206.656 9.40402 13 51 1 0 1
0.0445328 -0.0697667 2510.2 0.32396 0.28186 204.632 9.42341 13 52 1 0 1
5.39709 -0.0230083 2510.2 -1.58086 -0.374654 201.56 9.45376 13 53 1 0 1
-5.7837 1.60782 2510.2 -0.277315 -1.56457 199.787 9.4719 13 54 1 0 1
1.11468 2.63956 2510.2 -0.576537 -0.815546 200.656 9.463 13 55 1 0 1
1.68884 -0.487982 2510.2 0.258901 0.680242 202.697 9.4424 13 56 1 0 1
-0.702474 0.898555 2510.2 -0.230398 -0.364464 195.668 9.5159 13 57 1 0 1
0.667354 0.874699 2510.2 0.0267208 -0.230153 200.743 9.46212 13 58 1 0 1
6.59403 0.893423 2510.2 -1.00405 -0.360946 199.858 9.47121 13 59 1 0 1
-4.88399 -1.54894 2510.2 0.700189 -0.130716 201.886 9.45052 13 60 1 0 1
3.77145 0.381292 2510.2 -0.960904 0.666063 200.621 9.46335 13 61 1 0 1
1.39748 -2.08676 2510.2 -0.605137 1.56418 196.187 9.51015 13 62 1 0 1
2.00934 -0.379652 2510.2 -0.52679 -0.0444816 200.78 9.46174 13 63 1 0 1
-8.1342 -1.68571 2510.2 0.672489 0.520342 203.805 9.43146 13 64 1 0 1
6.35606 0.931745 2510.2 -2.09293 0.835177 203.215 9.43716 13 65 1 0 1
0.661452 -2.15757 2510.2 -0.684749 1.56554 196.21 9.50989 13 66 1 0 1
0.9267 0.287578 2510.2 -0.532555 0.139117 202.746 9.44192 13 67 1 0 1
-5.3716 -0.802996 2510.2 1.00236 1.58105 200.413 9.46543 13 68 1 0 1
0.587215 -0.605662 2510.2 -0.446714 0.520227 198.111 9.48953 13 69 1 0 1
6.97184 0.653305 2510.2 -0.665297 -0.0751855 198.43 9.48615 13 70 1 0 1
4.68046 -0.223649 2510.2 -0.808692 0.39958 201.231 9.45714 13 71 1 0 1
-0.2372 -0.525252 2510.2 0.43818 -0.233692 201.344 9.456 13 72 1 0 1
-0.680765 1.3664 2510.2 -0.339255 -0.696603 198.03 9.49039 13 73 1 0 1
3.30738 -3.12906 2510.2 -0.538398 1.07353 200.045 9.46927 13 74 1 0 1
-6.03978 1.27094 2510.2 0.737782 0.0828387 199.498 9.47496 13 75 1 0 1
0.975517 1.24144 2510.2 -0.398202 -0.570094 203.572 9.43375 13 76 1 0 1
-0.837685 -0.472412 2510.2 -0.300605 -0.398093 198.63 9.48405 13 77 1 0 1
2.0455 -1.74664 2510.2 0.0614206 0.478968 198.898 9.48123 13 78 1 0 1
4.12824 -0.649658 2510.2 -1.06371 -0.447578 201.641 9.45297 13 79 1 0 1
-0.315668 0.0556386 2510.2 -0.567043 0.520145 198.151 9.4891 13 80 1 0 1
-2.41841 1.43137 2510.2 0.50524 -1.78855 200.339 9.46618 13 81 1 0 1
-1.95973 -0.004414 2510.2 0.839687 0.559944 198.657 9.48374 13 82 1 0 1
2.25375 0.783308 2510.2 -1.14173 -0.213062 200.136 9.46832 13 83 1 0 1
0.819596 -1.10807 2510.2 -0.107837 0.91136 199.368 9.4763 13 84 1 0 1
-4.4471 -1.60852 2510.2 1.05958 0.292079 198.502 9.48537 13 85 1 0 1
0.0853575 0.0627902 2510.2 -0.043124 -0.0720552 196.571 9.50606 13 86 1 0 1
3.34103 -2.74742 2510.2 -0.177945 0.711121 199.361 9.47639 13 87 1 0 1
-0.135939 -0.172164 2510.2 0.0263542 1.78018 200.964 9.4598 13 88 1 0 1
-6.34158 2.76608 2510.2 -0.364794 -1.54916 202.132 9.448 13 89 1 0 1
-3.39168 0.4495 2510.2 0.403932 -1.00851 197.793 9.49289 13 90 1 0 1
4.78293 0.522111 2510.2 -1.26152 -0.643271 200.044 9.46926 13 91 1 0 1
5.49593 1.43746 2510.2 -0.786729 -0.936646 198.851 9.4817 13 92 1 0 1
2.88458 -0.609667 2510.2 -0.246786 -0.182402 198.943 9.48077 13 93 1 0 1
-0.473298 -1.16245 2510.2 0.167236 1.26622 199.294 9.47705 13 94 1 0 1
-3.82404 0.198484 2510.2 0.933958 -0.508604 196.194 9.51012 13 95 1 0 1
3.63839 -0.228282 2510.2 -1.24324 -0.734807 197.326 9.49786 13 96 1 0 1
-0.284508 -0.279514 2510.2 0.0841839 -0.969363 202.995 9.43943 13 97 1 0 1
-7.9542 0.401828 2510.2 0.478491 0.791011 199.221 9.47784 13 98 1 0 1
0.684768 0.104135 2510.2 0.252449 -0.19202 198.446 9.48599 13 99 1 0 1
4.8212 0.139585 2510.2 -1.00861 0.330622 200.21 9.46757 13 100 1 0 1
-0.688992 0.177028 2510.2 0.0226516 -0.927218 202.826 9.44111 13 101 1 0 1
1.13137 -1.4356 2510.2 0.206762 0.602869 200.606 9.46352 13 102 1 0 1
1.04869 0.73555 2510.2 0.287729 0.151863 200.047 9.46927 13 103 1 0 1
-7.24306 -1.3406 2510.2 1.12418 0.22086 200.299 9.46665 13 104 1 0 1
3.55897 1.97921 2510.2 -0.547977 -0.700025 198.059 9.49008 13 105 1 0 1
-5.06655 -0.294695 2510.2 1.11867 -0.227136 200.144 9.46825 13 106 1 0 1
4.29165 0.747651 2510.2 -0.113369 -0.503085 198.934 9.48086 13 107 1 0 1
-6.03374 -0.961359 2510.2 1.28341 0.976773 199.007 9.48003 13 108 1 0 1
3.54613 -0.26075 2510.2 -1.76391 0.131715 198.85 9.48166 13 109 1 0 1
5.59998 0.2828 2510.2 -0.362538 -0.20625 199.224 9.47783 13 110 1 0 1
-2.31925 -1.95748 2510.2 -0.32445 1.04674 201.593 9.45346 13 111 1 0 1
-3.63105 -1.76287 2510.2 1.63452 1.60101 198.178 9.48869 13 112 1 0 1
-3.20875 0.770156 2510.2 0.724737 -0.758257 202.175 9.44761 13 113 1 0 1
-5.23321 -0.268461 2510.2 1.83294 1.39351 197.159 9.49956 13 114 1 0 1
-1.367 2.31219 2510.2 -0.324623 0.0341383 199.542 9.47451 13 115 1 0 1
6.60998 1.43265 2510.2 -1.61979 -0.0805101 201.27 9.4567 13 116 1 0 1
-0.33672 0.134299 2510.2 1.07037 0.208138 201.098 9.45848 13 117 1 0 1
-2.30511 -0.103389 2510.2 -0.340873 0.266678 200.332 9.46634 13 118 1 0 1
1.3011 -1.75502 2510.2 -0.463164 0.176372 197.784 9.49301 13 119 1 0 1
6.59649 -1.34931 2510.2 -1.15349 -0.870785 200.305 9.46657 13 120 1 0 1
5.47719 1.26826 2510.2 -0.422498 -1.39127 198.944 9.4807 13 121 1 0 1
-5.62671 -0.562876 2510.2 -0.0498434 0.0269263 200.781 9.46174 13 122 1 0 1
-1.38971 1.25358 2510.2 -0.198436 -0.752353 197.932 9.49142 13 123 1 0 1
-0.78571 0.917099 2510.2 0.109325 -0.711294 198.478 9.48564 13 124 1 0 1
0.120627 -0.528553 2510.2 0.24167 0.099258 196.696 9.5047 13 125 1 0 1
-1.37699 0.777403 2510.2 0.358888 0.686103 200.317 9.46648 13 126 1 0 1
4.5777 -0.289046 2510.2 -0.806518 -0.122448 200.493 9.46468 13 127 1 0 1
2.60669 0.511911 2510.2 -0.366688 0.201841 199.659 9.4733 13 128 1 0 1
4.74984 0.536507 2510.2 -0.851258 -0.0918639 201.573 9.45368 13 129 1 0 1
-3.03003 1.62151 2510.2 0.947681 -0.671372 200.409 9.46552 13 130 1 0 1
0.580043 -0.528685 2510.2 0.0653411 0.921129 200.884 9.46067 13 131 1 0 1
-3.14673 -0.950274 2510.2 1.14787 0.470444 200.372 9.46589 13 132 1 0 1
-3.10146 -0.392395 2510.2 0.311613 0.416464 200.247 9.46721 13 133 1 0 1
-5.16526 1.44303 2510.2 0.89574 -0.464567 199.688 9.47297 13 134 1 0 1
-6.92928 -0.649325 2510.2 1.4268 0.701252 198.006 9.49059 13 135 1 0 1
-3.66624 1.82401 2510.2 0.494155 -2.03102 201.318 9.45616 13 136 1 0 1
-1.33035 -0.432927 2510.2 -0.0516809 0.11722 202.188 9.4475 13 137 1 0 1
-0.116865 0.227175 2510.2 -0.346902 -0.404597 203.112 9.43829 13 138 1 0 1
-1.51412 2.41118 2510.2 -0.31469 -0.515184 200.659 9.46298 13 139 1 0 1
-5.55538 2.51526 2510.2 0.221212 -1.53017 201.131 9.45811 13 140 1 0 1
-5.504 0.132332 2510.2 -0.057457 0.181174 200.864 9.46089 13 141 1 0 1
2.83749 1.1558 2510.2 -0.447604 -1.06414 200.997 9.4595 13 142 1 0 1
-2.62613 -0.559033 2510.2 -0.340211 0.946513 199.179 9.47827 13 143 1 0 1
0.341193 0.0564736 2510.2 0.487731 0.251762 201.364 9.4558 13 144 1 0 1
8.6102 0.364995 2510.2 -0.637267 0.689704 207.502 9.39611 13 145 1 0 1
-4.69748 -0.753131 2510.2 0.538325 -0.739385 200.838 9.46113 13 146 1 0 1
-5.39985 -0.185842 2510.2 0.96675 0.476499 197.557 9.49541 13 147 1 0 1
-2.89896 0.404055 2510.2 0.224297 0.0699967 201.47 9.45473 13 148 1 0 1
-4.11316 -0.495076 2510.2 -0.262312 -0.737517 198.852 9.4817 13 149 1 0 1
9.10977 1.6248 2510.2 -1.16212 -0.881626 200.481 9.46475 13 150 1 0 1
-0.590922 -0.526259 2571.43 0.0529803 -0.141387 199.745 9.70344 13 1 1 0 1
-5.25859 0.330508 2571.43 1.51209 -0.213204 200.226 9.69829 13 2 1 0 1
1.31927 -0.457881 2571.43 0.310758 0.547207 198.522 9.71653 13 3 1 0 1
-3.55465 -0.764261 2571.43 1.03189 1.11145 199.782 9.70299 13 4 1 0 1
1.31421 -0.237149 2571.43 -1.14796 -0.301017 201.743 9.68247 13 5 1 0 1
-0.711163 -0.793585 2571.43 0.383995 0.157181 197.773 9.72467 13 6 1 0 1
1.4204 1.96599 2571.43 -1.18758 -2.16829 198.153 9.72037 13 7 1 0 1
3.43226 -0.0318205 2571.43 -0.491824 -1.08276 197.992 9.72225 13 8 1 0 1
-0.432583 -0.749578 2571.43 -0.0543703 0.0429702 201.277 9.68734 13 9 1 0 1
1.53023 0.259158 2571.43 -0.0249769 0.445727 198.565 9.71607 13 10 1 0 1
-1.48682 -1.81796 2571.43 0.646664 -0.365697 198.36 9.71828 13 11 1 0 1
-3.64181 -1.21469 2571.43 1.35594 1.18571 201.664 9.68325 13 12 1 0 1
5.10141 1.23742 2571.43 -1.35121 -1.18626 201.898 9.68083 13 13 1 0 1
-5.18894 0.123555 2571.43 1.33658 0.238224 201.443 9.68557 13 14 1 0 1
3.05488 0.165723 2571.43 0.515076 0.564945 198.875 9.71272 13 15 1 0 1
-2.60236 0.374201 2571.43 1.19351 -0.481131 201.494 9.68504 13 16 1 0 1
-2.72894 1.93131 2571.43 0.522142 -1.48575 198.858 9.71285 13 17 1 0 1
1.99285 -0.208721 2571.43 0.160107 -0.0332147 200.336 9.69719 13 18 1 0 1
4.27941 0.694803 2571.43 -0.588554 0.303053 201.806 9.68185 13 19 1 0 1
1.8816 -1.61984 2571.43 0.20571 -0.155266 199.282 9.70837 13 20 1 0 1
5.78889 1.23272 2571.43 -1.39365 -0.363344 199.693 9.70394 13 21 1 0 1
5.46772 1.60749 2571.43 -0.932206 0.749978 201.418 9.68584 13 22 1 0 1
1.77537 0.350951 2571.43 -0.765827 -0.542813 203.448 9.66508 13 23 1 0 1
-3.9797 -0.383739 2571.43 0.763266 1.18401 199.267 9.70849 13 24 1 0 1
-0.161928 0.891169 2571.43 -0.653766 0.270245 201.769 9.68223 13 25 1 0 1
0.957554 -1.30053 2571.43 1.01238 0.145839 197.391 9.72883 13 26 1 0 1
-0.306287 0.437272 2571.43 0.259096 1.61322 201.975 9.68005 13 27 1 0 1
2.76656 -0.439932 2571.43 0.15266 0.599464 198.956 9.71186 13 28 1 0 1
-4.41732 -1.58612 2571.43 1.21479 -0.296132 198.774 9.71378 13 29 1 0 1
0.50457 0.00118387 2571.43 -1.00617 -0.356798 201.645 9.68349 13 30 1 0 1
5.20049 0.237898 2571.43 -1.34267 -0.986138 201.027 9.68987 13 31 1 0 1
1.48173 -0.704151 2571.43 -0.76757 0.965088 201.396 9.68607 13 32 1 0 1
4.84404 -1.96319 2571.43 -0.885457 0.100294 200.485 9.6956 13 33 1 0 1
-1.02023 -0.924336 2571.43 0.321041 1.26008 201.035 9.68982 13 34 1 0 1
4.09678 0.709611 2571.43 -1.32059 -1.49228 200.45 9.69589 13 35 1 0 1
-1.83028 0.495702 2571.43 0.949806 0.586345 201.033 9.68985 13 36 1 0 1
-1.3212 -0.214092 2571.43 -0.486221 0.385485 198.508 9.71668 13 37 1 0 1
2.08686 -0.0141653 2571.43 -0.257926 -0.523343 202.029 9.67955 13 38 1 0 1
-2.41055 -1.9002 2571.43 0.803939 -0.146151 196.274 9.7412 13 39 1 0 1
2.37883 -1.53758 2571.43 -0.769708 -0.21217 199.981 9.70092 13 40 1 0 1
7.89289 0.216285 2571.43 -2.22 0.328671 198.606 9.7155 13 41 1 0 1
0.108104 1.65113 2571.43 -0.18776 0.319064 204.005 9.6595 13 42 1 0 1
0.120299 0.315146 2571.43 0.966539 -0.904082 206.326 9.63658 13 43 1 0 1
-3.75394 -0.0918682 2571.43 0.117543 -0.499945 201.386 9.6862 13 44 1 0 1
4.54383 1.25584 2571.43 -1.30429 -1.35062 202.472 9.67493 13 45 1 0 1
0.867375 -1.15201 2571.43 -1.33245 -0.125774 204.249 9.65702 13 46 1 0 1
2.1524 1.39647 2571.43 -0.371251 -0.999311 200.091 9.69974 13 47 1 0 1
2.05385 1.23123 2571.43 -0.19438 -0.327386 198.444 9.71738 13 48 1 0 1
-3.90301 1.56558 2571.43 1.34716 -1.95362 200.886 9.69127 13 49 1 0 1
5.51469 -0.222696 2571.43 -1.34087 0.871945 198.505 9.71666 13 50 1 0 1
-1.79761 -0.961473 2571.43 1.34416 0.840393 206.654 9.63338 13 51 1 0 1
0.140474 0.0148016 2571.43 0.316 0.28291 204.632 9.65325 13 52 1 0 1
4.84977 -0.136463 2571.43 -2.01509 -0.371646 201.556 9.68434 13 53 1 0 1
-5.79418 1.1201 2571.43 0.209048 -1.61544 199.787 9.70292 13 54 1 0 1
0.925229 2.37613 2571.43 -0.662599 -0.909482 200.655 9.6938 13 55 1 0 1
1.74505 -0.280123 2571.43 0.112549 0.694774 202.697 9.6727 13 56 1 0 1
-0.765253 0.779606 2571.43 -0.170013 -0.395113 195.668 9.748 13 57 1 0 1
0.666914 0.799649 2571.43 -0.0295973 -0.261525 200.743 9.69291 13 58 1 0 1
6.20324 0.777965 2571.43 -1.5418 -0.392118 199.854 9.70221 13 59 1 0 1
-4.60996 -1.57967 2571.43 1.10319 -0.0717606 201.884 9.68103 13 60 1 0 1
3.43112 0.581997 2571.43 -1.26472 0.648019 200.619 9.69416 13 61 1 0 1
1.19153 -1.58766 2571.43 -0.711933 1.63145 196.186 9.7421 13 62 1 0 1
1.82364 -0.391025 2571.43 -0.688604 -0.0300385 200.78 9.69251 13 63 1 0 1
-7.82877 -1.52008 2571.43 1.35652 0.581315 203.801 9.6615 13 64 1 0 1
5.64673 1.17757 2571.43 -2.60572 0.795145 203.209 9.66733 13 65 1 0 1
0.440221 -1.65769 2571.43 -0.730197 1.63541 196.21 9.74184 13 66 1 0 1
0.75469 0.327867 2571.43 -0.604233 0.12747 202.746 9.67221 13 67 1 0 1
-4.99784 -0.316336 2571.43 1.4393 1.60196 200.41 9.69629 13 68 1 0 1
0.442226 -0.441742 2571.43 -0.489596 0.539595 198.111 9.72098 13 69 1 0 1
6.67808 0.626425 2571.43 -1.23479 -0.0988864 198.427 9.71752 13 70 1 0 1
4.37547 -0.101032 2571.43 -1.19185 0.405674 201.229 9.6878 13 71 1 0 1
-0.101488 -0.593181 2571.43 0.452518 -0.212673 201.344 9.68664 13 72 1 0 1
-0.776477 1.14365 2571.43 -0.278578 -0.742998 198.029 9.72186 13 73 1 0 1
3.10091 -2.78328 2571.43 -0.807939 1.18392 200.043 9.70022 13 74 1 0 1
-5.73691 1.28907 2571.43 1.23176 0.0351686 199.495 9.70606 13 75 1 0 1
0.843765 1.06323 2571.43 -0.476073 -0.613885 203.572 9.66384 13 76 1 0 1
-0.919208 -0.59219 2571.43 -0.227229 -0.378355 198.63 9.71537 13 77 1 0 1
2.0381 -1.58952 2571.43 -0.10936 0.540904 198.898 9.71248 13 78 1 0 1
3.75373 -0.781592 2571.43 -1.39788 -0.420637 201.639 9.68353 13 79 1 0 1
-0.486077 0.21573 2571.43 -0.53364 0.515126 198.151 9.72055 13 80 1 0 1
-2.23367 0.877656 2571.43 0.701201 -1.83172 200.338 9.69706 13 81 1 0 1
-1.67693 0.167853 2571.43 0.991588 0.556912 198.657 9.71505 13 82 1 0 1
1.87709 0.713785 2571.43 -1.31556 -0.241027 200.135 9.69926 13 83 1 0 1
0.776116 -0.82241 2571.43 -0.174729 0.947283 199.368 9.70743 13 84 1 0 1
-4.06469 -1.50943 2571.43 1.41482 0.349844 198.5 9.71672 13 85 1 0 1
0.0708893 0.0400323 2571.43 -0.0495819 -0.0739417 196.571 9.73791 13 86 1 0 1
3.24379 -2.51378 2571.43 -0.453967 0.809019 199.36 9.70752 13 87 1 0 1
-0.126202 0.370127 2571.43 0.037431 1.77647 200.964 9.69052 13 88 1 0 1
-6.37031 2.28196 2571.43 0.175472 -1.64439 202.131 9.67844 13 89 1 0 1
-3.2237 0.135356 2571.43 0.679054 -1.01931 197.792 9.72442 13 90 1 0 1
4.33718 0.322632 2571.43 -1.6451 -0.659034 200.042 9.70021 13 91 1 0 1
5.18429 1.14142 2571.43 -1.23326 -0.984499 198.848 9.71296 13 92 1 0 1
2.77198 -0.662217 2571.43 -0.483401 -0.158784 198.942 9.71201 13 93 1 0 1
-0.416075 -0.767571 2571.43 0.204504 1.30212 199.294 9.7082 13 94 1 0 1
-3.48482 0.0389387 2571.43 1.23545 -0.512948 196.192 9.74208 13 95 1 0 1
3.20766 -0.454536 2571.43 -1.52727 -0.722223 197.324 9.72952 13 96 1 0 1
-0.25558 -0.569729 2571.43 0.107236 -0.953272 202.995 9.66966 13 97 1 0 1
-7.70582 0.642168 2571.43 1.13446 0.771588 199.218 9.70901 13 98 1 0 1
0.753543 0.0444114 2571.43 0.192434 -0.194772 198.446 9.71736 13 99 1 0 1
4.45229 0.239702 2571.43 -1.39898 0.32353 200.207 9.69849 13 100 1 0 1
-0.673352 -0.103337 2571.43 0.0807514 -0.928613 202.826 9.67138 13 101 1 0 1
1.1797 -1.24377 2571.43 0.109281 0.653038 200.606 9.69434 13 102 1 0 1
1.12293 0.777744 2571.43 0.196385 0.123606 200.048 9.70023 13 103 1 0 1
-6.80806 -1.26557 2571.43 1.71592 0.269579 200.295 9.69754 13 104 1 0 1
3.34468 1.75194 2571.43 -0.83547 -0.768997 198.057 9.72154 13 105 1 0 1
-4.66086 -0.362364 2571.43 1.528 -0.214859 200.141 9.69918 13 106 1 0 1
4.20189 0.588849 2571.43 -0.468639 -0.5279 198.933 9.7121 13 107 1 0 1
-5.56325 -0.655943 2571.43 1.76864 1.0068 199.003 9.71125 13 108 1 0 1
2.9599 -0.218786 2571.43 -2.0359 0.140613 198.848 9.71292 13 109 1 0 1
5.41726 0.217924 2571.43 -0.824038 -0.21556 199.222 9.70899 13 110 1 0 1
-2.38764 -1.62902 2571.43 -0.124935 1.11422 201.593 9.68403 13 111 1 0 1
-3.0817 -1.25914 2571.43 1.91421 1.65689 198.175 9.72012 13 112 1 0 1
-2.94909 0.536577 2571.43 0.9865 -0.782911 202.173 9.67804 13 113 1 0 1
-4.59937 0.164977 2571.43 2.24051 1.39538 197.155 9.73126 13 114 1 0 1
-1.44865 2.30946 2571.43 -0.206488 -0.0519403 199.542 9.70559 13 115 1 0 1
6.03463 1.40004 2571.43 -2.15485 -0.133723 201.265 9.68735 13 116 1 0 1
-0.00792138 0.19678 2571.43 1.08494 0.201923 201.098 9.68918 13 117 1 0 1
-2.3793 -0.0214536 2571.43 -0.143554 0.269013 200.332 9.69722 13 118 1 0 1
1.14166 -1.69052 2571.43 -0.564749 0.239979 197.783 9.72455 13 119 1 0 1
6.16086 -1.60726 2571.43 -1.69076 -0.815493 200.301 9.69746 13 120 1 0 1
5.27751 0.833685 2571.43 -0.872367 -1.43029 198.942 9.71194 13 121 1 0 1
-5.56972 -0.551471 2571.43 0.422835 0.0478099 200.781 9.69251 13 122 1 0 1
-1.43302 1.01416 2571.43 -0.08096 -0.794249 197.932 9.72292 13 123 1 0 1
-0.742059 0.692873 2571.43 0.173083 -0.741119 198.478 9.717 13 124 1 0 1
0.193983 -0.494701 2571.43 0.228658 0.118044 196.696 9.73652 13 125 1 0 1
-1.25011 0.982269 2571.43 0.46954 0.653201 200.317 9.69737 13 126 1 0 1
4.27379 -0.324719 2571.43 -1.17965 -0.110961 200.491 9.69552 13 127 1 0 1
2.46131 0.570768 2571.43 -0.579446 0.181663 199.658 9.70435 13 128 1 0 1
4.4315 0.505598 2571.43 -1.24038 -0.11147 201.571 9.68426 13 129 1 0 1
-2.70291 1.40754 2571.43 1.18925 -0.728028 200.407 9.69639 13 130 1 0 1
0.592437 -0.245466 2571.43 0.0158173 0.935644 200.884 9.69142 13 131 1 0 1
-2.75716 -0.801381 2571.43 1.39659 0.5032 200.37 9.69677 13 132 1 0 1
-2.96684 -0.263067 2571.43 0.567115 0.428714 200.246 9.69812 13 133 1 0 1
-4.82559 1.29264 2571.43 1.31521 -0.51555 199.686 9.70402 13 134 1 0 1
-6.40117 -0.429203 2571.43 1.98174 0.721167 198.001 9.72207 13 135 1 0 1
-3.46961 1.19711 2571.43 0.796207 -2.08778 201.316 9.6868 13 136 1 0 1
-1.32888 -0.39503 2571.43 0.06137 0.132845 202.188 9.67792 13 137 1 0 1
-0.219487 0.104153 2571.43 -0.332537 -0.410878 203.112 9.6685 13 138 1 0 1
-1.59032 2.24054 2571.43 -0.18371 -0.602307 200.659 9.69379 13 139 1 0 1
-5.41712 2.03601 2571.43 0.685238 -1.6156 201.129 9.6888 13 140 1 0 1
-5.45088 0.186695 2571.43 0.405215 0.175192 200.864 9.69164 13 141 1 0 1
2.66536 0.825678 2571.43 -0.680165 -1.10131 200.996 9.69022 13 142 1 0 1
-2.6966 -0.265454 2571.43 -0.117295 0.961843 199.179 9.70945 13 143 1 0 1
0.48448 0.132554 2571.43 0.452773 0.24821 201.364 9.68643 13 144 1 0 1
8.31261 0.566026 2571.43 -1.37559 0.67166 207.498 9.62528 13 145 1 0 1
-4.47386 -0.973805 2571.43 0.925615 -0.707007 200.837 9.69189 13 146 1 0 1
-5.03231 -0.0373915 2571.43 1.40007 0.480609 197.554 9.72701 13 147 1 0 1
-2.79393 0.422981 2571.43 0.465457 0.0544441 201.47 9.68533 13 148 1 0 1
-4.14086 -0.718894 2571.43 0.0827994 -0.714986 198.852 9.71297 13 149 1 0 1
8.63962 1.34681 2571.43 -1.91027 -0.937205 200.475 9.6956 13 150 1 0 1
-0.567178 -0.566512 2632.65 0.101619 -0.121013 199.745 9.93448 13 1 1 0 1
-4.7308 0.263554 2632.65 1.93261 -0.224302 200.222 9.9292 13 2 1 0 1
1.39779 -0.286831 2632.65 0.197342 0.561006 198.522 9.94787 13 3 1 0 1
-3.19421 -0.419937 2632.65 1.31538 1.13352 199.78 9.93401 13 4 1 0 1
0.950475 -0.326974 2632.65 -1.24402 -0.290393 201.743 9.91301 13 5 1 0 1
-0.583683 -0.740492 2632.65 0.43784 0.1855 197.773 9.95621 13 6 1 0 1
1.03682 1.2861 2632.65 -1.28995 -2.22842 198.152 9.95181 13 7 1 0 1
3.23683 -0.36582 2632.65 -0.769458 -1.0754 197.991 9.95373 13 8 1 0 1
-0.443506 -0.732257 2632.65 -0.0172932 0.0708094 201.277 9.91799 13 9 1 0 1
1.50295 0.394852 2632.65 -0.151615 0.433606 198.565 9.94741 13 10 1 0 1
-1.26902 -1.92025 2632.65 0.761603 -0.296485 198.36 9.94967 13 11 1 0 1
-3.18522 -0.84847 2632.65 1.64541 1.22453 201.661 9.9138 13 12 1 0 1
4.62802 0.871314 2632.65 -1.76421 -1.22598 201.894 9.91133 13 13 1 0 1
-4.71794 0.195116 2632.65 1.75617 0.232229 201.439 9.91618 13 14 1 0 1
3.17362 0.338367 2632.65 0.254625 0.555589 198.875 9.94398 13 15 1 0 1
-2.2079 0.226152 2632.65 1.3973 -0.492419 201.493 9.91564 13 16 1 0 1
-2.53389 1.46373 2632.65 0.74219 -1.54875 198.857 9.94411 13 17 1 0 1
2.01603 -0.217662 2632.65 -0.00876041 -0.0252417 200.336 9.92807 13 18 1 0 1
4.04677 0.782606 2632.65 -0.941847 0.275222 201.804 9.91237 13 19 1 0 1
1.92041 -1.65822 2632.65 0.0463993 -0.094292 199.282 9.93952 13 20 1 0 1
5.28923 1.1145 2632.65 -1.85876 -0.407086 199.689 9.93499 13 21 1 0 1
5.11548 1.82586 2632.65 -1.3804 0.685422 201.416 9.91645 13 22 1 0 1
1.52314 0.185909 2632.65 -0.906927 -0.553007 203.447 9.89521 13 23 1 0 1
-3.69518 -0.0184558 2632.65 1.08482 1.19148 199.265 9.93964 13 24 1 0 1
-0.357381 0.967933 2632.65 -0.631734 0.235233 201.769 9.91276 13 25 1 0 1
1.25795 -1.24796 2632.65 0.920428 0.192793 197.391 9.96047 13 26 1 0 1
-0.224157 0.922862 2632.65 0.281623 1.58758 201.975 9.91053 13 27 1 0 1
2.77787 -0.2533 2632.65 -0.0792809 0.612338 198.956 9.94309 13 28 1 0 1
-3.98812 -1.66811 2632.65 1.56608 -0.235752 198.772 9.94506 13 29 1 0 1
0.193912 -0.10695 2632.65 -1.03578 -0.354807 201.645 9.91405 13 30 1 0 1
4.72665 -0.0632241 2632.65 -1.76225 -0.989399 201.024 9.92058 13 31 1 0 1
1.23039 -0.407306 2632.65 -0.882416 0.985978 201.395 9.91669 13 32 1 0 1
4.5127 -1.92143 2632.65 -1.27987 0.172985 200.483 9.92644 13 33 1 0 1
-0.909796 -0.53604 2632.65 0.402623 1.28748 201.034 9.92053 13 34 1 0 1
3.64263 0.250637 2632.65 -1.64676 -1.51022 200.447 9.92674 13 35 1 0 1
-1.51879 0.671106 2632.65 1.09137 0.564449 201.033 9.92056 13 36 1 0 1
-1.45358 -0.0942051 2632.65 -0.370405 0.391198 198.509 9.94803 13 37 1 0 1
1.98228 -0.172381 2632.65 -0.43078 -0.519824 202.029 9.91002 13 38 1 0 1
-2.12995 -1.93486 2632.65 0.991318 -0.0758925 196.273 9.97313 13 39 1 0 1
2.1137 -1.59364 2632.65 -0.958609 -0.153722 199.98 9.93189 13 40 1 0 1
7.11028 0.316178 2632.65 -2.84641 0.318787 198.598 9.94682 13 41 1 0 1
0.0506101 1.73729 2632.65 -0.194568 0.254543 204.005 9.88949 13 42 1 0 1
0.404339 0.0455843 2632.65 0.943779 -0.91103 206.326 9.86603 13 43 1 0 1
-3.67024 -0.243046 2632.65 0.431913 -0.493648 201.386 9.91682 13 44 1 0 1
4.09288 0.841049 2632.65 -1.67195 -1.39023 202.469 9.90529 13 45 1 0 1
0.458558 -1.18307 2632.65 -1.38939 -0.0812571 204.248 9.88695 13 46 1 0 1
2.0117 1.08332 2632.65 -0.546441 -1.04562 200.09 9.93069 13 47 1 0 1
1.96781 1.12339 2632.65 -0.362185 -0.370999 198.444 9.94875 13 48 1 0 1
-3.44416 0.96237 2632.65 1.65747 -2.00099 200.883 9.92202 13 49 1 0 1
5.0322 0.0469959 2632.65 -1.78105 0.875186 198.501 9.94801 13 50 1 0 1
-1.37804 -0.707483 2632.65 1.48214 0.872581 206.653 9.86275 13 51 1 0 1
0.232814 0.0992011 2632.65 0.299939 0.280733 204.632 9.88309 13 52 1 0 1
4.17812 -0.248361 2632.65 -2.39764 -0.364399 201.552 9.91492 13 53 1 0 1
-5.65612 0.619603 2632.65 0.690046 -1.64787 199.786 9.93395 13 54 1 0 1
0.71206 2.0856 2632.65 -0.731675 -0.993043 200.655 9.92461 13 55 1 0 1
1.75654 -0.0690687 2632.65 -0.0366881 0.701381 202.697 9.90301 13 56 1 0 1
-0.808413 0.651764 2632.65 -0.105269 -0.421255 195.668 9.98009 13 57 1 0 1
0.649377 0.715477 2632.65 -0.0851566 -0.289915 200.743 9.92369 13 58 1 0 1
5.65342 0.653632 2632.65 -2.04 -0.418814 199.85 9.93322 13 59 1 0 1
-4.21774 -1.59238 2632.65 1.4779 -0.0119873 201.882 9.91153 13 60 1 0 1
3.00282 0.776062 2632.65 -1.53611 0.622583 200.617 9.92498 13 61 1 0 1
0.955033 -1.07044 2632.65 -0.800478 1.68012 196.186 9.97406 13 62 1 0 1
1.59118 -0.397937 2632.65 -0.832764 -0.0152529 200.779 9.92329 13 63 1 0 1
-7.32265 -1.3371 2632.65 2.00573 0.635649 203.795 9.89153 13 64 1 0 1
4.79263 1.40997 2632.65 -3.05167 0.746044 203.203 9.89751 13 65 1 0 1
0.207705 -1.1389 2632.65 -0.756926 1.68662 196.209 9.97379 13 66 1 0 1
0.563333 0.364417 2632.65 -0.660419 0.114369 202.746 9.9025 13 67 1 0 1
-4.49595 0.173932 2632.65 1.83933 1.6046 200.406 9.92715 13 68 1 0 1
0.285899 -0.272783 2632.65 -0.519926 0.552807 198.111 9.95243 13 69 1 0 1
6.21311 0.592398 2632.65 -1.7726 -0.121458 198.423 9.94889 13 70 1 0 1
3.95831 0.0227368 2632.65 -1.54444 0.40714 201.226 9.91846 13 71 1 0 1
0.0368257 -0.654344 2632.65 0.455256 -0.189228 201.344 9.91727 13 72 1 0 1
-0.852284 0.907848 2632.65 -0.210759 -0.780917 198.029 9.95334 13 73 1 0 1
2.81495 -2.40575 2632.65 -1.05676 1.28079 200.042 9.93118 13 74 1 0 1
-5.28696 1.29249 2632.65 1.69415 -0.0129015 199.492 9.93715 13 75 1 0 1
0.690382 0.872891 2632.65 -0.54174 -0.650673 203.572 9.89393 13 76 1 0 1
-0.977166 -0.705212 2632.65 -0.148028 -0.354302 198.63 9.94669 13 77 1 0 1
1.97846 -1.41427 2632.65 -0.277336 0.596668 198.898 9.94373 13 78 1 0 1
3.28298 -0.90461 2632.65 -1.69619 -0.388897 201.637 9.91409 13 79 1 0 1
-0.644025 0.37336 2632.65 -0.486555 0.504231 198.151 9.95199 13 80 1 0 1
-1.99166 0.313931 2632.65 0.879183 -1.85399 200.337 9.92795 13 81 1 0 1
-1.35114 0.338205 2632.65 1.11807 0.547527 198.656 9.94636 13 82 1 0 1
1.4523 0.636121 2632.65 -1.45565 -0.266242 200.134 9.93019 13 83 1 0 1
0.712739 -0.527368 2632.65 -0.237141 0.9724 199.368 9.93856 13 84 1 0 1
-3.57807 -1.39312 2632.65 1.73379 0.403617 198.497 9.94807 13 85 1 0 1
0.0546037 0.0168177 2632.65 -0.0547688 -0.0749848 196.571 9.96977 13 86 1 0 1
3.06339 -2.25146 2632.65 -0.718348 0.897686 199.359 9.93865 13 87 1 0 1
-0.113229 0.908197 2632.65 0.0475483 1.75249 200.964 9.92125 13 88 1 0 1
-6.23573 1.77182 2632.65 0.711233 -1.72086 202.129 9.90888 13 89 1 0 1
-2.97309 -0.180331 2632.65 0.936765 -1.01847 197.791 9.95596 13 90 1 0 1
3.78024 0.119472 2632.65 -1.9865 -0.667279 200.038 9.93117 13 91 1 0 1
4.73975 0.832363 2632.65 -1.64817 -1.02112 198.845 9.94422 13 92 1 0 1
2.58832 -0.707212 2632.65 -0.707621 -0.133354 198.942 9.94324 13 93 1 0 1
-0.348186 -0.363934 2632.65 0.23653 1.32317 199.294 9.93935 13 94 1 0 1
-3.05625 -0.121051 2632.65 1.50527 -0.511439 196.19 9.97403 13 95 1 0 1
2.69469 -0.675604 2632.65 -1.77214 -0.701401 197.322 9.96117 13 96 1 0 1
-0.220099 -0.853445 2632.65 0.127539 -0.926308 202.995 9.89989 13 97 1 0 1
-7.25989 0.875182 2632.65 1.7613 0.743357 199.214 9.94017 13 98 1 0 1
0.802999 -0.0158184 2632.65 0.127486 -0.195301 198.446 9.94872 13 99 1 0 1
3.96923 0.337083 2632.65 -1.75347 0.312747 200.205 9.92941 13 100 1 0 1
-0.64045 -0.382523 2632.65 0.136781 -0.919415 202.826 9.90166 13 101 1 0 1
1.19779 -1.03775 2632.65 0.00899833 0.695758 200.606 9.92516 13 102 1 0 1
1.16838 0.811065 2632.65 0.100006 0.0939395 200.048 9.93119 13 103 1 0 1
-6.19853 -1.17611 2632.65 2.26362 0.315218 200.29 9.92843 13 104 1 0 1
3.04464 1.50468 2632.65 -1.10154 -0.829194 198.056 9.95301 13 105 1 0 1
-4.13569 -0.425899 2632.65 1.89815 -0.20013 200.138 9.93012 13 106 1 0 1
4.00442 0.423331 2632.65 -0.811891 -0.546692 198.932 9.94334 13 107 1 0 1
-4.95013 -0.343044 2632.65 2.2085 1.02533 198.999 9.94247 13 108 1 0 1
2.29779 -0.174326 2632.65 -2.2557 0.147908 198.845 9.94418 13 109 1 0 1
5.09567 0.150562 2632.65 -1.2644 -0.222409 199.22 9.94016 13 110 1 0 1
-2.39482 -1.28198 2632.65 0.0777817 1.16899 201.593 9.9146 13 111 1 0 1
-2.45335 -0.741053 2632.65 2.14482 1.69386 198.173 9.95155 13 112 1 0 1
-2.61382 0.296877 2632.65 1.22297 -0.798634 202.172 9.90847 13 113 1 0 1
-3.84763 0.596533 2632.65 2.59062 1.38134 197.151 9.96295 13 114 1 0 1
-1.49316 2.28038 2632.65 -0.0830602 -0.137426 199.543 9.93668 13 115 1 0 1
5.30458 1.35145 2632.65 -2.63463 -0.185406 201.259 9.918 13 116 1 0 1
0.321081 0.257017 2632.65 1.0717 0.193405 201.098 9.91987 13 117 1 0 1
-2.39248 0.0607265 2632.65 0.0574454 0.268278 200.332 9.92811 13 118 1 0 1
0.952955 -1.60673 2632.65 -0.651856 0.300849 197.783 9.95609 13 119 1 0 1
5.5673 -1.84689 2632.65 -2.18466 -0.750898 200.297 9.92835 13 120 1 0 1
4.94254 0.389597 2632.65 -1.29986 -1.45298 198.94 9.94317 13 121 1 0 1
-5.36995 -0.533774 2632.65 0.884667 0.0681476 200.779 9.92329 13 122 1 0 1
-1.43958 0.763161 2632.65 0.0385916 -0.827084 197.932 9.95442 13 123 1 0 1
-0.679385 0.460742 2632.65 0.232403 -0.76249 198.478 9.94836 13 124 1 0 1
0.262365 -0.455207 2632.65 0.209785 0.135484 196.696 9.96835 13 125 1 0 1
-1.09119 1.17593 2632.65 0.568154 0.612848 200.317 9.92826 13 126 1 0 1
3.86031 -0.356687 2632.65 -1.52253 -0.0982085 200.488 9.92637 13 127 1 0 1
2.25284 0.623113 2632.65 -0.777347 0.159414 199.658 9.93541 13 128 1 0 1
3.99956 0.468921 2632.65 -1.59769 -0.129803 201.568 9.91483 13 129 1 0 1
-2.3065 1.17753 2632.65 1.40033 -0.776378 200.405 9.92726 13 130 1 0 1
0.589643 0.0405531 2632.65 -0.034112 0.939486 200.884 9.92217 13 131 1 0 1
-2.2969 -0.643347 2632.65 1.60951 0.530216 200.369 9.92765 13 132 1 0 1
-2.75616 -0.130738 2632.65 0.808075 0.436073 200.245 9.92903 13 133 1 0 1
-4.36221 1.12749 2632.65 1.70095 -0.560649 199.683 9.93507 13 134 1 0 1
-5.70896 -0.204185 2632.65 2.48584 0.732852 197.995 9.95354 13 135 1 0 1
-3.18402 0.556553 2632.65 1.07784 -2.12071 201.315 9.91744 13 136 1 0 1
-1.29334 -0.352626 2632.65 0.172847 0.146955 202.188 9.90835 13 137 1 0 1
-0.316482 -0.0200581 2632.65 -0.309648 -0.412473 203.112 9.8987 13 138 1 0 1
-1.62575 2.04433 2632.65 -0.0480204 -0.682559 200.658 9.92459 13 139 1 0 1
-5.13999 1.53354 2632.65 1.13168 -1.68259 201.127 9.91949 13 140 1 0 1
-5.25803 0.238929 2632.65 0.857493 0.167211 200.862 9.9224 13 141 1 0 1
2.4249 0.486142 2632.65 -0.895286 -1.12592 200.995 9.92094 13 142 1 0 1
-2.69794 0.0311524 2632.65 0.108629 0.966198 199.179 9.94063 13 143 1 0 1
0.615346 0.207122 2632.65 0.406207 0.241825 201.364 9.91706 13 144 1 0 1
7.80191 0.760601 2632.65 -2.07859 0.645949 207.493 9.85445 13 145 1 0 1
-4.13555 -1.18337 2632.65 1.28917 -0.666563 200.835 9.92265 13 146 1 0 1
-4.53576 0.111485 2632.65 1.79749 0.479235 197.551 9.9586 13 147 1 0 1
-2.61727 0.437082 2632.65 0.694683 0.0382705 201.469 9.91594 13 148 1 0 1
-4.06239 -0.934511 2632.65 0.425788 -0.684296 198.852 9.94423 13 149 1 0 1
7.94798 1.05346 2632.65 -2.60938 -0.98208 200.467 9.92645 13 150 1 0 1
-0.528893 -0.600302 2693.88 0.147653 -0.0992593 199.745 10.1655 13 1 1 0 1
-4.08172 0.193593 2693.88 2.30357 -0.232841 200.218 10.1601 13 2 1 0 1
1.44047 -0.11251 2693.88 0.0788681 0.568406 198.523 10.1792 13 3 1 0 1
-2.75188 -0.0708232 2693.88 1.56514 1.14266 199.778 10.165 13 4 1 0 1
0.562374 -0.413069 2693.88 -1.30819 -0.276457 201.742 10.1435 13 5 1 0 1
-0.441239 -0.678953 2693.88 0.48046 0.211703 197.773 10.1877 13 6 1 0 1
0.626672 0.591543 2693.88 -1.35925 -2.26314 198.151 10.1832 13 7 1 0 1
2.95842 -0.695646 2693.88 -1.02736 -1.05578 197.99 10.1852 13 8 1 0 1
-0.443059 -0.706582 2693.88 0.0202272 0.0978409 201.277 10.1486 13 9 1 0 1
1.43714 0.526041 2693.88 -0.274366 0.416538 198.565 10.1787 13 10 1 0 1
-1.01869 -2.00064 2693.88 0.857017 -0.22389 198.359 10.1811 13 11 1 0 1
-2.64699 -0.472569 2693.88 1.89268 1.24938 201.659 10.1444 13 12 1 0 1
4.03599 0.495273 2693.88 -2.13197 -1.25171 201.891 10.1418 13 13 1 0 1
-4.12599 0.264451 2693.88 2.13072 0.223584 201.436 10.1468 13 14 1 0 1
3.21099 0.507152 2693.88 -0.0123549 0.539894 198.876 10.1752 13 15 1 0 1
-1.75684 0.0755235 2693.88 1.56526 -0.49809 201.492 10.1462 13 16 1 0 1
-2.27388 0.979456 2693.88 0.943209 -1.59409 198.856 10.1754 13 17 1 0 1
1.98752 -0.22412 2693.88 -0.177403 -0.0169807 200.336 10.159 13 18 1 0 1
3.71037 0.861482 2693.88 -1.27099 0.244251 201.803 10.1429 13 19 1 0 1
1.90999 -1.67767 2693.88 -0.114101 -0.0322418 199.282 10.1707 13 20 1 0 1
4.65397 0.983566 2693.88 -2.2762 -0.446182 199.684 10.166 13 21 1 0 1
4.63211 2.02339 2693.88 -1.79319 0.613047 201.413 10.1471 13 22 1 0 1
1.23185 0.0187453 2693.88 -1.02478 -0.556891 203.446 10.1253 13 23 1 0 1
-3.31593 0.347038 2693.88 1.37856 1.18536 199.263 10.1708 13 24 1 0 1
-0.543673 1.03365 2693.88 -0.593508 0.197538 201.769 10.1433 13 25 1 0 1
1.52609 -1.18116 2693.88 0.804881 0.237549 197.392 10.1921 13 26 1 0 1
-0.13628 1.39792 2693.88 0.296931 1.54383 201.975 10.141 13 27 1 0 1
2.71797 -0.0637798 2693.88 -0.309189 0.618226 198.955 10.1743 13 28 1 0 1
-3.45669 -1.73107 2693.88 1.87721 -0.172684 198.769 10.1763 13 29 1 0 1
-0.121718 -0.213863 2693.88 -1.03884 -0.348769 201.645 10.1446 13 30 1 0 1
4.13164 -0.363625 2693.88 -2.13663 -0.981373 201.02 10.1513 13 31 1 0 1
0.947509 -0.105814 2693.88 -0.974639 0.995622 201.395 10.1473 13 32 1 0 1
4.06568 -1.85774 2693.88 -1.64147 0.243701 200.481 10.1573 13 33 1 0 1
-0.77604 -0.14163 2693.88 0.473883 1.30019 201.034 10.1512 13 34 1 0 1
3.09511 -0.211197 2693.88 -1.93071 -1.51094 200.444 10.1576 13 35 1 0 1
-1.16837 0.838854 2693.88 1.20495 0.536114 201.032 10.1513 13 36 1 0 1
-1.5487 0.0267569 2693.88 -0.245092 0.392448 198.509 10.1794 13 37 1 0 1
1.82688 -0.32863 2693.88 -0.592589 -0.510376 202.029 10.1405 13 38 1 0 1
-1.79474 -1.94745 2693.88 1.15328 -0.00476874 196.272 10.2051 13 39 1 0 1
1.79438 -1.63153 2693.88 -1.12293 -0.0935202 199.98 10.1629 13 40 1 0 1
6.14539 0.412465 2693.88 -3.39979 0.305267 198.589 10.1781 13 41 1 0 1
-0.0081813 1.80363 2693.88 -0.196388 0.187118 204.005 10.1195 13 42 1 0 1
0.678012 -0.224498 2693.88 0.896824 -0.907585 206.326 10.0955 13 43 1 0 1
-3.49245 -0.391451 2693.88 0.735207 -0.481719 201.385 10.1474 13 44 1 0 1
3.537 0.416661 2693.88 -1.99674 -1.41397 202.466 10.1356 13 45 1 0 1
0.0379848 -1.20063 2693.88 -1.41071 -0.0358134 204.248 10.1169 13 46 1 0 1
1.81943 0.757803 2693.88 -0.70762 -1.08 200.09 10.1616 13 47 1 0 1
1.83132 1.00274 2693.88 -0.520704 -0.41038 198.443 10.1801 13 48 1 0 1
-2.89701 0.348185 2693.88 1.92528 -2.02554 200.88 10.1528 13 49 1 0 1
4.42071 0.316151 2693.88 -2.17555 0.86844 198.497 10.1794 13 50 1 0 1
-0.923147 -0.445423 2693.88 1.58213 0.894816 206.653 10.0921 13 51 1 0 1
0.319186 0.182469 2693.88 0.276188 0.275353 204.632 10.1129 13 52 1 0 1
3.39936 -0.357426 2693.88 -2.71871 -0.352996 201.548 10.1455 13 53 1 0 1
-5.37306 0.112038 2693.88 1.15334 -1.66149 199.783 10.165 13 54 1 0 1
0.480636 1.77128 2693.88 -0.781993 -1.06527 200.654 10.1554 13 55 1 0 1
1.72299 0.142774 2693.88 -0.184985 0.699986 202.697 10.1333 13 56 1 0 1
-0.830848 0.516486 2693.88 -0.037827 -0.442591 195.668 10.2122 13 57 1 0 1
0.615193 0.623144 2693.88 -0.138533 -0.314997 200.743 10.1545 13 58 1 0 1
4.95867 0.521843 2693.88 -2.48587 -0.44073 199.845 10.1642 13 59 1 0 1
-3.71739 -1.58693 2693.88 1.8147 0.0479211 201.879 10.142 13 60 1 0 1
2.49755 0.961275 2693.88 -1.76811 0.590046 200.615 10.1558 13 61 1 0 1
0.694051 -0.541005 2693.88 -0.868501 1.70963 196.185 10.206 13 62 1 0 1
1.31793 -0.400309 2693.88 -0.955574 -0.000293308 200.779 10.1541 13 63 1 0 1
-6.6288 -1.13888 2693.88 2.60347 0.682724 203.789 10.1216 13 64 1 0 1
3.81567 1.62628 2693.88 -3.41938 0.688437 203.197 10.1277 13 65 1 0 1
-0.0301367 -0.607113 2693.88 -0.76425 1.7186 196.209 10.2057 13 66 1 0 1
0.357534 0.396809 2693.88 -0.699676 0.0999631 202.746 10.1328 13 67 1 0 1
-3.87881 0.662216 2693.88 2.19219 1.58893 200.403 10.158 13 68 1 0 1
0.122243 -0.100711 2693.88 -0.536927 0.559713 198.111 10.1839 13 69 1 0 1
5.58886 0.551614 2693.88 -2.26493 -0.142642 198.418 10.1803 13 70 1 0 1
3.43967 0.146247 2693.88 -1.85743 0.403961 201.224 10.1491 13 71 1 0 1
0.174195 -0.708043 2693.88 0.446322 -0.163624 201.344 10.1479 13 72 1 0 1
-0.90624 0.661694 2693.88 -0.137537 -0.809928 198.029 10.1848 13 73 1 0 1
2.45682 -2.00077 2693.88 -1.27849 1.36306 200.04 10.1621 13 74 1 0 1
-4.70148 1.28116 2693.88 2.11308 -0.0608226 199.488 10.1683 13 75 1 0 1
0.5193 0.672594 2693.88 -0.593518 -0.680038 203.571 10.124 13 76 1 0 1
-1.01007 -0.81019 2693.88 -0.0650317 -0.326207 198.63 10.178 13 77 1 0 1
1.86809 -1.22289 2693.88 -0.438201 0.645626 198.898 10.175 13 78 1 0 1
2.72808 -1.01731 2693.88 -1.95102 -0.352721 201.635 10.1446 13 79 1 0 1
-0.785462 0.52673 2693.88 -0.426998 0.487584 198.151 10.1834 13 80 1 0 1
-1.69859 -0.253375 2693.88 1.03463 -1.85512 200.337 10.1588 13 81 1 0 1
-0.990717 0.504699 2693.88 1.21588 0.531896 198.656 10.1777 13 82 1 0 1
0.990276 0.551199 2693.88 -1.55843 -0.288421 200.133 10.1611 13 83 1 0 1
0.63109 -0.226311 2693.88 -0.293474 0.986424 199.367 10.1697 13 84 1 0 1
-2.99972 -1.26092 2693.88 2.00829 0.452783 198.494 10.1794 13 85 1 0 1
0.0369183 -0.00658881 2693.88 -0.0585515 -0.0751725 196.571 10.2016 13 86 1 0 1
2.80445 -1.96346 2693.88 -0.964308 0.97611 199.357 10.1698 13 87 1 0 1
-0.0973542 1.43591 2693.88 0.0564467 1.70853 200.964 10.152 13 88 1 0 1
-5.94129 1.24146 2693.88 1.22874 -1.77768 202.126 10.1393 13 89 1 0 1
-2.64625 -0.493962 2693.88 1.17046 -1.00602 197.79 10.1875 13 90 1 0 1
3.12639 -0.0850508 2693.88 -2.27696 -0.667911 200.035 10.1621 13 91 1 0 1
4.17369 0.513811 2693.88 -2.0208 -1.04608 198.841 10.1755 13 92 1 0 1
2.3383 -0.74414 2693.88 -0.913698 -0.106404 198.941 10.1745 13 93 1 0 1
-0.27137 0.0438548 2693.88 0.262492 1.32912 199.294 10.1705 13 94 1 0 1
-2.54934 -0.27966 2693.88 1.7365 -0.504096 196.188 10.206 13 95 1 0 1
2.11265 -0.888966 2693.88 -1.97158 -0.672579 197.32 10.1928 13 96 1 0 1
-0.178976 -1.12742 2693.88 0.144573 -0.888776 202.996 10.1301 13 97 1 0 1
-6.62785 1.09821 2693.88 2.34295 0.706642 199.208 10.1713 13 98 1 0 1
0.83187 -0.0758678 2693.88 0.0592692 -0.193603 198.446 10.1801 13 99 1 0 1
3.38442 0.43062 2693.88 -2.063 0.298397 200.202 10.1603 13 100 1 0 1
-0.591129 -0.657345 2693.88 0.189304 -0.899729 202.826 10.1319 13 101 1 0 1
1.18517 -0.819887 2693.88 -0.091515 0.73054 200.605 10.156 13 102 1 0 1
1.18388 0.835135 2693.88 0.00106368 0.0632012 200.048 10.1621 13 103 1 0 1
-5.43009 -1.07323 2693.88 2.75326 0.357258 200.283 10.1593 13 104 1 0 1
2.66656 1.24026 2693.88 -1.33936 -0.879931 198.054 10.1845 13 105 1 0 1
-3.5045 -0.484575 2693.88 2.21963 -0.183119 200.134 10.161 13 106 1 0 1
3.70428 0.252983 2693.88 -1.13432 -0.559245 198.93 10.1746 13 107 1 0 1
-4.21011 -0.0262326 2693.88 2.59173 1.03216 198.994 10.1737 13 108 1 0 1
1.57678 -0.127877 2693.88 -2.41768 0.153515 198.844 10.1754 13 109 1 0 1
4.64343 0.0814819 2693.88 -1.67233 -0.22672 199.217 10.1713 13 110 1 0 1
-2.3406 -0.920314 2693.88 0.278504 1.21043 201.593 10.1452 13 111 1 0 1
-1.7621 -0.214512 2693.88 2.32045 1.71152 198.171 10.183 13 112 1 0 1
-2.21154 0.0537904 2693.88 1.42808 -0.805246 202.171 10.1389 13 113 1 0 1
-2.99724 1.02128 2693.88 2.87431 1.35154 197.147 10.1947 13 114 1 0 1
-1.4994 2.22528 2693.88 0.0424973 -0.221345 199.542 10.1678 13 115 1 0 1
4.43854 1.28745 2693.88 -3.04685 -0.234972 201.253 10.1486 13 116 1 0 1
0.641852 0.314321 2693.88 1.03099 0.182682 201.098 10.1506 13 117 1 0 1
-2.34433 0.142214 2693.88 0.256972 0.264483 200.332 10.159 13 118 1 0 1
0.739819 -1.50462 2693.88 -0.722251 0.358287 197.783 10.1876 13 119 1 0 1
4.83101 -2.06544 2693.88 -2.62252 -0.677738 200.292 10.1592 13 120 1 0 1
4.48086 -0.0589359 2693.88 -1.69401 -1.4591 198.937 10.1744 13 121 1 0 1
-5.0325 -0.509989 2693.88 1.32381 0.0877072 200.777 10.1541 13 122 1 0 1
-1.40924 0.503461 2693.88 0.157154 -0.850484 197.932 10.1859 13 123 1 0 1
-0.599293 0.223356 2693.88 0.285766 -0.775163 198.478 10.1797 13 124 1 0 1
0.324022 -0.410519 2693.88 0.185533 0.151378 196.696 10.2002 13 125 1 0 1
-0.9043 1.35618 2693.88 0.652202 0.565504 200.316 10.1592 13 126 1 0 1
3.34787 -0.384586 2693.88 -1.82637 -0.0843357 200.486 10.1572 13 127 1 0 1
1.98661 0.668349 2693.88 -0.955318 0.135346 199.657 10.1665 13 128 1 0 1
3.46508 0.426895 2693.88 -1.91404 -0.146655 201.565 10.1454 13 129 1 0 1
-1.85096 0.934074 2693.88 1.5755 -0.815871 200.404 10.1581 13 130 1 0 1
0.571733 0.32611 2693.88 -0.0831668 0.932611 200.884 10.1529 13 131 1 0 1
-1.77777 -0.477973 2693.88 1.78116 0.551183 200.367 10.1585 13 132 1 0 1
-2.47482 0.0030822 2693.88 1.02832 0.438457 200.244 10.1599 13 133 1 0 1
-3.787 0.94949 2693.88 2.04307 -0.599351 199.679 10.1661 13 134 1 0 1
-4.87039 0.0231619 2693.88 2.92618 0.736175 197.989 10.185 13 135 1 0 1
-2.81682 -0.0903526 2693.88 1.33184 -2.12946 201.313 10.1481 13 136 1 0 1
-1.22464 -0.3062 2693.88 0.279894 0.159388 202.188 10.1388 13 137 1 0 1
-0.405364 -0.14404 2693.88 -0.27882 -0.409362 203.112 10.1289 13 138 1 0 1
-1.6195 1.82481 2693.88 0.0888998 -0.755024 200.658 10.1554 13 139 1 0 1
-4.73108 1.01357 2693.88 1.5491 -1.73038 201.123 10.1502 13 140 1 0 1
-4.93038 0.288436 2693.88 1.28778 0.157322 200.86 10.1531 13 141 1 0 1
2.12228 0.14106 2693.88 -1.08745 -1.13768 200.994 10.1517 13 142 1 0 1
-2.6301 0.327404 2693.88 0.331768 0.959531 199.179 10.1718 13 143 1 0 1
0.730437 0.279328 2693.88 0.349227 0.232683 201.364 10.1477 13 144 1 0 1
7.0912 0.946499 2693.88 -2.72826 0.612865 207.485 10.0836 13 145 1 0 1
-3.69122 -1.37943 2693.88 1.61966 -0.618514 200.833 10.1534 13 146 1 0 1
-3.92293 0.25909 2693.88 2.1488 0.472394 197.547 10.1902 13 147 1 0 1
-2.37352 0.446197 2693.88 0.906097 0.0216604 201.468 10.1465 13 148 1 0 1
-3.87979 -1.13947 2693.88 0.757857 -0.645799 198.851 10.1755 13 149 1 0 1
7.05258 0.748081 2693.88 -3.24152 -1.01574 200.458 10.1573 13 150 1 0 1
-0.47705 -0.627245 2755.1 0.189902 -0.0763729 199.745 10.3965 13 1 1 0 1
-3.32801 0.121424 2755.1 2.61546 -0.238724 200.215 10.391 13 2 1 0 1
1.44622 0.0630955 2755.1 -0.0416282 0.569322 198.523 10.4106 13 3 1 0 1
-2.239 0.279099 2755.1 1.77477 1.13877 199.776 10.3961 13 4 1 0 1
0.159855 -0.494453 2755.1 -1.33883 -0.259368 201.742 10.3741 13 5 1 0 1
-0.287483 -0.609668 2755.1 0.510763 0.235491 197.773 10.4193 13 6 1 0 1
0.200454 -0.109764 2755.1 -1.39371 -2.27204 198.15 10.4147 13 7 1 0 1
2.60417 -1.01754 2755.1 -1.25893 -1.02412 197.989 10.4167 13 8 1 0 1
-0.431253 -0.672848 2755.1 0.057229 0.123756 201.277 10.3793 13 9 1 0 1
1.33448 0.65123 2755.1 -0.390084 0.394718 198.564 10.4101 13 10 1 0 1
-0.742241 -2.0582 2755.1 0.93046 -0.148742 198.359 10.4124 13 11 1 0 1
-2.04089 -0.0912767 2755.1 2.09144 1.25998 201.657 10.3749 13 12 1 0 1
3.34049 0.113581 2755.1 -2.44506 -1.26316 201.887 10.3723 13 13 1 0 1
-3.42826 0.33077 2755.1 2.45063 0.212389 201.432 10.3774 13 14 1 0 1
3.16604 0.670151 2755.1 -0.279018 0.51804 198.876 10.4065 13 15 1 0 1
-1.26074 -0.0759669 2755.1 1.6931 -0.498079 201.491 10.3768 13 16 1 0 1
-1.95558 0.484008 2755.1 1.12005 -1.62125 198.855 10.4066 13 17 1 0 1
1.90806 -0.228021 2755.1 -0.341497 -0.00852606 200.336 10.3898 13 18 1 0 1
3.27886 0.93053 2755.1 -1.56754 0.210495 201.801 10.3734 13 19 1 0 1
1.8506 -1.67799 2755.1 -0.271677 0.0301763 199.282 10.4018 13 20 1 0 1
3.8994 0.841414 2755.1 -2.63526 -0.480185 199.68 10.3971 13 21 1 0 1
4.02998 2.19785 2755.1 -2.15999 0.53368 201.41 10.3777 13 22 1 0 1
0.90899 -0.148632 2755.1 -1.11635 -0.554424 203.446 10.3554 13 23 1 0 1
-2.85166 0.708573 2755.1 1.63696 1.16572 199.261 10.4019 13 24 1 0 1
-0.716027 1.08759 2755.1 -0.540066 0.157588 201.77 10.3738 13 25 1 0 1
1.75511 -1.10088 2755.1 0.668699 0.279595 197.392 10.4237 13 26 1 0 1
-0.04491 1.85704 2755.1 0.304626 1.48247 201.976 10.3715 13 27 1 0 1
2.58839 0.126468 2755.1 -0.531169 0.61706 198.955 10.4056 13 28 1 0 1
-2.83664 -1.77429 2755.1 2.1402 -0.107648 198.766 10.4076 13 29 1 0 1
-0.434228 -0.318337 2755.1 -1.01527 -0.338752 201.645 10.3752 13 30 1 0 1
3.43071 -0.659878 2755.1 -2.45623 -0.962152 201.017 10.382 13 31 1 0 1
0.640338 0.196886 2755.1 -1.04188 0.993908 201.395 10.3779 13 32 1 0 1
3.51442 -1.77286 2755.1 -1.96097 0.311635 200.478 10.3881 13 33 1 0 1
-0.62239 0.254395 2755.1 0.532994 1.29808 201.034 10.382 13 34 1 0 1
2.46823 -0.670622 2755.1 -2.16516 -1.49443 200.442 10.3885 13 35 1 0 1
-0.787992 0.997033 2755.1 1.28764 0.501664 201.032 10.382 13 36 1 0 1
-1.60412 0.147414 2755.1 -0.113496 0.389221 198.509 10.4107 13 37 1 0 1
1.62465 -0.48113 2755.1 -0.739206 -0.495105 202.028 10.3709 13 38 1 0 1
-1.41352 -1.93783 2755.1 1.28568 0.0664088 196.271 10.437 13 39 1 0 1
1.42906 -1.6508 2755.1 -1.25847 -0.0322525 199.979 10.3938 13 40 1 0 1
5.02296 0.504046 2755.1 -3.86597 0.288266 198.581 10.4095 13 41 1 0 1
-0.0667629 1.84939 2755.1 -0.193173 0.117559 204.005 10.3495 13 42 1 0 1
0.934304 -0.492019 2755.1 0.826879 -0.893788 206.326 10.3249 13 43 1 0 1
-3.22512 -0.535391 2755.1 1.01965 -0.464295 201.384 10.3781 13 44 1 0 1
2.89044 -0.0124795 2755.1 -2.27033 -1.42159 202.463 10.366 13 45 1 0 1
-0.383562 -1.2045 2755.1 -1.39587 0.0100388 204.248 10.3468 13 46 1 0 1
1.58051 0.423644 2755.1 -0.850658 -1.10206 200.089 10.3926 13 47 1 0 1
1.64788 0.870649 2755.1 -0.665873 -0.445079 198.443 10.4115 13 48 1 0 1
-2.2756 -0.269973 2755.1 2.14374 -2.02698 200.878 10.3835 13 49 1 0 1
3.69589 0.5817 2755.1 -2.51426 0.851788 198.493 10.4107 13 50 1 0 1
-0.444586 -0.178282 2755.1 1.64155 0.906844 206.652 10.3215 13 51 1 0 1
0.397375 0.263655 2755.1 0.245357 0.266832 204.632 10.3428 13 52 1 0 1
2.53345 -0.462413 2755.1 -2.97008 -0.337567 201.544 10.3761 13 53 1 0 1
-4.95225 -0.396804 2755.1 1.58706 -1.65616 199.78 10.396 13 54 1 0 1
0.23689 1.43676 2755.1 -0.812264 -1.12536 200.654 10.3862 13 55 1 0 1
1.64526 0.352987 2755.1 -0.328539 0.690606 202.697 10.3636 13 56 1 0 1
-0.831984 0.375317 2755.1 0.030585 -0.458878 195.668 10.4443 13 57 1 0 1
0.565237 0.523702 2755.1 -0.188357 -0.336485 200.743 10.3853 13 58 1 0 1
4.13679 0.384101 2755.1 -2.86798 -0.457617 199.839 10.3952 13 59 1 0 1
-3.12174 -1.56337 2755.1 2.10498 0.107281 201.876 10.3725 13 60 1 0 1
1.92824 1.13552 2755.1 -1.95478 0.550778 200.614 10.3866 13 61 1 0 1
0.415276 -0.00540225 2755.1 -0.91426 1.71963 196.185 10.438 13 62 1 0 1
1.0109 -0.398115 2755.1 -1.05389 0.0146695 200.778 10.3848 13 63 1 0 1
-5.76501 -0.927661 2755.1 3.13442 0.722006 203.781 10.3516 13 64 1 0 1
2.74089 1.82404 2755.1 -3.69942 0.622983 203.193 10.3579 13 65 1 0 1
-0.267205 -0.0684028 2755.1 -0.751983 1.73097 196.209 10.4377 13 66 1 0 1
0.142569 0.424675 2755.1 -0.720995 0.0844172 202.746 10.3631 13 67 1 0 1
-3.16222 1.14295 2755.1 2.48884 1.55514 200.4 10.3889 13 68 1 0 1
-0.0445475 0.0725086 2755.1 -0.540163 0.560235 198.111 10.4153 13 69 1 0 1
4.82134 0.504538 2755.1 -2.69918 -0.162198 198.413 10.4116 13 70 1 0 1
2.83286 0.268088 2755.1 -2.12279 0.396174 201.221 10.3798 13 71 1 0 1
0.307099 -0.753664 2755.1 0.425947 -0.136154 201.344 10.3785 13 72 1 0 1
-0.936964 0.407992 2755.1 -0.0607891 -0.8297 198.029 10.4163 13 73 1 0 1
2.0357 -1.57297 2755.1 -1.46743 1.42977 200.038 10.3931 13 74 1 0 1
-3.99547 1.25522 2755.1 2.47782 -0.108048 199.484 10.3993 13 75 1 0 1
0.334905 0.464624 2755.1 -0.63008 -0.701646 203.571 10.3541 13 76 1 0 1
-1.01708 -0.905925 2755.1 0.0196319 -0.29439 198.63 10.4093 13 77 1 0 1
1.70984 -1.01756 2755.1 -0.587832 0.687218 198.897 10.4062 13 78 1 0 1
2.10323 -1.1184 2755.1 -2.15583 -0.312523 201.633 10.3752 13 79 1 0 1
-0.906763 0.674093 2755.1 -0.356493 0.465375 198.151 10.4149 13 80 1 0 1
-1.36198 -0.81779 2755.1 1.16355 -1.83508 200.336 10.3897 13 81 1 0 1
-0.604892 0.665436 2755.1 1.28253 0.510198 198.655 10.409 13 82 1 0 1
0.502868 0.45999 2755.1 -1.62126 -0.307309 200.133 10.3921 13 83 1 0 1
0.533262 0.0773288 2755.1 -0.342283 0.989196 199.367 10.4008 13 84 1 0 1
-2.34447 -1.11433 2755.1 2.23131 0.496784 198.492 10.4108 13 85 1 0 1
0.0182865 -0.0299201 2755.1 -0.0608332 -0.0745026 196.571 10.4335 13 86 1 0 1
2.47362 -1.65305 2755.1 -1.18554 1.0434 199.356 10.4009 13 87 1 0 1
-0.0789832 1.94723 2755.1 0.0638981 1.64507 200.965 10.3827 13 88 1 0 1
-5.49454 0.696939 2755.1 1.71473 -1.81422 202.123 10.3698 13 89 1 0 1
-2.25157 -0.801957 2755.1 1.37414 -0.982086 197.789 10.419 13 90 1 0 1
2.39239 -0.288603 2755.1 -2.50905 -0.660926 200.033 10.3931 13 91 1 0 1
3.50064 0.189398 2755.1 -2.34161 -1.05911 198.838 10.4067 13 92 1 0 1
2.02834 -0.77258 2755.1 -1.09635 -0.0782393 198.94 10.4057 13 93 1 0 1
-0.187597 0.451143 2755.1 0.281724 1.31991 199.294 10.4016 13 94 1 0 1
-1.97707 -0.435079 2755.1 1.9232 -0.491004 196.187 10.4379 13 95 1 0 1
1.47644 -1.09219 2755.1 -2.12047 -0.636086 197.319 10.4245 13 96 1 0 1
-0.133264 -1.38854 2755.1 0.1579 -0.841106 202.996 10.3604 13 97 1 0 1
-5.82588 1.30871 2755.1 2.8645 0.661866 199.201 10.4025 13 98 1 0 1
0.839414 -0.135052 2755.1 -0.0104668 -0.189696 198.446 10.4115 13 99 1 0 1
2.71284 0.519244 2755.1 -2.31963 0.280643 200.199 10.3912 13 100 1 0 1
-0.526653 -0.924669 2755.1 0.236974 -0.86978 202.826 10.3622 13 101 1 0 1
1.14217 -0.592675 2755.1 -0.189682 0.756989 200.605 10.3868 13 102 1 0 1
1.16903 0.849677 2755.1 -0.0979063 0.031742 200.048 10.3931 13 103 1 0 1
-4.52244 -0.958106 2755.1 3.17229 0.39522 200.277 10.3902 13 104 1 0 1
2.22011 0.961693 2755.1 -1.54285 -0.920629 198.052 10.4159 13 105 1 0 1
-2.78346 -0.537724 2755.1 2.48419 -0.164019 200.131 10.392 13 106 1 0 1
3.30919 0.0797495 2755.1 -1.42767 -0.565418 198.928 10.4058 13 107 1 0 1
-3.36216 0.290878 2755.1 2.9085 1.02722 198.99 10.4049 13 108 1 0 1
0.815342 -0.0799702 2755.1 -2.51767 0.157372 198.842 10.4067 13 109 1 0 1
4.07216 0.0114726 2755.1 -2.03738 -0.228445 199.213 10.4025 13 110 1 0 1
-2.22637 -0.548151 2755.1 0.472085 1.23806 201.592 10.3757 13 111 1 0 1
-1.02568 0.314477 2755.1 2.43659 1.70966 198.169 10.4144 13 112 1 0 1
-1.75257 -0.18991 2755.1 1.59658 -0.802672 202.169 10.3693 13 113 1 0 1
-2.07002 1.43438 2755.1 3.08431 1.30633 197.144 10.4263 13 114 1 0 1
-1.4672 2.14481 2755.1 0.166965 -0.302738 199.542 10.3988 13 115 1 0 1
3.45871 1.20876 2755.1 -3.38094 -0.281855 201.248 10.3793 13 116 1 0 1
0.946168 0.36804 2755.1 0.963843 0.169874 201.098 10.3813 13 117 1 0 1
-2.23609 0.222079 2755.1 0.44991 0.257671 200.332 10.3899 13 118 1 0 1
0.507716 -1.38534 2755.1 -0.774131 0.411637 197.782 10.4192 13 119 1 0 1
3.97087 -2.26044 2755.1 -2.99313 -0.59685 200.287 10.3901 13 120 1 0 1
3.90431 -0.506796 2755.1 -2.04472 -1.44857 198.934 10.4056 13 121 1 0 1
-4.56604 -0.480385 2755.1 1.72899 0.106266 200.774 10.3848 13 122 1 0 1
-1.34278 0.238017 2755.1 0.271687 -0.864182 197.932 10.4174 13 123 1 0 1
-0.503838 -0.0165779 2755.1 0.331802 -0.778993 198.478 10.4111 13 124 1 0 1
0.377371 -0.361148 2755.1 0.156525 0.165546 196.696 10.432 13 125 1 0 1
-0.694223 1.52095 2755.1 0.71953 0.511709 200.316 10.39 13 126 1 0 1
2.7496 -0.408098 2755.1 -2.08339 -0.0695013 200.483 10.3881 13 127 1 0 1
1.66945 0.705962 2755.1 -1.1088 0.109734 199.656 10.3975 13 128 1 0 1
2.84177 0.379999 2755.1 -2.1813 -0.161834 201.563 10.376 13 129 1 0 1
-1.34797 0.679968 2755.1 1.71029 -0.846057 200.403 10.389 13 130 1 0 1
0.539166 0.607946 2755.1 -0.13009 0.915097 200.884 10.3837 13 131 1 0 1
-1.21305 -0.307147 2755.1 1.90715 0.565863 200.366 10.3894 13 132 1 0 1
-2.13004 0.136867 2755.1 1.22219 0.435839 200.243 10.3908 13 133 1 0 1
-3.1147 0.760654 2755.1 2.3328 -0.631214 199.676 10.3972 13 134 1 0 1
-3.90697 0.250245 2755.1 3.29149 0.731101 197.984 10.4165 13 135 1 0 1
-2.37739 -0.736227 2755.1 1.5517 -2.11391 201.312 10.3787 13 136 1 0 1
-1.12455 -0.256281 2755.1 0.379764 0.170003 202.188 10.3692 13 137 1 0 1
-0.483854 -0.266378 2755.1 -0.240844 -0.401581 203.112 10.3591 13 138 1 0 1
-1.57173 1.58447 2755.1 0.22354 -0.818876 200.658 10.3862 13 139 1 0 1
-4.20089 0.482043 2755.1 1.92679 -1.75843 201.12 10.3809 13 140 1 0 1
-4.47633 0.334654 2755.1 1.68503 0.145639 200.857 10.3839 13 141 1 0 1
1.76524 -0.205631 2755.1 -1.25174 -1.13646 200.993 10.3824 13 142 1 0 1
-2.49485 0.61992 2755.1 0.5464 0.941918 199.179 10.403 13 143 1 0 1
0.826803 0.348347 2755.1 0.283295 0.220886 201.364 10.3783 13 144 1 0 1
6.1987 1.1216 2755.1 -3.30792 0.57279 207.477 10.3128 13 145 1 0 1
-3.15226 -1.55976 2755.1 1.90862 -0.563411 200.831 10.3842 13 146 1 0 1
-3.20953 0.40374 2755.1 2.44502 0.460164 197.544 10.4218 13 147 1 0 1
-2.06892 0.450222 2755.1 1.09428 0.00480333 201.467 10.3771 13 148 1 0 1
-3.59771 -1.33143 2755.1 1.07049 -0.599934 198.85 10.4067 13 149 1 0 1
5.97638 0.434174 2755.1 -3.79049 -1.03781 200.448 10.3881 13 150 1 0 1
-0.412976 -0.647032 2816.33 0.227282 -0.0526153 199.745 10.6276 13 1 1 0 1
-2.48898 0.0478702 2816.33 2.86029 -0.241883 200.211 10.6219 13 2 1 0 1
1.4149 0.237981 2816.33 -0.161057 0.563743 198.522 10.6419 13 3 1 0 1
-1.66872 0.625837 2816.33 1.9389 1.12189 199.775 10.6271 13 4 1 0 1
-0.246762 -0.570195 2816.33 -1.33514 -0.23932 201.742 10.6046 13 5 1 0 1
-0.126357 -0.533428 2816.33 0.527973 0.256592 197.773 10.6508 13 6 1 0 1
-0.230903 -0.809818 2816.33 -1.39244 -2.25504 198.151 10.6461 13 7 1 0 1
2.18315 -1.32782 2816.33 -1.45821 -0.980767 197.988 10.6482 13 8 1 0 1
-0.408392 -0.631437 2816.33 0.0927637 0.14826 201.277 10.6099 13 9 1 0 1
1.19761 0.76899 2816.33 -0.4958 0.368396 198.564 10.6414 13 10 1 0 1
-0.446764 -2.09228 2816.33 0.98005 -0.0718974 198.359 10.6438 13 11 1 0 1
-1.38247 0.291057 2816.33 2.23657 1.25621 201.655 10.6055 13 12 1 0 1
2.55935 -0.269406 2816.33 -2.69546 -1.26021 201.884 10.6028 13 13 1 0 1
-2.64264 0.393315 2816.33 2.70771 0.198772 201.429 10.608 13 14 1 0 1
3.03993 0.825506 2816.33 -0.538527 0.490275 198.875 10.6377 13 15 1 0 1
-0.73232 -0.226591 2816.33 1.77753 -0.492387 201.49 10.6074 13 16 1 0 1
-1.58714 -0.0169612 2816.33 1.26817 -1.62991 198.854 10.6379 13 17 1 0 1
1.77968 -0.229321 2816.33 -0.496836 2.58559e-05 200.335 10.6207 13 18 1 0 1
2.76329 0.988963 2816.33 -1.82389 0.174338 201.798 10.6039 13 19 1 0 1
1.74377 -1.65917 2816.33 -0.422287 0.0922499 199.282 10.633 13 20 1 0 1
3.04487 0.689663 2816.33 -2.92676 -0.508711 199.676 10.6281 13 21 1 0 1
3.32454 2.34723 2816.33 -2.4714 0.448228 201.406 10.6083 13 22 1 0 1
0.562823 -0.314314 2816.33 -1.17931 -0.545632 203.446 10.5856 13 23 1 0 1
-2.31429 1.06203 2816.33 1.85338 1.13278 199.26 10.6331 13 24 1 0 1
-0.870024 1.12911 2816.33 -0.472779 0.115842 201.77 10.6043 13 25 1 0 1
1.93913 -1.00805 2816.33 0.515373 0.318451 197.393 10.6554 13 26 1 0 1
0.0476115 2.29497 2816.33 0.304512 1.4042 201.976 10.602 13 27 1 0 1
2.39246 0.315274 2816.33 -0.73953 0.608855 198.954 10.6368 13 28 1 0 1
-2.14387 -1.79726 2816.33 2.34832 -0.041386 198.764 10.6389 13 29 1 0 1
-0.735605 -0.419179 2816.33 -0.965673 -0.324872 201.645 10.6057 13 30 1 0 1
2.64183 -0.948604 2816.33 -2.71285 -0.931958 201.014 10.6127 13 31 1 0 1
0.316752 0.497339 2816.33 -1.0824 0.980857 201.394 10.6085 13 32 1 0 1
2.87306 -1.66776 2816.33 -2.23019 0.376012 200.475 10.619 13 33 1 0 1
-0.452783 0.647519 2816.33 0.578442 1.28115 201.034 10.6127 13 34 1 0 1
1.77808 -1.1224 2816.33 -2.3441 -1.46087 200.44 10.6193 13 35 1 0 1
-0.387415 1.14384 2816.33 1.33732 0.461492 201.031 10.6127 13 36 1 0 1
-1.61841 0.266389 2816.33 0.0210094 0.381554 198.509 10.6421 13 37 1 0 1
1.38077 -0.628141 2816.33 -0.866872 -0.474186 202.028 10.6014 13 38 1 0 1
-0.996066 -1.9061 2816.33 1.38511 0.136828 196.27 10.6689 13 39 1 0 1
1.0271 -1.65124 2816.33 -1.36174 0.0293826 199.978 10.6248 13 40 1 0 1
3.77175 0.589877 2816.33 -4.23303 0.26798 198.573 10.6408 13 41 1 0 1
-0.123633 1.87405 2816.33 -0.185006 0.0466588 204.005 10.5795 13 42 1 0 1
1.16664 -0.753927 2816.33 0.735735 -0.869795 206.327 10.5544 13 43 1 0 1
-2.87511 -0.673224 2816.33 1.27794 -0.441573 201.382 10.6087 13 44 1 0 1
2.16978 -0.441478 2816.33 -2.48571 -1.41299 202.46 10.5964 13 45 1 0 1
-0.795275 -1.19463 2816.33 -1.34525 0.0557767 204.249 10.5767 13 46 1 0 1
1.30107 0.0846529 2816.33 -0.971887 -1.11155 200.088 10.6235 13 47 1 0 1
1.4222 0.728627 2816.33 -0.793971 -0.4747 198.442 10.6428 13 48 1 0 1
-1.59584 -0.88505 2816.33 2.30724 -2.00531 200.876 10.6143 13 49 1 0 1
2.87632 0.840613 2816.33 -2.7885 0.825422 198.49 10.6421 13 50 1 0 1
0.0453731 0.0908934 2816.33 1.6589 0.908529 206.652 10.5508 13 51 1 0 1
0.465376 0.341834 2816.33 0.208236 0.255267 204.632 10.5726 13 52 1 0 1
1.60259 -0.562126 2816.33 -3.14531 -0.318289 201.542 10.6067 13 53 1 0 1
-4.40448 -0.901121 2816.33 1.98007 -1.63193 199.777 10.627 13 54 1 0 1
-0.0129287 1.08584 2816.33 -0.821711 -1.1726 200.653 10.617 13 55 1 0 1
1.52536 0.559174 2816.33 -0.46367 0.673347 202.697 10.5939 13 56 1 0 1
-0.81179 0.229867 2816.33 0.0982128 -0.469931 195.668 10.6764 13 57 1 0 1
0.50079 0.418286 2816.33 -0.233353 -0.354135 200.743 10.616 13 58 1 0 1
3.20886 0.241978 2816.33 -3.17656 -0.469284 199.835 10.6262 13 59 1 0 1
-2.44606 -1.52198 2816.33 2.34129 0.165416 201.873 10.603 13 60 1 0 1
1.3095 1.29682 2816.33 -2.09134 0.505229 200.612 10.6174 13 61 1 0 1
0.125855 0.530262 2816.33 -0.936582 1.71002 196.185 10.6699 13 62 1 0 1
0.677944 -0.39138 2816.33 -1.12518 0.029465 200.778 10.6156 13 63 1 0 1
-4.75342 -0.705861 2816.33 3.58498 0.753049 203.773 10.5816 13 64 1 0 1
1.59584 2.00099 2816.33 -3.88464 0.550429 203.189 10.588 13 65 1 0 1
-0.497424 0.471087 2816.33 -0.720438 1.72359 196.209 10.6696 13 66 1 0 1
-0.0760513 0.447696 2816.33 -0.72383 0.0679084 202.746 10.5934 13 67 1 0 1
-2.36457 1.61064 2816.33 2.72169 1.50362 200.397 10.6197 13 68 1 0 1
-0.210195 0.244902 2816.33 -0.529552 0.554366 198.111 10.6468 13 69 1 0 1
3.93021 0.451706 2816.33 -3.0642 -0.179902 198.408 10.643 13 70 1 0 1
2.15342 0.386871 2816.33 -2.33373 0.383868 201.219 10.6104 13 71 1 0 1
0.43213 -0.790688 2816.33 0.394651 -0.107131 201.344 10.6092 13 72 1 0 1
-0.943668 0.149635 2816.33 0.0175172 -0.840007 198.029 10.6478 13 73 1 0 1
1.5624 -1.12723 2816.33 -1.61876 1.48018 200.036 10.6241 13 74 1 0 1
-3.18702 1.21496 2816.33 2.77903 -0.154039 199.48 10.6304 13 75 1 0 1
0.141925 0.251353 2816.33 -0.65049 -0.71525 203.571 10.5842 13 76 1 0 1
-0.998022 -0.991326 2816.33 0.103792 -0.259215 198.63 10.6406 13 77 1 0 1
1.50775 -0.800618 2816.33 -0.722392 0.72097 198.896 10.6375 13 78 1 0 1
1.42447 -1.20674 2816.33 -2.30537 -0.268761 201.631 10.6058 13 79 1 0 1
-1.00482 0.813765 2816.33 -0.27685 0.437857 198.152 10.6463 13 80 1 0 1
-0.990456 -1.37288 2816.33 1.26264 -1.79412 200.336 10.6206 13 81 1 0 1
-0.203559 0.818582 2816.33 1.3163 0.48268 198.655 10.6403 13 82 1 0 1
0.00256822 0.363533 2816.33 -1.64253 -0.322692 200.133 10.623 13 83 1 0 1
0.421763 0.380086 2816.33 -0.382317 0.980684 199.367 10.632 13 84 1 0 1
-1.62912 -0.955035 2816.33 2.39713 0.535118 198.49 10.6421 13 85 1 0 1
-0.000814164 -0.0529101 2816.33 -0.0615554 -0.0729829 196.571 10.6653 13 86 1 0 1
2.07938 -1.3238 2816.33 -1.37638 1.09878 199.354 10.632 13 87 1 0 1
-0.0585873 2.43635 2816.33 0.0697114 1.56285 200.965 10.6134 13 88 1 0 1
-4.90692 0.144469 2816.33 2.15674 -1.83005 202.118 10.6002 13 89 1 0 1
-1.79917 -1.1008 2816.33 1.54259 -0.946953 197.788 10.6506 13 90 1 0 1
1.59706 -0.488864 2816.33 -2.67682 -0.646403 200.03 10.624 13 91 1 0 1
2.73784 -0.137176 2816.33 -2.60239 -1.06007 198.835 10.638 13 92 1 0 1
1.66637 -0.792206 2816.33 -1.25089 -0.0491828 198.939 10.637 13 93 1 0 1
-0.0990143 0.853285 2816.33 0.293735 1.29565 199.294 10.6328 13 94 1 0 1
-1.35412 -0.585535 2816.33 2.0606 -0.472311 196.185 10.6699 13 95 1 0 1
0.802384 -1.28295 2816.33 -2.21501 -0.59234 197.318 10.6561 13 96 1 0 1
-0.0841358 -1.63382 2816.33 0.16718 -0.78384 202.996 10.5906 13 97 1 0 1
-4.87457 1.50429 2816.33 3.31257 0.609542 199.194 10.6337 13 98 1 0 1
0.825439 -0.192695 2816.33 -0.0799345 -0.183626 198.446 10.6428 13 99 1 0 1
1.97171 0.601945 2816.33 -2.5168 0.259689 200.197 10.6222 13 100 1 0 1
-0.448676 -1.18144 2816.33 0.278569 -0.829908 202.826 10.5925 13 101 1 0 1
1.06989 -0.358702 2816.33 -0.282986 0.774802 200.605 10.6176 13 102 1 0 1
1.12421 0.854527 2816.33 -0.194366 -7.93877e-05 200.048 10.6241 13 103 1 0 1
-3.49885 -0.832052 2816.33 3.50997 0.428672 200.271 10.6211 13 104 1 0 1
1.71675 0.672153 2816.33 -1.70678 -0.950825 198.051 10.6474 13 105 1 0 1
-1.99106 -0.584739 2816.33 2.68507 -0.14305 200.129 10.6229 13 106 1 0 1
2.82925 -0.0943938 2816.33 -1.6844 -0.56514 198.926 10.6371 13 107 1 0 1
-2.42801 0.604671 2816.33 3.1507 1.01057 198.986 10.6361 13 108 1 0 1
0.0330026 -0.0311507 2816.33 -2.55314 0.159434 198.842 10.638 13 109 1 0 1
3.39649 -0.0586675 2816.33 -2.35018 -0.227564 199.21 10.6337 13 110 1 0 1
-2.05507 -0.169736 2816.33 0.653563 1.25156 201.591 10.6063 13 111 1 0 1
-0.262962 0.839879 2816.33 2.49028 1.6883 198.169 10.6458 13 112 1 0 1
-1.24867 -0.431443 2816.33 1.72415 -0.790943 202.168 10.5998 13 113 1 0 1
-1.08972 1.83112 2816.33 3.21527 1.24623 197.143 10.658 13 114 1 0 1
-1.39738 2.03986 2816.33 0.287152 -0.380677 199.542 10.6299 13 115 1 0 1
2.39021 1.11628 2816.33 -3.62836 -0.325522 201.244 10.61 13 116 1 0 1
1.22623 0.417561 2816.33 0.871988 0.155128 201.099 10.612 13 117 1 0 1
-2.07051 0.299411 2816.33 0.631313 0.247919 200.331 10.6208 13 118 1 0 1
0.262597 -1.25025 2816.33 -0.806164 0.460292 197.782 10.6507 13 119 1 0 1
3.00894 -2.42965 2816.33 -3.28699 -0.50916 200.282 10.621 13 120 1 0 1
3.22766 -0.948876 2816.33 -2.34301 -1.42152 198.93 10.6369 13 121 1 0 1
-3.98252 -0.445302 2816.33 2.08984 0.123611 200.77 10.6156 13 122 1 0 1
-1.24189 -0.0301418 2816.33 0.379254 -0.868022 197.932 10.6489 13 123 1 0 1
-0.395466 -0.256323 2816.33 0.369332 -0.773938 198.478 10.6424 13 124 1 0 1
0.421046 -0.307658 2816.33 0.123504 0.177825 196.696 10.6638 13 125 1 0 1
-0.466348 1.66838 2816.33 0.768412 0.452077 200.316 10.6209 13 126 1 0 1
2.08084 -0.426954 2816.33 -2.28699 -0.0538744 200.481 10.6189 13 127 1 0 1
1.30949 0.735521 2816.33 -1.23385 0.0828708 199.655 10.6286 13 128 1 0 1
2.14561 0.328768 2816.33 -2.39265 -0.175166 201.56 10.6066 13 129 1 0 1
-0.81042 0.418104 2816.33 1.80123 -0.866593 200.402 10.6199 13 130 1 0 1
0.492776 0.882847 2816.33 -0.173677 0.887145 200.884 10.6144 13 131 1 0 1
-0.617238 -0.132817 2816.33 1.98425 0.574089 200.365 10.6203 13 132 1 0 1
-1.73065 0.269091 2816.33 1.38474 0.428249 200.242 10.6218 13 133 1 0 1
-2.36255 0.563142 2816.33 2.56272 -0.655877 199.673 10.6282 13 134 1 0 1
-2.84338 0.474473 2816.33 3.57241 0.717691 197.979 10.648 13 135 1 0 1
-1.87702 -1.3737 2816.33 1.73177 -2.07425 201.311 10.6094 13 136 1 0 1
-0.995634 -0.203439 2816.33 0.469898 0.178679 202.188 10.5996 13 137 1 0 1
-0.54994 -0.385678 2816.33 -0.196694 -0.389219 203.112 10.5893 13 138 1 0 1
-1.48367 1.32605 2816.33 0.35245 -0.873386 200.657 10.617 13 139 1 0 1
-3.563 -0.0549849 2816.33 2.25507 -1.76641 201.116 10.6115 13 140 1 0 1
-3.90752 0.377053 2816.33 2.03907 0.132293 200.854 10.6147 13 141 1 0 1
1.36295 -0.549976 2816.33 -1.38394 -1.12228 200.993 10.6131 13 142 1 0 1
-2.29563 0.905365 2816.33 0.747023 0.913559 199.178 10.6342 13 143 1 0 1
0.901972 0.413393 2816.33 0.2101 0.206569 201.364 10.609 13 144 1 0 1
5.14728 1.28391 2816.33 -3.80273 0.526185 207.469 10.542 13 145 1 0 1
-2.53248 -1.7223 2816.33 2.14865 -0.501882 200.828 10.6149 13 146 1 0 1
-2.41385 0.543784 2816.33 2.67855 0.442686 197.541 10.6534 13 147 1 0 1
-1.71128 0.449111 2816.33 1.25441 -0.0121084 201.467 10.6077 13 148 1 0 1
-3.22341 -1.5082 2816.33 1.35568 -0.547225 198.848 10.638 13 149 1 0 1
4.74697 0.115313 2816.33 -4.24225 -1.04804 200.439 10.619 13 150 1 0 1
-0.338316 -0.659438 2877.55 0.258835 -0.0282575 199.745 10.8586 13 1 1 0 1
-1.58614 -0.02623 2877.55 3.0318 -0.242285 200.209 10.8528 13 2 1 0 1
1.34731 0.410152 2877.55 -0.276357 0.551733 198.522 10.8733 13 3 1 0 1
-1.05566 0.965436 2877.55 2.05333 1.09221 199.774 10.8581 13 4 1 0 1
-0.647053 -0.639434 2877.55 -1.29723 -0.216543 201.743 10.8351 13 5 1 0 1
0.0380079 -0.451104 2877.55 0.531646 0.274766 197.773 10.8824 13 6 1 0 1
-0.65634 -1.50063 2877.55 -1.35548 -2.21231 198.151 10.8776 13 7 1 0 1
1.70617 -1.62296 2877.55 -1.62012 -0.926232 197.987 10.8797 13 8 1 0 1
-0.375061 -0.582824 2877.55 0.12592 0.171072 201.277 10.8406 13 9 1 0 1
1.03004 0.877977 2877.55 -0.588806 0.337871 198.564 10.8727 13 10 1 0 1
-0.139833 -2.1025 2877.55 1.00451 0.00576747 198.359 10.8752 13 11 1 0 1
-0.688604 0.67007 2877.55 2.32438 1.23812 201.654 10.836 13 12 1 0 1
1.7126 -0.64932 2877.55 -2.87677 -1.24288 201.881 10.8333 13 13 1 0 1
-1.78927 0.451374 2877.55 2.89538 0.182888 201.426 10.8386 13 14 1 0 1
2.83588 0.971444 2877.55 -0.784228 0.456917 198.874 10.869 13 15 1 0 1
-0.185124 -0.374629 2877.55 1.8164 -0.481079 201.49 10.838 13 16 1 0 1
-1.17801 -0.517737 2877.55 1.38378 -1.61998 198.853 10.8691 13 17 1 0 1
1.60568 -0.228005 2877.55 -0.639436 0.00857744 200.335 10.8516 13 18 1 0 1
2.17687 1.03611 2877.55 -2.03349 0.136193 201.796 10.8345 13 19 1 0 1
1.59224 -1.62141 2877.55 -0.56207 0.153271 199.281 10.8641 13 20 1 0 1
2.11228 0.530046 2877.55 -3.14323 -0.531434 199.672 10.8592 13 21 1 0 1
2.53387 2.46984 2877.55 -2.71946 0.357666 201.403 10.8389 13 22 1 0 1
0.202227 -0.47641 2877.55 -1.21204 -0.530616 203.445 10.8157 13 23 1 0 1
-1.7176 1.40336 2877.55 2.02229 1.08692 199.258 10.8643 13 24 1 0 1
-1.00172 1.15775 2877.55 -0.393371 0.0727732 201.77 10.8349 13 25 1 0 1
2.07344 -0.903712 2877.55 0.348834 0.353675 197.393 10.887 13 26 1 0 1
0.138912 2.70672 2877.55 0.296592 1.30991 201.977 10.8324 13 27 1 0 1
2.13519 0.500483 2877.55 -0.928931 0.593704 198.954 10.868 13 28 1 0 1
-1.39614 -1.79973 2877.55 2.49625 0.0253469 198.762 10.8702 13 29 1 0 1
-1.01812 -0.51524 2877.55 -0.891319 -0.307285 201.646 10.8363 13 30 1 0 1
1.78522 -1.22651 2877.55 -2.89993 -0.891137 201.011 10.8434 13 31 1 0 1
-0.0149554 0.792119 2877.55 -1.09518 0.956618 201.394 10.8392 13 32 1 0 1
2.15806 -1.54363 2877.55 -2.44223 0.436098 200.472 10.8498 13 33 1 0 1
-0.271569 1.03326 2877.55 0.609061 1.24961 201.034 10.8434 13 34 1 0 1
1.04234 -1.56137 2877.55 -2.46295 -1.41065 200.439 10.8502 13 35 1 0 1
0.0230934 1.27759 2877.55 1.35272 0.416056 201.031 10.8434 13 36 1 0 1
-1.59122 0.382325 2877.55 0.154977 0.369534 198.509 10.8734 13 37 1 0 1
1.10149 -0.767987 2877.55 -0.972314 -0.447858 202.027 10.8319 13 38 1 0 1
-0.553075 -1.85263 2877.55 1.44904 0.205687 196.27 10.9009 13 39 1 0 1
0.598815 -1.63284 2877.55 -1.43011 0.0906822 199.978 10.8558 13 40 1 0 1
2.42385 0.66898 2877.55 -4.49158 0.24464 198.568 10.8721 13 41 1 0 1
-0.177334 1.87734 2877.55 -0.172096 -0.0247738 204.005 10.8094 13 42 1 0 1
1.36907 -1.00724 2877.55 0.62573 -0.83588 206.327 10.7838 13 43 1 0 1
-2.4514 -0.803376 2877.55 1.50348 -0.413815 201.381 10.8393 13 44 1 0 1
1.3935 -0.86544 2877.55 -2.63738 -1.38828 202.459 10.8267 13 45 1 0 1
-1.1866 -1.17112 2877.55 -1.26014 0.100878 204.249 10.8067 13 46 1 0 1
0.988283 -0.255304 2877.55 -1.0682 -1.10836 200.088 10.8545 13 47 1 0 1
1.16006 0.578292 2877.55 -0.901714 -0.498906 198.442 10.8742 13 48 1 0 1
-0.875179 -1.49003 2877.55 2.4116 -1.96077 200.876 10.845 13 49 1 0 1
1.98301 1.08994 2877.55 -2.99127 0.789644 198.487 10.8734 13 50 1 0 1
0.534169 0.359032 2877.55 1.63372 0.899851 206.652 10.7802 13 51 1 0 1
0.521447 0.416113 2877.55 0.165776 0.24079 204.632 10.8024 13 52 1 0 1
0.630652 -0.655426 2877.55 -3.23993 -0.295383 201.54 10.8372 13 53 1 0 1
-3.7438 -1.39516 2877.55 2.3223 -1.58908 199.774 10.858 13 54 1 0 1
-0.262416 0.722538 2877.55 -0.810094 -1.20647 200.653 10.8478 13 55 1 0 1
1.36636 0.758982 2877.55 -0.586913 0.648408 202.697 10.8242 13 56 1 0 1
-0.770785 0.0817938 2877.55 0.163323 -0.475623 195.668 10.9085 13 57 1 0 1
0.423505 0.308098 2877.55 -0.272367 -0.367745 200.743 10.8468 13 58 1 0 1
2.19867 0.0970938 2877.55 -3.40371 -0.4756 199.831 10.8572 13 59 1 0 1
-1.70767 -1.46323 2877.55 2.51757 0.221663 201.871 10.8335 13 60 1 0 1
0.657192 1.44332 2877.55 -2.17429 0.453919 200.612 10.8482 13 61 1 0 1
-0.166792 1.05988 2877.55 -0.934895 1.6809 196.185 10.9019 13 62 1 0 1
0.327613 -0.38018 2877.55 -1.16763 0.0439243 200.778 10.8464 13 63 1 0 1
-3.61998 -0.476009 2877.55 3.94362 0.775502 203.767 10.8117 13 64 1 0 1
0.409878 2.15512 2877.55 -3.9703 0.471603 203.188 10.8182 13 65 1 0 1
-0.71489 1.0052 2877.55 -0.670425 1.69656 196.209 10.9016 13 66 1 0 1
-0.292722 0.465611 2877.55 -0.70811 0.0506249 202.746 10.8237 13 67 1 0 1
-1.5063 2.05996 2877.55 2.88476 1.43495 200.395 10.8506 13 68 1 0 1
-0.370455 0.414501 2877.55 -0.505365 0.542173 198.111 10.8782 13 69 1 0 1
2.93833 0.393721 2877.55 -3.35066 -0.195554 198.403 10.8744 13 70 1 0 1
1.41877 0.501241 2877.55 -2.48485 0.367184 201.217 10.8411 13 71 1 0 1
0.546083 -0.818693 2877.55 0.353238 -0.0768851 201.344 10.8398 13 72 1 0 1
-0.926179 -0.110428 2877.55 0.0953744 -0.840731 198.029 10.8792 13 73 1 0 1
1.04904 -0.668631 2877.55 -1.72859 1.5137 200.035 10.855 13 74 1 0 1
-2.29688 1.16085 2877.55 3.00899 -0.198271 199.476 10.8615 13 75 1 0 1
-0.0546944 0.0352158 2877.55 -0.654224 -0.720695 203.571 10.8143 13 76 1 0 1
-0.953373 -1.06542 2877.55 0.185292 -0.221083 198.63 10.872 13 77 1 0 1
1.267 -0.574544 2877.55 -0.838431 0.746497 198.896 10.8687 13 78 1 0 1
0.709185 -1.28131 2877.55 -2.39582 -0.221935 201.63 10.8363 13 79 1 0 1
-1.07711 0.944155 2877.55 -0.190108 0.405344 198.152 10.8778 13 80 1 0 1
-0.593537 -1.9123 2877.55 1.32936 -1.73269 200.336 10.8515 13 81 1 0 1
0.202992 0.962389 2877.55 1.31632 0.449657 198.655 10.8716 13 82 1 0 1
-0.497798 0.26293 2877.55 -1.62169 -0.334395 200.133 10.8539 13 83 1 0 1
0.299451 0.678508 2877.55 -0.41255 0.960985 199.367 10.8631 13 84 1 0 1
-0.872002 -0.784844 2877.55 2.5015 0.567348 198.489 10.8735 13 85 1 0 1
-0.0198939 -0.0752965 2877.55 -0.0606995 -0.0706306 196.571 10.8972 13 86 1 0 1
1.63183 -0.979436 2877.55 -1.53193 1.14163 199.353 10.8632 13 87 1 0 1
-0.0366894 2.89767 2877.55 0.0737377 1.4628 200.966 10.8442 13 88 1 0 1
-4.19351 -0.40965 2877.55 2.54343 -1.82501 202.114 10.8306 13 89 1 0 1
-1.30065 -1.38709 2877.55 1.6715 -0.901019 197.787 10.8821 13 90 1 0 1
0.760779 -0.683547 2877.55 -2.77597 -0.624509 200.029 10.855 13 91 1 0 1
1.90485 -0.462185 2877.55 -2.79646 -1.04893 198.832 10.8693 13 92 1 0 1
1.26169 -0.802794 2877.55 -1.37337 -0.0195655 198.938 10.8682 13 93 1 0 1
-0.00789369 1.24569 2877.55 0.298215 1.2566 199.294 10.8639 13 94 1 0 1
-0.696451 -0.729311 2877.55 2.14518 -0.448232 196.185 10.9018 13 95 1 0 1
0.107757 -1.45907 2877.55 -2.25277 -0.541838 197.317 10.8878 13 96 1 0 1
-0.0328508 -1.86046 2877.55 0.172173 -0.717633 202.996 10.8208 13 97 1 0 1
-3.79828 1.6827 2877.55 3.6757 0.550271 199.188 10.8648 13 98 1 0 1
0.790303 -0.24814 2877.55 -0.147353 -0.17546 198.446 10.8742 13 99 1 0 1
1.18004 0.677779 2877.55 -2.64944 0.235774 200.195 10.8531 13 100 1 0 1
-0.359197 -1.42474 2877.55 0.313022 -0.780569 202.826 10.8227 13 101 1 0 1
0.970174 -0.120637 2877.55 -0.369035 0.783777 200.605 10.8484 13 102 1 0 1
1.05057 0.849629 2877.55 -0.285843 -0.0318998 200.047 10.855 13 103 1 0 1
-2.38557 -0.696507 2877.55 3.75768 0.457236 200.267 10.852 13 104 1 0 1
1.16937 0.374945 2877.55 -1.82696 -0.970176 198.05 10.8789 13 105 1 0 1
-1.14762 -0.625083 2877.55 2.81712 -0.12045 200.127 10.8538 13 106 1 0 1
2.27679 -0.26746 2877.55 -1.89796 -0.558416 198.925 10.8683 13 107 1 0 1
-1.43162 0.911566 2877.55 3.31214 0.982399 198.984 10.8673 13 108 1 0 1
-0.750183 0.0180242 2877.55 -2.52316 0.159678 198.842 10.8692 13 109 1 0 1
2.63375 -0.128138 2877.55 -2.60272 -0.224086 199.207 10.8648 13 110 1 0 1
-1.83109 0.210616 2877.55 0.818285 1.25079 201.591 10.8369 13 111 1 0 1
0.506494 1.3557 2877.55 2.48014 1.64769 198.169 10.8773 13 112 1 0 1
-0.712754 -0.668055 2877.55 1.80753 -0.770193 202.168 10.8302 13 113 1 0 1
-0.0814954 2.20697 2877.55 3.26381 1.17193 197.142 10.8897 13 114 1 0 1
-1.29174 1.91165 2877.55 0.399977 -0.454274 199.542 10.861 13 115 1 0 1
1.26043 1.01107 2877.55 -3.78278 -0.365477 201.241 10.8406 13 116 1 0 1
1.47485 0.462318 2877.55 0.757778 0.138613 201.099 10.8427 13 117 1 0 1
-1.85186 0.373327 2877.55 0.79653 0.235339 200.331 10.8517 13 118 1 0 1
0.0107455 -1.10091 2877.55 -0.817531 0.503696 197.782 10.8822 13 119 1 0 1
1.96986 -2.57114 2877.55 -3.4966 -0.415668 200.279 10.8519 13 120 1 0 1
2.46827 -1.38013 2877.55 -2.58122 -1.37826 198.928 10.8681 13 121 1 0 1
-3.29691 -0.405139 2877.55 2.3971 0.139545 200.767 10.8464 13 122 1 0 1
-1.10916 -0.297957 2877.55 0.477099 -0.861959 197.931 10.8804 13 123 1 0 1
-0.276956 -0.493144 2877.55 0.397394 -0.760053 198.478 10.8738 13 124 1 0 1
0.453927 -0.250658 2877.55 0.0873168 0.188075 196.696 10.8956 13 125 1 0 1
-0.226518 1.79677 2877.55 0.797595 0.387288 200.316 10.8518 13 126 1 0 1
1.35874 -0.44094 2877.55 -2.43196 -0.0376334 200.479 10.8498 13 127 1 0 1
0.915962 0.75669 2877.55 -1.32727 0.0550623 199.655 10.8596 13 128 1 0 1
1.39444 0.273787 2877.55 -2.54265 -0.1865 201.558 10.8371 13 129 1 0 1
-0.252094 0.151471 2877.55 1.846 -0.877245 200.401 10.8507 13 130 1 0 1
0.433753 1.14768 2877.55 -0.212813 0.849073 200.884 10.8452 13 131 1 0 1
-0.00560202 0.0430284 2877.55 2.01049 0.575767 200.365 10.8511 13 132 1 0 1
-1.28689 0.398245 2877.55 1.51178 0.415774 200.241 10.8527 13 133 1 0 1
-1.54984 0.359205 2877.55 2.72695 -0.673059 199.671 10.8593 13 134 1 0 1
-1.7069 0.693289 2877.55 3.76176 0.6961 197.975 10.8795 13 135 1 0 1
-1.32853 -1.99551 2877.55 1.86745 -2.01094 201.31 10.84 13 136 1 0 1
-0.84119 -0.148275 2877.55 0.547986 0.185316 202.187 10.8301 13 137 1 0 1
-0.601927 -0.500579 2877.55 -0.147501 -0.372417 203.112 10.8195 13 138 1 0 1
-1.35757 1.05251 2877.55 0.472323 -0.917932 200.657 10.8478 13 139 1 0 1
-2.83376 -0.591386 2877.55 2.52554 -1.75425 201.113 10.8422 13 140 1 0 1
-3.23854 0.415152 2877.55 2.34083 0.11744 200.851 10.8454 13 141 1 0 1
0.925723 -0.888047 2877.55 -1.48066 -1.0953 200.992 10.8438 13 142 1 0 1
-2.03756 1.18048 2877.55 0.928493 0.874778 199.177 10.8653 13 143 1 0 1
0.954017 0.473722 2877.55 0.131518 0.189895 201.364 10.8396 13 144 1 0 1
3.96391 1.43157 2877.55 -4.20003 0.473583 207.461 10.7711 13 145 1 0 1
-1.84778 -1.86519 2877.55 2.33359 -0.43463 200.826 10.8457 13 146 1 0 1
-1.55629 0.677625 2877.55 2.84342 0.420161 197.539 10.885 13 147 1 0 1
-1.30976 0.442876 2877.55 1.38238 -0.0288818 201.466 10.8383 13 148 1 0 1
-2.76647 -1.66776 2877.55 1.60611 -0.488274 198.847 10.8693 13 149 1 0 1
3.39586 -0.204863 2877.55 -4.58526 -1.04633 200.432 10.8498 13 150 1 0 1
-0.254982 -0.664322 2938.78 0.283753 -0.00357737 199.745 11.0896 13 1 1 0 1
-0.642637 -0.100031 2938.78 3.12561 -0.239923 200.207 11.0838 13 2 1 0 1
1.24517 0.577643 2938.78 -0.384572 0.533429 198.522 11.1046 13 3 1 0 1
-0.415536 1.29402 2938.78 2.11512 1.05008 199.773 11.0891 13 4 1 0 1
-1.03076 -0.701378 2938.78 -1.22606 -0.191295 201.743 11.0657 13 5 1 0 1
0.201399 -0.363633 2938.78 0.521691 0.289806 197.773 11.1139 13 6 1 0 1
-1.06495 -2.17433 2938.78 -1.28378 -2.14436 198.153 11.109 13 7 1 0 1
1.18544 -1.89958 2938.78 -1.74049 -0.861133 197.986 11.1111 13 8 1 0 1
-0.332114 -0.527562 2938.78 0.155849 0.191933 201.277 11.0712 13 9 1 0 1
0.836066 0.976949 2938.78 -0.666717 0.303492 198.564 11.1041 13 10 1 0 1
0.170682 -2.08873 2938.78 1.00323 0.0833665 198.359 11.1066 13 11 1 0 1
0.0229106 1.04144 2938.78 2.3526 1.2059 201.654 11.0666 13 12 1 0 1
0.821939 -1.02183 2938.78 -2.98433 -1.21138 201.88 11.0638 13 13 1 0 1
-0.890034 0.504283 2938.78 3.00883 0.16492 201.425 11.0692 13 14 1 0 1
2.55914 1.1063 2938.78 -1.00982 0.418346 198.873 11.1003 13 15 1 0 1
0.366817 -0.518395 2938.78 1.8087 -0.464284 201.49 11.0686 13 16 1 0 1
-0.738687 -1.01261 2938.78 1.46392 -1.59157 198.853 11.1004 13 17 1 0 1
1.39051 -0.224089 2938.78 -0.765644 0.0170311 200.334 11.0825 13 18 1 0 1
1.53465 1.07145 2938.78 -2.19095 0.0964948 201.795 11.065 13 19 1 0 1
1.39988 -1.56517 2938.78 -0.687443 0.212543 199.281 11.0953 13 20 1 0 1
1.12553 0.364382 2938.78 -3.27913 -0.548098 199.67 11.0902 13 21 1 0 1
1.67823 2.56427 2938.78 -2.8978 0.263028 201.401 11.0695 13 22 1 0 1
-0.163554 -0.633071 2938.78 -1.21369 -0.509548 203.445 11.0458 13 23 1 0 1
-1.07686 1.72869 2938.78 2.13936 1.02866 199.257 11.0954 13 24 1 0 1
-1.10773 1.17319 2938.78 -0.303878 0.0288745 201.77 11.0654 13 25 1 0 1
2.1546 -0.789069 2938.78 0.173352 0.384863 197.393 11.1187 13 26 1 0 1
0.226652 3.08759 2938.78 0.281068 1.20068 201.977 11.0629 13 27 1 0 1
1.82318 0.679983 2938.78 -1.09452 0.57178 198.953 11.0993 13 28 1 0 1
-0.612614 -1.78168 2938.78 2.58019 0.0917897 198.761 11.1015 13 29 1 0 1
-1.27454 -0.605422 2938.78 -0.794115 -0.286193 201.646 11.0669 13 30 1 0 1
0.88285 -1.49042 2938.78 -3.01268 -0.840155 201.01 11.0741 13 31 1 0 1
-0.346279 1.07786 2938.78 -1.07989 0.921468 201.395 11.0698 13 32 1 0 1
1.38772 -1.4019 2938.78 -2.59167 0.491209 200.47 11.0807 13 33 1 0 1
-0.0833933 1.40721 2938.78 0.624066 1.20382 201.034 11.0741 13 34 1 0 1
0.279888 -1.98253 2938.78 -2.51868 -1.34435 200.439 11.081 13 35 1 0 1
0.43301 1.39678 2938.78 1.33345 0.365875 201.032 11.0741 13 36 1 0 1
-1.52323 0.4939 2938.78 0.284971 0.353299 198.509 11.1048 13 37 1 0 1
0.793968 -0.899072 2938.78 -1.05283 -0.416422 202.027 11.0623 13 38 1 0 1
-0.0959052 -1.77802 2938.78 1.47582 0.272199 196.27 11.1328 13 39 1 0 1
0.155175 -1.59582 2938.78 -1.46181 0.150947 199.977 11.0868 13 40 1 0 1
1.01381 0.740451 2938.78 -4.63503 0.218514 198.564 11.1034 13 41 1 0 1
-0.226488 1.85921 2938.78 -0.154775 -0.0959238 204.005 11.0394 13 42 1 0 1
1.53641 -1.24905 2938.78 0.499683 -0.792429 206.328 11.0132 13 43 1 0 1
-1.96484 -0.924364 2938.78 1.69046 -0.381336 201.379 11.0699 13 44 1 0 1
0.581487 -1.27953 2938.78 -2.72144 -1.34775 202.458 11.0571 13 45 1 0 1
-1.54751 -1.13426 2938.78 -1.14272 0.14483 204.25 11.0366 13 46 1 0 1
0.650156 -0.592349 2938.78 -1.13713 -1.09253 200.088 11.0854 13 47 1 0 1
0.868175 0.421361 2938.78 -0.98634 -0.517421 198.441 11.1056 13 48 1 0 1
-0.132077 -2.07802 2938.78 2.45415 -1.89387 200.876 11.0757 13 49 1 0 1
1.03887 1.32683 2938.78 -3.11736 0.744863 198.485 11.1048 13 50 1 0 1
1.00927 0.623074 2938.78 1.56666 0.88091 206.653 11.0096 13 51 1 0 1
0.56415 0.485645 2938.78 0.119066 0.223567 204.632 11.0323 13 52 1 0 1
-0.357458 -0.741249 2938.78 -3.2515 -0.269109 201.54 11.0678 13 53 1 0 1
-2.98714 -1.87328 2938.78 2.605 -1.52812 199.771 11.0891 13 54 1 0 1
-0.505176 0.350993 2938.78 -0.777709 -1.22657 200.653 11.0786 13 55 1 0 1
1.17233 0.950132 2938.78 -0.695111 0.616071 202.696 11.0545 13 56 1 0 1
-0.71002 -0.0672121 2938.78 0.224246 -0.475889 195.668 11.1406 13 57 1 0 1
0.335363 0.194396 2938.78 -0.304398 -0.377161 200.743 11.0776 13 58 1 0 1
1.13211 -0.0488977 2938.78 -3.54362 -0.476493 199.829 11.0882 13 59 1 0 1
-0.925508 -1.38778 2938.78 2.62932 0.275381 201.87 11.064 13 60 1 0 1
-0.011965 1.57335 2938.78 -2.20151 0.397431 200.611 11.079 13 61 1 0 1
-0.455164 1.5774 2938.78 -0.909241 1.63261 196.186 11.1338 13 62 1 0 1
-0.0311172 -0.364642 2938.78 -1.18015 0.0578825 200.778 11.0772 13 63 1 0 1
-2.39373 -0.240727 2938.78 4.20117 0.789114 203.761 11.0417 13 64 1 0 1
-0.78659 2.28466 2938.78 -3.95422 0.387402 203.188 11.0484 13 65 1 0 1
-0.914029 1.52785 2938.78 -0.603225 1.65018 196.21 11.1335 13 66 1 0 1
-0.501888 0.478213 2938.78 -0.674236 0.0327639 202.746 11.054 13 67 1 0 1
-0.609411 2.48577 2938.78 2.9739 1.34991 200.395 11.0815 13 68 1 0 1
-0.521217 0.579372 2938.78 -0.468222 0.523795 198.111 11.1097 13 69 1 0 1
1.87112 0.331245 2938.78 -3.55123 -0.208976 198.399 11.1057 13 70 1 0 1
0.647749 0.609893 2938.78 -2.57227 0.346314 201.216 11.0718 13 71 1 0 1
0.646036 -0.837358 2938.78 0.30277 -0.0457625 201.345 11.0704 13 72 1 0 1
-0.884946 -0.369232 2938.78 0.170787 -0.831865 198.029 11.1107 13 73 1 0 1
0.508793 -0.202402 2938.78 -1.7941 1.52996 200.035 11.086 13 74 1 0 1
-1.34785 1.09349 2938.78 3.16182 -0.240241 199.474 11.0926 13 75 1 0 1
-0.249911 -0.181323 2938.78 -0.641186 -0.717919 203.571 11.0444 13 76 1 0 1
-0.884284 -1.12736 2938.78 0.262041 -0.180429 198.63 11.1033 13 77 1 0 1
0.99378 -0.341916 2938.78 -0.932976 0.763509 198.895 11.1 13 78 1 0 1
-0.0242783 -1.34126 2938.78 -2.42485 -0.172577 201.63 11.0669 13 79 1 0 1
-1.12179 1.06377 2938.78 -0.0984929 0.368207 198.152 11.1092 13 80 1 0 1
-0.181401 -2.42991 2938.78 1.36201 -1.6515 200.336 11.0824 13 81 1 0 1
0.604339 1.09522 2938.78 1.2826 0.411505 198.655 11.1029 13 82 1 0 1
-0.985402 0.159327 2938.78 -1.55928 -0.342284 200.133 11.0849 13 83 1 0 1
0.169463 0.969189 2938.78 -0.432207 0.930324 199.367 11.0942 13 84 1 0 1
-0.0925293 -0.6057 2938.78 2.54174 0.593109 198.488 11.1048 13 85 1 0 1
-0.0384637 -0.096824 2938.78 -0.0582875 -0.0674726 196.571 11.129 13 86 1 0 1
1.14244 -0.623903 2938.78 -1.64821 1.17146 199.352 11.0943 13 87 1 0 1
-0.0138509 3.32594 2938.78 0.0758736 1.34606 200.967 11.0749 13 88 1 0 1
-3.3726 -0.959095 2938.78 2.86491 -1.79915 202.11 11.0611 13 89 1 0 1
-0.768783 -1.65756 2938.78 1.75756 -0.844809 197.786 11.1136 13 90 1 0 1
-0.0950011 -0.870433 2938.78 -2.80396 -0.595495 200.029 11.086 13 91 1 0 1
1.02303 -0.781922 2938.78 -2.91884 -1.02583 198.83 11.1005 13 92 1 0 1
0.824664 -0.804225 2938.78 -1.46063 0.0102748 198.938 11.0994 13 93 1 0 1
0.0834293 1.62389 2938.78 0.29505 1.20323 199.295 11.0951 13 94 1 0 1
-0.020928 -0.864768 2938.78 2.17477 -0.419041 196.184 11.1338 13 95 1 0 1
-0.589633 -1.61856 2938.78 -2.23278 -0.485157 197.318 11.1194 13 96 1 0 1
0.0192763 -2.06588 2938.78 0.172753 -0.64324 202.996 11.051 13 97 1 0 1
-2.62463 1.84192 2938.78 3.94461 0.484729 199.183 11.096 13 98 1 0 1
0.734906 -0.300755 2938.78 -0.210994 -0.165293 198.446 11.1056 13 99 1 0 1
0.358116 0.745882 2938.78 -2.71418 0.209171 200.194 11.084 13 100 1 0 1
-0.260508 -1.65179 2938.78 0.339451 -0.722326 202.827 11.053 13 101 1 0 1
0.84559 0.118805 2938.78 -0.445623 0.78381 200.605 11.0792 13 102 1 0 1
0.949995 0.835038 2938.78 -0.369992 -0.0633563 200.047 11.086 13 103 1 0 1
-1.21113 -0.553017 2938.78 3.90907 0.480585 200.264 11.0829 13 104 1 0 1
0.592017 0.0734593 2938.78 -1.9003 -0.978461 198.049 11.1103 13 105 1 0 1
-0.274759 -0.658296 2938.78 2.87696 -0.0964761 200.126 11.0848 13 106 1 0 1
1.66595 -0.437476 2938.78 -2.06285 -0.545323 198.923 11.0995 13 107 1 0 1
-0.398525 1.20806 2938.78 3.3887 0.943026 198.983 11.0986 13 108 1 0 1
-1.51414 0.0669935 2938.78 -2.4285 0.158101 198.843 11.1005 13 109 1 0 1
1.80348 -0.196148 2938.78 -2.78855 -0.218054 199.204 11.096 13 110 1 0 1
-1.56016 0.588566 2938.78 0.962028 1.23575 201.59 11.0675 13 111 1 0 1
1.26297 1.85605 2938.78 2.40643 1.5883 198.171 11.1087 13 112 1 0 1
-0.158567 -0.897047 2938.78 1.84456 -0.740658 202.168 11.0606 13 113 1 0 1
0.928823 2.55764 2938.78 3.2287 1.08426 197.143 11.1214 13 114 1 0 1
-1.15298 1.76163 2938.78 0.502548 -0.522688 199.541 11.0921 13 115 1 0 1
0.0983411 0.894319 2938.78 -3.84025 -0.401264 201.239 11.0713 13 116 1 0 1
1.68566 0.501802 2938.78 0.624141 0.120516 201.1 11.0733 13 117 1 0 1
-1.58573 0.442984 2938.78 0.941326 0.220075 200.33 11.0825 13 118 1 0 1
-0.241381 -0.939003 2938.78 -0.807939 0.541354 197.782 11.1138 13 119 1 0 1
0.880284 -2.6833 2938.78 -3.61659 -0.317439 200.277 11.0828 13 120 1 0 1
1.6456 -1.79564 2938.78 -2.75327 -1.31928 198.926 11.0994 13 121 1 0 1
-2.52677 -0.360354 2938.78 2.64289 0.153888 200.764 11.0772 13 122 1 0 1
-0.947994 -0.562373 2938.78 0.562713 -0.846064 197.931 11.1119 13 123 1 0 1
-0.151346 -0.724339 2938.78 0.415268 -0.737499 198.478 11.1051 13 124 1 0 1
0.475171 -0.190798 2938.78 0.0488912 0.19618 196.696 11.1275 13 125 1 0 1
0.0191195 1.90467 2938.78 0.806331 0.318081 200.316 11.0827 13 126 1 0 1
0.601804 -0.449896 2938.78 -2.51459 -0.0209635 200.478 11.0806 13 127 1 0 1
0.498952 0.769227 2938.78 -1.38667 0.0266259 199.654 11.0907 13 128 1 0 1
0.607524 0.215683 2938.78 -2.62748 -0.195708 201.557 11.0677 13 129 1 0 1
0.312694 -0.116889 2938.78 1.84344 -0.877892 200.401 11.0816 13 130 1 0 1
0.363611 1.39942 2938.78 -0.246492 0.801314 200.884 11.0759 13 131 1 0 1
0.606178 0.218383 2938.78 1.98519 0.570879 200.365 11.082 13 132 1 0 1
-0.810136 0.522856 2938.78 1.60006 0.398557 200.241 11.0836 13 133 1 0 1
-0.697393 0.151171 2938.78 2.82127 -0.682566 199.67 11.0903 13 134 1 0 1
-0.526657 0.904196 2938.78 3.85471 0.666574 197.974 11.1109 13 135 1 0 1
-0.745985 -2.59455 2938.78 1.95526 -1.92469 201.31 11.0706 13 136 1 0 1
-0.665181 -0.0914208 2938.78 0.612025 0.18984 202.187 11.0605 13 137 1 0 1
-0.638483 -0.609768 2938.78 -0.094527 -0.351367 203.112 11.0497 13 138 1 0 1
-1.19667 0.766955 2938.78 0.580087 -0.952007 200.656 11.0786 13 139 1 0 1
-2.03188 -1.12104 2938.78 2.73126 -1.72209 201.111 11.0729 13 140 1 0 1
-2.48654 0.448514 2938.78 2.58257 0.101247 200.848 11.0762 13 141 1 0 1
0.464761 -1.21599 2938.78 -1.53942 -1.05583 200.992 11.0745 13 142 1 0 1
-1.72726 1.44213 2938.78 1.08616 0.826018 199.177 11.0965 13 143 1 0 1
0.981605 0.528648 2938.78 0.0495647 0.171056 201.364 11.0702 13 144 1 0 1
2.67891 1.5629 2938.78 -4.48967 0.415585 207.455 11.0003 13 145 1 0 1
-1.11572 -1.9868 2938.78 2.45871 -0.362422 200.825 11.0764 13 146 1 0 1
-0.658824 0.803735 2938.78 2.93541 0.392845 197.537 11.1166 13 147 1 0 1
-0.874674 0.43159 2938.78 1.47491 -0.0453257 201.465 11.069 13 148 1 0 1
-2.23861 -1.8083 2938.78 1.81535 -0.423754 198.845 11.1005 13 149 1 0 1
1.95769 -0.522702 2938.78 -4.81075 -1.03269 200.426 11.0807 13 150 1 0 1
-0.165111 -0.661627 3000 0.301397 0.0211436 199.745 11.3207 13 1 1 0 1
0.317341 -0.172691 3000 3.1393 -0.234827 200.207 11.3147 13 2 1 0 1
1.11112 0.738546 3000 -0.482928 0.509039 198.522 11.3359 13 3 1 0 1
0.235239 1.60785 3000 2.1227 0.995969 199.774 11.3202 13 4 1 0 1
-1.38803 -0.755321 3000 -1.12346 -0.163865 201.744 11.2962 13 5 1 0 1
0.359626 -0.272014 3000 0.498361 0.30154 197.773 11.3454 13 6 1 0 1
-1.44626 -2.82323 3000 -1.17916 -2.05194 198.154 11.3404 13 7 1 0 1
0.634327 -2.15453 3000 -1.81624 -0.786212 197.986 11.3426 13 8 1 0 1
-0.280654 -0.466281 3000 0.181782 0.210604 201.277 11.3019 13 9 1 0 1
0.620655 1.06478 3000 -0.727535 0.265651 198.564 11.3354 13 10 1 0 1
0.476822 -2.05113 3000 0.976223 0.160015 198.359 11.338 13 11 1 0 1
0.733838 1.40093 3000 2.32052 1.15994 201.655 11.2971 13 12 1 0 1
-0.0897896 -1.38268 3000 -3.01541 -1.16607 201.88 11.2943 13 13 1 0 1
0.0320201 0.55144 3000 3.04516 0.145071 201.424 11.2998 13 14 1 0 1
2.21678 1.22854 3000 -1.20952 0.375004 198.872 11.3315 13 15 1 0 1
0.909354 -0.656246 3000 1.75464 -0.442194 201.49 11.2992 13 16 1 0 1
-0.280423 -1.49593 3000 1.50653 -1.54501 198.853 11.3317 13 17 1 0 1
1.1397 -0.217615 3000 -0.872222 0.0252905 200.334 11.3134 13 18 1 0 1
0.853091 1.09456 3000 -2.29225 0.0556971 201.794 11.2955 13 19 1 0 1
1.17164 -1.49106 3000 -0.795192 0.269391 199.28 11.3264 13 20 1 0 1
0.109931 0.194561 3000 -3.33098 -0.558513 199.669 11.3213 13 21 1 0 1
0.77958 2.62945 3000 -3.00186 0.165392 201.399 11.3001 13 22 1 0 1
-0.525141 -0.782511 3000 -1.18423 -0.482667 203.446 11.2759 13 23 1 0 1
-0.408524 2.0343 3000 2.20159 0.958671 199.257 11.3266 13 24 1 0 1
-1.18534 1.17524 3000 -0.206595 -0.0153536 201.77 11.2959 13 25 1 0 1
2.18052 -0.665424 3000 -0.00657506 0.411662 197.393 11.3503 13 26 1 0 1
0.308581 3.43325 3000 0.258338 1.07775 201.978 11.2934 13 27 1 0 1
1.46443 0.851726 3000 -1.23204 0.543334 198.952 11.3305 13 28 1 0 1
0.186615 -1.74329 3000 2.59799 0.157185 198.761 11.3327 13 29 1 0 1
-1.49829 -0.688699 3000 -0.676552 -0.261837 201.647 11.2974 13 30 1 0 1
-0.0421584 -1.73733 3000 -3.0482 -0.779595 201.009 11.3049 13 31 1 0 1
-0.668725 1.35131 3000 -1.03691 0.875806 201.395 11.3004 13 32 1 0 1
0.581812 -1.24417 3000 -2.67467 0.540718 200.469 11.3115 13 33 1 0 1
0.106921 1.7651 3000 0.623072 1.1443 201.035 11.3048 13 34 1 0 1
-0.489744 -2.38107 3000 -2.50984 -1.26271 200.44 11.3119 13 35 1 0 1
0.831826 1.50003 3000 1.27999 0.311519 201.032 11.3048 13 36 1 0 1
-1.41618 0.599841 3000 0.407659 0.333033 198.509 11.3361 13 37 1 0 1
0.466095 -1.0199 3000 -1.10635 -0.380235 202.027 11.2928 13 38 1 0 1
0.363723 -1.68313 3000 1.46477 0.335606 196.27 11.3647 13 39 1 0 1
-0.292442 -1.54059 3000 -1.45604 0.20949 199.977 11.3177 13 40 1 0 1
-0.42222 0.803475 3000 -4.65972 0.189899 198.564 11.3347 13 41 1 0 1
-0.269836 1.81987 3000 -0.133485 -0.16598 204.005 11.2694 13 42 1 0 1
1.66435 -1.47662 3000 0.360824 -0.739939 206.328 11.2427 13 43 1 0 1
-1.42791 -1.03481 3000 1.83411 -0.344509 201.378 11.3006 13 44 1 0 1
-0.245429 -1.67902 3000 -2.73575 -1.29184 202.458 11.2874 13 45 1 0 1
-1.86874 -1.08446 3000 -0.996009 0.187129 204.251 11.2665 13 46 1 0 1
0.295362 -0.922636 3000 -1.17691 -1.06424 200.088 11.3164 13 47 1 0 1
0.554035 0.259623 3000 -1.04568 -0.530033 198.441 11.3369 13 48 1 0 1
0.614411 -2.64229 3000 2.43379 -1.80538 200.877 11.3065 13 49 1 0 1
0.0680862 1.54858 3000 -3.16355 0.69159 198.485 11.3361 13 50 1 0 1
1.4585 0.880009 3000 1.45943 0.851921 206.654 11.2389 13 51 1 0 1
0.59239 0.549638 3000 0.0693044 0.203793 204.632 11.2621 13 52 1 0 1
-1.3364 -0.818616 3000 -3.17974 -0.239767 201.541 11.2984 13 53 1 0 1
-2.1539 -2.33003 3000 2.82091 -1.44972 199.768 11.3201 13 54 1 0 1
-0.734985 -0.0245568 3000 -0.725387 -1.23269 200.653 11.3094 13 55 1 0 1
0.948239 1.13044 3000 -0.785487 0.576707 202.696 11.2848 13 56 1 0 1
-0.631052 -0.215451 3000 0.27942 -0.470727 195.668 11.3727 13 57 1 0 1
0.238623 0.0784757 3000 -0.328625 -0.382273 200.743 11.3084 13 58 1 0 1
0.036531 -0.194331 3000 -3.59271 -0.471954 199.828 11.3193 13 59 1 0 1
-0.119615 -1.29651 3000 2.67367 0.325958 201.869 11.2945 13 60 1 0 1
-0.680816 1.68544 3000 -2.17229 0.336412 200.612 11.3099 13 61 1 0 1
-0.731867 2.07693 3000 -0.860279 1.5657 196.186 11.3658 13 62 1 0 1
-0.38905 -0.344946 3000 -1.16241 0.0711805 200.778 11.3079 13 63 1 0 1
-1.10611 -0.00269833 3000 4.35104 0.793731 203.758 11.2717 13 64 1 0 1
-1.96289 2.38814 3000 -3.8368 0.298784 203.191 11.2786 13 65 1 0 1
-1.08974 2.03307 3000 -0.52056 1.58497 196.211 11.3655 13 66 1 0 1
-0.698187 0.485361 3000 -0.623077 0.0145291 202.746 11.2842 13 67 1 0 1
0.3031 2.88324 3000 2.98681 1.24949 200.395 11.3123 13 68 1 0 1
-0.658617 0.737633 3000 -0.419076 0.499442 198.111 11.3411 13 69 1 0 1
0.755937 0.26499 3000 -3.66079 -0.220015 198.397 11.3371 13 70 1 0 1
-0.139876 0.711588 3000 -2.59375 0.321494 201.216 11.3024 13 71 1 0 1
0.729427 -0.84647 3000 0.244539 -0.0141178 201.345 11.3011 13 72 1 0 1
-0.821027 -0.623824 3000 0.24182 -0.81351 198.029 11.3422 13 73 1 0 1
-0.0445019 0.266135 3000 -1.81363 1.52877 200.034 11.3169 13 74 1 0 1
-0.364261 1.01365 3000 3.23361 -0.279472 199.473 11.3237 13 75 1 0 1
-0.438721 -0.395794 3000 -0.61171 -0.706953 203.571 11.2745 13 76 1 0 1
-0.792525 -1.17644 3000 0.332072 -0.137717 198.63 11.3346 13 77 1 0 1
0.695079 -0.105387 3000 -1.0036 0.771812 198.895 11.3312 13 78 1 0 1
-0.757119 -1.38592 3000 -2.39173 -0.121252 201.631 11.2974 13 79 1 0 1
-1.13772 1.17126 3000 -0.00435251 0.32687 198.152 11.3406 13 80 1 0 1
0.235384 -2.9198 3000 1.35974 -1.55147 200.337 11.3132 13 81 1 0 1
0.990193 1.21555 3000 1.216 0.368659 198.656 11.3342 13 82 1 0 1
-1.44774 0.0539061 3000 -1.4569 -0.346268 200.134 11.3158 13 83 1 0 1
0.0351299 1.24881 3000 -0.440784 0.88905 199.368 11.3253 13 84 1 0 1
0.689316 -0.419646 3000 2.51684 0.612106 198.488 11.3362 13 85 1 0 1
-0.0560474 -0.117247 3000 -0.0543812 -0.0635448 196.571 11.3609 13 86 1 0 1
0.623766 -0.261253 3000 -1.72224 1.18792 199.351 11.3254 13 87 1 0 1
0.00934262 3.71627 3000 0.0760644 1.21397 200.968 11.3056 13 88 1 0 1
-2.46522 -1.4976 3000 3.11295 -1.75278 202.106 11.2915 13 89 1 0 1
-0.217206 -1.90912 3000 1.79856 -0.778964 197.786 11.3452 13 90 1 0 1
-0.948346 -1.04739 3000 -2.76009 -0.55969 200.03 11.3169 13 91 1 0 1
0.11498 -1.09274 3000 -2.96641 -0.991038 198.83 11.3318 13 92 1 0 1
0.366495 -0.796482 3000 -1.51046 0.0399977 198.937 11.3307 13 93 1 0 1
0.172613 1.98356 3000 0.284321 1.13612 199.295 11.3262 13 94 1 0 1
0.655132 -0.990359 3000 2.14861 -0.385071 196.185 11.3658 13 95 1 0 1
-1.27191 -1.75957 3000 -2.15556 -0.422942 197.319 11.3511 13 96 1 0 1
0.0709093 -2.24773 3000 0.168904 -0.561508 202.997 11.2813 13 97 1 0 1
-1.38368 1.98012 3000 4.11241 0.413664 199.18 11.3272 13 98 1 0 1
0.660668 -0.349938 3000 -0.269225 -0.15324 198.446 11.3369 13 99 1 0 1
-0.47299 0.805475 3000 -2.70934 0.180182 200.194 11.3149 13 100 1 0 1
-0.155142 -1.85999 3000 0.357178 -0.655843 202.827 11.2833 13 101 1 0 1
0.699329 0.356891 3000 -0.510788 0.774903 200.605 11.3101 13 102 1 0 1
0.825066 0.810922 3000 -0.444655 -0.0940899 200.047 11.3169 13 103 1 0 1
-0.00563431 -0.403218 3000 3.96028 0.498457 200.263 11.3138 13 104 1 0 1
-0.000513288 -0.228864 3000 -1.92493 -0.975587 198.049 11.3418 13 105 1 0 1
0.605146 -0.684 3000 2.86306 -0.0714026 200.126 11.3157 13 106 1 0 1
1.01241 -0.602501 3000 -2.17486 -0.52601 198.922 11.3308 13 107 1 0 1
0.644785 1.49078 3000 3.3784 0.892903 198.983 11.3298 13 108 1 0 1
-2.23927 0.115199 3000 -2.27159 0.154721 198.845 11.3317 13 109 1 0 1
0.926984 -0.261919 3000 -2.90289 -0.209535 199.203 11.3272 13 110 1 0 1
-1.24924 0.959801 3000 1.08111 1.20661 201.59 11.298 13 111 1 0 1
1.98706 2.33524 3000 2.27103 1.51079 198.173 11.3401 13 112 1 0 1
0.399685 -1.1158 3000 1.83432 -0.702676 202.168 11.291 13 113 1 0 1
1.91533 2.87914 3000 3.11085 0.984227 197.146 11.3531 13 114 1 0 1
-0.984669 1.59151 3000 0.592235 -0.585138 199.541 11.3232 13 115 1 0 1
-1.06627 0.767371 3000 -3.79931 -0.432478 201.24 11.3019 13 116 1 0 1
1.85326 0.535561 3000 0.474503 0.101045 201.1 11.304 13 117 1 0 1
-1.27895 0.507589 3000 1.06199 0.2023 200.33 11.3134 13 118 1 0 1
-0.487319 -0.766387 3000 -0.777635 0.572837 197.782 11.3453 13 119 1 0 1
-0.23186 -2.76485 3000 -3.64389 -0.215593 200.277 11.3137 13 120 1 0 1
0.780745 -2.19067 3000 -2.85474 -1.24526 198.925 11.3306 13 121 1 0 1
-1.69186 -0.311459 3000 2.82094 0.166475 200.761 11.3079 13 122 1 0 1
-0.762528 -0.820374 3000 0.6339 -0.820518 197.931 11.3434 13 123 1 0 1
-0.0218556 -0.947272 3000 0.422497 -0.706531 198.478 11.3365 13 124 1 0 1
0.484233 -0.128763 3000 0.00921223 0.202047 196.696 11.3593 13 125 1 0 1
0.264267 1.99084 3000 0.794396 0.245246 200.317 11.3136 13 126 1 0 1
-0.170561 -0.45372 3000 -2.53276 -0.00405456 200.478 11.3114 13 127 1 0 1
0.0691501 0.772989 3000 -1.41051 -0.00211414 199.654 11.3217 13 128 1 0 1
-0.194968 0.155118 3000 -2.64496 -0.202684 201.557 11.2983 13 129 1 0 1
0.869466 -0.383917 3000 1.79363 -0.868527 200.402 11.3125 13 130 1 0 1
0.284146 1.63519 3000 -0.273853 0.744415 200.884 11.3067 13 131 1 0 1
1.20242 0.391246 3000 1.909 0.55948 200.366 11.3129 13 132 1 0 1
-0.312617 0.641503 3000 1.64733 0.376794 200.24 11.3145 13 133 1 0 1
0.172932 -0.0585883 3000 2.84329 -0.684291 199.669 11.3214 13 134 1 0 1
0.667085 1.10479 3000 3.84887 0.629452 197.974 11.3424 13 135 1 0 1
-0.144312 -3.16399 3000 1.99295 -1.81649 201.311 11.3013 13 136 1 0 1
-0.472119 -0.0335232 3000 0.660375 0.192197 202.187 11.2909 13 137 1 0 1
-0.65867 -0.712002 3000 -0.0391295 -0.326309 203.112 11.2799 13 138 1 0 1
-1.00509 0.472656 3000 0.672979 -0.975222 200.656 11.3094 13 139 1 0 1
-1.17791 -1.63791 3000 2.86697 -1.67029 201.109 11.3036 13 140 1 0 1
-1.67079 0.476761 3000 2.7581 0.0838998 200.845 11.3069 13 141 1 0 1
-0.00811588 -1.53006 3000 -1.55872 -1.00431 200.992 11.3053 13 142 1 0 1
-1.37267 1.68733 3000 1.21598 0.767836 199.176 11.3277 13 143 1 0 1
0.984029 0.577543 3000 -0.0336593 0.150265 201.364 11.3008 13 144 1 0 1
1.32524 1.6764 3000 -4.66425 0.352854 207.451 11.2295 13 145 1 0 1
-0.355046 -2.08575 3000 2.52081 -0.286082 200.824 11.3072 13 146 1 0 1
0.255527 0.920677 3000 2.95216 0.36105 197.537 11.3482 13 147 1 0 1
-0.41716 0.41538 3000 1.52963 -0.0612524 201.465 11.2996 13 148 1 0 1
-1.65335 -1.92821 3000 1.97806 -0.354402 198.844 11.3318 13 149 1 0 1
0.469333 -0.834578 3000 -4.91297 -1.00729 200.424 11.3115 13 150 1 0 1
