#BLTrackFile example Gaussian beam in a uniform focusing channel
#x y z Px Py Pz t PDGid EventID TrackID ParentID Weight
#mm mm mm MeV/c MeV/c MeV/c ns - - - - -
6.97648 -0.56524 0 0.228004 -0.0842772 178.326 0 13 1 1 0 1
7.14679 1.06037 0 0.501606 0.280653 180.447 0 13 2 1 0 1
9.57908 -4.16516 0 0.0838192 0.232087 180.911 0 13 3 1 0 1
9.99527 -4.35972 0 -0.757543 -0.239069 179.155 0 13 4 1 0 1
9.22178 1.30244 0 -0.020724 -0.173939 180.556 0 13 5 1 0 1
9.57662 4.29383 0 -0.301073 0.152083 182.154 0 13 6 1 0 1
5.51867 -0.860117 0 -0.334885 -0.0289153 181.137 0 13 7 1 0 1
8.99371 -2.39228 0 -0.203767 -0.142275 182.197 0 13 8 1 0 1
4.76821 1.0663 0 0.110195 -0.402425 180.087 0 13 9 1 0 1
13.225 -0.803985 0 -0.899044 -0.028423 178.527 0 13 10 1 0 1
9.98956 -3.66164 0 -0.0282135 0.225014 181.205 0 13 11 1 0 1
11.7834 0.905609 0 0.639843 0.0317854 177.66 0 13 12 1 0 1
10.4618 -1.13175 0 -0.272627 -0.338187 178.258 0 13 13 1 0 1
5.87552 -5.07948 0 0.581361 -0.39452 180.429 0 13 14 1 0 1
13.7734 -4.74986 0 0.261252 -0.682348 180.642 0 13 15 1 0 1
5.05495 2.44343 0 -0.504694 0.297948 180.282 0 13 16 1 0 1
8.98311 3.98501 0 0.196477 0.168004 180.933 0 13 17 1 0 1
10.191 3.20433 0 -0.709471 0.259241 180.952 0 13 18 1 0 1
0.104498 2.10576 0 -0.28463 -0.488126 179.668 0 13 19 1 0 1
12.0781 4.02527 0 -0.589146 0.148806 179.729 0 13 20 1 0 1
9.29947 0.300984 0 0.290489 0.307281 178.809 0 13 21 1 0 1
6.34106 0.0669974 0 0.473193 -0.239974 181.703 0 13 22 1 0 1
13.862 -3.44998 0 -0.199873 -0.0363278 179.732 0 13 23 1 0 1
6.808 -2.56734 0 0.624124 0.336039 177.716 0 13 24 1 0 1
4.85184 2.82173 0 0.285165 0.232731 180.621 0 13 25 1 0 1
8.56943 1.4382 0 0.0688072 -0.0477053 180.499 0 13 26 1 0 1
10.2909 1.90996 0 0.00038536 0.155859 183.619 0 13 27 1 0 1
9.29977 -0.931378 0 -0.194194 -0.0035712 181.663 0 13 28 1 0 1
6.65375 4.59325 0 0.171669 -0.684675 177.976 0 13 29 1 0 1
8.97559 0.596433 0 0.180425 -0.117173 181.179 0 13 30 1 0 1
9.12852 6.07513 0 -0.233621 0.0953544 179.002 0 13 31 1 0 1
7.60221 -0.156854 0 -0.101023 -0.73299 179.122 0 13 32 1 0 1
12.0343 -0.16675 0 -0.530352 0.259649 181.54 0 13 33 1 0 1
13.9642 -0.88344 0 -0.770401 -0.0926294 181.12 0 13 34 1 0 1
12.3672 2.7217 0 -1.21549 -0.393497 181.225 0 13 35 1 0 1
2.03145 2.98664 0 0.0792849 -0.0403933 180.344 0 13 36 1 0 1
11.1885 -0.221203 0 0.0642866 0.418318 181.887 0 13 37 1 0 1
6.82474 -2.8671 0 1.23208 0.246282 179.517 0 13 38 1 0 1
8.52946 0.555555 0 0.312406 0.1698 177.25 0 13 39 1 0 1
1.96196 -2.4079 0 0.272655 -0.273119 177.353 0 13 40 1 0 1
13.0655 3.68269 0 0.335954 -0.253191 180.001 0 13 41 1 0 1
3.43877 3.97356 0 0.350095 -0.244109 182.808 0 13 42 1 0 1
11.9521 -4.92993 0 -0.0799484 0.379424 179.826 0 13 43 1 0 1
5.58869 1.02491 0 0.177983 0.400358 178.163 0 13 44 1 0 1
12.5449 3.63059 0 0.664328 -0.0484054 178.66 0 13 45 1 0 1
12.0743 0.310474 0 0.0516967 0.383524 179.525 0 13 46 1 0 1
-1.1869 -4.63481 0 -0.174788 0.221772 180.57 0 13 47 1 0 1
5.55517 2.08156 0 -0.00437699 0.0215979 182.388 0 13 48 1 0 1
7.75486 3.7287 0 0.465003 0.431748 178.79 0 13 49 1 0 1
11.5196 -2.70837 0 -0.853209 -0.535611 181.921 0 13 50 1 0 1
3.07226 -0.480535 0 -0.00570984 -0.00767566 178.935 0 13 51 1 0 1
8.93465 0.110671 0 0.814127 0.144798 181.799 0 13 52 1 0 1
7.20821 -1.38849 0 -0.557526 0.285097 177.036 0 13 53 1 0 1
5.60862 1.98184 0 0.456984 0.00207345 181.449 0 13 54 1 0 1
8.66392 -3.90986 0 -0.535405 -0.174108 181.66 0 13 55 1 0 1
5.73782 -1.9274 0 -0.405583 -0.41309 179.788 0 13 56 1 0 1
3.28157 -5.90024 0 0.162814 0.087933 178.845 0 13 57 1 0 1
0.231408 -0.688771 0 0.323263 -0.596837 178.424 0 13 58 1 0 1
9.1641 1.94996 0 -0.207737 0.203185 181.199 0 13 59 1 0 1
9.3065 1.64959 0 0.587653 0.119289 176.248 0 13 60 1 0 1
11.5862 -0.742245 0 0.600671 -0.129226 183.492 0 13 61 1 0 1
0.96747 6.05929 0 0.21244 -0.252179 181.241 0 13 62 1 0 1
15.5455 1.40299 0 -0.0536048 0.241488 178.369 0 13 63 1 0 1
7.64362 2.06346 0 0.131503 -0.009306 179.648 0 13 64 1 0 1
3.9357 2.22918 0 -0.160161 0.0272363 178.464 0 13 65 1 0 1
4.63358 2.84974 0 1.16886 0.167631 175.329 0 13 66 1 0 1
10.4859 4.21024 0 0.216166 0.115417 179.878 0 13 67 1 0 1
10.0898 2.58313 0 -0.868741 0.087102 178.734 0 13 68 1 0 1
13.3023 -3.506 0 0.816566 -0.180432 180.522 0 13 69 1 0 1
8.73386 -2.43553 0 -0.181175 0.578462 181.866 0 13 70 1 0 1
3.22309 4.25782 0 -0.616271 0.271932 183.277 0 13 71 1 0 1
11.2406 0.651664 0 -0.389495 -0.578849 178.652 0 13 72 1 0 1
7.76436 -1.81888 0 0.236318 -0.0336943 180.825 0 13 73 1 0 1
9.50676 0.522454 0 0.289364 -0.0881525 181.42 0 13 74 1 0 1
8.19744 -1.56482 0 -0.371335 -9.39775e-05 179.802 0 13 75 1 0 1
8.62798 0.439673 0 -0.00022034 -0.0358017 177.735 0 13 76 1 0 1
9.68541 1.08661 0 0.476276 -0.0513243 180.803 0 13 77 1 0 1
4.1372 0.148926 0 -0.859571 -0.25309 181.33 0 13 78 1 0 1
3.66364 -2.59881 0 -1.17829 0.424449 179.308 0 13 79 1 0 1
2.52233 1.30225 0 -0.344117 0.13439 180.318 0 13 80 1 0 1
13.9355 -0.0524498 0 0.323186 0.163765 182.978 0 13 81 1 0 1
11.8852 -2.70709 0 0.464053 -0.0403699 181.313 0 13 82 1 0 1
6.81423 1.49085 0 0.479965 0.244707 179.617 0 13 83 1 0 1
18.1855 -0.538575 0 0.572486 0.0250948 184.67 0 13 84 1 0 1
6.62709 2.45113 0 0.388771 0.00175719 177.899 0 13 85 1 0 1
8.75015 2.8242 0 0.16176 0.211431 180.044 0 13 86 1 0 1
11.4143 0.515109 0 0.242338 0.0148703 179.562 0 13 87 1 0 1
10.7446 -1.57171 0 -0.467447 0.00132303 177.364 0 13 88 1 0 1
6.25647 -1.70721 0 -0.909086 0.154345 181.017 0 13 89 1 0 1
7.78195 -3.54206 0 -0.10499 0.496054 180.928 0 13 90 1 0 1
12.3738 -0.463111 0 -0.400144 -0.495101 181.404 0 13 91 1 0 1
11.7406 -0.130309 0 -0.838778 0.167192 176.826 0 13 92 1 0 1
0.698209 -1.57306 0 -0.479439 -0.37889 180.056 0 13 93 1 0 1
8.9985 1.75502 0 0.288626 0.410439 182.095 0 13 94 1 0 1
2.75249 -2.65038 0 -0.227253 -0.29045 179.853 0 13 95 1 0 1
8.02191 -3.9673 0 0.220609 -0.334086 179.958 0 13 96 1 0 1
7.20217 -0.158034 0 -0.141049 -0.206572 181.262 0 13 97 1 0 1
9.41708 -1.68016 0 -0.0384154 -0.0457465 175.101 0 13 98 1 0 1
4.07479 -3.76023 0 0.0168224 0.0539505 180.265 0 13 99 1 0 1
2.48991 -0.784569 0 -0.113448 0.124926 181.101 0 13 100 1 0 1
7.85479 -0.360681 0 -0.385893 -0.0177951 181.322 0 13 101 1 0 1
9.17731 -3.38602 0 -0.322745 -0.0999942 178.667 0 13 102 1 0 1
3.55248 -1.22768 0 -0.0524452 0.0286169 180.942 0 13 103 1 0 1
6.348 -0.803696 0 1.04719 0.297818 180.216 0 13 104 1 0 1
12.4646 -1.87869 0 -1.07559 0.0671012 181.081 0 13 105 1 0 1
17.3461 3.1996 0 0.146517 0.208899 181.705 0 13 106 1 0 1
10.0402 1.27282 0 -0.0710624 -0.294534 182.126 0 13 107 1 0 1
3.93121 5.30194 0 0.112164 -0.0603346 180.035 0 13 108 1 0 1
12.6522 -2.0191 0 0.0118777 0.0701089 181.048 0 13 109 1 0 1
10.8403 4.38127 0 -0.347692 0.450109 180.032 0 13 110 1 0 1
9.07437 3.53532 0 -0.194128 -0.191619 181.213 0 13 111 1 0 1
6.08123 1.79666 0 -0.312269 0.360094 179.981 0 13 112 1 0 1
5.29028 -0.123775 0 0.370727 0.0851478 182.741 0 13 113 1 0 1
12.5265 5.70895 0 -0.235765 0.000907476 181.415 0 13 114 1 0 1
5.41056 -4.37497 0 -0.0203725 0.488988 182.458 0 13 115 1 0 1
3.1388 -4.05265 0 -0.674221 0.315993 179.171 0 13 116 1 0 1
7.75787 -0.302892 0 -0.140776 -0.293878 180.043 0 13 117 1 0 1
2.24802 0.771867 0 -0.0320908 0.125962 179.583 0 13 118 1 0 1
4.38515 -1.21161 0 0.0723586 0.42602 181.381 0 13 119 1 0 1
7.53922 -1.75671 0 -0.211267 -0.252157 179.364 0 13 120 1 0 1
9.17908 1.42215 0 0.23035 0.562647 178.73 0 13 121 1 0 1
8.05181 -4.66766 0 1.25968 -0.141037 180.301 0 13 122 1 0 1
8.61757 -0.596771 0 0.183637 0.0989054 180.095 0 13 123 1 0 1
11.0854 -2.2126 0 -0.842868 -0.000593164 178.141 0 13 124 1 0 1
3.82135 -1.62495 0 0.284591 0.172706 181.342 0 13 125 1 0 1
9.22598 -0.261492 0 0.228556 -0.380344 179.945 0 13 126 1 0 1
9.81694 -0.248839 0 -0.236139 0.200514 178.419 0 13 127 1 0 1
10.5601 -1.38641 0 0.836893 0.0394999 179.727 0 13 128 1 0 1
14.1609 2.24432 0 0.142347 -0.186291 179.971 0 13 129 1 0 1
7.96062 3.60203 0 -0.785181 0.238589 176.85 0 13 130 1 0 1
10.9774 1.12104 0 -0.0581371 0.0974601 177.302 0 13 131 1 0 1
7.15182 -1.43714 0 0.66254 -0.272408 177.551 0 13 132 1 0 1
3.11552 4.23146 0 0.151347 0.116234 180.442 0 13 133 1 0 1
16.9346 -1.68517 0 -0.235029 0.143465 180.987 0 13 134 1 0 1
3.9411 0.727553 0 -0.519607 0.0659238 177.647 0 13 135 1 0 1
7.191 1.15014 0 -0.243987 -0.0314981 179.845 0 13 136 1 0 1
6.58604 3.4769 0 0.478109 -0.0999218 181.522 0 13 137 1 0 1
4.96956 1.87475 0 0.0322711 0.407274 179.311 0 13 138 1 0 1
7.70373 -3.74525 0 0.0877799 0.00426559 178.783 0 13 139 1 0 1
9.48592 -4.94216 0 -0.50981 0.0103636 180.468 0 13 140 1 0 1
5.80427 -0.682941 0 0.401891 -0.164319 180.859 0 13 141 1 0 1
1.72724 -0.0519293 0 -0.304358 0.228829 179.707 0 13 142 1 0 1
9.2339 0.754303 0 -0.292947 0.446051 178.764 0 13 143 1 0 1
17.4649 0.0428429 0 -0.292694 0.0472727 181.844 0 13 144 1 0 1
3.05191 1.51502 0 -0.951127 0.216105 181.12 0 13 145 1 0 1
18.522 0.634725 0 0.0925681 0.251819 180.664 0 13 146 1 0 1
14.6548 -0.938494 0 -0.561734 -0.937609 181.459 0 13 147 1 0 1
6.51043 5.38536 0 0.414724 -0.00159032 179.541 0 13 148 1 0 1
6.00168 -1.57591 0 -0.377184 0.172666 180.066 0 13 149 1 0 1
8.26511 2.28591 0 -0.0778618 0.133184 179.745 0 13 150 1 0 1
6.965 -0.590896 61.2245 -0.294737 -0.0650336 178.326 0.237379 13 1 1 0 1
7.22465 1.14936 61.2245 -0.0436673 0.243436 180.448 0.236656 13 2 1 0 1
9.48454 -4.06301 61.2245 -0.641337 0.371026 180.91 0.236502 13 3 1 0 1
9.60938 -4.4164 61.2245 -1.49601 -0.0923108 179.151 0.237093 13 4 1 0 1
9.09658 1.23614 61.2245 -0.716161 -0.216719 180.554 0.23662 13 5 1 0 1
9.3531 4.32035 61.2245 -1.02607 0.00562384 182.152 0.236092 13 6 1 0 1
5.33522 -0.864966 61.2245 -0.748267 0.000250976 181.136 0.236427 13 7 1 0 1
8.81025 -2.42635 61.2245 -0.885818 -0.0603283 182.195 0.236078 13 8 1 0 1
4.7444 0.923663 61.2245 -0.250006 -0.435874 180.087 0.236777 13 9 1 0 1
12.7485 -0.809128 61.2245 -1.87395 -0.00154282 178.519 0.237308 13 10 1 0 1
9.85202 -3.56487 61.2245 -0.784184 0.347236 181.203 0.236404 13 11 1 0 1
11.8519 0.911377 61.2245 -0.243064 0.001655 177.661 0.23761 13 12 1 0 1
10.2344 -1.24123 61.2245 -1.04833 -0.2987 178.255 0.237402 13 13 1 0 1
5.99663 -5.18412 61.2245 0.13096 -0.22167 180.431 0.236662 13 14 1 0 1
13.685 -4.95359 61.2245 -0.781679 -0.518736 180.641 0.236591 13 15 1 0 1
4.81949 2.53048 61.2245 -0.878995 0.214249 180.281 0.236712 13 16 1 0 1
8.93416 4.01902 61.2245 -0.48516 0.032831 180.933 0.236494 13 17 1 0 1
9.8213 3.2736 61.2245 -1.47085 0.149826 180.947 0.236488 13 18 1 0 1
0.00658171 1.92773 61.2245 -0.288826 -0.555767 179.668 0.236919 13 19 1 0 1
11.7235 4.0529 61.2245 -1.48857 0.0132883 179.724 0.236898 13 20 1 0 1
9.2793 0.404281 61.2245 -0.408016 0.29551 178.809 0.237212 13 21 1 0 1
6.41853 -0.0140899 61.2245 -0.0142933 -0.240872 181.703 0.23624 13 22 1 0 1
13.6165 -3.44266 61.2245 -1.23828 0.0793012 179.727 0.236897 13 23 1 0 1
6.93483 -2.43715 61.2245 0.110595 0.419055 177.716 0.23759 13 24 1 0 1
4.8859 2.88437 61.2245 -0.0846549 0.136532 180.621 0.236598 13 25 1 0 1
8.48282 1.41385 61.2245 -0.578364 -0.0957551 180.498 0.236639 13 26 1 0 1
10.1591 1.95093 61.2245 -0.78915 0.0896871 183.617 0.23562 13 27 1 0 1
9.1154 -0.927267 61.2245 -0.897588 0.0279441 181.661 0.236253 13 28 1 0 1
6.62726 4.33197 61.2245 -0.325328 -0.832938 177.975 0.2375 13 29 1 0 1
8.92125 0.553511 61.2245 -0.501359 -0.13662 181.179 0.236413 13 30 1 0 1
8.93194 6.07304 61.2245 -0.913362 -0.107615 179 0.237146 13 31 1 0 1
7.47038 -0.406021 61.2245 -0.668694 -0.723575 179.121 0.237104 13 32 1 0 1
11.7019 -0.0783991 61.2245 -1.43635 0.263796 181.535 0.236293 13 33 1 0 1
13.5259 -0.909653 61.2245 -1.81723 -0.0623135 181.113 0.236432 13 34 1 0 1
11.7997 2.57349 61.2245 -2.13627 -0.483044 181.216 0.236396 13 35 1 0 1
2.03221 2.95591 61.2245 -0.0748077 -0.140425 180.344 0.236691 13 36 1 0 1
11.0666 -0.0794003 61.2245 -0.786834 0.423418 181.885 0.23618 13 37 1 0 1
7.15566 -2.76691 61.2245 0.704391 0.340691 179.52 0.236969 13 38 1 0 1
8.52758 0.610926 61.2245 -0.323297 0.150502 177.25 0.237754 13 39 1 0 1
2.03053 -2.48827 61.2245 0.123772 -0.192068 177.354 0.237717 13 40 1 0 1
13.0118 3.57573 61.2245 -0.65101 -0.375139 180 0.236806 13 41 1 0 1
3.51144 3.86929 61.2245 0.0829433 -0.377933 182.808 0.23588 13 42 1 0 1
11.7718 -4.77287 61.2245 -0.976955 0.542275 179.823 0.236865 13 43 1 0 1
5.57795 1.15638 61.2245 -0.240333 0.364084 178.163 0.237435 13 44 1 0 1
12.6108 3.59333 61.2245 -0.280664 -0.168872 178.66 0.237263 13 45 1 0 1
11.9371 0.439249 61.2245 -0.854666 0.370957 179.523 0.236967 13 46 1 0 1
-1.2307 -4.53332 61.2245 -0.0829983 0.376294 180.57 0.236615 13 47 1 0 1
5.4825 2.07692 61.2245 -0.427665 -0.0491955 182.387 0.236016 13 48 1 0 1
7.81401 3.855 61.2245 -0.120277 0.305192 178.79 0.237218 13 49 1 0 1
11.086 -2.87284 61.2245 -1.71785 -0.440825 181.916 0.236168 13 50 1 0 1
3.03093 -0.480415 61.2245 -0.235333 0.00837379 178.935 0.237169 13 51 1 0 1
9.09313 0.158711 61.2245 0.125004 0.140228 181.801 0.236208 13 52 1 0 1
6.92383 -1.28216 61.2245 -1.08356 0.329223 177.033 0.237829 13 53 1 0 1
5.69026 1.97124 61.2245 0.0259085 -0.0648771 181.449 0.236324 13 54 1 0 1
8.37319 -3.94612 61.2245 -1.18614 -0.0409016 181.657 0.236254 13 55 1 0 1
5.52675 -2.05681 61.2245 -0.831409 -0.346227 179.787 0.236878 13 56 1 0 1
3.29501 -5.83654 61.2245 -0.084495 0.283858 178.845 0.2372 13 57 1 0 1
0.338893 -0.889252 61.2245 0.301868 -0.570557 178.424 0.237344 13 58 1 0 1
8.97674 2.00736 61.2245 -0.898883 0.136253 181.197 0.236406 13 59 1 0 1
9.39047 1.68154 61.2245 -0.105229 0.06449 176.249 0.238109 13 60 1 0 1
11.6373 -0.781048 61.2245 -0.295329 -0.103137 183.492 0.23566 13 61 1 0 1
1.02653 5.9397 61.2245 0.136452 -0.455163 181.241 0.236392 13 62 1 0 1
15.3279 1.47772 61.2245 -1.21147 0.193523 178.365 0.237363 13 63 1 0 1
7.59026 2.04853 61.2245 -0.443932 -0.0782565 179.648 0.236926 13 64 1 0 1
3.83054 2.22579 61.2245 -0.451584 -0.0469732 178.464 0.237331 13 65 1 0 1
4.98061 2.89191 61.2245 0.814445 0.0736694 175.331 0.238438 13 66 1 0 1
10.4248 4.22544 61.2245 -0.574713 -0.0262149 179.878 0.236848 13 67 1 0 1
9.66413 2.59818 61.2245 -1.61107 0.000662813 178.729 0.237237 13 68 1 0 1
13.4075 -3.54708 61.2245 -0.197268 -0.06159 180.524 0.236631 13 69 1 0 1
8.56118 -2.22727 61.2245 -0.842525 0.657607 181.864 0.236186 13 70 1 0 1
2.97678 4.3242 61.2245 -0.855187 0.12512 183.276 0.235729 13 71 1 0 1
10.9636 0.449951 61.2245 -1.22355 -0.597206 178.648 0.237266 13 72 1 0 1
7.74451 -1.81989 61.2245 -0.353343 0.027721 180.825 0.23653 13 73 1 0 1
9.48213 0.489782 61.2245 -0.434986 -0.105293 181.42 0.236333 13 74 1 0 1
7.96646 -1.55593 61.2245 -0.982412 0.0522795 179.8 0.236873 13 75 1 0 1
8.51731 0.424856 61.2245 -0.640955 -0.0501436 177.734 0.237584 13 76 1 0 1
9.72185 1.06306 61.2245 -0.261516 -0.0876023 180.803 0.236538 13 77 1 0 1
3.79518 0.0627849 61.2245 -1.162 -0.256671 181.328 0.236362 13 78 1 0 1
3.21607 -2.43933 61.2245 -1.43765 0.508764 179.306 0.23704 13 79 1 0 1
2.37366 1.34036 61.2245 -0.529743 0.089913 180.317 0.2367 13 80 1 0 1
13.8645 0.00254111 61.2245 -0.746372 0.164617 182.977 0.235825 13 81 1 0 1
11.8889 -2.70526 61.2245 -0.4423 0.0512266 181.313 0.236368 13 82 1 0 1
6.88978 1.5656 61.2245 -0.0375928 0.193465 179.618 0.236936 13 83 1 0 1
18.1414 -0.527199 61.2245 -0.838062 0.0434653 184.669 0.235286 13 84 1 0 1
6.67537 2.43775 61.2245 -0.108815 -0.0794222 177.899 0.237527 13 85 1 0 1
8.69276 2.87985 61.2245 -0.498567 0.115574 180.043 0.236792 13 86 1 0 1
11.3503 0.517231 61.2245 -0.617142 -0.00243184 179.561 0.236955 13 87 1 0 1
10.4462 -1.56229 61.2245 -1.2577 0.0532052 177.36 0.237713 13 88 1 0 1
5.87012 -1.64537 61.2245 -1.37062 0.210986 181.014 0.236466 13 89 1 0 1
7.64682 -3.35432 61.2245 -0.691933 0.612513 180.926 0.236496 13 90 1 0 1
12.0807 -0.62725 61.2245 -1.33287 -0.476627 181.399 0.236338 13 91 1 0 1
11.3009 -0.0717874 61.2245 -1.6954 0.170522 176.82 0.237903 13 92 1 0 1
0.526932 -1.69268 61.2245 -0.525821 -0.324005 180.056 0.236788 13 93 1 0 1
8.97978 1.88275 61.2245 -0.399725 0.348609 182.095 0.236111 13 94 1 0 1
2.64018 -2.73394 61.2245 -0.431184 -0.200061 179.853 0.236856 13 95 1 0 1
7.99381 -4.05811 61.2245 -0.385403 -0.199282 179.958 0.236821 13 96 1 0 1
7.06241 -0.226773 61.2245 -0.684707 -0.20006 181.261 0.236385 13 97 1 0 1
9.28299 -1.68655 61.2245 -0.726896 0.00927823 175.1 0.238522 13 98 1 0 1
4.02825 -3.7205 61.2245 -0.290308 0.179819 180.265 0.236718 13 99 1 0 1
2.41981 -0.737941 61.2245 -0.300405 0.150662 181.101 0.236439 13 100 1 0 1
7.62437 -0.364621 61.2245 -0.976028 -0.00551971 181.319 0.236366 13 101 1 0 1
8.94955 -3.40091 61.2245 -1.0037 0.0131885 178.664 0.237261 13 102 1 0 1
3.48928 -1.21101 61.2245 -0.320352 0.0698036 180.942 0.236492 13 103 1 0 1
6.62086 -0.698127 61.2245 0.555768 0.323084 180.218 0.236733 13 104 1 0 1
11.9428 -1.84533 61.2245 -2.0048 0.130039 181.073 0.236444 13 105 1 0 1
17.1729 3.25161 61.2245 -1.17229 0.0994835 181.701 0.236239 13 106 1 0 1
9.88776 1.16674 61.2245 -0.834186 -0.336002 182.124 0.236101 13 107 1 0 1
3.9188 5.25122 61.2245 -0.184996 -0.237673 180.035 0.236795 13 108 1 0 1
12.494 -1.98392 61.2245 -0.945366 0.137754 181.045 0.236456 13 109 1 0 1
10.5836 4.50906 61.2245 -1.15865 0.300711 180.029 0.236796 13 110 1 0 1
8.89275 3.45054 61.2245 -0.878709 -0.309776 181.211 0.236402 13 111 1 0 1
5.89751 1.90868 61.2245 -0.765581 0.297845 179.98 0.236813 13 112 1 0 1
5.34614 -0.0945959 61.2245 -0.037963 0.0888727 182.741 0.235902 13 113 1 0 1
12.2867 5.67669 61.2245 -1.18224 -0.191882 181.411 0.236335 13 114 1 0 1
5.3344 -4.18625 61.2245 -0.432592 0.634786 182.457 0.235993 13 115 1 0 1
2.86916 -3.92177 61.2245 -0.900553 0.449351 179.17 0.237088 13 116 1 0 1
7.61076 -0.400909 61.2245 -0.722573 -0.282048 180.042 0.236792 13 117 1 0 1
2.20831 0.810327 61.2245 -0.200361 0.0994411 179.583 0.236948 13 118 1 0 1
4.35326 -1.06117 61.2245 -0.260905 0.464497 181.381 0.236346 13 119 1 0 1
7.37078 -1.83259 61.2245 -0.773573 -0.192065 179.363 0.237022 13 120 1 0 1
9.13999 1.6064 61.2245 -0.458088 0.512122 178.73 0.237239 13 121 1 0 1
8.37452 -4.68884 61.2245 0.636958 0.0164253 180.304 0.236704 13 122 1 0 1
8.56927 -0.559807 61.2245 -0.467182 0.118347 180.094 0.236775 13 123 1 0 1
10.6549 -2.20018 61.2245 -1.65713 0.0727779 178.135 0.237442 13 124 1 0 1
3.86804 -1.55748 61.2245 -0.00860248 0.226573 181.342 0.236359 13 125 1 0 1
9.18515 -0.389162 61.2245 -0.468045 -0.369414 179.945 0.236825 13 126 1 0 1
9.61042 -0.178744 61.2245 -0.964944 0.207632 178.417 0.237346 13 127 1 0 1
10.7086 -1.36507 61.2245 0.0331494 0.0856585 179.729 0.236898 13 128 1 0 1
14.0276 2.16827 61.2245 -0.924329 -0.260412 179.968 0.236817 13 129 1 0 1
7.58791 3.66392 61.2245 -1.36333 0.118648 176.846 0.237894 13 130 1 0 1
10.8167 1.14823 61.2245 -0.870616 0.0599047 177.3 0.237736 13 131 1 0 1
7.28763 -1.5227 61.2245 0.123479 -0.223357 177.553 0.237648 13 132 1 0 1
3.12672 4.24669 61.2245 -0.085485 -0.0265574 180.442 0.236658 13 133 1 0 1
16.6384 -1.62712 61.2245 -1.5126 0.199414 180.981 0.236476 13 134 1 0 1
3.71227 0.74608 61.2245 -0.805476 0.0414886 177.646 0.237614 13 135 1 0 1
7.01612 1.13287 61.2245 -0.78122 -0.0698215 179.843 0.236859 13 136 1 0 1
6.66219 3.42343 61.2245 -0.0275428 -0.216836 181.523 0.236299 13 137 1 0 1
4.91683 2.00286 61.2245 -0.340471 0.342375 179.311 0.23704 13 138 1 0 1
7.63492 -3.72243 61.2245 -0.488823 0.128882 178.783 0.237221 13 139 1 0 1
9.19211 -4.91046 61.2245 -1.21854 0.176325 180.465 0.236649 13 140 1 0 1
5.86534 -0.734565 61.2245 -0.0418824 -0.14039 180.86 0.236519 13 141 1 0 1
1.60185 0.0261787 61.2245 -0.430149 0.229261 179.706 0.236906 13 142 1 0 1
9.01564 0.902477 61.2245 -0.978888 0.418402 178.761 0.237227 13 143 1 0 1
17.1429 0.0584844 61.2245 -1.61586 0.0455511 181.837 0.236194 13 144 1 0 1
2.69265 1.57929 61.2245 -1.16989 0.163793 181.119 0.236432 13 145 1 0 1
18.3158 0.71628 61.2245 -1.30676 0.229031 180.659 0.236584 13 146 1 0 1
14.2782 -1.24889 61.2245 -1.66559 -0.900529 181.452 0.236319 13 147 1 0 1
6.5678 5.3541 61.2245 -0.0789922 -0.181565 179.542 0.236962 13 148 1 0 1
5.79705 -1.50833 61.2245 -0.823891 0.224502 180.064 0.236785 13 149 1 0 1
8.13276 2.31815 61.2245 -0.697593 0.0559402 179.743 0.236893 13 150 1 0 1
6.77496 -0.609811 122.449 -0.809915 -0.0450477 178.324 0.474757 13 1 1 0 1
7.11729 1.22524 122.449 -0.58782 0.20344 180.447 0.473313 13 2 1 0 1
9.14685 -3.91451 122.449 -1.35002 0.505722 180.906 0.473003 13 3 1 0 1
8.97713 -4.42269 122.449 -2.19605 0.0554923 179.144 0.474186 13 4 1 0 1
8.73817 1.15574 122.449 -1.39321 -0.257023 180.55 0.473241 13 5 1 0 1
8.8898 4.2976 122.449 -1.72472 -0.140893 182.146 0.472184 13 6 1 0 1
5.015 -0.859947 122.449 -1.14246 0.0294139 181.134 0.472853 13 7 1 0 1
8.40092 -2.43275 122.449 -1.54512 0.0223048 182.191 0.472156 13 8 1 0 1
4.59895 0.770491 122.449 -0.603795 -0.464348 180.086 0.473555 13 9 1 0 1
11.9451 -0.805041 122.449 -2.80065 0.025352 178.507 0.474617 13 10 1 0 1
9.46191 -3.42744 122.449 -1.52001 0.465487 181.198 0.472809 13 11 1 0 1
11.6166 0.906748 122.449 -1.11972 -0.0284939 177.658 0.475219 13 12 1 0 1
9.74472 -1.33655 122.449 -1.7971 -0.255802 178.249 0.474804 13 13 1 0 1
5.96401 -5.22963 122.449 -0.322803 -0.04629 180.431 0.473324 13 14 1 0 1
13.2458 -5.10082 122.449 -1.8045 -0.349196 180.634 0.473182 13 15 1 0 1
4.46048 2.58867 122.449 -1.23075 0.128106 180.279 0.473423 13 16 1 0 1
8.65617 4.00719 122.449 -1.15434 -0.102715 180.93 0.472989 13 17 1 0 1
9.19987 3.30553 122.449 -2.19445 0.0387064 180.94 0.472976 13 18 1 0 1
-0.0915036 1.72771 122.449 -0.285617 -0.617068 179.667 0.473838 13 19 1 0 1
11.0683 4.0343 122.449 -2.34973 -0.12237 179.714 0.473796 13 20 1 0 1
9.02125 0.502966 122.449 -1.09604 0.280364 178.806 0.474424 13 21 1 0 1
6.33146 -0.0950165 122.449 -0.501413 -0.239021 181.703 0.47248 13 22 1 0 1
13.022 -3.39606 122.449 -2.24483 0.194014 179.718 0.473795 13 23 1 0 1
6.88388 -2.27916 122.449 -0.405771 0.497286 177.716 0.47518 13 24 1 0 1
4.7947 2.91411 122.449 -0.452304 0.0387752 180.621 0.473197 13 25 1 0 1
8.17875 1.37336 122.449 -1.21069 -0.14271 180.495 0.473278 13 26 1 0 1
9.7669 1.96965 122.449 -1.55841 0.0224929 183.613 0.471239 13 27 1 0 1
8.69734 -0.912578 122.449 -1.57793 0.059139 181.656 0.472507 13 28 1 0 1
6.43087 4.02127 122.449 -0.813973 -0.97169 177.972 0.474999 13 29 1 0 1
8.6382 0.504275 122.449 -1.17027 -0.154505 181.175 0.472826 13 30 1 0 1
8.50639 6.00166 122.449 -1.56965 -0.309347 178.995 0.474292 13 31 1 0 1
7.14703 -0.650557 122.449 -1.2192 -0.705899 179.118 0.474209 13 32 1 0 1
11.0696 0.0108466 122.449 -2.30543 0.264928 181.526 0.472587 13 33 1 0 1
12.7408 -0.92549 122.449 -2.81731 -0.0312884 181.1 0.472864 13 34 1 0 1
10.9298 2.39592 122.449 -3.00213 -0.56706 181.204 0.472792 13 35 1 0 1
1.98087 2.89147 122.449 -0.226982 -0.238855 180.344 0.473382 13 36 1 0 1
10.661 0.0633085 122.449 -1.61773 0.423678 181.88 0.472359 13 37 1 0 1
7.30314 -2.63516 122.449 0.158623 0.431212 179.521 0.473937 13 38 1 0 1
8.30708 0.659328 122.449 -0.950701 0.129484 177.248 0.475507 13 39 1 0 1
2.04705 -2.54025 122.449 -0.0282846 -0.108826 177.354 0.475435 13 40 1 0 1
12.6246 3.42798 122.449 -1.62122 -0.492791 179.994 0.473613 13 41 1 0 1
3.49409 3.72089 122.449 -0.186334 -0.507445 182.808 0.47176 13 42 1 0 1
11.2897 -4.56137 122.449 -1.84884 0.698917 179.816 0.473731 13 43 1 0 1
5.42422 1.27466 122.449 -0.652484 0.323655 178.162 0.474869 13 44 1 0 1
12.3534 3.51507 122.449 -1.21844 -0.287405 178.656 0.474526 13 45 1 0 1
11.4938 0.563014 122.449 -1.73906 0.35415 179.517 0.473935 13 46 1 0 1
-1.24294 -4.38012 122.449 0.0109191 0.526522 180.57 0.473231 13 47 1 0 1
5.26928 2.04859 122.449 -0.839982 -0.119427 182.386 0.472033 13 48 1 0 1
7.67284 3.93732 122.449 -0.702471 0.175152 178.789 0.474437 13 49 1 0 1
10.3683 -3.00453 122.449 -2.53835 -0.341011 181.906 0.472335 13 50 1 0 1
2.91191 -0.474815 122.449 -0.458923 0.0243276 178.935 0.474338 13 51 1 0 1
9.01849 0.20494 122.449 -0.567329 0.134057 181.8 0.472416 13 52 1 0 1
6.46194 -1.16121 122.449 -1.5818 0.369589 177.029 0.475658 13 53 1 0 1
5.62603 1.93814 122.449 -0.405831 -0.131087 181.449 0.472647 13 54 1 0 1
7.8678 -3.93737 122.449 -1.80643 0.0927659 181.652 0.472508 13 55 1 0 1
5.17399 -2.16276 122.449 -1.23591 -0.275415 179.784 0.473756 13 56 1 0 1
3.22397 -5.70626 122.449 -0.329637 0.476542 178.844 0.474399 13 57 1 0 1
0.437689 -1.07959 122.449 0.272734 -0.537769 178.424 0.474689 13 58 1 0 1
8.55925 2.04186 122.449 -1.56695 0.0677682 181.192 0.472812 13 59 1 0 1
9.23371 1.6943 122.449 -0.795408 0.00895435 176.247 0.476217 13 60 1 0 1
11.39 -0.81094 122.449 -1.18374 -0.0758696 183.489 0.47132 13 61 1 0 1
1.05926 5.75236 122.449 0.0569661 -0.652954 181.24 0.472785 13 62 1 0 1
14.7174 1.53559 122.449 -2.33814 0.143347 178.354 0.474727 13 63 1 0 1
7.34232 2.01022 122.449 -1.00797 -0.146312 179.646 0.473851 13 64 1 0 1
3.62718 2.19701 122.449 -0.731426 -0.120646 178.463 0.474661 13 65 1 0 1
5.19995 2.90109 122.449 0.439135 -0.0211344 175.332 0.476876 13 66 1 0 1
10.0964 4.19243 122.449 -1.35083 -0.167544 179.873 0.473696 13 67 1 0 1
8.99074 2.58359 122.449 -2.31202 -0.0857778 178.721 0.474474 13 68 1 0 1
13.1691 -3.5477 122.449 -1.20603 0.0579556 180.52 0.473262 13 69 1 0 1
8.16901 -1.9936 122.449 -1.48224 0.729239 181.86 0.472372 13 70 1 0 1
2.65417 4.34126 122.449 -1.07218 -0.0231184 183.275 0.471458 13 71 1 0 1
10.4055 0.243105 122.449 -2.02615 -0.608738 178.641 0.474531 13 72 1 0 1
7.52611 -1.80014 122.449 -0.933935 0.088819 180.823 0.473061 13 73 1 0 1
9.21442 0.451522 122.449 -1.14816 -0.121231 181.417 0.472666 13 74 1 0 1
7.53125 -1.52928 122.449 -1.56827 0.104054 179.796 0.473747 13 75 1 0 1
8.18828 0.405192 122.449 -1.26523 -0.0639125 177.73 0.475168 13 76 1 0 1
9.50906 1.02739 122.449 -0.992591 -0.122879 180.801 0.473075 13 77 1 0 1
3.35587 -0.0240721 122.449 -1.43463 -0.257323 181.326 0.472725 13 78 1 0 1
2.68606 -2.25203 122.449 -1.66015 0.587273 179.304 0.47408 13 79 1 0 1
2.16414 1.36319 122.449 -0.701788 0.0444104 180.317 0.4734 13 80 1 0 1
13.4381 0.057503 122.449 -1.79672 0.163585 182.969 0.47165 13 81 1 0 1
11.5878 -2.67256 122.449 -1.33728 0.142235 181.309 0.472737 13 82 1 0 1
6.78871 1.62249 122.449 -0.554186 0.140015 179.617 0.473872 13 83 1 0 1
17.6322 -0.50981 122.449 -2.22698 0.0613362 184.658 0.470573 13 84 1 0 1
6.55251 2.39656 122.449 -0.603609 -0.159695 177.898 0.475053 13 85 1 0 1
8.41252 2.90265 122.449 -1.14609 0.0183984 180.04 0.473584 13 86 1 0 1
10.9953 0.513453 122.449 -1.46076 -0.0197056 179.556 0.47391 13 87 1 0 1
9.88005 -1.53505 122.449 -2.01563 0.104476 177.353 0.475427 13 88 1 0 1
5.33327 -1.56476 122.449 -1.79699 0.265218 181.01 0.472932 13 89 1 0 1
7.31566 -3.12831 122.449 -1.26111 0.721974 180.923 0.472992 13 90 1 0 1
11.4779 -0.784234 122.449 -2.23133 -0.452707 181.391 0.472677 13 91 1 0 1
10.5715 -0.0124466 122.449 -2.50845 0.171902 176.81 0.475805 13 92 1 0 1
0.342147 -1.79299 122.449 -0.558724 -0.265424 180.056 0.473575 13 93 1 0 1
8.73085 1.989 122.449 -1.07781 0.282799 182.092 0.472223 13 94 1 0 1
2.46018 -2.78632 122.449 -0.62406 -0.10739 179.853 0.473713 13 95 1 0 1
7.76079 -4.10264 122.449 -0.981522 -0.0622043 179.956 0.473642 13 96 1 0 1
6.7416 -0.292925 122.449 -1.21079 -0.191265 181.258 0.472771 13 97 1 0 1
8.91092 -1.67369 122.449 -1.39671 0.0641952 175.096 0.477044 13 98 1 0 1
3.87843 -3.63832 122.449 -0.589993 0.303636 180.264 0.473435 13 99 1 0 1
2.28767 -0.682895 122.449 -0.479659 0.174679 181.101 0.472877 13 100 1 0 1
7.19848 -0.364401 122.449 -1.54111 0.00681824 181.315 0.472731 13 101 1 0 1
8.49236 -3.377 122.449 -1.65889 0.126216 178.66 0.474522 13 102 1 0 1
3.33662 -1.18053 122.449 -0.580043 0.110194 180.941 0.472983 13 103 1 0 1
6.724 -0.584594 122.449 0.0500886 0.344663 180.219 0.473466 13 104 1 0 1
11.1147 -1.79092 122.449 -2.88248 0.191483 181.061 0.472889 13 105 1 0 1
16.5595 3.26652 122.449 -2.46087 -0.0110621 181.689 0.472479 13 106 1 0 1
9.48179 1.04734 122.449 -1.57588 -0.373629 182.119 0.472203 13 107 1 0 1
3.80592 5.1406 122.449 -0.477411 -0.412298 180.034 0.47359 13 108 1 0 1
12.0155 -1.92611 122.449 -1.8783 0.203819 181.038 0.472913 13 109 1 0 1
10.0556 4.58541 122.449 -1.93985 0.147885 180.022 0.473592 13 110 1 0 1
8.48314 3.3264 122.449 -1.54073 -0.42439 181.206 0.472803 13 111 1 0 1
5.56259 1.99892 122.449 -1.19925 0.232198 179.978 0.473626 13 112 1 0 1
5.26495 -0.0643375 122.449 -0.44568 0.0915834 182.741 0.471803 13 113 1 0 1
11.7319 5.57968 122.449 -2.0983 -0.382465 181.402 0.47267 13 114 1 0 1
5.12148 -3.94977 122.449 -0.833712 0.773337 182.455 0.471987 13 115 1 0 1
2.52597 -3.74614 122.449 -1.10379 0.577581 179.168 0.474175 13 116 1 0 1
7.26854 -0.494352 122.449 -1.28582 -0.266999 180.039 0.473585 13 117 1 0 1
2.11199 0.839543 122.449 -0.363494 0.0717858 179.583 0.473896 13 118 1 0 1
4.20976 -0.898626 122.449 -0.587477 0.497674 181.38 0.472692 13 119 1 0 1
7.01337 -1.88758 122.449 -1.31603 -0.129781 179.36 0.474044 13 120 1 0 1
8.86658 1.77234 122.449 -1.13476 0.455749 178.727 0.474478 13 121 1 0 1
8.48253 -4.65653 122.449 -0.00211539 0.173703 180.305 0.473408 13 122 1 0 1
8.30128 -0.516458 122.449 -1.10601 0.136437 180.092 0.47355 13 123 1 0 1
9.95119 -2.16267 122.449 -2.42881 0.145312 178.126 0.474884 13 124 1 0 1
3.81557 -1.47225 122.449 -0.301575 0.277854 181.342 0.472718 13 125 1 0 1
8.90885 -0.512393 122.449 -1.15263 -0.354266 179.942 0.47365 13 126 1 0 1
9.15753 -0.10661 122.449 -1.66897 0.212378 178.412 0.474692 13 127 1 0 1
10.5826 -1.32816 122.449 -0.771446 0.130838 179.727 0.473797 13 128 1 0 1
13.5347 2.06748 122.449 -1.96721 -0.331549 179.96 0.473633 13 129 1 0 1
7.02068 3.68402 122.449 -1.90648 -0.00264196 176.841 0.475789 13 130 1 0 1
10.3787 1.16233 122.449 -1.66072 0.0216665 177.294 0.475471 13 131 1 0 1
7.23662 -1.59089 122.449 -0.418751 -0.171757 177.552 0.475295 13 132 1 0 1
3.05776 4.21347 122.449 -0.320125 -0.169045 180.442 0.473317 13 133 1 0 1
15.9156 -1.55051 122.449 -2.75117 0.253072 180.966 0.472953 13 134 1 0 1
3.38827 0.756096 122.449 -1.07069 0.0165805 177.644 0.475229 13 135 1 0 1
6.66137 1.10269 122.449 -1.29841 -0.107347 179.84 0.473718 13 136 1 0 1
6.56754 3.33091 122.449 -0.532487 -0.331274 181.522 0.472599 13 137 1 0 1
4.73806 2.10811 122.449 -0.70448 0.27357 179.31 0.474081 13 138 1 0 1
7.37037 -3.65715 122.449 -1.05288 0.252024 178.78 0.474442 13 139 1 0 1
8.66265 -4.82275 122.449 -1.89598 0.340264 180.459 0.473299 13 140 1 0 1
5.77604 -0.777809 122.449 -0.484581 -0.114858 180.859 0.473038 13 141 1 0 1
1.43539 0.103988 122.449 -0.544912 0.227077 179.706 0.473812 13 142 1 0 1
8.56624 1.04036 122.449 -1.63969 0.385974 178.757 0.474455 13 143 1 0 1
16.3814 0.0734588 122.449 -2.89736 0.0433079 181.821 0.472388 13 144 1 0 1
2.26436 1.62555 122.449 -1.35866 0.109613 181.118 0.472863 13 145 1 0 1
17.6401 0.789665 122.449 -2.67236 0.20362 180.644 0.473168 13 146 1 0 1
13.5356 -1.54504 122.449 -2.72657 -0.85315 181.44 0.472639 13 147 1 0 1
6.45679 5.26177 122.449 -0.57068 -0.359466 179.541 0.473924 13 148 1 0 1
5.4438 -1.42354 122.449 -1.24946 0.273774 180.062 0.473569 13 149 1 0 1
7.79191 2.32395 122.449 -1.29942 -0.0219402 179.74 0.473786 13 150 1 0 1
6.41124 -0.62177 183.673 -1.30431 -0.0245481 178.321 0.712136 13 1 1 0 1
6.82747 1.28715 183.673 -1.11689 0.161122 180.444 0.709969 13 2 1 0 1
8.57466 -3.72135 183.673 -2.02403 0.634634 180.899 0.709505 13 3 1 0 1
8.11474 -4.37854 183.673 -2.83971 0.202648 179.135 0.711278 13 4 1 0 1
8.15575 1.06216 183.673 -2.03448 -0.29439 180.544 0.709861 13 5 1 0 1
8.1986 4.22582 183.673 -2.37909 -0.285791 182.139 0.708277 13 6 1 0 1
4.56621 -0.845119 183.673 -1.50734 0.0582404 181.131 0.70928 13 7 1 0 1
7.77622 -2.41139 183.673 -2.16476 0.104678 182.185 0.708235 13 8 1 0 1
4.3356 0.60853 183.673 -0.942098 -0.487524 180.084 0.710332 13 9 1 0 1
10.8355 -0.79177 183.673 -3.65537 0.0519531 178.491 0.711925 13 10 1 0 1
8.82923 -3.25091 183.673 -2.2168 0.578412 181.19 0.709213 13 11 1 0 1
11.0834 0.891775 183.673 -1.9676 -0.0583154 177.651 0.712829 13 12 1 0 1
9.00519 -1.41662 183.673 -2.49971 -0.209986 178.241 0.712206 13 13 1 0 1
5.7785 -5.21548 183.673 -0.768283 0.129617 180.429 0.709986 13 14 1 0 1
12.467 -5.18986 183.673 -2.7809 -0.175682 180.622 0.709773 13 15 1 0 1
3.98712 2.61733 183.673 -1.55095 0.0405042 180.276 0.710135 13 16 1 0 1
8.15627 3.94964 183.673 -1.79388 -0.237081 180.925 0.709483 13 17 1 0 1
8.34258 3.29975 183.673 -2.86171 -0.0728449 180.931 0.709463 13 18 1 0 1
-0.187243 1.50798 183.673 -0.275087 -0.671329 179.667 0.710756 13 19 1 0 1
10.1293 3.96968 183.673 -3.15052 -0.256614 179.702 0.710695 13 20 1 0 1
8.53193 0.595914 183.673 -1.75592 0.262016 178.8 0.711636 13 21 1 0 1
6.08208 -0.174859 183.673 -0.975667 -0.234441 181.701 0.70872 13 22 1 0 1
12.0936 -3.31072 183.673 -3.19364 0.306493 179.703 0.710692 13 23 1 0 1
6.65644 -2.09516 183.673 -0.911723 0.56984 177.714 0.71277 13 24 1 0 1
4.58058 2.91061 183.673 -0.808352 -0.0594231 180.62 0.709795 13 25 1 0 1
7.665 1.31722 183.673 -1.81193 -0.188034 180.49 0.709917 13 26 1 0 1
9.12428 1.9659 183.673 -2.28765 -0.0449536 183.605 0.706859 13 27 1 0 1
8.05631 -0.887479 183.673 -2.21777 0.0896568 181.649 0.70876 13 28 1 0 1
6.06962 3.6647 183.673 -1.28173 -1.09935 177.969 0.712499 13 29 1 0 1
8.13369 0.449286 183.673 -1.80913 -0.170626 181.17 0.709239 13 30 1 0 1
7.86275 5.86182 183.673 -2.18564 -0.507533 178.988 0.711437 13 31 1 0 1
6.64047 -0.887671 183.673 -1.73843 -0.680166 179.114 0.711313 13 32 1 0 1
10.1534 0.0999686 183.673 -3.11527 0.263033 181.514 0.70888 13 33 1 0 1
11.6292 -0.930768 183.673 -3.74494 8.9194e-05 181.083 0.709296 13 34 1 0 1
9.77972 2.19103 183.673 -3.79086 -0.644588 181.189 0.709188 13 35 1 0 1
1.87875 2.79405 183.673 -0.373337 -0.334559 180.343 0.710074 13 36 1 0 1
9.98216 0.205295 183.673 -2.40707 0.419098 181.871 0.708539 13 37 1 0 1
7.2634 -2.47335 183.673 -0.391215 0.51681 179.521 0.710906 13 38 1 0 1
7.87361 0.700208 183.673 -1.5537 0.106989 177.244 0.713261 13 39 1 0 1
2.01108 -2.56326 183.673 -0.179616 -0.0243426 177.354 0.713152 13 40 1 0 1
11.9136 3.24112 183.673 -2.54974 -0.604797 179.983 0.710419 13 41 1 0 1
3.38717 3.53004 183.673 -0.450832 -0.631165 182.807 0.70764 13 42 1 0 1
10.5182 -4.29784 183.673 -2.67321 0.847557 179.805 0.710596 13 43 1 0 1
5.13142 1.3784 183.673 -1.0479 0.279533 178.16 0.712304 13 44 1 0 1
11.7793 3.39672 183.673 -2.12488 -0.402643 178.648 0.711789 13 45 1 0 1
10.7559 0.680356 183.673 -2.57875 0.333297 179.507 0.710902 13 46 1 0 1
-1.22332 -4.17695 183.673 0.104556 0.670743 180.569 0.709846 13 47 1 0 1
4.92097 1.9969 183.673 -1.23075 -0.188294 182.383 0.708049 13 48 1 0 1
7.33496 3.97473 183.673 -1.26664 0.0431147 178.786 0.711655 13 49 1 0 1
9.38467 -3.10195 183.673 -3.29365 -0.237314 181.894 0.708503 13 50 1 0 1
2.71823 -0.463799 183.673 -0.670745 0.0400039 178.934 0.711506 13 51 1 0 1
8.71264 0.248832 183.673 -1.24509 0.126354 181.797 0.708624 13 52 1 0 1
5.8344 -1.02701 183.673 -2.03944 0.405736 177.025 0.713487 13 53 1 0 1
5.41756 1.88294 183.673 -0.82716 -0.195801 181.447 0.708971 13 54 1 0 1
7.16071 -3.88371 183.673 -2.38035 0.225366 181.645 0.708762 13 55 1 0 1
4.68858 -2.24404 183.673 -1.60871 -0.201461 179.782 0.710634 13 56 1 0 1
3.07028 -5.51089 183.673 -0.566324 0.663787 178.843 0.711599 13 57 1 0 1
0.525264 -1.25761 183.673 0.236608 -0.498845 178.424 0.712033 13 58 1 0 1
7.92233 2.05307 183.673 -2.19479 -0.00148655 181.186 0.709219 13 59 1 0 1
8.84022 1.68775 183.673 -1.46516 -0.0466817 176.243 0.714326 13 60 1 0 1
10.8507 -0.831582 183.673 -2.04172 -0.0477367 183.481 0.70698 13 61 1 0 1
1.06485 5.49939 183.673 -0.0239798 -0.843294 181.239 0.709177 13 62 1 0 1
13.7296 1.57595 183.673 -3.40461 0.091539 178.337 0.71209 13 63 1 0 1
6.90615 1.94899 183.673 -1.54615 -0.212696 179.642 0.710777 13 64 1 0 1
3.33083 2.14317 183.673 -0.992513 -0.192942 178.462 0.711992 13 65 1 0 1
5.28598 2.87717 183.673 0.0525614 -0.115698 175.333 0.715314 13 66 1 0 1
9.50913 4.1116 183.673 -2.09224 -0.306949 179.866 0.710544 13 67 1 0 1
8.08685 2.53952 183.673 -2.95362 -0.171231 178.712 0.711711 13 68 1 0 1
12.593 -3.50785 183.673 -2.18376 0.17683 180.511 0.709892 13 69 1 0 1
7.56743 -1.7372 183.673 -2.08391 0.792541 181.854 0.708559 13 70 1 0 1
2.26351 4.30879 183.673 -1.26167 -0.171091 183.273 0.707187 13 71 1 0 1
9.5807 0.0334866 183.673 -2.77671 -0.613315 178.631 0.711797 13 72 1 0 1
7.11478 -1.75986 183.673 -1.49056 0.148901 180.819 0.709591 13 73 1 0 1
8.71048 0.408112 183.673 -1.83186 -0.135783 181.411 0.708999 13 74 1 0 1
6.90296 -1.4852 183.673 -2.11388 0.154638 179.79 0.71062 13 75 1 0 1
7.64934 0.380906 183.673 -1.85703 -0.0769509 177.725 0.712752 13 76 1 0 1
9.05249 0.98 183.673 -1.69817 -0.156751 180.796 0.709613 13 77 1 0 1
2.83052 -0.110655 183.673 -1.67047 -0.25504 181.324 0.709087 13 78 1 0 1
2.08719 -2.03904 183.673 -1.84008 0.659081 179.302 0.711119 13 79 1 0 1
1.89913 1.37046 183.673 -0.855839 -0.00159862 180.316 0.7101 13 80 1 0 1
12.6672 0.111809 183.673 -2.80085 0.160682 182.957 0.707475 13 81 1 0 1
10.9896 -2.60938 183.673 -2.19789 0.231612 181.3 0.709105 13 82 1 0 1
6.5136 1.66087 183.673 -1.05656 0.0849672 179.615 0.710808 13 83 1 0 1
16.671 -0.486604 183.673 -3.55846 0.0785013 184.637 0.705859 13 84 1 0 1
6.26167 2.32804 183.673 -1.08291 -0.238143 177.896 0.71258 13 85 1 0 1
7.91661 2.89234 183.673 -1.7642 -0.078983 180.035 0.710376 13 86 1 0 1
10.3584 0.503818 183.673 -2.26684 -0.036753 179.548 0.710865 13 87 1 0 1
9.06056 -1.49029 183.673 -2.7218 0.15455 177.344 0.71314 13 88 1 0 1
4.6597 -1.4663 183.673 -2.17727 0.316422 181.006 0.709397 13 89 1 0 1
6.79695 -2.86661 183.673 -1.79793 0.823189 180.918 0.709488 13 90 1 0 1
10.5809 -0.932272 183.673 -3.07244 -0.423616 181.378 0.709015 13 91 1 0 1
9.5711 0.0470361 183.673 -3.25707 0.17132 176.798 0.713708 13 92 1 0 1
0.148591 -1.87284 183.673 -0.577303 -0.203815 180.056 0.710363 13 93 1 0 1
8.2581 2.07255 183.673 -1.72823 0.213761 182.087 0.708334 13 94 1 0 1
2.21711 -2.80692 183.673 -0.800935 -0.0134949 179.852 0.710569 13 95 1 0 1
7.3288 -4.10036 183.673 -1.55245 0.0755788 179.952 0.710463 13 96 1 0 1
6.24796 -0.355736 183.673 -1.70581 -0.180286 181.254 0.709156 13 97 1 0 1
8.31041 -1.64174 183.673 -2.03066 0.118376 175.089 0.715567 13 98 1 0 1
3.62919 -3.51464 183.673 -0.874548 0.423986 180.263 0.710153 13 99 1 0 1
2.09688 -0.620059 183.673 -0.646615 0.196703 181.1 0.709316 13 100 1 0 1
6.58805 -0.360025 183.673 -2.06665 0.0190777 181.31 0.709097 13 101 1 0 1
7.81745 -3.31456 183.673 -2.27149 0.237795 178.653 0.711782 13 102 1 0 1
3.09842 -1.13658 183.673 -0.824862 0.149326 180.94 0.709475 13 103 1 0 1
6.65475 -0.464392 183.673 -0.456876 0.362307 180.218 0.7102 13 104 1 0 1
10.0017 -1.71608 183.673 -3.6861 0.250732 181.047 0.709333 13 105 1 0 1
15.5215 3.24417 183.673 -3.68602 -0.121461 181.668 0.708718 13 106 1 0 1
8.83274 0.916001 183.673 -2.27711 -0.406987 182.112 0.708304 13 107 1 0 1
3.59548 4.97134 183.673 -0.757581 -0.582217 180.033 0.710385 13 108 1 0 1
11.229 -1.84633 183.673 -2.76294 0.267549 181.027 0.709369 13 109 1 0 1
9.26977 4.60945 183.673 -2.67121 -0.00661747 180.013 0.710387 13 110 1 0 1
7.85606 3.16431 183.673 -2.16319 -0.534152 181.2 0.709205 13 111 1 0 1
5.08508 2.06635 183.673 -1.60216 0.163903 179.975 0.710439 13 112 1 0 1
5.04878 -0.0333453 183.673 -0.841964 0.0932488 182.739 0.707705 13 113 1 0 1
10.8764 5.41902 183.673 -2.96043 -0.568655 181.39 0.709005 13 114 1 0 1
4.77727 -3.66823 183.673 -1.21345 0.903059 182.452 0.70798 13 115 1 0 1
2.11802 -3.52778 183.673 -1.27873 0.699219 179.167 0.711263 13 116 1 0 1
6.73998 -0.582156 183.673 -1.81608 -0.248902 180.034 0.710377 13 117 1 0 1
1.96153 0.859181 183.673 -0.517307 0.0433115 179.582 0.710844 13 118 1 0 1
3.95835 -0.725831 183.673 -0.898983 0.525172 181.379 0.709038 13 119 1 0 1
6.47617 -1.92103 183.673 -1.82471 -0.0660185 179.355 0.711066 13 120 1 0 1
8.36587 1.91805 183.673 -1.7823 0.394174 178.722 0.711716 13 121 1 0 1
8.37309 -4.5711 183.673 -0.641134 0.328997 180.304 0.710113 13 122 1 0 1
7.82048 -0.467217 183.673 -1.71644 0.152968 180.087 0.710325 13 123 1 0 1
8.99239 -2.10048 183.673 -3.13812 0.216178 178.115 0.712326 13 124 1 0 1
3.66528 -1.37022 183.673 -0.586814 0.325966 181.341 0.709077 13 125 1 0 1
8.40415 -0.629778 183.673 -1.80761 -0.335072 179.936 0.710475 13 126 1 0 1
8.46986 -0.0332604 183.673 -2.33013 0.214698 178.404 0.712039 13 127 1 0 1
10.1852 -1.2761 183.673 -1.55622 0.174521 179.722 0.710695 13 128 1 0 1
12.6948 1.9431 183.673 -2.95948 -0.398885 179.946 0.71045 13 129 1 0 1
6.27347 3.6621 183.673 -2.40072 -0.123894 176.835 0.713683 13 130 1 0 1
9.67466 1.16317 183.673 -2.40817 -0.0168162 177.285 0.713207 13 131 1 0 1
7.00008 -1.64093 183.673 -0.950235 -0.118196 177.55 0.712943 13 132 1 0 1
2.91041 4.13219 183.673 -0.546557 -0.309604 180.441 0.709975 13 133 1 0 1
14.7848 -1.45621 183.673 -3.91887 0.303822 180.945 0.709429 13 134 1 0 1
2.97741 0.757487 183.673 -1.30845 -0.00851643 177.643 0.712843 13 135 1 0 1
6.13585 1.05992 183.673 -1.78228 -0.143645 179.836 0.710577 13 136 1 0 1
6.30453 3.20039 183.673 -1.02377 -0.441928 181.52 0.708898 13 137 1 0 1
4.43781 2.18932 183.673 -1.05042 0.201643 179.308 0.711121 13 138 1 0 1
6.91687 -3.55015 183.673 -1.58991 0.372285 178.776 0.711663 13 139 1 0 1
7.91111 -4.68002 183.673 -2.52474 0.500305 180.451 0.709948 13 140 1 0 1
5.53866 -0.812181 183.673 -0.914849 -0.0880166 180.858 0.709557 13 141 1 0 1
1.23214 0.180611 183.673 -0.645706 0.222303 179.706 0.710718 13 142 1 0 1
7.89724 1.16637 183.673 -2.25841 0.349142 178.75 0.711682 13 143 1 0 1
15.2 0.0875951 183.673 -4.10419 0.0405695 181.797 0.708582 13 144 1 0 1
1.77802 1.65326 183.673 -1.51259 0.0541831 181.116 0.709295 13 145 1 0 1
16.5121 0.854041 183.673 -3.96903 0.175882 180.62 0.709753 13 146 1 0 1
12.446 -1.82356 183.673 -3.71742 -0.796025 181.423 0.708958 13 147 1 0 1
6.18025 5.10941 183.673 -1.04772 -0.53326 179.538 0.710886 13 148 1 0 1
4.951 -1.32251 183.673 -1.64298 0.31992 180.059 0.710354 13 149 1 0 1
7.25131 2.30323 183.673 -1.86789 -0.0995665 179.735 0.710679 13 150 1 0 1
5.88315 -0.626636 244.898 -1.76524 -0.00376914 178.317 0.949514 13 1 1 0 1
6.36261 1.33437 244.898 -1.6173 0.116966 180.441 0.946625 13 2 1 0 1
7.78265 -3.48574 244.898 -2.64608 0.75629 180.891 0.946007 13 3 1 0 1
7.04432 -4.28444 244.898 -3.41049 0.347476 179.124 0.948371 13 4 1 0 1
7.36424 0.956459 244.898 -2.62354 -0.328394 180.536 0.946481 13 5 1 0 1
7.29722 4.10583 244.898 -2.97239 -0.427414 182.13 0.944369 13 6 1 0 1
4.00036 -0.82065 244.898 -1.83357 0.0864015 181.128 0.945706 13 7 1 0 1
6.95217 -2.36253 244.898 -2.72885 0.185851 182.177 0.944313 13 8 1 0 1
3.96111 0.439627 244.898 -1.25624 -0.505137 180.082 0.94711 13 9 1 0 1
9.44816 -0.769468 244.898 -4.4162 0.0779561 178.474 0.949234 13 10 1 0 1
7.9702 -3.03729 244.898 -2.85667 0.684724 181.181 0.945618 13 11 1 0 1
10.2662 0.866629 244.898 -2.76491 -0.0874676 177.64 0.950438 13 12 1 0 1
8.0348 -1.48053 244.898 -3.13815 -0.161777 178.231 0.949608 13 13 1 0 1
5.44484 -5.14183 244.898 -1.19405 0.304041 180.427 0.946648 13 14 1 0 1
11.3686 -5.21969 244.898 -3.68581 -0.000186416 180.606 0.946364 13 15 1 0 1
3.41154 2.61613 244.898 -1.83137 -0.0475576 180.274 0.946847 13 16 1 0 1
7.44727 3.84704 244.898 -2.38737 -0.368732 180.917 0.945977 13 17 1 0 1
7.27142 3.25632 244.898 -3.45551 -0.183553 180.92 0.945951 13 18 1 0 1
-0.278182 1.27105 244.898 -0.257504 -0.717933 179.667 0.947675 13 19 1 0 1
8.93067 3.85978 244.898 -3.87039 -0.387908 179.688 0.947593 13 20 1 0 1
7.82387 0.682063 244.898 -2.37073 0.240678 178.793 0.948848 13 21 1 0 1
5.67677 -0.252707 244.898 -1.42489 -0.227186 181.698 0.94496 13 22 1 0 1
10.8551 -3.18761 244.898 -4.06035 0.415451 179.685 0.94759 13 23 1 0 1
6.25836 -1.88727 244.898 -1.39428 0.635887 177.71 0.950361 13 24 1 0 1
4.24903 2.8739 244.898 -1.14367 -0.156942 180.618 0.946393 13 25 1 0 1
6.95474 1.24604 244.898 -2.36667 -0.231208 180.484 0.946557 13 26 1 0 1
8.24775 1.93973 244.898 -2.95815 -0.111881 183.595 0.942478 13 27 1 0 1
7.20874 -0.852256 244.898 -2.80068 0.119149 181.641 0.945013 13 28 1 0 1
5.55277 3.26632 244.898 -1.7166 -1.21445 177.965 0.949998 13 29 1 0 1
7.42067 0.389172 244.898 -2.40156 -0.184797 181.163 0.945651 13 30 1 0 1
7.01755 5.65511 244.898 -2.74552 -0.699909 178.98 0.948583 13 31 1 0 1
5.96366 -1.11466 244.898 -2.21305 -0.646672 179.109 0.948417 13 32 1 0 1
8.97701 0.18795 244.898 -3.8451 0.258135 181.5 0.945173 13 33 1 0 1
10.2193 -0.925429 244.898 -4.57634 0.0314596 181.064 0.945727 13 34 1 0 1
8.3789 1.96113 244.898 -4.48226 -0.714746 181.173 0.945585 13 35 1 0 1
1.72847 2.66475 244.898 -0.51012 -0.426446 180.343 0.946765 13 36 1 0 1
9.04736 0.34494 244.898 -3.13458 0.409733 181.86 0.944719 13 37 1 0 1
7.03744 -2.28332 244.898 -0.931011 0.596506 179.518 0.947875 13 38 1 0 1
7.23829 0.733101 244.898 -2.11682 0.0832743 177.238 0.951014 13 39 1 0 1
1.92356 -2.55703 244.898 -0.326343 0.0604187 177.353 0.950869 13 40 1 0 1
10.8973 3.01729 244.898 -3.41271 -0.709877 179.968 0.947225 13 41 1 0 1
3.1934 3.29892 244.898 -0.703769 -0.747683 182.806 0.94352 13 42 1 0 1
9.47702 -3.98528 244.898 -3.42889 0.986496 179.791 0.947461 13 43 1 0 1
4.70708 1.46642 244.898 -1.41643 0.232222 178.158 0.949739 13 44 1 0 1
10.9032 3.23961 244.898 -2.97669 -0.513267 178.635 0.949052 13 45 1 0 1
9.74229 0.789937 244.898 -3.35219 0.308641 179.494 0.947869 13 46 1 0 1
-1.17234 -3.92614 244.898 0.195512 0.807311 180.569 0.946461 13 47 1 0 1
4.44651 1.92242 244.898 -1.58996 -0.25501 182.381 0.944065 13 48 1 0 1
6.80904 3.9668 244.898 -1.79829 -0.0894091 178.782 0.948873 13 49 1 0 1
8.1605 -3.16399 244.898 -3.96439 -0.130922 181.881 0.94467 13 50 1 0 1
2.45486 -0.447492 244.898 -0.865369 0.0552236 178.933 0.948675 13 51 1 0 1
8.18344 0.289884 244.898 -1.89089 0.11721 181.791 0.944832 13 52 1 0 1
5.05728 -0.881091 244.898 -2.44478 0.437251 177.019 0.951316 13 53 1 0 1
5.07021 1.80626 244.898 -1.22727 -0.258278 181.445 0.945294 13 54 1 0 1
6.27004 -3.78574 244.898 -2.89319 0.355383 181.638 0.945016 13 55 1 0 1
4.08298 -2.29972 244.898 -1.94025 -0.125212 179.778 0.947513 13 56 1 0 1
2.83788 -5.25265 244.898 -0.788488 0.843456 178.841 0.948799 13 57 1 0 1
0.599374 -1.42129 244.898 0.194416 -0.454232 178.424 0.949377 13 58 1 0 1
7.08231 2.04086 244.898 -2.7663 -0.0707189 181.178 0.945625 13 59 1 0 1
8.2201 1.66193 244.898 -2.0973 -0.101781 176.236 0.952434 13 60 1 0 1
10.0332 -0.842737 244.898 -2.84724 -0.0190613 183.47 0.94264 13 61 1 0 1
1.04313 5.1837 244.898 -0.10431 -1.02401 181.238 0.945569 13 62 1 0 1
12.3897 1.59833 244.898 -4.3835 0.0386959 178.316 0.949454 13 63 1 0 1
6.29293 1.86552 244.898 -2.04464 -0.276648 179.637 0.947703 13 64 1 0 1
2.94909 2.06488 244.898 -1.22815 -0.263035 178.46 0.949323 13 65 1 0 1
5.2365 2.82044 244.898 -0.33536 -0.208941 175.332 0.953753 13 66 1 0 1
8.67811 3.98386 244.898 -2.77992 -0.442837 179.856 0.947391 13 67 1 0 1
6.97564 2.46649 244.898 -3.51941 -0.25472 178.701 0.948948 13 68 1 0 1
11.694 -3.42798 244.898 -3.10533 0.293667 180.497 0.946523 13 69 1 0 1
6.77184 -1.46097 244.898 -2.63209 0.846792 181.846 0.944745 13 70 1 0 1
1.81482 4.22716 244.898 -1.41883 -0.317109 183.272 0.942915 13 71 1 0 1
8.51026 -0.176514 244.898 -3.45597 -0.61089 178.619 0.949062 13 72 1 0 1
6.52104 -1.6995 244.898 -2.00893 0.207281 180.814 0.946121 13 73 1 0 1
7.98324 0.360046 244.898 -2.46852 -0.148784 181.404 0.945332 13 74 1 0 1
6.09771 -1.42417 244.898 -2.60526 0.203454 179.784 0.947494 13 75 1 0 1
6.9143 0.352275 244.898 -2.40118 -0.0891102 177.719 0.950336 13 76 1 0 1
8.36384 0.921429 244.898 -2.36015 -0.18883 180.788 0.94615 13 77 1 0 1
2.23261 -0.195975 244.898 -1.86349 -0.249848 181.322 0.94545 13 78 1 0 1
1.43481 -1.80279 244.898 -1.97285 0.723371 179.3 0.948159 13 79 1 0 1
1.58544 1.3621 244.898 -0.987949 -0.047589 180.315 0.9468 13 80 1 0 1
11.5716 0.164839 244.898 -3.73295 0.155943 182.94 0.943301 13 81 1 0 1
10.1097 -2.51643 244.898 -3.00202 0.318332 181.289 0.945473 13 82 1 0 1
6.0715 1.68031 244.898 -1.53182 0.0289516 179.611 0.947745 13 83 1 0 1
15.2824 -0.457847 244.898 -4.79824 0.0947635 184.609 0.941145 13 84 1 0 1
5.81031 2.23296 244.898 -1.53444 -0.31387 177.892 0.950107 13 85 1 0 1
7.21775 2.84903 244.898 -2.33702 -0.175456 180.029 0.947168 13 86 1 0 1
9.45591 0.488436 244.898 -3.01469 -0.0533787 179.537 0.94782 13 87 1 0 1
8.00879 -1.42854 244.898 -3.35809 0.202853 177.333 0.950854 13 88 1 0 1
3.86667 -1.35111 244.898 -2.50171 0.364013 181.002 0.945863 13 89 1 0 1
6.10399 -2.57222 244.898 -2.28861 0.915002 180.912 0.945984 13 90 1 0 1
9.41259 -1.06967 244.898 -3.83463 -0.389693 181.364 0.945353 13 91 1 0 1
8.32534 0.105982 244.898 -3.92205 0.168782 176.785 0.95161 13 92 1 0 1
-0.0487749 -1.93133 244.898 -0.581082 -0.139881 180.056 0.947151 13 93 1 0 1
7.57364 2.13247 244.898 -2.33428 0.142288 182.081 0.944446 13 94 1 0 1
1.91721 -2.7955 244.898 -0.957276 0.0805537 179.851 0.947425 13 95 1 0 1
6.70894 -4.05131 244.898 -2.08354 0.212492 179.946 0.947284 13 96 1 0 1
5.59414 -0.414489 244.898 -2.15707 -0.167251 181.249 0.945541 13 97 1 0 1
7.49685 -1.59106 244.898 -2.61249 0.171201 175.082 0.954089 13 98 1 0 1
3.28691 -3.35086 244.898 -1.13668 0.539496 180.261 0.94687 13 99 1 0 1
1.85233 -0.550149 244.898 -0.796994 0.216483 181.1 0.945755 13 100 1 0 1
5.80872 -0.351541 244.898 -2.53917 0.0311188 181.304 0.945462 13 101 1 0 1
6.94213 -3.21432 244.898 -2.82579 0.34665 178.645 0.949043 13 102 1 0 1
2.78079 -1.07966 244.898 -1.04853 0.186755 180.939 0.945966 13 103 1 0 1
6.4149 -0.338893 244.898 -0.952117 0.375815 180.216 0.946933 13 104 1 0 1
8.63231 -1.62167 244.898 -4.39506 0.307108 181.031 0.945777 13 105 1 0 1
14.0856 3.18481 244.898 -4.81625 -0.230441 181.641 0.944957 13 106 1 0 1
7.95725 0.774211 244.898 -2.91987 -0.435696 182.103 0.944406 13 107 1 0 1
3.29286 4.74536 244.898 -1.01832 -0.745489 180.031 0.94718 13 108 1 0 1
10.1546 -1.74548 244.898 -3.57658 0.328213 181.012 0.945826 13 109 1 0 1
8.24632 4.58092 244.898 -3.33399 -0.161026 180.002 0.947183 13 110 1 0 1
7.02758 2.96612 244.898 -2.73013 -0.637808 181.192 0.945606 13 111 1 0 1
4.4772 2.11022 244.898 -1.96398 0.0937405 179.971 0.947252 13 112 1 0 1
4.70318 -0.00197268 244.898 -1.21665 0.0938501 182.737 0.943607 13 113 1 0 1
9.74199 5.19653 244.898 -3.74649 -0.748321 181.375 0.94534 13 114 1 0 1
4.31059 -3.34485 244.898 -1.56206 1.02247 182.449 0.943973 13 115 1 0 1
1.65578 -3.26918 244.898 -1.42089 0.81288 179.165 0.94835 13 116 1 0 1
6.03863 -0.663319 244.898 -2.29974 -0.227966 180.029 0.947169 13 117 1 0 1
1.76077 0.869019 244.898 -0.657858 0.0143434 179.582 0.947792 13 118 1 0 1
3.60546 -0.544756 244.898 -1.18743 0.546678 181.377 0.945383 13 119 1 0 1
5.77294 -1.93256 244.898 -2.28658 -0.00150603 179.35 0.948088 13 120 1 0 1
7.65068 2.04189 244.898 -2.38409 0.328103 178.715 0.948955 13 121 1 0 1
8.04898 -4.43352 244.898 -1.26369 0.48053 180.3 0.946817 13 122 1 0 1
7.13919 -0.412646 244.898 -2.28282 0.167752 180.08 0.947099 13 123 1 0 1
7.80305 -2.01433 244.898 -3.76687 0.284567 178.103 0.949768 13 124 1 0 1
3.42102 -1.25256 244.898 -0.857005 0.370357 181.34 0.945436 13 125 1 0 1
7.684 -0.73998 244.898 -2.4162 -0.312055 179.929 0.947301 13 126 1 0 1
7.56506 0.040469 244.898 -2.93149 0.214567 178.395 0.949385 13 127 1 0 1
9.52681 -1.20948 244.898 -2.30102 0.216208 179.714 0.947593 13 128 1 0 1
11.5294 1.79656 244.898 -3.87566 -0.461652 179.929 0.947267 13 129 1 0 1
5.36542 3.5984 244.898 -2.83337 -0.243724 176.829 0.951577 13 130 1 0 1
8.72256 1.15074 244.898 -3.09377 -0.0551026 177.275 0.950942 13 131 1 0 1
6.58408 -1.67225 244.898 -1.45733 -0.0632875 177.547 0.95059 13 132 1 0 1
2.68844 4.00377 244.898 -0.758973 -0.446629 180.44 0.946634 13 133 1 0 1
13.2749 -1.3453 244.898 -4.9857 0.351086 180.918 0.945906 13 134 1 0 1
2.49021 0.750237 244.898 -1.51266 -0.0335157 177.641 0.950458 13 135 1 0 1
5.45303 1.00507 244.898 -2.22043 -0.178303 179.831 0.947437 13 136 1 0 1
5.87989 3.03336 244.898 -1.48878 -0.547535 181.516 0.945197 13 137 1 0 1
4.02379 2.24555 244.898 -1.36942 0.127418 179.306 0.948161 13 138 1 0 1
6.28605 -3.40264 244.898 -2.08615 0.48829 178.771 0.948883 13 139 1 0 1
6.95676 -4.4839 244.898 -3.0887 0.65462 180.441 0.946597 13 140 1 0 1
5.15929 -0.837287 244.898 -1.32165 -0.0601709 180.855 0.946075 13 141 1 0 1
0.9973 0.255174 244.898 -0.729945 0.214993 179.705 0.947623 13 142 1 0 1
7.02579 1.27907 244.898 -2.81916 0.308328 178.742 0.948909 13 143 1 0 1
13.6288 0.100732 244.898 -5.20538 0.037368 181.769 0.944776 13 144 1 0 1
1.24611 1.66211 244.898 -1.62775 -0.0018639 181.115 0.945726 13 145 1 0 1
14.9609 0.908675 244.898 -5.16344 0.14614 180.59 0.946337 13 146 1 0 1
11.0373 -2.08128 244.898 -4.61271 -0.729819 181.402 0.945277 13 147 1 0 1
5.74527 4.89876 244.898 -1.49788 -0.700962 179.534 0.947848 13 148 1 0 1
4.33127 -1.20639 244.898 -1.99437 0.362415 180.055 0.947138 13 149 1 0 1
6.52481 2.25624 244.898 -2.38843 -0.176052 179.729 0.947572 13 150 1 0 1
5.20424 -0.624353 306.122 -2.18089 0.0170518 178.313 1.18689 13 1 1 0 1
5.73464 1.36637 306.122 -2.07621 0.0714781 180.436 1.18328 13 2 1 0 1
6.79113 -3.21037 306.122 -3.20022 0.869303 180.881 1.18251 13 3 1 0 1
5.79331 -4.14146 306.122 -3.89378 0.488323 179.114 1.18546 13 4 1 0 1
6.38394 0.839849 306.122 -3.14528 -0.358647 180.528 1.1831 13 5 1 0 1
6.20876 3.93901 306.122 -3.48942 -0.564145 182.12 1.18046 13 6 1 0 1
3.33195 -0.78682 306.122 -2.11279 0.113576 181.125 1.18213 13 7 1 0 1
5.94989 -2.28671 306.122 -3.22292 0.264896 182.169 1.18039 13 8 1 0 1
3.48506 0.265709 306.122 -1.53817 -0.516987 180.08 1.18389 13 9 1 0 1
7.81858 -0.738387 306.122 -5.06367 0.103065 178.457 1.18654 13 10 1 0 1
6.90684 -2.78903 306.122 -3.42323 0.78321 181.171 1.18202 13 11 1 0 1
9.18569 0.831597 306.122 -3.49121 -0.115617 177.627 1.18805 13 12 1 0 1
6.85842 -1.52756 306.122 -3.69606 -0.111728 178.22 1.18701 13 13 1 0 1
4.9716 -5.00953 306.122 -1.58919 0.47499 180.423 1.18331 13 14 1 0 1
9.97875 -5.18998 306.122 -4.49601 0.175278 180.587 1.18296 13 15 1 0 1
2.7485 2.58509 306.122 -2.06484 -0.135074 180.271 1.18356 13 16 1 0 1
6.54735 3.70055 306.122 -2.9196 -0.496163 180.909 1.18247 13 17 1 0 1
6.01385 3.17575 306.122 -3.96067 -0.292154 180.91 1.18244 13 18 1 0 1
-0.36199 1.01961 306.122 -0.23332 -0.756347 179.667 1.18459 13 19 1 0 1
7.50309 3.70584 306.122 -4.49091 -0.514756 179.673 1.18449 13 20 1 0 1
6.91524 0.760432 306.122 -2.92469 0.216596 178.785 1.18606 13 21 1 0 1
5.12593 -0.327672 306.122 -1.83756 -0.217339 181.694 1.1812 13 22 1 0 1
9.33841 -3.02814 306.122 -4.82278 0.519644 179.666 1.18449 13 23 1 0 1
5.69984 -1.65785 306.122 -1.84107 0.694674 177.706 1.18795 13 24 1 0 1
3.80855 2.80441 306.122 -1.44965 -0.252667 180.615 1.18299 13 25 1 0 1
6.0662 1.16065 306.122 -2.86069 -0.271741 180.477 1.1832 13 26 1 0 1
7.15978 1.89143 306.122 -3.55273 -0.177523 183.585 1.1781 13 27 1 0 1
6.17637 -0.807311 306.122 -3.31173 0.147278 181.633 1.18127 13 28 1 0 1
4.89356 2.83068 306.122 -2.10744 -1.31569 177.96 1.1875 13 29 1 0 1
6.51741 0.324618 306.122 -2.93236 -0.196859 181.155 1.18206 13 30 1 0 1
5.99244 5.38389 306.122 -3.23497 -0.88428 178.971 1.18573 13 31 1 0 1
5.13397 -1.32893 306.122 -2.63091 -0.605801 179.103 1.18552 13 32 1 0 1
7.57043 0.273788 306.122 -4.47625 0.250292 181.486 1.18147 13 33 1 0 1
8.54753 -0.909534 306.122 -5.29025 0.0624644 181.045 1.18216 13 34 1 0 1
6.76326 1.70887 306.122 -5.05865 -0.776741 181.157 1.18198 13 35 1 0 1
1.53387 2.50505 306.122 -0.633824 -0.513467 180.342 1.18346 13 36 1 0 1
7.88062 0.48065 306.122 -3.78162 0.395692 181.848 1.1809 13 37 1 0 1
6.63107 -2.06724 306.122 -1.44692 0.669391 179.515 1.18484 13 38 1 0 1
6.41741 0.757631 306.122 -2.62562 0.0586105 177.231 1.18877 13 39 1 0 1
1.78673 -2.52162 306.122 -0.464702 0.14449 177.353 1.18859 13 40 1 0 1
9.60157 2.75904 306.122 -4.18801 -0.806833 179.951 1.18403 13 41 1 0 1
2.91777 3.03017 306.122 -0.938659 -0.855669 182.804 1.1794 13 42 1 0 1
8.19289 -3.62725 306.122 -4.09654 1.11416 179.777 1.18433 13 43 1 0 1
4.16206 1.53771 306.122 -1.74864 0.182263 178.155 1.18717 13 44 1 0 1
9.74759 3.04556 306.122 -3.75203 -0.618012 178.62 1.18632 13 45 1 0 1
8.47889 0.890507 306.122 -4.03956 0.280465 179.48 1.18484 13 46 1 0 1
-1.09131 -3.63053 306.122 0.281455 0.934668 180.568 1.18308 13 47 1 0 1
3.85805 1.82601 306.122 -1.90839 -0.318815 182.377 1.18008 13 48 1 0 1
6.10856 3.91361 306.122 -2.28381 -0.220905 178.776 1.18609 13 49 1 0 1
6.72711 -3.18993 306.122 -4.5334 -0.0230527 181.868 1.18084 13 50 1 0 1
2.12856 -0.42608 306.122 -1.03781 0.0698131 178.932 1.18584 13 51 1 0 1
7.44444 0.32763 306.122 -2.48815 0.106727 181.784 1.18104 13 52 1 0 1
4.15051 -0.725124 306.122 -2.78742 0.463777 177.014 1.18914 13 53 1 0 1
4.59287 1.70897 306.122 -1.5959 -0.317807 181.442 1.18162 13 54 1 0 1
5.21863 -3.64459 306.122 -3.33182 0.481335 181.63 1.18127 13 55 1 0 1
3.37271 -2.32916 306.122 -2.22204 -0.0475372 179.775 1.18439 13 56 1 0 1
2.53273 -4.93449 306.122 -0.990433 1.0135 178.839 1.186 13 57 1 0 1
0.658118 -1.56875 306.122 0.14724 -0.404436 178.424 1.18672 13 58 1 0 1
6.06073 2.00537 306.122 -3.26683 -0.139138 181.17 1.18203 13 59 1 0 1
7.38925 1.61716 306.122 -2.6756 -0.155715 176.228 1.19054 13 60 1 0 1
8.95856 -0.844279 306.122 -3.57964 0.00982813 183.458 1.1783 13 61 1 0 1
0.994675 4.80886 306.122 -0.181965 -1.19304 181.237 1.18196 13 62 1 0 1
10.7323 1.60247 306.122 -5.24973 -0.0145757 178.292 1.18682 13 63 1 0 1
5.51838 1.76077 306.122 -2.49069 -0.337439 179.631 1.18463 13 64 1 0 1
2.49175 1.96303 306.122 -1.4323 -0.330126 178.458 1.18665 13 65 1 0 1
5.05277 2.73153 306.122 -0.714679 -0.299799 175.331 1.19219 13 66 1 0 1
7.62462 3.81068 306.122 -3.39623 -0.573654 179.846 1.18424 13 67 1 0 1
5.68561 2.36532 306.122 -3.99492 -0.335295 178.691 1.18619 13 68 1 0 1
10.4953 -3.309 306.122 -3.9471 0.40713 180.481 1.18315 13 69 1 0 1
5.80265 -1.16808 306.122 -3.11275 0.891378 181.838 1.18093 13 70 1 0 1
1.31961 4.09732 306.122 -1.5396 -0.459508 183.271 1.17864 13 71 1 0 1
7.22165 -0.384501 306.122 -4.04653 -0.601495 178.607 1.18633 13 72 1 0 1
5.76013 -1.61975 306.122 -2.47576 0.263291 180.808 1.18265 13 73 1 0 1
7.05133 0.307872 306.122 -3.04183 -0.160085 181.395 1.18167 13 74 1 0 1
5.13613 -1.34689 306.122 -3.02981 0.249946 179.777 1.18437 13 75 1 0 1
6.00199 0.319626 306.122 -2.88371 -0.100252 177.711 1.18792 13 76 1 0 1
7.46078 0.852347 306.122 -2.96155 -0.218751 180.779 1.18269 13 77 1 0 1
1.57746 -0.279059 306.122 -2.00873 -0.241806 181.32 1.18181 13 78 1 0 1
0.74564 -1.54597 306.122 -2.05504 0.779409 179.299 1.1852 13 79 1 0 1
1.2311 1.33821 306.122 -1.09473 -0.0930362 180.315 1.1835 13 80 1 0 1
10.1793 0.215989 306.122 -4.56914 0.149425 182.921 1.17913 13 81 1 0 1
8.97061 -2.39478 306.122 -3.72905 0.401406 181.275 1.18184 13 82 1 0 1
5.47375 1.68057 306.122 -1.96779 -0.0273921 179.607 1.18468 13 83 1 0 1
13.502 -0.423868 306.122 -5.91451 0.109937 184.577 1.17643 13 84 1 0 1
5.20999 2.1124 306.122 -1.9466 -0.386013 177.888 1.18763 13 85 1 0 1
6.33385 2.77323 306.122 -2.84988 -0.26992 180.021 1.18396 13 86 1 0 1
8.31105 0.467482 306.122 -3.68513 -0.0693929 179.524 1.18478 13 87 1 0 1
6.7517 -1.35049 306.122 -3.90821 0.248836 177.322 1.18857 13 88 1 0 1
2.97451 -1.22051 306.122 -2.76202 0.407451 180.998 1.18233 13 89 1 0 1
5.25454 -2.24848 306.122 -2.72058 0.99637 180.906 1.18248 13 90 1 0 1
8.00299 -1.19487 306.122 -4.49838 -0.351328 181.349 1.18169 13 91 1 0 1
6.86613 0.163719 306.122 -4.4864 0.164319 176.771 1.18951 13 92 1 0 1
-0.24489 -1.96779 306.122 -0.569964 -0.074352 180.056 1.18394 13 93 1 0 1
6.69501 2.16806 306.122 -2.88043 0.0691965 182.073 1.18056 13 94 1 0 1
1.56815 -2.75218 306.122 -1.08907 0.173682 179.85 1.18428 13 95 1 0 1
5.91707 -3.95604 306.122 -2.56116 0.346971 179.94 1.1841 13 96 1 0 1
4.79691 -0.468513 306.122 -2.553 -0.152308 181.244 1.18193 13 97 1 0 1
6.4911 -1.52223 306.122 -3.12728 0.222067 175.073 1.19261 13 98 1 0 1
2.86037 -3.14886 306.122 -1.36966 0.64885 180.259 1.18359 13 99 1 0 1
1.5603 -0.473964 306.122 -0.926939 0.233794 181.099 1.18219 13 100 1 0 1
4.88048 -0.339048 306.122 -2.94656 0.042804 181.298 1.18183 13 101 1 0 1
5.88884 -3.07741 306.122 -3.3076 0.45154 178.636 1.1863 13 102 1 0 1
2.39187 -1.01043 306.122 -1.24531 0.222052 180.938 1.18246 13 103 1 0 1
6.0106 -0.209528 306.122 -1.42293 0.385034 180.213 1.18367 13 104 1 0 1
7.04161 -1.50875 306.122 -4.99125 0.359973 181.015 1.18222 13 105 1 0 1
12.2886 3.08911 306.122 -5.8226 -0.336756 181.612 1.1812 13 106 1 0 1
6.87776 0.623589 306.122 -3.4877 -0.459429 182.092 1.18051 13 107 1 0 1
2.90582 4.46525 306.122 -1.25295 -0.900252 180.028 1.18398 13 108 1 0 1
8.81989 -1.62473 306.122 -4.29838 0.385121 180.996 1.18228 13 109 1 0 1
7.01147 4.50012 306.122 -3.91121 -0.313578 179.99 1.18398 13 110 1 0 1
6.01894 2.7341 306.122 -3.22702 -0.734177 181.183 1.18201 13 111 1 0 1
3.75454 2.13001 306.122 -2.27543 0.0225113 179.967 1.18407 13 112 1 0 1
4.23701 0.0294224 306.122 -1.56014 0.0933806 182.734 1.17951 13 113 1 0 1
8.35787 4.91477 306.122 -4.43636 -0.919416 181.358 1.18168 13 114 1 0 1
3.7334 -2.98332 306.122 -1.8706 1.13022 182.445 1.17997 13 115 1 0 1
1.15108 -2.97328 306.122 -1.52662 0.917266 179.164 1.18544 13 116 1 0 1
5.18247 -0.736916 306.122 -2.7244 -0.20443 180.023 1.18396 13 117 1 0 1
1.51488 0.868943 306.122 -0.781542 -0.0147883 179.581 1.18474 13 118 1 0 1
3.16013 -0.357467 306.122 -1.44544 0.561946 181.375 1.18173 13 119 1 0 1
4.92171 -1.92205 306.122 -2.6898 0.0630197 179.345 1.18511 13 120 1 0 1
6.73936 2.14243 306.122 -2.9247 0.258293 178.707 1.18619 13 121 1 0 1
7.51853 -4.24537 306.122 -1.85381 0.626568 180.295 1.18352 13 122 1 0 1
6.27488 -0.353368 306.122 -2.79062 0.18062 180.073 1.18387 13 123 1 0 1
6.41367 -1.90521 306.122 -4.29897 0.349701 178.09 1.18721 13 124 1 0 1
3.08906 -1.12062 306.122 -1.10522 0.410523 181.339 1.18179 13 125 1 0 1
6.76687 -0.84174 306.122 -2.96278 -0.285478 179.921 1.18413 13 126 1 0 1
6.46632 0.113737 306.122 -3.45762 0.211989 178.386 1.18673 13 127 1 0 1
8.62415 -1.12907 306.122 -2.98672 0.255421 179.704 1.18449 13 128 1 0 1
10.0685 1.62953 306.122 -4.69225 -0.519134 179.909 1.18408 13 129 1 0 1
4.31982 3.49365 306.122 -3.19336 -0.360766 176.822 1.18947 13 130 1 0 1
7.54684 1.12518 306.122 -3.69996 -0.0927555 177.263 1.18868 13 131 1 0 1
5.99929 -1.68449 306.122 -1.92704 -0.00765921 177.542 1.18824 13 132 1 0 1
2.39756 3.82968 306.122 -0.951929 -0.578556 180.438 1.18329 13 133 1 0 1
11.4248 -1.21904 306.122 -5.92436 0.394328 180.89 1.18238 13 134 1 0 1
1.93918 0.734429 306.122 -1.67809 -0.0581323 177.64 1.18807 13 135 1 0 1
4.63041 0.938747 306.122 -2.60163 -0.210924 179.826 1.1843 13 136 1 0 1
5.30451 2.83173 306.122 -1.9156 -0.64689 181.512 1.1815 13 137 1 0 1
3.50662 2.27617 306.122 -1.65331 0.0517404 179.304 1.1852 13 138 1 0 1
5.49407 -3.21633 306.122 -2.52886 0.598716 178.765 1.1861 13 139 1 0 1
5.82406 -4.23663 306.122 -3.57342 0.801451 180.432 1.18325 13 140 1 0 1
4.64766 -0.852842 306.122 -1.69455 -0.0316396 180.852 1.18259 13 141 1 0 1
0.736893 0.326826 306.122 -0.795471 0.20523 179.705 1.18453 13 142 1 0 1
5.97421 1.37719 306.122 -3.30758 0.263999 178.734 1.18614 13 143 1 0 1
11.7083 0.11272 306.122 -6.17272 0.0337409 181.739 1.18097 13 144 1 0 1
0.68224 1.652 306.122 -1.70117 -0.0578891 181.115 1.18216 13 145 1 0 1
13.026 0.952943 306.122 -6.225 0.114739 180.557 1.18292 13 146 1 0 1
9.34566 -2.31526 306.122 -5.38953 -0.655301 181.381 1.1816 13 147 1 0 1
5.16301 4.63224 306.122 -1.90962 -0.860656 179.53 1.18481 13 148 1 0 1
3.6005 -1.07651 306.122 -2.29461 0.400774 180.051 1.18392 13 149 1 0 1
5.63103 2.18352 306.122 -2.8477 -0.250522 179.722 1.18447 13 150 1 0 1
4.39192 -0.614949 367.347 -2.54061 0.0376772 178.308 1.42427 13 1 1 0 1
4.95966 1.38279 367.347 -2.48188 0.0251768 180.431 1.41994 13 2 1 0 1
5.6255 -2.89838 367.347 -3.67227 0.972388 180.872 1.41901 13 3 1 0 1
4.39377 -3.95124 367.347 -4.27722 0.623588 179.105 1.42256 13 4 1 0 1
5.23998 0.713658 367.347 -3.58634 -0.384806 180.52 1.41972 13 5 1 0 1
4.96114 3.72725 367.347 -3.91695 -0.694429 182.111 1.41655 13 6 1 0 1
2.57813 -0.744014 367.347 -2.33783 0.139454 181.123 1.41856 13 7 1 0 1
4.79508 -2.18481 367.347 -3.63433 0.340913 182.161 1.41647 13 8 1 0 1
2.91967 0.0887605 367.347 -1.78066 -0.522938 180.078 1.42066 13 9 1 0 1
5.98856 -0.698884 367.347 -5.58127 0.126995 178.442 1.42385 13 10 1 0 1
5.66642 -2.50895 367.347 -3.90197 0.872752 181.161 1.41843 13 11 1 0 1
7.86975 0.787079 367.347 -4.12789 -0.142443 177.613 1.42566 13 12 1 0 1
5.50622 -1.55715 367.347 -4.15916 -0.0604111 178.21 1.42441 13 13 1 0 1
4.37091 -4.82008 367.347 -1.94357 0.640512 180.419 1.41997 13 14 1 0 1
8.33307 -5.10107 367.347 -5.19078 0.348705 180.568 1.41955 13 15 1 0 1
2.015 2.52456 367.347 -2.24537 -0.221048 180.269 1.42027 13 16 1 0 1
5.47958 3.51185 367.347 -3.37694 -0.617922 180.901 1.41897 13 17 1 0 1
4.6021 3.05896 367.347 -4.36426 -0.397412 180.9 1.41893 13 18 1 0 1
-0.436517 0.756551 367.347 -0.203154 -0.786132 179.667 1.42151 13 19 1 0 1
5.88316 3.50963 367.347 -4.99624 -0.635714 179.659 1.42139 13 20 1 0 1
5.82933 0.830126 367.347 -3.40363 0.190044 178.777 1.42327 13 21 1 0 1
4.44368 -0.3989 367.347 -2.20311 -0.205012 181.69 1.41744 13 22 1 0 1
7.58228 -2.83413 367.347 -5.46143 0.61789 179.648 1.42138 13 23 1 0 1
4.9952 -1.40951 367.347 -2.24063 0.745532 177.701 1.42554 13 24 1 0 1
3.27043 2.70293 367.347 -1.71847 -0.345508 180.613 1.41959 13 25 1 0 1
5.02214 1.06202 367.347 -3.28133 -0.309171 180.469 1.41983 13 26 1 0 1
5.88826 1.82155 367.347 -4.05616 -0.241134 183.574 1.41372 13 27 1 0 1
4.98566 -0.753156 367.347 -3.73785 0.173726 181.624 1.41752 13 28 1 0 1
4.1089 2.36275 367.347 -2.44423 -1.40192 177.955 1.425 13 29 1 0 1
5.44706 0.256361 367.347 -3.38795 -0.206673 181.147 1.41848 13 30 1 0 1
4.8137 5.05125 367.347 -3.64143 -1.05855 178.962 1.42287 13 31 1 0 1
4.17266 -1.52804 367.347 -2.98129 -0.558024 179.098 1.42263 13 32 1 0 1
5.96979 0.356502 367.347 -4.99257 0.239598 181.472 1.41776 13 33 1 0 1
6.6566 -0.883262 367.347 -5.86845 0.0927509 181.027 1.41859 13 34 1 0 1
4.97424 1.43711 367.347 -5.50534 -0.829876 181.144 1.41838 13 35 1 0 1
1.29995 2.31678 367.347 -0.741278 -0.594631 180.341 1.42015 13 36 1 0 1
6.51185 0.610877 367.347 -4.33164 0.37714 181.835 1.41708 13 37 1 0 1
6.0547 -1.82759 367.347 -1.92569 0.734632 179.51 1.42181 13 38 1 0 1
5.43201 0.773518 367.347 -3.06707 0.03328 177.224 1.42652 13 39 1 0 1
1.60409 -2.45746 367.347 -0.591147 0.226913 177.353 1.4263 13 40 1 0 1
8.05971 2.46932 367.347 -4.8558 -0.894566 179.934 1.42084 13 41 1 0 1
2.56734 2.72686 367.347 -1.14948 -0.953891 182.802 1.41528 13 42 1 0 1
6.69872 -3.22785 367.347 -4.65908 1.22909 179.762 1.42119 13 43 1 0 1
3.51035 1.59146 367.347 -2.03602 0.130227 178.152 1.42461 13 44 1 0 1
8.34209 2.81676 367.347 -4.43104 -0.715686 178.604 1.42358 13 45 1 0 1
6.99812 0.980918 367.347 -4.62327 0.249094 179.466 1.4218 13 46 1 0 1
-0.982297 -3.29351 367.347 0.360182 1.05136 180.567 1.41969 13 47 1 0 1
3.17069 1.70877 367.347 -2.17788 -0.378981 182.374 1.4161 13 48 1 0 1
5.25148 3.81578 367.347 -2.71074 -0.349872 178.77 1.42331 13 49 1 0 1
5.12127 -3.17948 367.347 -4.98616 0.0850647 181.856 1.41701 13 50 1 0 1
1.74769 -0.399807 367.347 -1.18364 0.0836061 178.931 1.42301 13 51 1 0 1
6.5146 0.361639 367.347 -3.02157 0.0950278 181.776 1.41725 13 52 1 0 1
3.13734 -0.560885 367.347 -3.05859 0.485012 177.01 1.42697 13 53 1 0 1
3.99779 1.59219 367.347 -1.92361 -0.373707 181.439 1.41794 13 54 1 0 1
4.03344 -3.46186 367.347 -3.68501 0.601788 181.623 1.41752 13 55 1 0 1
2.57597 -2.33203 367.347 -2.44686 0.0306773 179.772 1.42127 13 56 1 0 1
2.16264 -4.56004 367.347 -1.16698 1.17197 178.837 1.4232 13 57 1 0 1
0.69999 -1.69831 367.347 0.0962894 -0.350027 178.425 1.42407 13 58 1 0 1
4.88377 1.947 367.347 -3.68358 -0.205964 181.162 1.41844 13 59 1 0 1
6.36896 1.55394 367.347 -3.18525 -0.207866 176.22 1.42865 13 60 1 0 1
7.65422 -0.83619 367.347 -4.22016 0.0386012 183.444 1.41396 13 61 1 0 1
0.920718 4.37917 367.347 -0.254955 -1.34846 181.236 1.41835 13 62 1 0 1
8.7997 1.58834 367.347 -5.98118 -0.0676672 178.269 1.42418 13 63 1 0 1
4.60236 1.63593 367.347 -2.87286 -0.394378 179.625 1.42155 13 64 1 0 1
1.97053 1.8388 367.347 -1.59972 -0.39345 178.457 1.42398 13 65 1 0 1
4.73951 2.61146 367.347 -1.07567 -0.387234 175.329 1.43063 13 66 1 0 1
6.37566 3.59403 367.347 -3.92541 -0.69791 179.834 1.42109 13 67 1 0 1
4.24981 2.23716 367.347 -4.368 -0.412038 178.682 1.42342 13 68 1 0 1
9.02755 -3.15228 367.347 -4.68749 0.515925 180.463 1.41978 13 69 1 0 1
4.68469 -0.861863 367.347 -3.51358 0.925793 181.831 1.41712 13 70 1 0 1
0.790562 3.92074 367.347 -1.62091 -0.596664 183.27 1.41437 13 71 1 0 1
5.7479 -0.588102 367.347 -4.5333 -0.585242 178.595 1.42359 13 72 1 0 1
4.85155 -1.52153 367.347 -2.87909 0.316294 180.802 1.41918 13 73 1 0 1
5.93866 0.252187 367.347 -3.53711 -0.169559 181.386 1.418 13 74 1 0 1
4.04289 -1.25425 367.347 -3.37666 0.293583 179.771 1.42124 13 75 1 0 1
4.93582 0.28333 367.347 -3.29228 -0.110249 177.704 1.4255 13 76 1 0 1
6.36644 0.773542 367.347 -3.48696 -0.246173 180.77 1.41923 13 77 1 0 1
0.881879 -0.35896 367.347 -2.10248 -0.231007 181.319 1.41817 13 78 1 0 1
0.0373599 -1.27152 367.347 -2.08455 0.826559 179.299 1.42224 13 79 1 0 1
0.845203 1.29905 367.347 -1.17345 -0.137422 180.314 1.4202 13 80 1 0 1
8.52604 0.264676 367.347 -5.28802 0.141203 182.902 1.41495 13 81 1 0 1
7.60155 -2.2458 367.347 -4.36036 0.479887 181.261 1.41821 13 82 1 0 1
4.73567 1.66167 367.347 -2.35329 -0.0834204 179.602 1.42162 13 83 1 0 1
11.3754 -0.385053 367.347 -6.87874 0.123851 184.543 1.41172 13 84 1 0 1
4.4761 1.96775 367.347 -2.30883 -0.453748 177.884 1.42516 13 85 1 0 1
5.28757 2.66578 367.347 -3.28963 -0.361296 180.013 1.42075 13 86 1 0 1
6.95312 0.441195 367.347 -4.26101 -0.0846133 179.511 1.42173 13 87 1 0 1
5.32153 -1.25703 367.347 -4.35809 0.291975 177.311 1.42628 13 88 1 0 1
2.0061 -1.07599 367.347 -2.95151 0.44624 180.995 1.41879 13 89 1 0 1
4.27039 -1.89909 367.347 -3.08278 1.06637 180.899 1.41898 13 90 1 0 1
6.38821 -1.30644 367.347 -5.04673 -0.308964 181.334 1.41803 13 91 1 0 1
5.23091 0.219589 367.347 -4.93569 0.157984 176.759 1.42742 13 92 1 0 1
-0.434728 -1.9818 367.347 -0.544235 -0.00797423 180.056 1.42073 13 93 1 0 1
5.64475 2.17892 367.347 -3.35269 -0.00467812 182.065 1.41667 13 94 1 0 1
1.1789 -2.67747 367.347 -1.19295 0.264829 179.85 1.42114 13 95 1 0 1
4.97352 -3.81564 367.347 -2.9731 0.477482 179.933 1.42093 13 96 1 0 1
3.8767 -0.517193 367.347 -2.88347 -0.135629 181.239 1.41831 13 97 1 0 1
5.31893 -1.43604 367.347 -3.56185 0.270396 175.065 1.43113 13 98 1 0 1
2.36049 -2.91094 367.347 -1.56752 0.750799 180.257 1.42031 13 99 1 0 1
1.22827 -0.392372 367.347 -1.03312 0.248437 181.098 1.41863 13 100 1 0 1
3.82712 -0.322687 367.347 -3.27839 0.0540003 181.292 1.41819 13 101 1 0 1
4.68458 -2.90539 367.347 -3.70458 0.551271 178.628 1.42356 13 102 1 0 1
1.94163 -0.929678 367.347 -1.41017 0.254816 180.936 1.41895 13 103 1 0 1
5.4522 -0.0777724 367.347 -1.85724 0.389858 180.209 1.4204 13 104 1 0 1
5.27039 -1.37862 367.347 -5.45944 0.408727 181.002 1.41867 13 105 1 0 1
10.1766 2.95818 367.347 -6.67937 -0.439194 181.582 1.41744 13 106 1 0 1
5.62196 0.465853 367.347 -3.96607 -0.47792 182.083 1.41661 13 107 1 0 1
2.44429 4.13421 367.347 -1.45545 -1.04474 180.026 1.42077 13 108 1 0 1
7.25907 -1.48543 367.347 -4.90987 0.437626 180.981 1.41874 13 109 1 0 1
5.59687 4.36799 367.347 -4.3881 -0.462534 179.979 1.42077 13 110 1 0 1
4.85599 2.47088 367.347 -3.64115 -0.822163 181.175 1.41841 13 111 1 0 1
2.93562 2.1255 367.347 -2.52854 -0.0489719 179.964 1.42088 13 112 1 0 1
3.66221 0.0604819 367.347 -1.86362 0.0918458 182.732 1.41541 13 113 1 0 1
6.75947 4.57694 367.347 -5.01239 -1.08 181.342 1.41801 13 114 1 0 1
3.06049 -2.58775 367.347 -2.13119 1.22507 182.442 1.41596 13 115 1 0 1
0.616876 -2.64347 367.347 -1.59321 1.01119 179.163 1.42253 13 116 1 0 1
4.19345 -0.802106 367.347 -3.0792 -0.178564 180.017 1.42075 13 117 1 0 1
1.23015 0.858954 367.347 -0.88519 -0.0437511 179.581 1.42169 13 118 1 0 1
2.63379 -0.1661 367.347 -1.66638 0.570804 181.373 1.41808 13 119 1 0 1
3.94431 -1.88962 367.347 -3.02404 0.126823 179.339 1.42213 13 120 1 0 1
5.65527 2.21853 367.347 -3.39028 0.185542 178.699 1.42343 13 121 1 0 1
6.79534 -4.00879 367.347 -2.39634 0.765444 180.288 1.42023 13 122 1 0 1
5.2497 -0.290059 367.347 -3.22684 0.191427 180.066 1.42065 13 123 1 0 1
4.85987 -1.77435 367.347 -4.72083 0.410841 178.08 1.42465 13 124 1 0 1
2.67791 -0.975886 367.347 -1.3251 0.446004 181.337 1.41815 13 125 1 0 1
5.67625 -0.933898 367.347 -3.43335 -0.255647 179.913 1.42095 13 126 1 0 1
5.20181 0.185707 367.347 -3.89507 0.206992 178.377 1.42408 13 127 1 0 1
7.50039 -1.03577 367.347 -3.59577 0.291715 179.693 1.42139 13 128 1 0 1
8.34947 1.44391 367.347 -5.38838 -0.570682 179.889 1.4209 13 129 1 0 1
3.16348 3.34904 367.347 -3.47148 -0.473686 176.817 1.42737 13 130 1 0 1
6.17765 1.08679 367.347 -4.21122 -0.129345 177.252 1.42641 13 131 1 0 1
5.2607 -1.67752 367.347 -2.34732 0.0480535 177.537 1.42589 13 132 1 0 1
2.04521 3.6119 367.347 -1.12048 -0.703881 180.437 1.41995 13 133 1 0 1
9.28174 -1.07887 367.347 -6.7109 0.43306 180.862 1.41886 13 134 1 0 1
1.33843 0.710242 367.347 -1.8005 -0.0820854 177.638 1.42569 13 135 1 0 1
3.68908 0.861717 367.347 -2.91611 -0.241138 179.821 1.42115 13 136 1 0 1
4.59314 2.59779 367.347 -2.29329 -0.738858 181.507 1.4178 13 137 1 0 1
2.89955 2.28082 367.347 -1.89481 -0.0245253 179.301 1.42224 13 138 1 0 1
4.56125 -2.99332 367.347 -2.90672 0.702304 178.758 1.42333 13 139 1 0 1
4.54205 -3.94104 367.347 -3.96649 0.939128 180.423 1.4199 13 140 1 0 1
4.01687 -0.858669 367.347 -2.024 -0.00274828 180.849 1.41911 13 141 1 0 1
0.457594 0.39475 367.347 -0.840605 0.193127 179.705 1.42144 13 142 1 0 1
4.76948 1.45959 367.347 -3.71118 0.216664 178.726 1.42336 13 143 1 0 1
9.48768 0.123422 367.347 -6.98156 0.0297304 181.71 1.41716 13 144 1 0 1
0.100885 1.62304 367.347 -1.73099 -0.113254 181.114 1.41859 13 145 1 0 1
10.7573 0.986341 367.347 -7.1266 0.0820416 180.523 1.41951 13 146 1 0 1
7.41443 -2.52283 367.347 -6.02807 -0.57333 181.361 1.41792 13 147 1 0 1
4.44838 4.31287 367.347 -2.27237 -1.01052 179.525 1.42177 13 148 1 0 1
2.77743 -0.934349 367.347 -2.53602 0.43456 180.048 1.42071 13 149 1 0 1
4.5929 2.08588 367.347 -3.23393 -0.32213 179.715 1.42136 13 150 1 0 1
3.467 -0.598529 428.571 -2.83518 0.0578718 178.303 1.66165 13 1 1 0 1
4.05753 1.38343 428.571 -2.82389 -0.0214092 180.426 1.65659 13 2 1 0 1
4.31565 -2.55333 428.571 -4.05015 1.06437 180.863 1.65551 13 3 1 0 1
2.8816 -3.71594 428.571 -4.55102 0.751733 179.098 1.65965 13 4 1 0 1
3.96168 0.579326 428.571 -3.93544 -0.406576 180.512 1.65634 13 5 1 0 1
3.58632 3.47297 428.571 -4.24407 -0.816783 182.103 1.65265 13 6 1 0 1
1.75821 -0.69272 428.571 -2.50294 0.163741 181.12 1.65499 13 7 1 0 1
3.51734 -2.05798 428.571 -3.95256 0.413036 182.154 1.65255 13 8 1 0 1
2.27943 -0.089201 428.571 -1.97749 -0.522925 180.076 1.65744 13 9 1 0 1
4.00502 -0.651408 428.571 -5.95583 0.149474 178.429 1.66116 13 10 1 0 1
4.28072 -2.20024 428.571 -4.28066 0.952334 181.152 1.65483 13 11 1 0 1
6.35205 0.733582 428.571 -4.65866 -0.167641 177.6 1.66327 13 12 1 0 1
4.01286 -1.56899 428.571 -4.51563 -0.0084107 178.201 1.66181 13 13 1 0 1
3.65816 -4.57565 428.571 -2.24811 0.798719 180.415 1.65663 13 14 1 0 1
6.47377 -4.95397 428.571 -5.7524 0.518124 180.551 1.65614 13 15 1 0 1
1.22984 2.43523 428.571 -2.36834 -0.304499 180.267 1.65698 13 16 1 0 1
4.27133 3.28308 428.571 -3.74767 -0.732624 180.893 1.65546 13 17 1 0 1
3.07237 2.90726 428.571 -4.65597 -0.498131 180.893 1.65541 13 18 1 0 1
-0.499854 0.484857 428.571 -0.16778 -0.806951 179.667 1.65843 13 19 1 0 1
4.1124 3.27339 428.571 -5.3735 -0.749413 179.648 1.65829 13 20 1 0 1
4.59398 0.89035 428.571 -3.79527 0.161328 178.769 1.66048 13 21 1 0 1
3.64751 -0.465576 428.571 -2.51216 -0.190348 181.686 1.65368 13 22 1 0 1
5.63178 -2.60779 428.571 -5.96003 0.709077 179.632 1.65828 13 23 1 0 1
4.16249 -1.1451 428.571 -2.58273 0.787883 177.697 1.66313 13 24 1 0 1
2.64847 2.57061 428.571 -1.94322 -0.434405 180.61 1.65619 13 25 1 0 1
3.84932 0.951277 428.571 -3.61784 -0.343072 180.463 1.65647 13 26 1 0 1
4.46578 1.73089 428.571 -4.45559 -0.301988 183.565 1.64934 13 27 1 0 1
3.66713 -0.690409 428.571 -4.06813 0.19819 181.617 1.65377 13 28 1 0 1
3.2189 1.86787 428.571 -2.71835 -1.47215 177.95 1.6625 13 29 1 0 1
4.23707 0.18518 428.571 -3.75665 -0.21413 181.14 1.65489 13 30 1 0 1
3.51156 4.66099 428.571 -3.95454 -1.22073 178.955 1.66002 13 31 1 0 1
3.10438 -1.70973 428.571 -3.25525 -0.503886 179.093 1.65973 13 32 1 0 1
4.21609 0.43515 428.571 -5.3809 0.226175 181.461 1.65405 13 33 1 0 1
4.59501 -0.846915 428.571 -6.29622 0.121976 181.012 1.65502 13 34 1 0 1
3.0577 1.14896 428.571 -5.81095 -0.873554 181.134 1.65477 13 35 1 0 1
1.03271 2.10207 428.571 -0.829728 -0.66901 180.341 1.65684 13 36 1 0 1
4.97614 0.734135 428.571 -4.77058 0.35429 181.824 1.65326 13 37 1 0 1
5.32312 -1.56708 428.571 -2.35507 0.791487 179.505 1.65878 13 38 1 0 1
4.30736 0.780581 428.571 -3.42987 0.00757187 177.218 1.66427 13 39 1 0 1
1.38033 -2.36526 428.571 -0.702437 0.306747 177.352 1.66402 13 40 1 0 1
6.31123 2.15143 428.571 -5.39903 -0.972085 179.918 1.65764 13 41 1 0 1
2.1511 2.39243 428.571 -1.33083 -1.04123 182.801 1.65116 13 42 1 0 1
5.03283 -2.79162 428.571 -5.10214 1.32999 179.749 1.65806 13 43 1 0 1
2.76864 1.62705 428.571 -2.27118 0.0767065 178.149 1.66204 13 44 1 0 1
6.72272 2.55582 428.571 -4.99635 -0.805182 178.589 1.66084 13 45 1 0 1
5.33794 1.06014 428.571 -5.08842 0.214889 179.454 1.65877 13 46 1 0 1
-0.848102 -2.91892 428.571 0.429674 1.15606 180.566 1.65631 13 47 1 0 1
2.40204 1.57204 428.571 -2.39154 -0.434822 182.372 1.65211 13 48 1 0 1
4.25977 3.67442 428.571 -3.06815 -0.474838 178.764 1.66053 13 49 1 0 1
3.38414 -3.13276 428.571 -5.31112 0.1922 181.847 1.65317 13 50 1 0 1
1.32202 -0.368974 428.571 -1.29912 0.0964453 178.931 1.66018 13 51 1 0 1
5.41774 0.391522 428.571 -3.47748 0.0822454 181.768 1.65346 13 52 1 0 1
2.04373 -0.390248 428.571 -3.25136 0.500717 177.006 1.6648 13 53 1 0 1
3.30023 1.45725 428.571 -2.20199 -0.425343 181.436 1.65426 13 54 1 0 1
2.74484 -3.23964 428.571 -3.94374 0.715372 181.617 1.65378 13 55 1 0 1
1.71319 -2.3083 428.571 -2.60896 0.10854 179.77 1.65815 13 56 1 0 1
1.73712 -4.13357 428.571 -1.31361 1.31708 178.835 1.6604 13 57 1 0 1
0.723917 -1.80851 428.571 0.0428699 -0.291625 178.425 1.66141 13 58 1 0 1
3.58161 1.86642 428.571 -4.00589 -0.270437 181.155 1.65484 13 59 1 0 1
5.1854 1.473 428.571 -3.61319 -0.257642 176.212 1.66676 13 60 1 0 1
6.15365 -0.818562 428.571 -4.75241 0.06693 183.431 1.64962 13 61 1 0 1
0.823156 3.89953 428.571 -0.321407 -1.4885 181.235 1.65475 13 62 1 0 1
6.64153 1.55608 428.571 -6.55922 -0.119975 178.249 1.66154 13 63 1 0 1
3.56836 1.49244 428.571 -3.18136 -0.446815 179.62 1.65848 13 64 1 0 1
1.39879 1.69358 428.571 -1.72614 -0.452286 178.456 1.66131 13 65 1 0 1
4.30475 2.4616 428.571 -1.40906 -0.470248 175.326 1.66907 13 66 1 0 1
4.96324 3.33638 428.571 -4.35391 -0.814194 179.824 1.65794 13 67 1 0 1
2.70507 2.08349 428.571 -4.62912 -0.48408 178.676 1.66066 13 68 1 0 1
7.32833 -2.9596 428.571 -5.3076 0.618815 180.445 1.65642 13 69 1 0 1
3.44664 -0.545816 428.571 -3.82433 0.949651 181.825 1.6533 13 70 1 0 1
0.241251 3.69943 428.571 -1.66066 -0.727013 183.269 1.6501 13 71 1 0 1
4.1268 -0.784994 428.571 -4.90385 -0.562322 178.585 1.66086 13 72 1 0 1
3.81859 -1.40595 428.571 -3.2086 0.365687 180.797 1.65571 13 73 1 0 1
4.67373 0.193625 428.571 -3.94167 -0.177099 181.378 1.65433 13 74 1 0 1
2.84599 -1.1473 428.571 -3.63695 0.333871 179.766 1.65811 13 75 1 0 1
3.74311 0.243802 428.571 -3.61644 -0.118988 177.698 1.66309 13 76 1 0 1
5.1089 0.685913 428.571 -3.92293 -0.270785 180.761 1.65576 13 77 1 0 1
0.163684 -0.434767 428.571 -2.14234 -0.217573 181.319 1.65454 13 78 1 0 1
-0.671878 -0.982559 428.571 -2.06063 0.864283 179.299 1.65928 13 79 1 0 1
0.437637 1.24506 428.571 -1.22208 -0.18024 180.314 1.6569 13 80 1 0 1
6.65422 0.310342 428.571 -5.87124 0.131374 182.884 1.65078 13 81 1 0 1
6.03761 -2.07121 428.571 -4.87982 0.552884 181.247 1.65458 13 82 1 0 1
3.87619 1.62381 428.571 -2.67843 -0.138494 179.598 1.65855 13 83 1 0 1
8.95726 -0.341846 428.571 -7.66642 0.136349 184.512 1.647 13 84 1 0 1
3.62746 1.80065 428.571 -2.61186 -0.516304 177.879 1.66269 13 85 1 0 1
4.10574 2.52793 428.571 -3.64502 -0.448545 180.006 1.65754 13 86 1 0 1
5.41694 0.409875 428.571 -4.72761 -0.0988669 179.5 1.65869 13 87 1 0 1
3.75492 -1.14924 428.571 -4.69625 0.331783 177.302 1.66399 13 88 1 0 1
0.986253 -0.919188 428.571 -3.06536 0.479941 180.993 1.65526 13 89 1 0 1
3.17676 -1.52804 428.571 -3.36595 1.1242 180.894 1.65547 13 90 1 0 1
4.60967 -1.40311 428.571 -5.4657 -0.263086 181.322 1.65437 13 91 1 0 1
3.46158 0.272954 428.571 -5.25848 0.14985 176.75 1.66532 13 92 1 0 1
-0.61342 -1.9732 428.571 -0.504553 0.0584946 180.056 1.65751 13 93 1 0 1
4.44978 2.16492 428.571 -3.73897 -0.0784931 182.057 1.65278 13 94 1 0 1
0.759418 -2.57222 428.571 -1.26625 0.352954 179.849 1.65799 13 95 1 0 1
3.90246 -3.63172 428.571 -3.30879 0.602538 179.927 1.65775 13 96 1 0 1
2.85711 -0.559973 428.571 -3.14001 -0.117405 181.235 1.6547 13 97 1 0 1
4.01041 -1.33346 428.571 -3.9051 0.315637 175.057 1.66966 13 98 1 0 1
1.8001 -2.63981 428.571 -1.72519 0.844182 180.255 1.65702 13 99 1 0 1
0.864749 -0.306303 428.571 -1.11282 0.260246 181.098 1.65507 13 100 1 0 1
2.67565 -0.302644 428.571 -3.52618 0.0645803 181.288 1.65456 13 101 1 0 1
3.36022 -2.70024 428.571 -4.00658 0.644709 178.621 1.66083 13 102 1 0 1
1.44162 -0.838315 428.571 -1.53887 0.284673 180.935 1.65544 13 103 1 0 1
4.75403 0.0548702 428.571 -2.24391 0.390234 180.205 1.65713 13 104 1 0 1
3.36405 -1.23277 428.571 -5.78773 0.452819 180.991 1.65511 13 105 1 0 1
7.80369 2.79351 428.571 -7.36477 -0.536599 181.555 1.65368 13 106 1 0 1
4.22202 0.302803 428.571 -4.34274 -0.49096 182.074 1.65271 13 107 1 0 1
1.92009 3.756 428.571 -1.62064 -1.17731 180.024 1.65757 13 108 1 0 1
5.51214 -1.3292 428.571 -5.39545 0.485135 180.967 1.65519 13 109 1 0 1
4.03878 4.18603 428.571 -4.75249 -0.606201 179.969 1.65757 13 110 1 0 1
3.56855 2.17949 428.571 -3.96192 -0.900769 181.168 1.65481 13 111 1 0 1
2.04145 2.09675 428.571 -2.71683 -0.119894 179.961 1.65769 13 112 1 0 1
2.99353 0.0908515 428.571 -2.11931 0.0892632 182.729 1.65131 13 113 1 0 1
4.98779 4.18691 428.571 -5.45989 -1.22824 181.328 1.65435 13 114 1 0 1
2.30913 -2.16266 428.571 -2.33713 1.30594 182.439 1.65195 13 115 1 0 1
0.0668577 -2.2835 428.571 -1.61896 1.09358 179.162 1.65961 13 116 1 0 1
3.09692 -0.858145 428.571 -3.35506 -0.150663 180.012 1.65755 13 117 1 0 1
0.913884 0.839167 428.571 -0.966145 -0.0722146 179.58 1.65864 13 118 1 0 1
2.03993 0.0271615 428.571 -1.8446 0.57315 181.372 1.65442 13 119 1 0 1
2.86579 -1.83563 428.571 -3.28076 0.189176 179.335 1.65915 13 120 1 0 1
4.42619 2.26932 428.571 -3.76892 0.110682 178.691 1.66067 13 121 1 0 1
5.89793 -3.72648 428.571 -2.8774 0.895575 180.28 1.65693 13 122 1 0 1
4.08994 -0.223441 428.571 -3.58032 0.20005 180.059 1.65742 13 123 1 0 1
3.18147 -1.62325 428.571 -5.02169 0.467293 178.071 1.66209 13 124 1 0 1
2.19811 -0.820023 428.571 -1.511 0.476397 181.335 1.65451 13 125 1 0 1
4.44011 -1.0154 428.571 -3.81588 -0.222903 179.905 1.65778 13 126 1 0 1
3.80393 0.255559 428.571 -4.23266 0.199637 178.369 1.66142 13 127 1 0 1
6.18434 -0.930661 428.571 -4.11256 0.324676 179.682 1.65829 13 128 1 0 1
6.41638 1.24181 428.571 -5.9463 -0.615717 179.872 1.65772 13 129 1 0 1
1.92604 3.16623 428.571 -3.66061 -0.5812 176.813 1.66526 13 130 1 0 1
4.65009 1.036 428.571 -4.61451 -0.164457 177.242 1.66415 13 131 1 0 1
4.38725 -1.65141 428.571 -2.7074 0.103215 177.532 1.66353 13 132 1 0 1
1.64043 3.35292 428.571 -1.2603 -0.821175 180.436 1.65661 13 133 1 0 1
6.90074 -0.926402 428.571 -7.32533 0.46685 180.838 1.65534 13 134 1 0 1
0.703375 0.677954 428.571 -1.87676 -0.105102 177.638 1.6633 13 135 1 0 1
2.65318 0.774856 428.571 -3.15584 -0.268601 179.817 1.65801 13 136 1 0 1
3.76401 2.33423 428.571 -2.61216 -0.822394 181.502 1.6541 13 137 1 0 1
2.21815 2.25945 428.571 -2.08772 -0.100509 179.299 1.65928 13 138 1 0 1
3.51149 -2.73617 428.571 -3.21004 0.797877 178.753 1.66055 13 139 1 0 1
3.1436 -3.60048 428.571 -4.25789 1.06609 180.416 1.65655 13 140 1 0 1
3.28311 -0.8547 428.571 -2.30154 0.0261733 180.845 1.65563 13 141 1 0 1
0.166564 0.45817 428.571 -0.864188 0.17882 179.705 1.65834 13 142 1 0 1
3.44248 1.52535 428.571 -4.01963 0.166863 178.719 1.66059 13 143 1 0 1
7.02378 0.132717 428.571 -7.61135 0.0253826 181.684 1.65336 13 144 1 0 1
-0.483057 1.57557 428.571 -1.71644 -0.167327 181.114 1.65502 13 145 1 0 1
8.21274 1.00849 428.571 -7.84536 0.048421 180.493 1.65609 13 146 1 0 1
5.29312 -2.70162 428.571 -6.51206 -0.484846 181.345 1.65424 13 147 1 0 1
3.61971 3.9443 428.571 -2.57685 -1.14885 179.52 1.65873 13 148 1 0 1
1.88315 -0.781531 428.571 -2.71242 0.463389 180.045 1.65749 13 149 1 0 1
3.43702 1.96445 428.571 -3.53724 -0.390059 179.71 1.65825 13 150 1 0 1
2.4532 -0.575281 489.796 -3.05707 0.0774055 178.3 1.89903 13 1 1 0 1
3.05138 1.36829 489.796 -3.09351 -0.0677485 180.421 1.89325 13 2 1 0 1
2.89517 -2.17914 489.796 -4.3242 1.14422 180.856 1.89201 13 3 1 0 1
1.29555 -3.43825 489.796 -4.7082 0.871306 179.093 1.89674 13 4 1 0 1
2.58182 0.438385 489.796 -4.18367 -0.42371 180.507 1.89296 13 5 1 0 1
2.11957 3.17908 489.796 -4.4624 -0.929821 182.098 1.88874 13 6 1 0 1
0.893216 -0.633525 489.796 -2.60389 0.186161 181.119 1.89141 13 7 1 0 1
2.14942 -1.90768 489.796 -4.16949 0.480448 182.149 1.88863 13 8 1 0 1
1.58076 -0.266145 489.796 -2.12363 -0.516947 180.074 1.89422 13 9 1 0 1
1.9188 -0.596501 489.796 -6.17781 0.17025 178.422 1.89847 13 10 1 0 1
2.78529 -1.86644 489.796 -4.54963 1.02106 181.145 1.89124 13 11 1 0 1
4.6715 0.671717 489.796 -5.06999 -0.190924 177.589 1.90088 13 12 1 0 1
2.41662 -1.56292 489.796 -4.75637 0.0436812 178.195 1.89922 13 13 1 0 1
2.85163 -4.27902 489.796 -2.495 0.947809 180.411 1.8933 13 14 1 0 1
4.4485 -4.75035 489.796 -6.16656 0.681612 180.537 1.89273 13 15 1 0 1
0.413153 2.31811 489.796 -2.4306 -0.384477 180.266 1.89369 13 16 1 0 1
2.95358 3.01687 489.796 -4.02233 -0.838966 180.887 1.89195 13 17 1 0 1
1.46388 2.7224 489.796 -4.82838 -0.593169 180.888 1.8919 13 18 1 0 1
-0.550376 0.207633 489.796 -0.128106 -0.818563 179.667 1.89535 13 19 1 0 1
2.23621 2.9998 489.796 -5.61306 -0.854566 179.64 1.89519 13 20 1 0 1
3.24085 0.940418 489.796 -4.08963 0.130774 178.762 1.8977 13 21 1 0 1
2.75783 -0.526942 489.796 -2.7568 -0.173513 181.683 1.88992 13 22 1 0 1
3.5369 -2.35169 489.796 -6.30591 0.792177 179.619 1.89518 13 23 1 0 1
3.22308 -0.867622 489.796 -2.8586 0.821246 177.692 1.90072 13 24 1 0 1
1.95862 2.40898 489.796 -2.11815 -0.518344 180.608 1.89279 13 25 1 0 1
2.57783 0.82968 489.796 -3.86161 -0.37306 180.458 1.89311 13 26 1 0 1
2.92882 1.62049 489.796 -4.74081 -0.359396 183.558 1.88496 13 27 1 0 1
2.2546 -0.619787 489.796 -4.29414 0.220394 181.612 1.89003 13 28 1 0 1
2.24638 1.35168 489.796 -2.92278 -1.5256 177.946 1.9 13 29 1 0 1
2.91846 0.111887 489.796 -4.02906 -0.219146 181.134 1.8913 13 30 1 0 1
2.1194 4.21756 489.796 -4.16628 -1.36899 178.949 1.89717 13 31 1 0 1
1.95651 -1.8719 489.796 -3.44576 -0.444005 179.09 1.89683 13 32 1 0 1
2.35431 0.508833 489.796 -5.63136 0.210177 181.454 1.89035 13 33 1 0 1
2.41563 -0.800906 489.796 -6.5627 0.149809 181.003 1.89145 13 34 1 0 1
1.06277 0.847704 489.796 -5.96771 -0.907285 181.129 1.89117 13 35 1 0 1
0.738989 1.86339 489.796 -0.896906 -0.735758 180.34 1.89353 13 36 1 0 1
3.31286 0.849018 489.796 -5.08724 0.327407 181.816 1.88944 13 37 1 0 1
4.45506 -1.2887 489.796 -2.72405 0.83931 179.499 1.89575 13 38 1 0 1
3.07227 0.77874 489.796 -3.70473 -0.0182208 177.212 1.90203 13 39 1 0 1
1.12119 -2.24607 489.796 -0.795718 0.383082 177.352 1.90174 13 40 1 0 1
4.40095 1.809 489.796 -5.80386 -1.03852 179.905 1.89445 13 41 1 0 1
1.6797 2.03072 489.796 -1.47806 -1.11669 182.799 1.88704 13 42 1 0 1
3.23791 -2.32355 489.796 -5.41443 1.41573 179.74 1.89492 13 43 1 0 1
1.95595 1.64408 489.796 -2.44813 0.022313 178.147 1.89948 13 44 1 0 1
4.931 2.26574 489.796 -5.43356 -0.885489 178.576 1.8981 13 45 1 0 1
3.54092 1.12727 489.796 -5.42314 0.17824 179.444 1.89574 13 46 1 0 1
-0.692164 -2.51103 489.796 0.488151 1.24757 180.566 1.89292 13 47 1 0 1
1.57181 1.41738 489.796 -2.54389 -0.485704 182.369 1.88813 13 48 1 0 1
3.15886 3.49114 489.796 -3.3469 -0.594383 178.758 1.89775 13 49 1 0 1
1.56025 -3.0503 489.796 -5.49999 0.297138 181.841 1.88934 13 50 1 0 1
0.862458 -0.333932 489.796 -1.3813 0.108184 178.93 1.89735 13 51 1 0 1
4.18199 0.416938 489.796 -3.84421 0.0685263 181.76 1.88966 13 52 1 0 1
0.897737 -0.215159 489.796 -3.3608 0.510713 177.004 1.90263 13 53 1 0 1
2.51805 1.30568 489.796 -2.42391 -0.472125 181.433 1.89059 13 54 1 0 1
1.38587 -2.98046 489.796 -4.10139 0.820797 181.613 1.89003 13 55 1 0 1
0.806494 -2.25824 489.796 -2.70418 0.185163 179.768 1.89503 13 56 1 0 1
1.26706 -3.65995 489.796 -1.42656 1.44715 178.834 1.8976 13 57 1 0 1
0.729285 -1.89807 489.796 -0.0116486 -0.229896 178.425 1.89875 13 58 1 0 1
2.18762 1.76455 489.796 -4.22552 -0.331823 181.15 1.89125 13 59 1 0 1
3.8689 1.37525 489.796 -3.9485 -0.304475 176.204 1.90487 13 60 1 0 1
4.49533 -0.791596 489.796 -5.16282 0.0944922 183.42 1.88528 13 61 1 0 1
0.704492 3.3754 489.796 -0.379619 -1.61156 181.234 1.89114 13 62 1 0 1
4.31308 1.50607 489.796 -6.96918 -0.170907 178.233 1.89891 13 63 1 0 1
2.44287 1.33191 489.796 -3.4083 -0.494155 179.615 1.89541 13 64 1 0 1
0.791186 1.52905 489.796 -1.8083 -0.505962 178.455 1.89865 13 65 1 0 1
3.75962 2.28366 489.796 -1.70633 -0.547894 175.324 1.90751 13 66 1 0 1
3.42359 3.04067 489.796 -4.6708 -0.921187 179.816 1.89478 13 67 1 0 1
1.09097 1.90605 489.796 -4.77163 -0.550603 178.672 1.8979 13 68 1 0 1
5.44125 -2.73315 489.796 -5.7916 0.714635 180.43 1.89305 13 69 1 0 1
2.12023 -0.223542 489.796 -4.03705 0.962683 181.82 1.88949 13 70 1 0 1
-0.314245 3.43591 489.796 -1.65784 -0.849069 183.268 1.88583 13 71 1 0 1
2.3999 -0.972932 489.796 -5.14873 -0.532999 178.578 1.89812 13 72 1 0 1
2.68774 -1.27433 489.796 -3.45585 0.410907 180.792 1.89224 13 73 1 0 1
3.28899 0.132854 489.796 -4.24518 -0.182619 181.371 1.89066 13 74 1 0 1
1.57614 -1.02726 489.796 -3.80402 0.370351 179.762 1.89499 13 75 1 0 1
2.45444 0.201493 489.796 -3.8479 -0.12637 177.693 1.90067 13 76 1 0 1
3.72038 0.590459 489.796 -4.25833 -0.292308 180.753 1.8923 13 77 1 0 1
-0.558707 -0.505613 489.796 -2.12728 -0.201658 181.319 1.8909 13 78 1 0 1
-1.36389 -0.682393 489.796 -1.98389 0.892151 179.3 1.89632 13 79 1 0 1
0.0188508 1.17688 489.796 -1.23939 -0.221002 180.314 1.8936 13 80 1 0 1
4.6118 0.352469 489.796 -6.30397 0.12005 182.87 1.8866 13 81 1 0 1
4.31888 -1.87299 489.796 -5.27417 0.619572 181.236 1.89095 13 82 1 0 1
2.91734 1.56742 489.796 -2.93491 -0.191986 179.594 1.89549 13 83 1 0 1
6.30946 -0.294739 489.796 -8.25756 0.147292 184.487 1.88229 13 84 1 0 1
2.68583 1.61301 489.796 -2.84793 -0.572969 177.875 1.90021 13 85 1 0 1
2.81866 2.36124 489.796 -3.90698 -0.530674 180.001 1.89434 13 86 1 0 1
3.74189 0.373879 489.796 -5.07302 -0.111992 179.49 1.89564 13 87 1 0 1
2.09206 -1.02833 489.796 -4.91406 0.367808 177.296 1.90171 13 88 1 0 1
-0.0588735 -0.751904 489.796 -3.10064 0.50817 180.992 1.89173 13 89 1 0 1
2.00169 -1.13955 489.796 -3.56283 1.16922 180.89 1.89197 13 90 1 0 1
2.71295 -1.48377 489.796 -5.7446 -0.214217 181.314 1.89071 13 91 1 0 1
1.60351 0.323204 489.796 -5.44655 0.14001 176.744 1.90322 13 92 1 0 1
-0.776387 -1.94209 489.796 -0.451936 0.124296 180.056 1.8943 13 93 1 0 1
3.14073 2.12623 489.796 -4.0294 -0.151408 182.051 1.88889 13 94 1 0 1
0.320469 -2.43762 489.796 -1.30708 0.437053 179.848 1.89485 13 95 1 0 1
2.73136 -3.40636 489.796 -3.55966 0.720716 179.922 1.89457 13 96 1 0 1
1.76427 -0.596365 489.796 -3.31606 -0.0978419 181.232 1.89108 13 97 1 0 1
2.59908 -1.21568 489.796 -4.14825 0.357278 175.052 1.90818 13 98 1 0 1
1.19356 -2.33857 489.796 -1.83864 0.927934 180.254 1.89374 13 99 1 0 1
0.479059 -0.216741 489.796 -1.16398 0.269087 181.097 1.89151 13 100 1 0 1
1.45558 -0.279149 489.796 -3.68359 0.0744237 181.285 1.89092 13 101 1 0 1
1.94972 -2.46427 489.796 -4.20589 0.730793 178.616 1.89809 13 102 1 0 1
0.904643 -0.73739 489.796 -1.62813 0.311282 180.934 1.89193 13 103 1 0 1
3.93398 0.186887 489.796 -2.57304 0.386158 180.2 1.89387 13 104 1 0 1
1.37147 -1.07285 489.796 -5.96774 0.491753 180.985 1.89155 13 105 1 0 1
5.23072 2.59697 489.796 -7.86144 -0.627874 181.534 1.88991 13 106 1 0 1
2.71385 0.136299 489.796 -4.60811 -0.498405 182.067 1.88881 13 107 1 0 1
1.34667 3.33494 489.796 -1.74427 -1.29645 180.022 1.89436 13 108 1 0 1
3.62391 -1.1578 489.796 -5.74274 0.527112 180.956 1.89165 13 109 1 0 1
2.37715 3.95632 489.796 -4.99508 -0.742948 179.962 1.89437 13 110 1 0 1
2.18963 1.86322 489.796 -4.18115 -0.969103 181.163 1.89121 13 111 1 0 1
1.09494 2.04408 489.796 -2.83548 -0.189447 179.959 1.8945 13 112 1 0 1
2.24811 0.120185 489.796 -2.32067 0.0856627 182.726 1.88721 13 113 1 0 1
3.08824 3.74911 489.796 -5.76747 -1.36248 181.318 1.89068 13 114 1 0 1
1.49857 -1.71289 489.796 -2.48316 1.37191 182.436 1.88795 13 115 1 0 1
-0.484875 -1.89748 489.796 -1.60321 1.16349 179.162 1.8967 13 116 1 0 1
1.92101 -0.904396 489.796 -3.54492 -0.121047 180.008 1.89434 13 117 1 0 1
0.574189 0.809808 489.796 -1.02233 -0.0998543 179.58 1.89558 13 118 1 0 1
1.39378 0.220113 489.796 -1.97553 0.56896 181.37 1.89077 13 119 1 0 1
1.7138 -1.76069 489.796 -3.45338 0.24937 179.331 1.89618 13 120 1 0 1
3.08364 2.29423 489.796 -4.05095 0.0345653 178.685 1.89791 13 121 1 0 1
4.84932 -3.40166 489.796 -3.28465 1.01548 180.272 1.89363 13 122 1 0 1
2.82532 -0.154274 489.796 -3.84201 0.206392 180.054 1.8942 13 123 1 0 1
1.42152 -1.45363 489.796 -5.19389 0.518419 178.066 1.89954 13 124 1 0 1
1.66195 -0.654805 489.796 -1.65816 0.501356 181.334 1.89087 13 125 1 0 1
3.09015 -1.08532 489.796 -4.10059 -0.18762 179.899 1.8946 13 126 1 0 1
2.30854 0.322495 489.796 -4.46177 0.190007 178.364 1.89877 13 127 1 0 1
4.70976 -0.814934 489.796 -4.5239 0.353933 179.672 1.89519 13 128 1 0 1
4.3188 1.02555 489.796 -6.35181 -0.653733 179.858 1.89453 13 129 1 0 1
0.639222 2.94731 489.796 -3.75593 -0.682086 176.81 1.90315 13 130 1 0 1
3.00331 0.973388 489.796 -4.89952 -0.19769 177.234 1.90188 13 131 1 0 1
3.40132 -1.60647 489.796 -2.99805 0.157196 177.527 1.90118 13 132 1 0 1
1.19359 3.05569 489.796 -1.36781 -0.9291 180.434 1.89327 13 133 1 0 1
4.34283 -0.763362 489.796 -7.75209 0.495323 180.821 1.89181 13 134 1 0 1
0.0502837 0.637931 489.796 -1.9049 -0.12692 177.637 1.90092 13 135 1 0 1
1.54925 0.679157 489.796 -3.31468 -0.293 179.814 1.89487 13 136 1 0 1
2.8384 2.04403 489.796 -2.86407 -0.896546 181.498 1.89039 13 137 1 0 1
1.47988 2.21231 489.796 -2.22711 -0.175345 179.297 1.89632 13 138 1 0 1
2.37172 -2.4478 489.796 -3.43108 0.884347 178.748 1.89777 13 139 1 0 1
1.66456 -3.21885 489.796 -4.44016 1.18089 180.411 1.89319 13 140 1 0 1
2.46518 -0.840981 489.796 -2.52008 0.0547954 180.842 1.89215 13 141 1 0 1
-0.128736 0.516364 489.796 -0.865617 0.162474 179.705 1.89525 13 142 1 0 1
2.02722 1.5737 489.796 -4.22506 0.115163 178.715 1.89782 13 143 1 0 1
4.37983 0.140497 489.796 -8.04616 0.0207472 181.666 1.88955 13 144 1 0 1
-1.05462 1.51013 489.796 -1.65789 -0.219491 181.115 1.89145 13 145 1 0 1
5.45765 1.01913 489.796 -8.36309 0.0142598 180.47 1.89267 13 146 1 0 1
3.03611 -2.84959 489.796 -6.82922 -0.390858 181.333 1.89055 13 147 1 0 1
2.69825 3.53073 489.796 -2.81526 -1.27407 179.515 1.8957 13 148 1 0 1
0.940597 -0.619797 489.796 -2.81929 0.486934 180.044 1.89428 13 149 1 0 1
2.19303 1.82061 489.796 -3.74989 -0.453538 179.705 1.89514 13 150 1 0 1
1.3765 -0.545471 551.02 -3.2006 0.0960561 178.297 2.13641 13 1 1 0 1
1.967 1.33754 551.02 -3.28382 -0.113313 180.418 2.12991 13 2 1 0 1
1.40047 -1.7801 551.02 -4.48744 1.21103 180.852 2.12852 13 3 1 0 1
-0.323707 -3.12135 551.02 -4.74476 0.980951 179.092 2.13384 13 4 1 0 1
1.13577 0.292444 551.02 -4.32469 -0.436015 180.503 2.12958 13 5 1 0 1
0.598474 2.84892 551.02 -4.56639 -1.03226 182.094 2.12483 13 6 1 0 1
0.00532376 -0.567102 551.02 -2.63811 0.206458 181.118 2.12784 13 7 1 0 1
0.726405 -1.73562 551.02 -4.27957 0.542382 182.147 2.1247 13 8 1 0 1
0.841554 -0.440053 551.02 -2.21533 -0.505075 180.073 2.131 13 9 1 0 1
-0.216611 -0.534789 551.02 -6.24159 0.189088 178.42 2.13578 13 10 1 0 1
1.21845 -1.51135 551.02 -4.70201 1.07814 181.141 2.12764 13 11 1 0 1
2.8712 0.602189 551.02 -5.35139 -0.212031 177.581 2.13849 13 12 1 0 1
0.758431 -1.53903 551.02 -4.87525 0.0952727 178.192 2.13662 13 13 1 0 1
1.97199 -3.93357 551.02 -2.67793 1.08608 180.408 2.12996 13 14 1 0 1
2.30919 -4.49254 551.02 -6.42274 0.83732 180.527 2.12932 13 15 1 0 1
-0.414125 2.17456 551.02 -2.43056 -0.46007 180.266 2.1304 13 16 1 0 1
1.56011 2.71624 551.02 -4.1939 -0.93574 180.883 2.12845 13 17 1 0 1
-0.182141 2.50649 551.02 -4.87709 -0.681447 180.886 2.12839 13 18 1 0 1
-0.586789 -0.07196 551.02 -0.0851464 -0.820839 179.667 2.13227 13 19 1 0 1
0.302701 2.69199 551.02 -5.70885 -0.949984 179.637 2.13208 13 20 1 0 1
1.80464 0.979758 551.02 -4.27917 0.0987328 178.758 2.13491 13 21 1 0 1
1.79744 -0.582297 551.02 -2.93078 -0.1547 181.68 2.12616 13 22 1 0 1
1.35134 -2.06877 551.02 -6.49027 0.866255 179.612 2.13208 13 23 1 0 1
2.20103 -0.580249 551.02 -3.0612 0.845243 177.689 2.13831 13 24 1 0 1
1.21855 2.21986 551.02 -2.23878 -0.596371 180.607 2.12939 13 25 1 0 1
1.24025 0.698619 551.02 -4.00641 -0.398795 180.454 2.12975 13 26 1 0 1
1.31677 1.4916 551.02 -4.90455 -0.412705 183.553 2.12058 13 27 1 0 1
0.784259 -0.542095 551.02 -4.41011 0.240086 181.609 2.12628 13 28 1 0 1
1.21627 0.82007 551.02 -3.05229 -1.56165 177.944 2.1375 13 29 1 0 1
1.52503 0.0373167 551.02 -4.1982 -0.221664 181.13 2.12772 13 30 1 0 1
0.6729 3.72601 551.02 -4.27126 -1.50164 178.945 2.13431 13 31 1 0 1
0.75849 -2.01273 551.02 -3.54796 -0.379065 179.088 2.13394 13 32 1 0 1
0.432176 0.576712 551.02 -5.73757 0.191788 181.45 2.12664 13 33 1 0 1
0.174312 -0.745762 551.02 -6.66114 0.175936 180.999 2.12789 13 34 1 0 1
-0.959404 0.536776 551.02 -5.97164 -0.93069 181.129 2.12757 13 35 1 0 1
0.426324 1.60345 551.02 -0.941091 -0.794113 180.34 2.13022 13 36 1 0 1
1.56465 0.954217 551.02 -5.27355 0.296796 181.811 2.12562 13 37 1 0 1
3.4728 -0.995619 551.02 -3.02318 0.877558 179.494 2.13272 13 38 1 0 1
1.75843 0.768015 551.02 -3.88465 -0.0438044 177.208 2.13978 13 39 1 0 1
0.833295 -2.10127 551.02 -0.868599 0.455045 177.351 2.13946 13 40 1 0 1
2.37784 1.44593 551.02 -6.05998 -1.09312 179.896 2.13126 13 41 1 0 1
1.16525 1.64583 551.02 -1.58739 -1.17941 182.798 2.12292 13 42 1 0 1
1.35998 -1.82898 551.02 -5.58802 1.48535 179.734 2.13179 13 43 1 0 1
1.09312 1.64235 551.02 -2.56231 -0.0323337 178.145 2.13691 13 44 1 0 1
3.01288 1.9498 551.02 -5.73152 -0.955703 178.566 2.13537 13 45 1 0 1
1.65312 1.18154 551.02 -5.61893 0.139565 179.438 2.13271 13 46 1 0 1
-0.518482 -2.0745 551.02 0.534112 1.32485 180.565 2.12954 13 47 1 0 1
0.701288 1.24654 551.02 -2.63104 -0.531045 182.368 2.12415 13 48 1 0 1
1.97696 3.26804 551.02 -3.53985 -0.707144 178.754 2.13497 13 49 1 0 1
-0.30364 -2.93305 551.02 -5.54799 0.398689 181.839 2.12551 13 50 1 0 1
0.380783 -0.29508 551.02 -1.42807 0.118689 178.93 2.13452 13 51 1 0 1
2.83903 0.437599 551.02 -4.11241 0.054027 181.754 2.12587 13 52 1 0 1
-0.271275 -0.0376155 551.02 -3.3841 0.514888 177.004 2.14046 13 53 1 0 1
1.67132 1.13921 551.02 -2.5837 -0.513522 181.43 2.12691 13 54 1 0 1
-0.00862148 -2.68728 551.02 -4.15395 0.916866 181.611 2.12629 13 55 1 0 1
-0.120878 -2.18242 551.02 -2.73009 0.259674 179.768 2.1319 13 56 1 0 1
0.764517 -3.14458 551.02 -1.50294 1.56072 178.832 2.1348 13 57 1 0 1
0.715957 -1.96598 551.02 -0.0658686 -0.165544 178.425 2.1361 13 58 1 0 1
0.73756 1.64255 551.02 -4.33687 -0.389425 181.147 2.12766 13 59 1 0 1
2.45322 1.26181 551.02 -4.1826 -0.347836 176.199 2.14298 13 60 1 0 1
2.72176 -0.7556 551.02 -5.44091 0.120975 183.412 2.12094 13 61 1 0 1
0.567767 2.81277 551.02 -0.428098 -1.71623 181.233 2.12753 13 62 1 0 1
1.87407 1.43889 551.02 -7.20068 -0.219888 178.224 2.13627 13 63 1 0 1
1.25475 1.1562 551.02 -3.54789 -0.53586 179.613 2.13233 13 64 1 0 1
0.163304 1.34707 551.02 -1.84411 -0.553867 178.454 2.13598 13 65 1 0 1
3.11811 2.07967 551.02 -1.95984 -0.619288 175.321 2.14594 13 66 1 0 1
1.79617 2.71027 551.02 -4.868 -1.01768 179.81 2.13163 13 67 1 0 1
-0.551088 1.70686 551.02 -4.79189 -0.610853 178.671 2.13513 13 68 1 0 1
3.41467 -2.47553 551.02 -6.12719 0.802305 180.418 2.12968 13 69 1 0 1
0.739464 0.101282 551.02 -4.14632 0.964745 181.817 2.12568 13 70 1 0 1
-0.861684 3.13321 551.02 -1.61253 -0.96144 183.268 2.12156 13 71 1 0 1
0.611479 -1.14977 551.02 -5.26171 -0.497609 178.575 2.13539 13 72 1 0 1
1.48798 -1.12817 551.02 -3.61452 0.451441 180.789 2.12877 13 73 1 0 1
1.81994 0.0705677 551.02 -4.4399 -0.186058 181.366 2.127 13 74 1 0 1
0.265878 -0.895505 551.02 -3.87361 0.402609 179.761 2.13186 13 75 1 0 1
1.10285 0.156886 551.02 -3.98074 -0.132312 177.69 2.13826 13 76 1 0 1
2.23648 0.488269 551.02 -4.48459 -0.310498 180.748 2.12884 13 77 1 0 1
-1.26677 -0.570692 551.02 -2.05769 -0.183444 181.32 2.12726 13 78 1 0 1
-2.02094 -0.374442 551.02 -1.85629 0.909844 179.301 2.13336 13 79 1 0 1
-0.400418 1.09527 551.02 -1.22492 -0.259243 180.314 2.1303 13 80 1 0 1
2.45115 0.390575 551.02 -6.5752 0.107362 182.86 2.12243 13 81 1 0 1
2.48944 -1.6534 551.02 -5.53338 0.679196 181.228 2.12732 13 82 1 0 1
1.88369 1.49316 551.02 -3.11615 -0.243287 179.591 2.13243 13 83 1 0 1
3.49992 -0.24427 551.02 -8.63726 0.156559 184.469 2.11758 13 84 1 0 1
1.67534 1.40697 551.02 -3.01099 -0.623099 177.873 2.13774 13 85 1 0 1
1.45931 2.16762 551.02 -4.0688 -0.606751 179.997 2.13113 13 86 1 0 1
1.97091 0.333619 551.02 -5.28844 -0.123841 179.484 2.1326 13 87 1 0 1
0.375564 -0.895696 551.02 -5.00598 0.399642 177.294 2.13942 13 88 1 0 1
-1.10249 -0.576043 551.02 -3.05645 0.530606 180.993 2.12819 13 89 1 0 1
0.775301 -0.738071 551.02 -3.66841 1.2009 180.888 2.12846 13 90 1 0 1
0.746684 -1.54751 551.02 -5.87636 -0.162913 181.31 2.12704 13 91 1 0 1
-0.295663 0.369768 551.02 -5.4951 0.128577 176.743 2.14112 13 92 1 0 1
-0.919449 -1.88883 551.02 -0.387734 0.18868 180.056 2.13109 13 93 1 0 1
1.75117 2.06328 551.02 -4.21655 -0.222592 182.047 2.125 13 94 1 0 1
-0.126696 -2.27522 551.02 -1.3144 0.516166 179.848 2.13171 13 95 1 0 1
1.49023 -3.14215 551.02 -3.71929 0.830673 179.918 2.13139 13 96 1 0 1
0.626203 -0.625954 551.02 -3.40712 -0.0771644 181.23 2.12747 13 97 1 0 1
1.12112 -1.08402 551.02 -4.28509 0.394845 175.048 2.1467 13 98 1 0 1
0.556425 -2.01065 551.02 -1.90496 1.0011 180.253 2.13046 13 99 1 0 1
0.0810877 -0.124706 551.02 -1.18531 0.274859 181.097 2.12795 13 100 1 0 1
0.198202 -0.25247 551.02 -3.7466 0.0834186 181.283 2.12729 13 101 1 0 1
0.489238 -2.2002 551.02 -4.29743 0.808547 178.614 2.13535 13 102 1 0 1
0.344478 -0.628053 551.02 -1.67564 0.334341 180.934 2.12842 13 103 1 0 1
3.01308 0.316772 551.02 -2.8362 0.377678 180.196 2.1306 13 104 1 0 1
-0.656269 -0.900697 551.02 -5.99493 0.525089 180.984 2.128 13 105 1 0 1
2.52364 2.3708 551.02 -8.15682 -0.711996 181.521 2.12615 13 106 1 0 1
1.1361 -0.03176 551.02 -4.75539 -0.500171 182.064 2.12491 13 107 1 0 1
0.738732 2.87585 551.02 -1.8232 -1.40079 180.02 2.13116 13 108 1 0 1
1.64278 -0.97319 551.02 -5.94291 0.563085 180.949 2.12811 13 109 1 0 1
0.654585 3.68148 551.02 -5.10969 -0.871226 179.958 2.13116 13 110 1 0 1
0.75457 1.52571 551.02 -4.29323 -1.02639 181.16 2.12761 13 111 1 0 1
0.120366 1.96809 551.02 -2.88146 -0.25684 179.959 2.13132 13 112 1 0 1
1.44505 0.148147 551.02 -2.46254 0.0810854 182.725 2.12312 13 113 1 0 1
1.10952 3.26854 551.02 -5.92731 -1.4812 181.312 2.12702 13 114 1 0 1
0.649588 -1.24359 551.02 -2.56554 1.42225 182.435 2.12394 13 115 1 0 1
-1.02418 -1.48982 551.02 -1.54636 1.22014 179.162 2.13379 13 116 1 0 1
0.695841 -0.94033 551.02 -3.64392 -0.0900508 180.006 2.13113 13 117 1 0 1
0.219774 0.77121 551.02 -1.05231 -0.126355 179.58 2.13253 13 118 1 0 1
0.711889 0.410554 551.02 -2.05583 0.558281 181.369 2.12711 13 119 1 0 1
0.517877 -1.66568 551.02 -3.53749 0.30672 179.33 2.1332 13 120 1 0 1
1.66204 2.29297 551.02 -4.22915 -0.0419405 178.681 2.13515 13 121 1 0 1
3.6764 -3.03804 551.02 -3.60767 1.12379 180.266 2.13034 13 122 1 0 1
1.48828 -0.0833471 551.02 -4.00524 0.210381 180.05 2.13097 13 123 1 0 1
-0.37488 -1.26743 551.02 -5.23303 0.56364 178.065 2.13698 13 124 1 0 1
1.08319 -0.482118 551.02 -1.76282 0.520596 181.333 2.12723 13 125 1 0 1
1.66097 -1.14286 551.02 -4.28021 -0.150202 179.895 2.13143 13 126 1 0 1
0.75397 0.385753 551.02 -4.57655 0.178213 178.361 2.13612 13 127 1 0 1
3.11443 -0.68991 551.02 -4.81927 0.379153 179.664 2.13209 13 128 1 0 1
2.11049 0.797588 551.02 -6.59463 -0.684305 179.849 2.13135 13 129 1 0 1
-0.663984 2.69476 551.02 -3.755 -0.775197 176.81 2.14105 13 130 1 0 1
1.27954 0.899675 551.02 -5.05899 -0.22867 177.23 2.13962 13 131 1 0 1
2.3282 -1.54319 551.02 -3.21185 0.209382 177.524 2.13883 13 132 1 0 1
0.716156 2.7236 551.02 -1.44025 -1.02643 180.433 2.12993 13 133 1 0 1
1.67359 -0.591615 551.02 -7.98039 0.518164 180.811 2.12829 13 134 1 0 1
-0.604097 0.590632 551.02 -1.88422 -0.14729 177.638 2.13853 13 135 1 0 1
0.405617 0.57571 551.02 -3.38856 -0.314059 179.813 2.13173 13 136 1 0 1
1.84002 1.73052 551.02 -3.04255 -0.960473 181.495 2.12669 13 137 1 0 1
0.703674 2.13993 551.02 -2.30942 -0.24818 179.296 2.13336 13 138 1 0 1
1.17113 -2.13151 551.02 -3.56417 0.960733 178.745 2.13499 13 139 1 0 1
0.142848 -2.80051 551.02 -4.50866 1.28224 180.408 2.12984 13 140 1 0 1
1.58405 -0.817668 551.02 -2.67402 0.0827918 180.84 2.12867 13 141 1 0 1
-0.420736 0.568668 551.02 -0.844856 0.144274 179.705 2.13215 13 142 1 0 1
0.559992 1.6041 551.02 -4.32222 0.0621533 178.712 2.13505 13 143 1 0 1
1.62359 0.146674 551.02 -8.27501 0.0158769 181.655 2.12575 13 144 1 0 1
-1.59914 1.42746 551.02 -1.55684 -0.269153 181.116 2.12788 13 145 1 0 1
2.56265 1.01814 551.02 -8.66674 -0.0200563 180.456 2.12926 13 146 1 0 1
0.701267 -2.96505 551.02 -6.97152 -0.292434 181.328 2.12687 13 147 1 0 1
1.70761 3.07689 551.02 -2.9815 -1.38476 179.512 2.13266 13 148 1 0 1
-0.0260697 -0.450993 551.02 -2.8539 0.504927 180.043 2.13106 13 149 1 0 1
0.892815 1.656 551.02 -3.86643 -0.511846 179.702 2.13204 13 150 1 0 1
0.264523 -0.509438 612.245 -3.2621 0.113611 178.296 2.37379 13 1 1 0 1
0.832191 1.29153 612.245 -3.38997 -0.157585 180.416 2.36656 13 2 1 0 1
-0.130142 -1.36075 612.245 -4.53571 1.26404 180.85 2.36502 13 3 1 0 1
-1.93467 -2.76883 612.245 -4.65976 1.07942 179.093 2.37093 13 4 1 0 1
-0.339393 0.143166 612.245 -4.35489 -0.443352 180.503 2.3662 13 5 1 0 1
-0.937961 2.48626 612.245 -4.55339 -1.12294 182.094 2.36092 13 6 1 0 1
-0.882705 -0.49421 612.245 -2.6047 0.2244 181.119 2.36427 13 7 1 0 1
-0.715236 -1.54376 612.245 -4.27999 0.598135 182.146 2.36078 13 8 1 0 1
0.0807785 -0.608941 612.245 -2.25025 -0.487442 180.073 2.36777 13 9 1 0 1
-2.34647 -0.466977 612.245 -6.14555 0.205775 178.423 2.37308 13 10 1 0 1
-0.379624 -1.13902 612.245 -4.73393 1.12295 181.139 2.36404 13 11 1 0 1
0.997287 0.525791 612.245 -5.4957 -0.230721 177.576 2.3761 13 12 1 0 1
-0.919203 -1.49758 612.245 -4.86923 0.145778 178.192 2.37402 13 13 1 0 1
1.0418 -3.54326 612.245 -2.79221 1.21197 180.405 2.36662 13 14 1 0 1
0.110681 -4.18349 612.245 -6.51445 0.983492 180.523 2.36591 13 15 1 0 1
-1.23079 2.0062 612.245 -2.36822 -0.530416 180.267 2.36712 13 16 1 0 1
0.12665 2.38462 612.245 -4.25801 -1.02185 180.881 2.36494 13 17 1 0 1
-1.82349 2.26198 612.245 -4.80085 -0.761964 180.888 2.36488 13 18 1 0 1
-0.608158 -0.350732 612.245 -0.0400045 -0.81375 179.667 2.36919 13 19 1 0 1
-1.63857 2.35348 612.245 -5.65843 -1.03459 179.638 2.36898 13 20 1 0 1
0.322161 1.00792 612.245 -4.35906 0.0655675 178.756 2.37212 13 21 1 0 1
0.790984 -0.631009 612.245 -3.02963 -0.134124 181.678 2.3624 13 22 1 0 1
-0.868858 -1.76226 612.245 -6.50846 0.930477 179.611 2.36897 13 23 1 0 1
1.12256 -0.286256 612.245 -3.18533 0.859603 177.686 2.3759 13 24 1 0 1
0.447239 2.00541 612.245 -2.30203 -0.667595 180.606 2.36598 13 25 1 0 1
-0.129129 0.559589 612.245 -4.04855 -0.419986 180.453 2.36639 13 26 1 0 1
-0.329039 1.34569 612.245 -4.94264 -0.461313 183.552 2.3562 13 27 1 0 1
-0.706184 -0.458218 612.245 -4.41309 0.257042 181.609 2.36253 13 28 1 0 1
0.154984 0.279105 612.245 -3.10358 -1.57989 177.943 2.375 13 29 1 0 1
0.0925051 -0.0376789 612.245 -4.25977 -0.221656 181.129 2.36413 13 30 1 0 1
-0.79085 3.19197 612.245 -4.2668 -1.61718 178.944 2.37146 13 31 1 0 1
-0.45898 -2.13059 612.245 -3.55923 -0.309806 179.088 2.37104 13 32 1 0 1
-1.50104 0.638012 612.245 -5.69683 0.171216 181.452 2.36293 13 33 1 0 1
-2.07147 -0.68211 612.245 -6.58903 0.200061 181.002 2.36432 13 34 1 0 1
-2.95698 0.219724 612.245 -5.82263 -0.943505 181.134 2.36396 13 35 1 0 1
0.10273 1.32522 612.245 -0.96115 -0.843409 180.339 2.36691 13 36 1 0 1
-0.223673 1.04853 612.245 -5.32477 0.262808 181.809 2.3618 13 37 1 0 1
2.4015 -0.691179 612.245 -3.24481 0.905798 179.49 2.36969 13 38 1 0 1
0.399502 0.748529 612.245 -3.96501 -0.068888 177.206 2.37754 13 39 1 0 1
0.524041 -1.93249 612.245 -0.919212 0.521818 177.351 2.37717 13 40 1 0 1
0.293774 1.06636 612.245 -6.16091 -1.13528 179.893 2.36806 13 41 1 0 1
0.620918 1.24218 612.245 -1.65604 -1.22868 182.797 2.3588 13 42 1 0 1
-0.552817 -1.31354 612.245 -5.61848 1.53806 179.732 2.36865 13 43 1 0 1
0.202263 1.6219 612.245 -2.61082 -0.0866111 178.145 2.37435 13 44 1 0 1
1.01751 1.61162 612.245 -5.88268 -1.01503 178.561 2.37263 13 45 1 0 1
-0.277063 1.22233 612.245 -5.6708 0.0993031 179.436 2.36967 13 46 1 0 1
-0.331508 -1.6143 612.245 0.566382 1.38702 180.564 2.36615 13 47 1 0 1
-0.187214 1.06149 612.245 -2.65074 -0.570331 182.368 2.36016 13 48 1 0 1
0.744381 3.00766 612.245 -3.64209 -0.811842 178.752 2.37218 13 49 1 0 1
-2.15975 -2.78234 612.245 -5.45388 0.495702 181.842 2.36168 13 50 1 0 1
-0.110653 -0.252862 612.245 -1.43824 0.127841 178.929 2.37169 13 51 1 0 1
1.42329 0.453267 612.245 -4.27521 0.0389128 181.751 2.36208 13 52 1 0 1
-1.43333 0.140357 612.245 -3.32069 0.513194 177.005 2.37829 13 53 1 0 1
0.781747 0.959756 612.245 -2.67726 -0.549063 181.429 2.36324 13 54 1 0 1
-1.4029 -2.36345 612.245 -4.10006 1.00249 181.612 2.36254 13 55 1 0 1
-1.04515 -2.0817 612.245 -2.68602 0.331224 179.769 2.36878 13 56 1 0 1
0.242376 -2.59333 612.245 -1.54079 1.65649 178.831 2.372 13 57 1 0 1
0.684274 -2.01146 612.245 -0.1184 -0.0993034 178.425 2.37344 13 58 1 0 1
-0.731413 1.50181 612.245 -4.3371 -0.44259 181.147 2.36406 13 59 1 0 1
0.974644 1.13398 612.245 -4.30952 -0.387231 176.196 2.38109 13 60 1 0 1
0.87841 -0.710985 612.245 -5.57963 0.146079 183.408 2.3566 13 61 1 0 1
0.416486 2.21805 612.245 -0.465602 -1.80132 181.232 2.36392 13 62 1 0 1
-0.612992 1.35529 612.245 -7.24785 -0.266367 178.222 2.37363 13 63 1 0 1
0.0344714 0.967293 612.245 -3.59656 -0.571457 179.611 2.36926 13 64 1 0 1
-0.468765 1.14973 612.245 -1.83265 -0.595455 178.454 2.37331 13 65 1 0 1
2.39667 1.85196 612.245 -2.1631 -0.683616 175.318 2.38438 13 66 1 0 1
0.122702 2.34896 612.245 -4.94048 -1.10257 179.807 2.36848 13 67 1 0 1
-2.17902 1.4882 612.245 -4.6894 -0.664146 178.674 2.37237 13 68 1 0 1
1.30054 -2.18967 612.245 -6.30583 0.880835 180.412 2.36631 13 69 1 0 1
-0.660259 0.424951 612.245 -4.14935 0.955814 181.817 2.36186 13 70 1 0 1
-1.38703 2.79476 612.245 -1.52588 -1.06285 183.268 2.35729 13 71 1 0 1
-1.19262 -1.31349 612.245 -5.23991 -0.456553 178.576 2.37266 13 72 1 0 1
0.250077 -0.969149 612.245 -3.68056 0.486829 180.787 2.3653 13 73 1 0 1
0.304222 0.00747628 612.245 -4.52085 -0.187377 181.364 2.36333 13 74 1 0 1
-1.0512 -0.753534 612.245 -3.84394 0.430279 179.761 2.36873 13 75 1 0 1
-0.277014 0.110488 612.245 -4.01158 -0.136746 177.689 2.37584 13 76 1 0 1
0.69525 0.38051 612.245 -4.59594 -0.32515 180.745 2.36538 13 77 1 0 1
-1.94237 -0.629261 612.245 -1.93536 -0.163137 181.321 2.36362 13 78 1 0 1
-2.62618 -0.0622198 612.245 -1.68111 0.91716 179.303 2.3704 13 79 1 0 1
-0.809422 1.00117 612.245 -1.17905 -0.294527 180.314 2.367 13 80 1 0 1
0.22766 0.424225 612.245 -6.67806 0.0934528 182.856 2.35825 13 81 1 0 1
0.596176 -1.41496 612.245 -5.65084 0.731083 181.224 2.36368 13 82 1 0 1
0.801758 1.40186 612.245 -3.21753 -0.291812 179.589 2.36936 13 83 1 0 1
0.600646 -0.191015 612.245 -8.79595 0.164047 184.462 2.35286 13 84 1 0 1
0.621905 1.18488 612.245 -3.09688 -0.666124 177.871 2.37527 13 85 1 0 1
0.0625496 1.94926 612.245 -4.12637 -0.675912 179.995 2.36792 13 86 1 0 1
0.1494 0.289552 612.245 -5.36838 -0.134279 179.482 2.36955 13 87 1 0 1
-1.35056 -0.752842 612.245 -4.96966 0.426925 177.295 2.37713 13 88 1 0 1
-2.11784 -0.39361 612.245 -2.93393 0.546993 180.995 2.36466 13 89 1 0 1
-0.470962 -0.328168 612.245 -3.67997 1.2189 180.887 2.36496 13 90 1 0 1
-1.23873 -1.59359 612.245 -5.85763 -0.109756 181.31 2.36338 13 91 1 0 1
-2.18726 0.412114 612.245 -5.40292 0.11568 176.746 2.37903 13 92 1 0 1
-1.03894 -1.81402 612.245 -0.31359 0.250911 180.056 2.36788 13 93 1 0 1
0.316709 1.97679 612.245 -4.29566 -0.291238 182.045 2.36111 13 94 1 0 1
-0.570612 -2.08686 612.245 -1.28804 0.589391 179.848 2.36856 13 95 1 0 1
0.210901 -2.8421 612.245 -3.7836 0.931159 179.916 2.36821 13 96 1 0 1
-0.527918 -0.648402 612.245 -3.41086 -0.0556076 181.23 2.36385 13 97 1 0 1
-0.38559 -0.940001 612.245 -4.31215 0.427914 175.047 2.38522 13 98 1 0 1
-0.0949761 -1.6598 612.245 -1.92244 1.06285 180.252 2.36718 13 99 1 0 1
-0.318962 -0.0312488 612.245 -1.17625 0.277495 181.097 2.36439 13 100 1 0 1
-1.06426 -0.222911 612.245 -3.71361 0.0914627 181.284 2.36366 13 101 1 0 1
-0.983788 -1.91103 612.245 -4.27886 0.877089 178.614 2.37261 13 102 1 0 1
-0.224519 -0.511551 612.245 -1.68021 0.353587 180.934 2.36492 13 103 1 0 1
2.01494 0.443043 612.245 -3.02665 0.364892 180.193 2.36733 13 104 1 0 1
-2.66718 -0.718267 612.245 -5.86859 0.552451 180.988 2.36444 13 105 1 0 1
-0.248126 2.11759 612.245 -8.24348 -0.788025 181.516 2.36239 13 106 1 0 1
-0.470768 -0.199457 612.245 -4.78085 -0.49624 182.063 2.36101 13 107 1 0 1
0.11185 2.38394 612.245 -1.85538 -1.48917 180.019 2.36795 13 108 1 0 1
-0.380475 -0.777481 612.245 -5.99088 0.592647 180.948 2.36456 13 109 1 0 1
-1.08476 3.36464 612.245 -5.09341 -0.98958 179.958 2.36796 13 110 1 0 1
-0.699832 1.17079 612.245 -4.29531 -1.07199 181.159 2.36402 13 111 1 0 1
-0.857298 1.86965 612.245 -2.85358 -0.321304 179.959 2.36813 13 112 1 0 1
0.604949 0.174419 612.245 -2.54128 0.0755835 182.723 2.35902 13 113 1 0 1
-0.897647 2.75068 612.245 -5.93535 -1.58305 181.311 2.36335 13 114 1 0 1
-0.216045 -0.760108 612.245 -2.58217 1.45636 182.434 2.35993 13 115 1 0 1
-1.53722 -1.06516 612.245 -1.44988 1.26287 179.162 2.37088 13 116 1 0 1
-0.547163 -0.965536 612.245 -3.64955 -0.0580291 180.006 2.36792 13 117 1 0 1
-0.140275 0.723815 612.245 -1.05531 -0.151414 179.58 2.36948 13 118 1 0 1
0.0117512 0.596312 612.245 -2.08342 0.541235 181.369 2.36346 13 119 1 0 1
-0.691324 -1.55166 612.245 -3.53095 0.360573 179.33 2.37022 13 120 1 0 1
0.197834 2.26554 612.245 -4.29898 -0.117966 178.68 2.37239 13 121 1 0 1
2.40922 -2.63975 612.245 -3.83822 1.21929 180.26 2.36704 13 122 1 0 1
0.113077 -0.0114695 612.245 -4.06584 0.211973 180.049 2.36775 13 123 1 0 1
-2.16167 -1.06677 612.245 -5.13814 0.602445 178.068 2.37442 13 124 1 0 1
0.476663 -0.30393 612.245 -1.82229 0.533898 181.332 2.36359 13 125 1 0 1
0.189201 -1.18737 612.245 -4.35015 -0.111074 179.893 2.36825 13 126 1 0 1
-0.819932 0.44461 612.245 -4.57407 0.164389 178.361 2.37346 13 127 1 0 1
1.43926 -0.557016 612.245 -4.99117 0.400053 179.659 2.36898 13 128 1 0 1
-0.151916 0.560529 612.245 -6.66859 -0.707093 179.846 2.36817 13 129 1 0 1
-1.95017 2.41147 612.245 -3.65785 -0.859474 176.812 2.37894 13 130 1 0 1
-0.477028 0.815699 612.245 -5.08887 -0.257046 177.229 2.37736 13 131 1 0 1
1.19538 -1.46232 612.245 -3.34333 0.259179 177.521 2.37648 13 132 1 0 1
0.220361 2.36044 612.245 -1.47578 -1.11204 180.432 2.36658 13 133 1 0 1
-1.03855 -0.413118 612.245 -8.00448 0.535117 180.809 2.36476 13 134 1 0 1
-1.24299 0.536594 612.245 -1.81524 -0.165981 177.638 2.37614 13 135 1 0 1
-0.74842 0.465696 612.245 -3.37561 -0.331538 179.813 2.36859 13 136 1 0 1
0.79446 1.39726 612.245 -3.14306 -1.01345 181.493 2.36299 13 137 1 0 1
-0.0905731 2.04314 612.245 -2.33253 -0.318185 179.296 2.3704 13 138 1 0 1
-0.0594708 -1.7909 612.245 -3.60593 1.02617 178.744 2.37221 13 139 1 0 1
-1.38253 -2.35021 612.245 -4.46165 1.36897 180.409 2.36649 13 140 1 0 1
0.662314 -0.785028 612.245 -2.75941 0.109844 180.839 2.36519 13 141 1 0 1
-0.70195 0.614484 612.245 -0.802436 0.124429 179.705 2.36906 13 142 1 0 1
-0.921592 1.61621 612.245 -4.30865 0.0084358 178.713 2.37227 13 143 1 0 1
-1.17428 0.151179 612.245 -8.29213 0.0108266 181.655 2.36194 13 144 1 0 1
-2.10266 1.32851 612.245 -1.41587 -0.315745 181.117 2.36432 13 145 1 0 1
-0.398047 1.00554 612.245 -8.74868 -0.0541412 180.452 2.36584 13 146 1 0 1
-1.65155 -3.04669 612.245 -6.93535 -0.190687 181.33 2.36319 13 147 1 0 1
0.673196 2.58795 612.245 -3.07132 -1.47966 179.509 2.36962 13 148 1 0 1
-0.992068 -0.277044 612.245 -2.81537 0.517163 180.044 2.36785 13 149 1 0 1
-0.430287 1.4725 612.245 -3.8839 -0.564319 179.702 2.36893 13 150 1 0 1
-0.854239 -0.467594 673.469 -3.24 0.129871 178.296 2.61116 13 1 1 0 1
-0.323949 1.23078 673.469 -3.40924 -0.20006 180.416 2.60322 13 2 1 0 1
-1.65741 -0.925881 673.469 -4.46777 1.30265 180.852 2.60152 13 3 1 0 1
-3.49603 -2.38473 673.469 -4.45537 1.1656 179.098 2.60802 13 4 1 0 1
-1.80586 -0.00774467 673.469 -4.27352 -0.445639 180.505 2.60282 13 5 1 0 1
-2.45035 2.09523 673.469 -4.42372 -1.20083 182.097 2.59701 13 6 1 0 1
-1.7481 -0.41568 673.469 -2.50453 0.239784 181.12 2.60069 13 7 1 0 1
-2.13854 -1.33429 673.469 -4.17075 0.647074 182.149 2.59686 13 8 1 0 1
-0.682068 -0.770882 673.469 -2.22749 -0.464251 180.073 2.60455 13 9 1 0 1
-4.41617 -0.393837 673.469 -5.89213 0.220121 178.432 2.61039 13 10 1 0 1
-1.96797 -0.753689 673.469 -4.64457 1.15496 181.142 2.60045 13 11 1 0 1
-0.902192 0.443396 673.469 -5.49924 -0.246785 177.576 2.6137 13 12 1 0 1
-2.57327 -1.43904 673.469 -4.73846 0.194625 178.195 2.61142 13 13 1 0 1
0.0848976 -3.11252 673.469 -2.83492 1.32403 180.404 2.60328 13 14 1 0 1
-2.09067 -3.82671 673.469 -6.43936 1.11847 180.525 2.6025 13 15 1 0 1
-2.0159 1.81495 673.469 -2.24518 -0.594715 180.268 2.60383 13 16 1 0 1
-1.31006 2.0258 673.469 -4.21301 -1.09631 180.881 2.60144 13 17 1 0 1
-3.4181 1.99167 673.469 -4.60162 -0.833804 180.893 2.60137 13 18 1 0 1
-0.613937 -0.625503 673.469 0.00616306 -0.797379 179.667 2.60611 13 19 1 0 1
-3.53784 1.98811 673.469 -5.46308 -1.10742 179.643 2.60588 13 20 1 0 1
-1.16857 1.02459 673.469 -4.32726 0.0316554 178.757 2.60933 13 21 1 0 1
-0.235756 -0.672522 673.469 -3.05083 -0.112019 181.678 2.59864 13 22 1 0 1
-3.06678 -1.43563 673.469 -6.36 0.984116 179.617 2.60587 13 23 1 0 1
0.015311 0.011003 673.469 -3.22783 0.864165 177.686 2.61349 13 24 1 0 1
-0.335534 1.76809 673.469 -2.30627 -0.731206 180.605 2.60258 13 25 1 0 1
-1.4952 0.414175 673.469 -3.98694 -0.43639 180.455 2.60303 13 26 1 0 1
-1.96641 1.18444 673.469 -4.85411 -0.504667 183.554 2.59182 13 27 1 0 1
-2.17852 -0.369115 673.469 -4.303 0.271071 181.612 2.59879 13 28 1 0 1
-0.910278 -0.265044 673.469 -3.07533 -1.58013 177.943 2.6125 13 29 1 0 1
-1.34239 -0.112245 673.469 -4.2122 -0.219123 181.13 2.60054 13 30 1 0 1
-2.23432 2.62151 673.469 -4.15302 -1.71429 178.946 2.6086 13 31 1 0 1
-1.66468 -2.22415 673.469 -3.4793 -0.237015 179.09 2.60815 13 32 1 0 1
-3.39577 0.692034 673.469 -5.51018 0.148695 181.457 2.59923 13 33 1 0 1
-4.26415 -0.610676 673.469 -6.34821 0.221913 181.011 2.60075 13 34 1 0 1
-4.87876 -0.0998342 673.469 -5.52449 -0.94558 181.143 2.60036 13 35 1 0 1
-0.223498 1.03187 673.469 -0.95657 -0.883084 180.339 2.6036 13 36 1 0 1
-2.00626 1.13088 673.469 -5.2396 0.225826 181.812 2.59798 13 37 1 0 1
1.26864 -0.378855 673.469 -3.38327 0.923711 179.487 2.60666 13 38 1 0 1
-0.969665 0.720504 673.469 -3.94378 -0.0931865 177.207 2.61529 13 39 1 0 1
0.201353 -1.74167 673.469 -0.946261 0.582638 177.35 2.61489 13 40 1 0 1
-1.79782 0.674635 673.469 -6.10408 -1.16453 179.895 2.60487 13 41 1 0 1
0.0606711 0.824351 673.469 -1.68223 -1.26394 182.796 2.59468 13 42 1 0 1
-2.45144 -0.783114 673.469 -5.50504 1.57326 179.736 2.60552 13 43 1 0 1
-0.693777 1.58294 673.469 -2.59242 -0.139901 178.145 2.61178 13 44 1 0 1
-1.00394 1.25506 673.469 -5.88317 -1.06281 178.561 2.60989 13 45 1 0 1
-2.20014 1.24917 673.469 -5.57743 0.0579103 179.439 2.60664 13 46 1 0 1
-0.136036 -1.13569 673.469 0.584131 1.43336 180.564 2.60277 13 47 1 0 1
-1.07092 0.864327 673.469 -2.60251 -0.603115 182.368 2.59618 13 48 1 0 1
-0.507282 2.71297 673.469 -3.65099 -0.907284 178.751 2.6094 13 49 1 0 1
-3.96048 -2.59989 673.469 -5.22007 0.587075 181.848 2.59784 13 50 1 0 1
-0.599253 -0.20776 673.469 -1.41153 0.135534 178.93 2.60886 13 51 1 0 1
-0.0289456 0.463765 673.469 -4.32846 0.0233557 181.749 2.59829 13 52 1 0 1
-2.55865 0.316728 673.469 -3.17216 0.505651 177.008 2.61612 13 53 1 0 1
-0.127869 0.769349 673.469 -2.70219 -0.578343 181.428 2.59956 13 54 1 0 1
-2.7612 -2.01266 673.469 -3.94112 1.07669 181.615 2.59879 13 55 1 0 1
-1.94263 -1.95724 673.469 -2.57311 0.398999 179.77 2.60566 13 56 1 0 1
-0.28598 -2.0125 673.469 -1.53914 1.73336 178.83 2.6092 13 57 1 0 1
0.635049 -2.034 673.469 -0.167896 -0.0319303 178.425 2.61079 13 58 1 0 1
-2.18163 1.34394 673.469 -4.22621 -0.490713 181.149 2.60047 13 59 1 0 1
-0.528917 0.993215 673.469 -4.32602 -0.422213 176.195 2.61919 13 60 1 0 1
-0.987456 -0.658258 673.469 -5.57542 0.169519 183.408 2.59226 13 61 1 0 1
0.254529 1.59802 673.469 -0.49117 -1.86586 181.231 2.60032 13 62 1 0 1
-3.08434 1.25623 673.469 -7.10952 -0.309819 178.228 2.611 13 63 1 0 1
-1.18669 0.767353 673.469 -3.55306 -0.60054 179.612 2.60618 13 64 1 0 1
-1.08882 0.939265 673.469 -1.77421 -0.630253 178.455 2.61064 13 65 1 0 1
1.61378 1.60312 673.469 -2.31091 -0.740146 175.316 2.62282 13 66 1 0 1
-1.55391 1.96085 673.469 -4.88639 -1.17491 179.808 2.60533 13 67 1 0 1
-3.75109 1.25257 673.469 -4.46675 -0.709877 178.679 2.60961 13 68 1 0 1
-0.846917 -1.87883 673.469 -6.32301 0.949342 180.411 2.60294 13 69 1 0 1
-2.04306 0.743772 673.469 -4.04606 0.935993 181.82 2.59805 13 70 1 0 1
-1.87682 2.42443 673.469 -1.40011 -1.15213 183.269 2.59302 13 71 1 0 1
-2.96615 -1.46223 673.469 -5.08389 -0.410297 178.581 2.60992 13 72 1 0 1
-0.994237 -0.799068 673.469 -3.65228 0.516668 180.788 2.60183 13 73 1 0 1
-1.21929 -0.0557004 673.469 -4.48598 -0.186562 181.365 2.59966 13 74 1 0 1
-2.34133 -0.602967 673.469 -3.71577 0.453046 179.764 2.60561 13 75 1 0 1
-1.64978 0.0628308 673.469 -3.93963 -0.139622 177.691 2.61342 13 76 1 0 1
-0.863805 0.268409 673.469 -4.58954 -0.336098 180.745 2.60191 13 77 1 0 1
-2.56816 -0.680651 673.469 -1.76341 -0.140969 181.323 2.59999 13 78 1 0 1
-3.16409 0.250712 673.469 -1.46283 0.914016 179.304 2.60744 13 79 1 0 1
-1.19767 0.895641 673.469 -1.10296 -0.326452 180.314 2.6037 13 80 1 0 1
-2.00166 0.453036 673.469 -6.60994 0.0784811 182.859 2.59408 13 81 1 0 1
-1.31237 -1.16037 673.469 -5.62357 0.774649 181.225 2.60005 13 82 1 0 1
-0.300731 1.29457 673.469 -3.23644 -0.337011 179.588 2.6063 13 83 1 0 1
-2.31402 -0.13558 673.469 -8.72965 0.169673 184.465 2.58815 13 84 1 0 1
-0.447476 0.949274 673.469 -3.1034 -0.701555 177.871 2.61279 13 85 1 0 1
-1.33581 1.70868 673.469 -4.0782 -0.737371 179.996 2.60471 13 86 1 0 1
-1.67594 0.242183 673.469 -5.31082 -0.143188 179.483 2.60651 13 87 1 0 1
-3.04206 -0.6014 673.469 -4.80603 0.449347 177.299 2.61485 13 88 1 0 1
-3.0789 -0.206688 673.469 -2.73621 0.557144 180.998 2.60112 13 89 1 0 1
-1.70515 0.0854778 673.469 -3.59724 1.22301 180.889 2.60146 13 90 1 0 1
-3.19238 -1.62149 673.469 -5.68887 -0.0553475 181.316 2.59972 13 91 1 0 1
-4.02279 0.449759 673.469 -5.17234 0.101465 176.753 2.61693 13 92 1 0 1
-1.1318 -1.71852 673.469 -0.231408 0.31028 180.057 2.60466 13 93 1 0 1
-1.12587 1.86775 673.469 -4.2647 -0.356566 182.045 2.59723 13 94 1 0 1
-0.9999 -1.8747 673.469 -1.22865 0.655894 179.848 2.60542 13 95 1 0 1
-1.07384 -2.50962 673.469 -3.75096 1.02103 179.916 2.60503 13 96 1 0 1
-1.66851 -0.663454 673.469 -3.32719 -0.0334167 181.232 2.60024 13 97 1 0 1
-1.88241 -0.785257 673.469 -4.22872 0.456107 175.049 2.62374 13 98 1 0 1
-0.743943 -1.29001 673.469 -1.89064 1.11248 180.252 2.60389 13 99 1 0 1
-0.710835 0.0625651 673.469 -1.13704 0.276966 181.098 2.60083 13 100 1 0 1
-2.29944 -0.190809 673.469 -3.58544 0.0984646 181.287 2.60002 13 101 1 0 1
-2.43159 -1.60005 673.469 -4.15065 0.935638 178.617 2.60987 13 102 1 0 1
-0.787759 -0.389214 673.469 -1.6417 0.3688 180.934 2.60141 13 103 1 0 1
0.965137 0.56426 673.469 -3.13953 0.347947 180.191 2.60406 13 104 1 0 1
-4.60972 -0.527644 673.469 -5.59193 0.573526 180.997 2.60089 13 105 1 0 1
-3.01353 1.84022 673.469 -8.11923 -0.855105 181.522 2.59863 13 106 1 0 1
-2.06557 -0.364878 673.469 -4.68382 -0.486656 182.066 2.59712 13 107 1 0 1
-0.517899 1.86484 673.469 -1.84001 -1.56055 180.019 2.60475 13 108 1 0 1
-2.39397 -0.572903 673.469 -5.88543 0.615466 180.951 2.60102 13 109 1 0 1
-2.7963 3.00942 673.469 -4.94665 -1.09667 179.962 2.60475 13 110 1 0 1
-2.13629 0.802511 673.469 -4.18733 -1.10537 181.162 2.60042 13 111 1 0 1
-1.81298 1.74989 673.469 -2.75256 -0.382105 179.96 2.60494 13 112 1 0 1
-0.250663 0.198701 673.469 -2.55489 0.0692197 182.723 2.59492 13 113 1 0 1
-2.8818 2.20145 673.469 -5.79139 -1.6669 181.315 2.59969 13 114 1 0 1
-1.07614 -0.26795 673.469 -2.53261 1.47387 182.435 2.59593 13 115 1 0 1
-2.01086 -0.628348 673.469 -1.31622 1.2912 179.163 2.60796 13 116 1 0 1
-1.77614 -0.979729 673.469 -3.56165 -0.0253457 180.008 2.60471 13 117 1 0 1
-0.496727 0.668162 673.469 -1.03126 -0.174746 179.58 2.60643 13 118 1 0 1
-0.688688 0.775267 673.469 -2.05761 0.518017 181.369 2.5998 13 119 1 0 1
-1.8828 -1.41994 673.469 -3.43393 0.410317 179.331 2.60724 13 120 1 0 1
-1.27145 2.21228 673.469 -4.25867 -0.192647 178.68 2.60963 13 121 1 0 1
1.08028 -2.21136 673.469 -3.97041 1.30089 180.257 2.60375 13 122 1 0 1
-1.26502 0.0605389 673.469 -4.02225 0.21115 180.05 2.60452 13 123 1 0 1
-3.89304 -0.853943 673.469 -4.91162 0.63439 178.074 2.61186 13 124 1 0 1
-0.142087 -0.122276 673.469 -1.83504 0.541112 181.332 2.59995 13 125 1 0 1
-1.28742 -1.21833 673.469 -4.30864 -0.0706799 179.894 2.60508 13 126 1 0 1
-2.37281 0.498395 673.469 -4.45441 0.148692 178.364 2.61081 13 127 1 0 1
-0.272812 -0.417768 673.469 -5.03519 0.416396 179.658 2.60588 13 128 1 0 1
-2.41043 0.317076 673.469 -6.57182 -0.721839 179.849 2.60498 13 129 1 0 1
-3.18636 2.10067 673.469 -3.46696 -0.933959 176.815 2.61684 13 130 1 0 1
-2.22137 0.722417 673.469 -4.9884 -0.282494 177.231 2.61509 13 131 1 0 1
0.0319263 -1.36476 673.469 -3.38912 0.306021 177.52 2.61412 13 132 1 0 1
-0.281084 1.97035 673.469 -1.47347 -1.18498 180.432 2.60324 13 133 1 0 1
-3.72407 -0.229909 673.469 -7.82376 0.545993 180.817 2.60124 13 134 1 0 1
-1.85002 0.476436 673.469 -1.69972 -0.182779 177.639 2.61376 13 135 1 0 1
-1.88327 0.350369 673.469 -3.27614 -0.345238 179.815 2.60545 13 136 1 0 1
-0.271461 1.04807 673.469 -3.163 -1.05487 181.492 2.59929 13 137 1 0 1
-0.882498 1.92304 673.469 -2.29585 -0.384561 179.296 2.60744 13 138 1 0 1
-1.28855 -1.42987 673.469 -3.55528 1.07991 178.745 2.60943 13 139 1 0 1
-2.87246 -1.87311 673.469 -4.30032 1.44012 180.412 2.60314 13 140 1 0 1
-0.276403 -0.743433 673.469 -2.77408 0.135643 180.839 2.60171 13 141 1 0 1
-0.965168 0.653291 673.469 -0.739444 0.103164 179.706 2.60596 13 142 1 0 1
-2.37955 1.60987 673.469 -4.18467 -0.0453788 178.716 2.6095 13 143 1 0 1
-3.94204 0.153958 673.469 -8.0971 0.00565311 181.663 2.59813 13 144 1 0 1
-2.55228 1.2144 673.469 -1.23861 -0.358736 181.118 2.60075 13 145 1 0 1
-3.34854 0.981474 673.469 -8.60685 -0.0876123 180.459 2.60243 13 146 1 0 1
-3.96203 -3.09358 673.469 -6.72162 -0.0867657 181.338 2.59951 13 147 1 0 1
-0.378476 2.06949 673.469 -3.08243 -1.55769 179.509 2.60658 13 148 1 0 1
-1.93263 -0.0999352 673.469 -2.70467 0.523504 180.045 2.60463 13 149 1 0 1
-1.74236 1.27221 673.469 -3.80184 -0.610362 179.704 2.60582 13 150 1 0 1
-1.9511 -0.420416 734.694 -3.13486 0.144651 178.298 2.84854 13 1 1 0 1
-1.47178 1.156 734.694 -3.34115 -0.240255 180.417 2.83988 13 2 1 0 1
-3.14219 -0.480448 734.694 -4.28536 1.32642 180.856 2.83802 13 3 1 0 1
-4.96777 -1.97343 734.694 -4.13681 1.23851 179.105 2.84511 13 4 1 0 1
-3.22603 -0.158567 734.694 -4.08264 -0.442847 180.509 2.83944 13 5 1 0 1
-3.89992 1.68031 734.694 -4.1807 -1.26503 182.102 2.83311 13 6 1 0 1
-2.56869 -0.332409 734.694 -2.34016 0.252434 181.122 2.83712 13 7 1 0 1
-3.50702 -1.10959 734.694 -3.95463 0.688642 182.153 2.83294 13 8 1 0 1
-1.42743 -0.92403 734.694 -2.14763 -0.435766 180.074 2.84133 13 9 1 0 1
-6.37266 -0.316205 734.694 -5.48775 0.231964 178.444 2.8477 13 10 1 0 1
-3.50586 -0.359764 734.694 -4.43621 1.17382 181.147 2.83685 13 11 1 0 1
-2.77854 0.355942 734.694 -5.36194 -0.26004 177.58 2.85131 13 12 1 0 1
-4.16137 -1.36409 734.694 -4.48629 0.241257 178.202 2.84882 13 13 1 0 1
-0.874179 -2.64628 734.694 -2.80498 1.421 180.403 2.83995 13 14 1 0 1
-4.23842 -3.42628 734.694 -6.19938 1.24074 180.533 2.83909 13 15 1 0 1
-2.74932 1.603 734.694 -2.06458 -0.652233 180.27 2.84054 13 16 1 0 1
-2.71319 1.64387 734.694 -4.06007 -1.15829 180.884 2.83793 13 17 1 0 1
-4.92507 1.69864 734.694 -4.28446 -0.89615 180.9 2.83785 13 18 1 0 1
-0.603976 -0.893139 734.694 0.0521726 -0.771912 179.667 2.84303 13 19 1 0 1
-5.34641 1.60007 734.694 -5.12777 -1.16765 179.653 2.84278 13 20 1 0 1
-2.62935 1.02956 734.694 -4.18459 -0.00261818 178.76 2.84654 13 21 1 0 1
-1.25645 -0.706364 734.694 -2.99385 -0.0886364 181.679 2.83488 13 22 1 0 1
-5.18609 -1.09264 734.694 -6.04867 1.02656 179.627 2.84277 13 23 1 0 1
-1.09233 0.308136 734.694 -3.18761 0.858875 177.686 2.85108 13 24 1 0 1
-1.10971 1.5106 734.694 -2.25139 -0.786478 180.606 2.83918 13 25 1 0 1
-2.82293 0.264036 734.694 -3.82317 -0.447823 180.458 2.83967 13 26 1 0 1
-3.55337 1.00967 734.694 -4.64121 -0.542274 183.56 2.82744 13 27 1 0 1
-3.59501 -0.275801 734.694 -4.08265 0.282011 181.617 2.83504 13 28 1 0 1
-1.9522 -0.806169 734.694 -2.96826 -1.56236 177.945 2.84999 13 29 1 0 1
-2.74288 -0.18553 734.694 -4.05669 -0.214093 181.134 2.83695 13 30 1 0 1
-3.62052 2.02114 734.694 -3.93282 -1.79188 178.95 2.84575 13 31 1 0 1
-2.82771 -2.29234 734.694 -3.31019 -0.16152 179.093 2.84525 13 32 1 0 1
-5.20345 0.738162 734.694 -5.18236 0.124478 181.467 2.83552 13 33 1 0 1
-6.34751 -0.532277 734.694 -5.94478 0.241242 181.024 2.83718 13 34 1 0 1
-6.67546 -0.418254 734.694 -5.08478 -0.936888 181.156 2.83675 13 35 1 0 1
-0.543996 0.726754 734.694 -0.927468 -0.912687 180.339 2.84029 13 36 1 0 1
-3.73742 1.20033 734.694 -5.0202 0.186272 181.818 2.83416 13 37 1 0 1
0.103255 -0.0622088 734.694 -3.43503 0.931095 179.486 2.84362 13 38 1 0 1
-2.31397 0.68426 734.694 -3.82149 -0.116423 177.21 2.85304 13 39 1 0 1
-0.126497 -1.53098 734.694 -0.949051 0.636812 177.35 2.85261 13 40 1 0 1
-3.84333 0.27521 734.694 -5.89093 -1.18052 179.902 2.84168 13 41 1 0 1
-0.501131 0.397121 734.694 -1.6653 -1.28478 182.796 2.83056 13 42 1 0 1
-4.28721 -0.243756 734.694 -5.25059 1.59055 179.743 2.84238 13 43 1 0 1
-1.57203 1.52592 734.694 -2.50756 -0.191596 178.146 2.84922 13 44 1 0 1
-2.99966 0.884184 734.694 -5.73301 -1.09849 178.565 2.84716 13 45 1 0 1
-4.06681 1.26177 734.694 -5.34119 0.015856 179.446 2.84361 13 46 1 0 1
0.0629244 -0.644123 734.694 0.586906 1.46336 180.564 2.83938 13 47 1 0 1
-1.92716 0.657305 734.694 -2.48757 -0.629021 182.37 2.8322 13 48 1 0 1
-1.74594 2.38733 734.694 -3.56632 -0.992387 178.752 2.84662 13 49 1 0 1
-5.65969 -2.38778 734.694 -4.85249 0.67177 181.858 2.83401 13 50 1 0 1
-1.07249 -0.160287 734.694 -1.34864 0.141681 178.93 2.84603 13 51 1 0 1
-1.48043 0.468973 734.694 -4.27081 0.00753252 181.751 2.8345 13 52 1 0 1
-3.61836 0.489487 734.694 -2.94233 0.492342 177.012 2.85395 13 53 1 0 1
-1.03421 0.570165 734.694 -2.65787 -0.601028 181.429 2.83588 13 54 1 0 1
-4.04872 -1.6389 734.694 -3.68117 1.13862 181.62 2.83505 13 55 1 0 1
-2.79031 -1.81044 734.694 -2.39424 0.462225 179.772 2.84254 13 56 1 0 1
-0.807003 -1.40872 734.694 -1.49804 1.79047 178.83 2.8464 13 57 1 0 1
0.569543 -2.03333 734.694 -0.213088 0.0358071 178.425 2.84813 13 58 1 0 1
-3.57593 1.17074 734.694 -4.00701 -0.533246 181.154 2.83687 13 59 1 0 1
-2.01892 0.841118 734.694 -4.23168 -0.452386 176.197 2.8573 13 60 1 0 1
-2.82801 -0.598023 734.694 -5.42842 0.19103 183.412 2.82792 13 61 1 0 1
0.0860459 0.959771 734.694 -0.504147 -1.90913 181.231 2.83671 13 62 1 0 1
-5.47661 1.14283 734.694 -6.78918 -0.349754 178.24 2.84836 13 63 1 0 1
-2.37744 0.558659 734.694 -3.41851 -0.622779 179.615 2.84311 13 64 1 0 1
-1.68096 0.718091 734.694 -1.67029 -0.657862 178.456 2.84797 13 65 1 0 1
0.789524 1.33599 734.694 -2.39948 -0.788235 175.315 2.86126 13 66 1 0 1
-3.19069 1.55037 734.694 -4.70713 -1.23387 179.813 2.84217 13 67 1 0 1
-5.227 1.00265 734.694 -4.12963 -0.747522 178.687 2.84684 13 68 1 0 1
-2.97267 -1.54656 734.694 -6.17828 1.00705 180.416 2.83957 13 69 1 0 1
-3.37348 1.05411 734.694 -3.83908 0.905504 181.825 2.83423 13 70 1 0 1
-2.3185 2.02644 734.694 -1.23845 -1.22827 183.269 2.82875 13 71 1 0 1
-4.66363 -1.59429 734.694 -4.79761 -0.359366 178.589 2.84719 13 72 1 0 1
-2.21306 -0.619871 734.694 -3.53041 0.540619 180.79 2.83836 13 73 1 0 1
-2.71155 -0.118242 734.694 -4.33617 -0.183621 181.369 2.836 13 74 1 0 1
-3.57143 -0.445522 734.694 -3.49237 0.47065 179.768 2.84248 13 75 1 0 1
-2.98025 0.0144564 734.694 -3.76672 -0.140907 177.695 2.85101 13 76 1 0 1
-2.40072 0.153247 734.694 -4.46555 -0.343217 180.748 2.83845 13 77 1 0 1
-3.12812 -0.724277 734.694 -1.54626 -0.117192 181.325 2.83635 13 78 1 0 1
-3.62089 0.560784 734.694 -1.20704 0.900444 179.306 2.84448 13 79 1 0 1
-1.55522 0.779899 734.694 -0.998592 -0.354653 180.315 2.8404 13 80 1 0 1
-4.17967 0.476679 734.694 -6.37257 0.0626157 182.867 2.8299 13 81 1 0 1
-3.18728 -0.892541 734.694 -5.45226 0.809397 181.23 2.83642 13 82 1 0 1
-1.39551 1.17251 734.694 -3.1724 -0.378368 179.589 2.84323 13 83 1 0 1
-5.16937 -0.0785986 734.694 -8.44001 0.173373 184.478 2.82344 13 84 1 0 1
-1.50539 0.702838 734.694 -3.03038 -0.728988 177.872 2.85032 13 85 1 0 1
-2.69993 1.4486 734.694 -3.92553 -0.790429 179.999 2.84151 13 86 1 0 1
-3.45831 0.192051 734.694 -5.11722 -0.150468 179.489 2.84346 13 87 1 0 1
-4.65558 -0.443097 734.694 -4.51925 0.466652 177.307 2.85256 13 88 1 0 1
-3.96103 -0.0174073 734.694 -2.46834 0.560942 181.002 2.83759 13 89 1 0 1
-2.89563 0.498149 734.694 -3.42232 1.21318 180.892 2.83795 13 90 1 0 1
-5.0642 -1.63089 734.694 -5.37438 -0.000304761 181.325 2.83606 13 91 1 0 1
-5.75518 0.482272 734.694 -4.80922 0.0860937 176.763 2.85483 13 92 1 0 1
-1.19564 -1.60342 734.694 -0.143293 0.36611 180.057 2.84145 13 93 1 0 1
-2.53958 1.73741 734.694 -4.12447 -0.417832 182.049 2.83334 13 94 1 0 1
-1.40355 -1.64115 734.694 -1.13776 0.714916 179.849 2.84228 13 95 1 0 1
-2.33104 -2.14852 734.694 -3.6222 1.09927 179.919 2.84185 13 96 1 0 1
-2.76632 -0.670937 734.694 -3.15825 -0.0108443 181.235 2.83662 13 97 1 0 1
-3.33097 -0.621556 734.694 -4.03693 0.479105 175.054 2.86227 13 98 1 0 1
-1.37384 -0.905501 734.694 -1.81039 1.14942 180.253 2.84061 13 99 1 0 1
-1.08449 0.155665 734.694 -1.06868 0.273278 181.098 2.83726 13 100 1 0 1
-3.47567 -0.15653 734.694 -3.36538 0.104344 181.291 2.83639 13 101 1 0 1
-3.81706 -1.27083 734.694 -3.91609 0.983529 178.622 2.84713 13 102 1 0 1
-1.3308 -0.262437 734.694 -1.56111 0.379807 180.935 2.8379 13 103 1 0 1
-0.109407 0.67904 734.694 -3.17194 0.327035 180.191 2.8408 13 104 1 0 1
-6.43408 -0.331001 734.694 -5.17199 0.588072 181.01 2.83733 13 105 1 0 1
-5.70169 1.54186 734.694 -7.78721 -0.912479 181.536 2.83487 13 106 1 0 1
-3.60742 -0.526137 734.694 -4.46678 -0.471529 182.071 2.83322 13 107 1 0 1
-1.13437 1.32447 734.694 -1.77747 -1.61414 180.019 2.84154 13 108 1 0 1
-4.3461 -0.361789 734.694 -5.62924 0.631281 180.959 2.83748 13 109 1 0 1
-4.43616 2.61987 734.694 -4.67315 -1.19127 179.968 2.84155 13 110 1 0 1
-3.51799 0.42508 734.694 -3.97205 -1.12615 181.166 2.83682 13 111 1 0 1
-2.72219 1.61016 734.694 -2.58099 -0.43855 179.963 2.84176 13 112 1 0 1
-1.09985 0.220717 734.694 -2.50302 0.0620667 182.724 2.83082 13 113 1 0 1
-4.79208 1.6271 734.694 -5.49909 -1.73177 181.323 2.83602 13 114 1 0 1
-1.90864 0.227264 734.694 -2.41813 1.47458 182.436 2.83192 13 115 1 0 1
-2.43295 -0.18437 734.694 -1.14882 1.30479 179.164 2.84505 13 116 1 0 1
-2.95958 -0.982745 734.694 -3.38247 0.0076275 180.012 2.84151 13 117 1 0 1
-0.840446 0.604888 734.694 -0.980771 -0.196085 179.58 2.84338 13 118 1 0 1
-1.37147 0.945378 734.694 -1.97905 0.488891 181.37 2.83615 13 119 1 0 1
-3.02601 -1.27202 734.694 -3.24889 0.455385 179.335 2.84427 13 120 1 0 1
-2.70813 2.13377 734.694 -4.10923 -0.265135 178.684 2.84687 13 121 1 0 1
-0.276358 -1.75774 734.694 -4.00085 1.36766 180.256 2.84045 13 122 1 0 1
-2.61069 0.131857 734.694 -3.87559 0.20792 180.053 2.8413 13 123 1 0 1
-5.5246 -0.631374 734.694 -4.55924 0.659113 178.083 2.8493 13 124 1 0 1
-0.757195 0.0607734 734.694 -1.80076 0.542154 181.333 2.83631 13 125 1 0 1
-2.73103 -1.23539 734.694 -4.15672 -0.0294798 179.898 2.8419 13 126 1 0 1
-3.86487 0.546495 734.694 -4.22061 0.131301 178.369 2.84815 13 127 1 0 1
-1.97789 -0.273754 734.694 -4.95024 0.427998 179.66 2.84278 13 128 1 0 1
-4.60715 0.0700061 734.694 -6.30678 -0.728375 179.859 2.8418 13 129 1 0 1
-4.34086 1.76591 734.694 -3.1872 -0.997799 176.82 2.85473 13 130 1 0 1
-3.90877 0.620895 734.694 -4.76012 -0.304727 177.238 2.85283 13 131 1 0 1
-1.13235 -1.25163 734.694 -3.34806 0.349375 177.521 2.85177 13 132 1 0 1
-0.775323 1.55779 734.694 -1.43339 -1.2444 180.432 2.8399 13 133 1 0 1
-6.31412 -0.0440764 734.694 -7.44278 0.550666 180.833 2.83772 13 134 1 0 1
-2.40962 0.410842 734.694 -1.54063 -0.197492 177.641 2.85137 13 135 1 0 1
-2.96984 0.231045 734.694 -3.09271 -0.355003 179.818 2.84231 13 136 1 0 1
-1.33042 0.686916 734.694 -3.10189 -1.08427 181.493 2.83559 13 137 1 0 1
-1.6518 1.78101 734.694 -2.20032 -0.446552 179.297 2.84448 13 138 1 0 1
-2.4846 -1.05252 734.694 -3.41352 1.12134 178.747 2.84665 13 139 1 0 1
-4.28875 -1.37464 734.694 -4.0288 1.49486 180.418 2.83979 13 140 1 0 1
-1.20803 -0.693356 734.694 -2.71765 0.159896 180.839 2.83823 13 141 1 0 1
-1.20364 0.684645 734.694 -0.657496 0.0807222 179.706 2.84287 13 142 1 0 1
-3.7765 1.58517 734.694 -3.95346 -0.0986787 178.721 2.84673 13 143 1 0 1
-6.60874 0.154982 734.694 -7.69484 0.000414669 181.681 2.83433 13 144 1 0 1
-2.93647 1.08644 734.694 -1.02959 -0.397635 181.119 2.83718 13 145 1 0 1
-6.21319 0.946208 734.694 -8.24481 -0.120093 180.476 2.83901 13 146 1 0 1
-6.17094 -3.10517 734.694 -6.33575 0.018155 181.352 2.83583 13 147 1 0 1
-1.42045 1.52742 734.694 -3.01455 -1.61796 179.509 2.84354 13 148 1 0 1
-2.82365 0.0783139 734.694 -2.52465 0.523875 180.048 2.84141 13 149 1 0 1
-3.00976 1.0574 734.694 -3.62235 -0.649451 179.707 2.84272 13 150 1 0 1
-2.99795 -0.368442 795.918 -2.94938 0.157782 178.302 3.08592 13 1 1 0 1
-2.58189 1.06803 795.918 -3.18742 -0.277712 180.42 3.07653 13 2 1 0 1
-4.54642 -0.0295345 795.918 -3.99313 1.33508 180.862 3.07452 13 3 1 0 1
-6.31215 -1.53961 795.918 -3.7122 1.2973 179.114 3.08221 13 4 1 0 1
-4.56349 -0.307581 795.918 -3.78713 -0.435009 180.515 3.07606 13 5 1 0 1
-5.24951 1.24622 795.918 -3.83053 -1.31483 182.11 3.0692 13 6 1 0 1
-3.32342 -0.245346 795.918 -2.1158 0.262205 181.125 3.07355 13 7 1 0 1
-4.78559 -0.87224 795.918 -3.63715 0.722363 182.16 3.06902 13 8 1 0 1
-2.1362 -1.06664 795.918 -2.01272 -0.402311 180.076 3.07811 13 9 1 0 1
-8.16577 -0.234966 795.918 -4.9427 0.241165 178.46 3.08501 13 10 1 0 1
-4.95387 0.0382647 795.918 -4.11417 1.17931 181.154 3.07326 13 11 1 0 1
-4.58366 0.264429 795.918 -5.08728 -0.270335 177.588 3.08892 13 12 1 0 1
-5.64279 -1.27358 795.918 -4.11914 0.285144 178.21 3.08623 13 13 1 0 1
-1.81084 -2.14985 795.918 -2.70315 1.50177 180.404 3.07661 13 14 1 0 1
-6.27751 -2.98676 795.918 -5.80061 1.3489 180.545 3.07568 13 15 1 0 1
-3.41227 1.37276 795.918 -1.83105 -0.702313 180.272 3.07725 13 16 1 0 1
-4.04676 1.24319 795.918 -3.80308 -1.20707 180.89 3.07443 13 17 1 0 1
-6.30579 1.38624 795.918 -3.85748 -0.948288 180.91 3.07434 13 18 1 0 1
-0.578531 -1.15059 795.918 0.0968448 -0.73764 179.667 3.07994 13 19 1 0 1
-7.01791 1.19377 795.918 -4.66104 -1.21458 179.665 3.07968 13 20 1 0 1
-4.02272 1.0228 795.918 -3.93469 -0.0368636 178.766 3.08376 13 21 1 0 1
-2.24494 -0.732148 795.918 -2.86013 -0.0642432 181.681 3.07112 13 22 1 0 1
-7.17244 -0.737173 795.918 -5.58237 1.05733 179.642 3.07967 13 23 1 0 1
-2.17197 0.601754 795.918 -3.06569 0.843795 177.689 3.08867 13 24 1 0 1
-1.85543 1.23588 795.918 -2.1388 -0.832783 180.607 3.07578 13 25 1 0 1
-4.0783 0.110885 795.918 -3.56142 -0.454151 180.464 3.07631 13 26 1 0 1
-5.04923 0.823385 795.918 -4.30938 -0.573705 183.568 3.06305 13 27 1 0 1
-4.91934 -0.17934 795.918 -3.75765 0.289737 181.624 3.07129 13 28 1 0 1
-2.94408 -1.3381 795.918 -2.78512 -1.52677 177.949 3.08749 13 29 1 0 1
-4.07304 -0.256699 795.918 -3.79722 -0.206622 181.139 3.07337 13 30 1 0 1
-4.9139 1.39772 795.918 -3.61182 -1.84905 178.956 3.0829 13 31 1 0 1
-3.91824 -2.33437 795.918 -3.05624 -0.0841801 179.097 3.08236 13 32 1 0 1
-6.87773 0.775869 795.918 -4.72172 0.0988402 181.48 3.07181 13 33 1 0 1
-8.26814 -0.447805 795.918 -5.38899 0.257827 181.042 3.07361 13 34 1 0 1
-8.30102 -0.731902 795.918 -4.5147 -0.917517 181.171 3.07315 13 35 1 0 1
-0.850548 0.413344 795.918 -0.874589 -0.931878 180.339 3.07699 13 36 1 0 1
-5.37276 1.25609 795.918 -4.67216 0.144592 181.827 3.07034 13 37 1 0 1
-1.06478 0.255147 795.918 -3.39875 0.927866 179.487 3.08059 13 38 1 0 1
-3.59896 0.64021 795.918 -3.60126 -0.138335 177.214 3.0908 13 39 1 0 1
-0.451104 -1.30283 795.918 -0.927512 0.683722 177.35 3.09033 13 40 1 0 1
-5.79031 -0.127354 795.918 -5.52688 -1.18308 179.913 3.07848 13 41 1 0 1
-1.05009 -0.0346396 795.918 -1.60568 -1.29097 182.797 3.06644 13 42 1 0 1
-6.01308 0.298382 795.918 -4.86161 1.58973 179.754 3.07925 13 43 1 0 1
-2.40998 1.45149 795.918 -2.35843 -0.241107 178.148 3.08665 13 44 1 0 1
-4.91847 0.503219 795.918 -5.436 -1.12167 178.575 3.08442 13 45 1 0 1
-5.82923 1.25997 795.918 -4.9681 -0.0263831 179.457 3.08058 13 46 1 0 1
0.260271 -0.145207 795.918 0.574635 1.47666 180.564 3.076 13 47 1 0 1
-2.73401 0.442785 795.918 -2.30886 -0.647755 182.372 3.06821 13 48 1 0 1
-2.93984 2.03446 795.918 -3.39026 -1.06618 178.755 3.08384 13 49 1 0 1
-7.2138 -2.14843 795.918 -4.36053 0.74882 181.87 3.07018 13 50 1 0 1
-1.51823 -0.110986 795.918 -1.25117 0.146212 178.931 3.08319 13 51 1 0 1
-2.89397 0.468831 795.918 -4.10373 -0.00837697 181.755 3.0707 13 52 1 0 1
-4.58532 0.656661 795.918 -2.63707 0.473418 177.017 3.09178 13 53 1 0 1
-1.91403 0.364478 795.918 -2.54542 -0.616861 181.431 3.07221 13 54 1 0 1
-5.23245 -1.24645 795.918 -3.32686 1.18757 181.627 3.0713 13 55 1 0 1
-3.56645 -1.643 795.918 -2.15399 0.520181 179.775 3.07942 13 56 1 0 1
-1.30734 -0.788861 795.918 -1.41854 1.82715 178.83 3.0836 13 57 1 0 1
0.489437 -2.00947 795.918 -0.252816 0.103136 178.425 3.08548 13 58 1 0 1
-4.87855 0.984185 795.918 -3.68512 -0.569704 181.161 3.07328 13 59 1 0 1
-3.45716 0.679426 795.918 -4.02891 -0.477406 176.202 3.09541 13 60 1 0 1
-4.59606 -0.530966 795.918 -5.14234 0.210368 183.42 3.06358 13 61 1 0 1
-0.0846429 0.31057 795.918 -0.504199 -1.93061 181.23 3.0731 13 62 1 0 1
-7.72848 1.01641 795.918 -6.29492 -0.385716 178.258 3.08572 13 63 1 0 1
-3.50723 0.343592 795.918 -3.19634 -0.63792 179.619 3.08003 13 64 1 0 1
-2.23 0.488725 795.918 -1.52355 -0.677969 178.457 3.0853 13 65 1 0 1
-0.054975 1.05362 795.918 -2.42655 -0.827335 175.314 3.0997 13 66 1 0 1
-4.74567 1.1222 795.918 -4.40725 -1.27878 179.82 3.07902 13 67 1 0 1
-6.56891 0.741291 795.918 -3.68664 -0.77665 178.697 3.08408 13 68 1 0 1
-5.02221 -1.19664 795.918 -5.87531 1.0533 180.426 3.0762 13 69 1 0 1
-4.61741 1.35242 795.918 -3.5337 0.864693 181.831 3.07042 13 70 1 0 1
-2.70074 1.60534 795.918 -1.04504 -1.2904 183.27 3.06447 13 71 1 0 1
-6.24156 -1.70816 795.918 -4.38838 -0.304334 178.599 3.08445 13 72 1 0 1
-3.37515 -0.433603 795.918 -3.31805 0.558408 180.794 3.07489 13 73 1 0 1
-4.13429 -0.179434 795.918 -4.07524 -0.178588 181.375 3.07233 13 74 1 0 1
-4.70998 -0.282994 795.918 -3.17944 0.48289 179.774 3.07936 13 75 1 0 1
-4.23431 -0.0340829 795.918 -3.49727 -0.140585 177.7 3.08859 13 76 1 0 1
-3.87608 0.036337 795.918 -4.22713 -0.346427 180.754 3.07499 13 77 1 0 1
-3.60789 -0.75964 795.918 -1.28945 -0.0920783 181.327 3.07271 13 78 1 0 1
-3.98486 0.864459 795.918 -0.920301 0.8766 179.308 3.08152 13 79 1 0 1
-1.8729 0.65526 795.918 -0.868622 -0.378808 180.316 3.0771 13 80 1 0 1
-6.25053 0.494884 795.918 -5.97197 0.0460358 182.881 3.06573 13 81 1 0 1
-4.98047 -0.614533 795.918 -5.14128 0.834932 181.239 3.07279 13 82 1 0 1
-2.45452 1.03708 795.918 -3.02706 -0.415412 179.592 3.08017 13 83 1 0 1
-7.89219 -0.0207208 795.918 -7.93433 0.175105 184.501 3.05872 13 84 1 0 1
-2.5247 0.448385 795.918 -2.87969 -0.748111 177.874 3.08785 13 85 1 0 1
-3.99483 1.17199 795.918 -3.67225 -0.834481 180.004 3.0783 13 86 1 0 1
-5.15202 0.139728 795.918 -4.79251 -0.156034 179.498 3.08042 13 87 1 0 1
-6.14974 -0.27974 795.918 -4.11665 0.478641 177.316 3.09027 13 88 1 0 1
-4.74161 0.172072 795.918 -2.13718 0.558342 181.006 3.07406 13 89 1 0 1
-4.01187 0.905137 795.918 -3.15968 1.18952 180.897 3.07445 13 90 1 0 1
-6.80618 -1.62169 795.918 -4.92216 0.0547483 181.338 3.0724 13 91 1 0 1
-7.34003 0.509285 795.918 -4.32282 0.069739 176.775 3.09273 13 92 1 0 1
-1.22883 -1.47002 795.918 -0.0515042 0.417763 180.056 3.07824 13 93 1 0 1
-3.88819 1.58725 795.918 -3.87854 -0.474339 182.054 3.06945 13 94 1 0 1
-1.77123 -1.38887 795.918 -1.01771 0.765782 179.849 3.07913 13 95 1 0 1
-3.52849 -1.7629 795.918 -3.40061 1.16498 179.923 3.07867 13 96 1 0 1
-3.79321 -0.670767 795.918 -2.90835 0.0118526 181.239 3.07301 13 97 1 0 1
-4.69414 -0.450764 795.918 -3.74169 0.496645 175.06 3.10079 13 98 1 0 1
-1.96851 -0.510666 795.918 -1.68372 1.17326 180.254 3.07733 13 99 1 0 1
-1.43033 0.24699 795.918 -0.972926 0.266472 181.099 3.0737 13 100 1 0 1
-4.5628 -0.120466 795.918 -3.05906 0.109035 181.296 3.07275 13 101 1 0 1
-5.10467 -0.927105 795.918 -3.58114 1.02021 178.628 3.08439 13 102 1 0 1
-1.83973 -0.132666 795.918 -1.4405 0.386481 180.936 3.07439 13 103 1 0 1
-1.18115 0.786074 795.918 -3.12306 0.302395 180.192 3.07753 13 104 1 0 1
-8.0935 -0.130582 795.918 -4.61946 0.59592 181.025 3.07378 13 105 1 0 1
-8.24367 1.22591 795.918 -7.25578 -0.959493 181.558 3.07111 13 106 1 0 1
-5.05679 -0.681394 795.918 -4.13527 -0.451027 182.079 3.06932 13 107 1 0 1
-1.72176 0.768992 795.918 -1.66937 -1.64933 180.02 3.07834 13 108 1 0 1
-6.1868 -0.146549 795.918 -5.22882 0.63991 180.971 3.07393 13 109 1 0 1
-5.96228 2.20043 795.918 -4.27988 -1.27231 179.977 3.07835 13 110 1 0 1
-4.80949 0.0427995 795.918 -3.65497 -1.13411 181.173 3.07322 13 111 1 0 1
-3.56161 1.45206 795.918 -2.34325 -0.489996 179.966 3.07857 13 112 1 0 1
-1.92084 0.240215 795.918 -2.38698 0.0542058 182.726 3.06672 13 113 1 0 1
-6.5795 1.03419 795.918 -5.06588 -1.77693 181.335 3.07236 13 114 1 0 1
-2.69222 0.719886 795.918 -2.24168 1.45847 182.439 3.06791 13 115 1 0 1
-2.79266 0.261712 795.918 -0.951972 1.30351 179.166 3.08214 13 116 1 0 1
-4.06715 -0.97455 795.918 -3.11659 0.0405153 180.016 3.0783 13 117 1 0 1
-1.16262 0.534713 795.918 -0.905139 -0.215188 179.58 3.08032 13 118 1 0 1
-2.0191 1.1047 795.918 -1.84977 0.454189 181.372 3.0725 13 119 1 0 1
-4.09165 -1.1096 795.918 -2.98058 0.495264 179.339 3.08129 13 120 1 0 1
-4.07539 2.03093 795.918 -3.85449 -0.334605 178.689 3.0841 13 121 1 0 1
-1.62591 -1.28407 795.918 -3.92878 1.41885 180.257 3.07715 13 122 1 0 1
-3.88943 0.20167 795.918 -3.62961 0.20232 180.058 3.07807 13 123 1 0 1
-7.01454 -0.401603 795.918 -4.08998 0.676326 178.094 3.08675 13 124 1 0 1
-1.35289 0.243129 795.918 -1.72031 0.537012 181.333 3.07267 13 125 1 0 1
-4.10462 -1.23835 795.918 -3.89828 0.0120584 179.904 3.07873 13 126 1 0 1
-5.25784 0.588361 795.918 -3.87864 0.112412 178.377 3.0855 13 127 1 0 1
-3.63226 -0.126617 795.918 -4.73846 0.434726 179.666 3.07968 13 128 1 0 1
-6.68576 -0.177863 795.918 -5.88018 -0.726623 179.873 3.07862 13 129 1 0 1
-5.38407 1.411 795.918 -2.82573 -1.05027 176.826 3.09263 13 130 1 0 1
-5.49596 0.51229 795.918 -4.40987 -0.32349 177.247 3.09056 13 131 1 0 1
-2.2676 -1.12423 795.918 -3.22119 0.388747 177.523 3.08942 13 132 1 0 1
-1.24968 1.12746 795.918 -1.35657 -1.28962 180.432 3.07656 13 133 1 0 1
-8.7423 0.142258 795.918 -6.87115 0.549077 180.856 3.07419 13 134 1 0 1
-2.90744 0.340562 795.918 -1.34204 -0.209953 177.642 3.08899 13 135 1 0 1
-3.98027 0.109086 795.918 -2.83 -0.36072 179.823 3.07917 13 136 1 0 1
-2.35528 0.31793 795.918 -2.96127 -1.1013 181.496 3.07189 13 137 1 0 1
-2.37875 1.61865 795.918 -2.04839 -0.503451 179.299 3.08152 13 138 1 0 1
-3.61695 -0.663169 795.918 -3.18427 1.14999 178.751 3.08387 13 139 1 0 1
-5.5951 -0.860486 795.918 -3.65401 1.53256 180.426 3.07644 13 140 1 0 1
-2.10869 -0.635371 795.918 -2.59156 0.182326 180.841 3.07475 13 141 1 0 1
-1.41126 0.708189 795.918 -0.558691 0.0573595 179.706 3.07978 13 142 1 0 1
-5.07664 1.54239 795.918 -3.62091 -0.150858 178.728 3.08396 13 143 1 0 1
-9.10601 0.154237 795.918 -7.09547 -0.00482969 181.705 3.07052 13 144 1 0 1
-3.24538 0.946083 795.918 -0.794175 -0.431999 181.12 3.07361 13 145 1 0 1
-8.91855 0.900149 795.918 -7.67168 -0.151217 180.501 3.07559 13 146 1 0 1
-8.22165 -3.08134 795.918 -5.78752 0.122888 181.37 3.07215 13 147 1 0 1
-2.426 0.967924 795.918 -2.8694 -1.65979 179.511 3.0805 13 148 1 0 1
-3.64228 0.25567 795.918 -2.27991 0.518271 180.051 3.0782 13 149 1 0 1
-4.2 0.830525 795.918 -3.35002 -0.681138 179.712 3.07961 13 150 1 0 1
-3.96793 -0.312265 857.143 -2.68829 0.169115 178.306 3.3233 13 1 1 0 1
-3.6258 0.967881 857.143 -2.95199 -0.312004 180.424 3.31319 13 2 1 0 1
-5.83409 0.421716 857.143 -3.59854 1.32852 180.871 3.31102 13 3 1 0 1
-7.49471 -1.08823 857.143 -3.19239 1.34131 179.124 3.3193 13 4 1 0 1
-5.78397 -0.453085 857.143 -3.39453 -0.422211 180.523 3.31268 13 5 1 0 1
-6.46452 0.797911 857.143 -3.38215 -1.34964 182.118 3.30529 13 6 1 0 1
-3.99295 -0.155483 857.143 -1.8372 0.268986 181.128 3.30997 13 7 1 0 1
-5.94148 -0.624939 857.143 -3.22642 0.74785 182.168 3.30509 13 8 1 0 1
-2.7902 -1.19708 857.143 -1.82621 -0.364266 180.078 3.31488 13 9 1 0 1
-9.74955 -0.151047 857.143 -4.27087 0.247619 178.478 3.32232 13 10 1 0 1
-6.27489 0.435857 857.143 -3.68665 1.17135 181.164 3.30966 13 11 1 0 1
-6.27127 0.169898 857.143 -4.68224 -0.277552 177.6 3.32653 13 12 1 0 1
-6.97954 -1.16854 857.143 -3.64638 0.325785 178.221 3.32363 13 13 1 0 1
-2.70109 -1.62889 857.143 -2.53202 1.56542 180.406 3.31327 13 14 1 0 1
-8.15567 -2.51317 857.143 -5.25316 1.44171 180.561 3.31227 13 15 1 0 1
-3.98774 1.12687 857.143 -1.55058 -0.744383 180.275 3.31396 13 16 1 0 1
-5.27658 0.828328 857.143 -3.4486 -1.24209 180.896 3.31092 13 17 1 0 1
-7.52484 1.05801 857.143 -3.33156 -0.989617 180.92 3.31083 13 18 1 0 1
-0.538255 -1.39491 857.143 0.139034 -0.694952 179.667 3.31686 13 19 1 0 1
-8.5095 0.77386 857.143 -4.07478 -1.24767 179.679 3.31657 13 20 1 0 1
-5.31296 1.00436 857.143 -3.58393 -0.0706914 178.773 3.32097 13 21 1 0 1
-3.17587 -0.749581 857.143 -2.65309 -0.0391168 181.684 3.30736 13 22 1 0 1
-8.97491 -0.373301 857.143 -4.97294 1.07606 179.66 3.31656 13 23 1 0 1
-3.19593 0.888507 857.143 -2.86519 0.819095 177.692 3.32626 13 24 1 0 1
-2.55358 0.947062 857.143 -1.97139 -0.86959 180.609 3.31238 13 25 1 0 1
-5.22911 -0.0435303 857.143 -3.20837 -0.455302 180.47 3.31295 13 26 1 0 1
-6.41565 0.627708 857.143 -3.86707 -0.5986 183.577 3.29867 13 27 1 0 1
-6.11755 -0.0808339 857.143 -3.33632 0.294161 181.632 3.30755 13 28 1 0 1
-3.86049 -1.85476 857.143 -2.53058 -1.47377 177.953 3.32499 13 29 1 0 1
-5.29879 -0.32494 857.143 -3.44041 -0.196796 181.146 3.30978 13 30 1 0 1
-6.0813 0.758356 857.143 -3.19823 -1.88514 178.964 3.32004 13 31 1 0 1
-4.90833 -2.34978 857.143 -2.72394 -0.00587618 179.103 3.31946 13 32 1 0 1
-8.37569 0.804725 857.143 -4.13999 0.072072 181.494 3.30811 13 33 1 0 1
-9.97681 -0.358225 857.143 -4.69497 0.271476 181.061 3.31005 13 34 1 0 1
-9.71378 -1.0372 857.143 -3.82878 -0.887679 181.187 3.30955 13 35 1 0 1
-1.1353 0.0952197 857.143 -0.79929 -0.940441 180.34 3.31368 13 36 1 0 1
-6.87036 1.29752 857.143 -4.20435 0.101259 181.839 3.30652 13 37 1 0 1
-2.20551 0.569592 857.143 -3.27538 0.914061 179.49 3.31756 13 38 1 0 1
-4.79168 0.588857 857.143 -3.28872 -0.15867 177.22 3.32855 13 39 1 0 1
-0.764147 -1.05981 857.143 -0.882195 0.722833 177.35 3.32804 13 40 1 0 1
-7.58884 -0.528465 857.143 -5.02117 -1.17217 179.928 3.31529 13 41 1 0 1
-1.57212 -0.466005 857.143 -1.50491 -1.28243 182.798 3.30232 13 42 1 0 1
-7.58479 0.837117 857.143 -4.34799 1.5708 179.767 3.31612 13 43 1 0 1
-3.18615 1.36051 857.143 -2.14884 -0.287869 178.151 3.32409 13 44 1 0 1
-6.71119 0.116513 857.143 -4.99968 -1.13208 178.587 3.32168 13 45 1 0 1
-7.4422 1.2438 857.143 -4.46765 -0.0683272 179.47 3.31754 13 46 1 0 1
0.450946 0.355365 857.143 0.547634 1.47312 180.564 3.31261 13 47 1 0 1
-3.47076 0.223214 857.143 -2.07096 -0.659102 182.375 3.30423 13 48 1 0 1
-4.05837 1.65838 857.143 -3.12731 -1.12782 178.76 3.32106 13 49 1 0 1
-8.58297 -1.88458 857.143 -3.75672 0.817342 181.884 3.30635 13 50 1 0 1
-1.92505 -0.0604195 857.143 -1.12163 0.149075 178.932 3.32036 13 51 1 0 1
-4.23332 0.46334 857.143 -3.83148 -0.0241919 181.761 3.30691 13 52 1 0 1
-5.43472 0.816345 857.143 -2.26419 0.449093 177.022 3.3296 13 53 1 0 1
-2.74479 0.154632 857.143 -2.36773 -0.625661 181.433 3.30853 13 54 1 0 1
-6.28204 -0.839787 857.143 -2.88724 1.22299 181.634 3.30756 13 55 1 0 1
-4.25117 -1.45681 857.143 -1.85852 0.572206 179.778 3.31629 13 56 1 0 1
-1.77416 -0.160006 857.143 -1.30268 1.843 178.831 3.3208 13 57 1 0 1
0.396783 -1.96269 857.143 -0.286064 0.169288 178.425 3.32282 13 58 1 0 1
-6.0561 0.786402 857.143 -3.26875 -0.59967 181.169 3.30969 13 59 1 0 1
-4.80678 0.509983 857.143 -3.72289 -0.496986 176.209 3.33352 13 60 1 0 1
-6.24628 -0.457852 857.143 -4.72447 0.22731 183.432 3.29924 13 61 1 0 1
-0.253162 -0.342174 857.143 -0.491327 -1.93008 181.23 3.30949 13 62 1 0 1
-9.78222 0.878383 857.143 -5.63929 -0.417293 178.28 3.32309 13 63 1 0 1
-4.54711 0.124606 857.143 -2.89223 -0.645788 179.624 3.31696 13 64 1 0 1
-2.72187 0.253784 857.143 -1.33775 -0.690343 178.458 3.32263 13 65 1 0 1
-0.898065 0.75923 857.143 -2.39142 -0.857001 175.314 3.33813 13 66 1 0 1
-6.17899 0.681237 857.143 -3.9944 -1.30912 179.829 3.31587 13 67 1 0 1
-7.74241 0.471475 857.143 -3.14909 -0.796924 178.707 3.32132 13 68 1 0 1
-6.943 -0.833075 857.143 -5.42181 1.08757 180.44 3.31283 13 69 1 0 1
-5.74298 1.6353 857.143 -3.13773 0.814019 181.838 3.30661 13 70 1 0 1
-3.01374 1.16592 857.143 -0.824832 -1.33781 183.271 3.3002 13 71 1 0 1
-7.65947 -1.80255 857.143 -3.86662 -0.245826 178.611 3.32172 13 72 1 0 1
-4.45072 -0.242389 857.143 -3.02064 0.569832 180.799 3.31142 13 73 1 0 1
-5.45104 -0.23858 857.143 -3.70985 -0.171518 181.382 3.30866 13 74 1 0 1
-5.72778 -0.117238 857.143 -2.785 0.489623 179.78 3.31623 13 75 1 0 1
-5.37983 -0.0822334 857.143 -3.13817 -0.138661 177.707 3.32618 13 76 1 0 1
-5.25208 -0.0809879 857.143 -3.88038 -0.345688 180.762 3.31153 13 77 1 0 1
-3.99516 -0.786338 857.143 -0.999586 -0.0659134 181.329 3.30907 13 78 1 0 1
-4.24667 1.15827 857.143 -0.609961 0.842754 179.31 3.31856 13 79 1 0 1
-2.14257 0.523146 857.143 -0.716383 -0.398643 180.316 3.3138 13 80 1 0 1
-8.16114 0.507444 857.143 -5.41831 0.0289289 182.898 3.30155 13 81 1 0 1
-6.64598 -0.329515 857.143 -4.69853 0.850958 181.251 3.30916 13 82 1 0 1
-3.45059 0.889815 857.143 -2.80413 -0.447721 179.595 3.31711 13 83 1 0 1
-10.4127 0.0373935 857.143 -7.22536 0.174845 184.53 3.29401 13 84 1 0 1
-3.47929 0.188816 857.143 -2.65519 -0.758705 177.878 3.32537 13 85 1 0 1
-5.18732 0.882015 857.143 -3.32485 -0.869023 180.011 3.31509 13 86 1 0 1
-6.71366 0.0858106 857.143 -4.34495 -0.159823 179.509 3.31737 13 87 1 0 1
-7.48624 -0.113192 857.143 -3.60848 0.485175 177.327 3.32799 13 88 1 0 1
-5.40064 0.359588 857.143 -1.75122 0.549372 181.01 3.31052 13 89 1 0 1
-5.02526 1.3018 857.143 -2.81603 1.15229 180.903 3.31094 13 90 1 0 1
-8.37368 -1.594 857.143 -4.34372 0.109186 181.353 3.30874 13 91 1 0 1
-8.73671 0.530487 857.143 -3.72555 0.0525868 176.789 3.33064 13 92 1 0 1
-1.23051 -1.31985 857.143 0.0416047 0.46465 180.056 3.31503 13 93 1 0 1
-5.13712 1.41898 857.143 -3.53319 -0.525442 182.061 3.30556 13 94 1 0 1
-2.09349 -1.12076 857.143 -0.871564 0.807914 179.85 3.31599 13 95 1 0 1
-4.63548 -1.35718 857.143 -3.09184 1.21742 179.928 3.31549 13 96 1 0 1
-4.72286 -0.662945 857.143 -2.58389 0.0344155 181.244 3.3094 13 97 1 0 1
-5.93697 -0.27483 857.143 -3.35052 0.508524 175.068 3.33931 13 98 1 0 1
-2.51272 -0.110005 857.143 -1.51389 1.18371 180.255 3.31405 13 99 1 0 1
-1.73951 0.335497 857.143 -0.852226 0.256627 181.099 3.31014 13 100 1 0 1
-5.53295 -0.083027 857.143 -2.6743 0.112482 181.302 3.30912 13 101 1 0 1
-6.26142 -0.572807 857.143 -3.15438 1.04527 178.636 3.32165 13 102 1 0 1
-2.3015 -0.00138139 857.143 -1.28295 0.388748 180.937 3.31088 13 103 1 0 1
-2.2226 0.884141 857.143 -2.99414 0.274307 180.194 3.31426 13 104 1 0 1
-9.54542 0.0713258 857.143 -3.94842 0.596974 181.04 3.31022 13 105 1 0 1
-10.5743 0.895972 857.143 -6.53838 -0.995599 181.585 3.30735 13 106 1 0 1
-6.37651 -0.828878 857.143 -3.69774 -0.425382 182.088 3.30542 13 107 1 0 1
-2.26501 0.204738 857.143 -1.51847 -1.6657 180.021 3.31513 13 108 1 0 1
-7.8689 0.0703637 857.143 -4.69436 0.641249 180.986 3.31039 13 109 1 0 1
-7.33555 1.75589 857.143 -3.77689 -1.33885 179.988 3.31514 13 110 1 0 1
-5.9777 -0.339969 857.143 -3.24418 -1.12913 181.181 3.30962 13 111 1 0 1
-4.30972 1.2774 857.143 -2.04544 -0.535856 179.969 3.31538 13 112 1 0 1
-2.69258 0.256973 857.143 -2.20976 0.0457266 182.728 3.30262 13 113 1 0 1
-8.19825 0.429488 857.143 -4.50279 -1.80185 181.35 3.30869 13 114 1 0 1
-3.40677 1.2043 857.143 -2.00775 1.42573 182.442 3.30391 13 115 1 0 1
-3.08078 0.704807 857.143 -0.730712 1.28735 179.167 3.31923 13 116 1 0 1
-5.07046 -0.955238 857.143 -2.77081 0.0729429 180.022 3.31509 13 117 1 0 1
-1.45499 0.458439 857.143 -0.806302 -0.231835 179.581 3.31727 13 118 1 0 1
-2.61496 1.25143 857.143 -1.67306 0.414306 181.374 3.30884 13 119 1 0 1
-5.05238 -0.934513 857.143 -2.63585 0.529497 179.345 3.31831 13 120 1 0 1
-5.33817 1.90492 857.143 -3.50095 -0.400266 178.697 3.32134 13 121 1 0 1
-2.93378 -0.795746 857.143 -3.75603 1.45387 180.26 3.31386 13 122 1 0 1
-5.06846 0.269183 857.143 -3.29059 0.194414 180.065 3.31485 13 123 1 0 1
-8.32465 -0.16725 857.143 -3.51582 0.685829 178.107 3.32419 13 124 1 0 1
-1.9139 0.422712 857.143 -1.59577 0.525746 181.335 3.30902 13 125 1 0 1
-5.37299 -1.22719 857.143 -3.53992 0.0534621 179.911 3.31555 13 126 1 0 1
-6.51601 0.623515 857.143 -3.43722 0.0922393 178.386 3.32285 13 127 1 0 1
-5.19351 0.0219642 857.143 -4.40525 0.436502 179.675 3.31658 13 128 1 0 1
-8.59297 -0.423702 857.143 -5.30285 -0.716595 179.891 3.31543 13 129 1 0 1
-6.28926 1.04 857.143 -2.3918 -1.09076 176.832 3.33052 13 130 1 0 1
-6.94225 0.397841 857.143 -3.94655 -0.338568 177.258 3.3283 13 131 1 0 1
-3.34471 -0.983999 857.143 -3.01177 0.423689 177.527 3.32707 13 132 1 0 1
-1.69201 0.684264 857.143 -1.24497 -1.32014 180.433 3.31322 13 133 1 0 1
-10.9464 0.32697 857.143 -6.12335 0.541237 180.883 3.31067 13 134 1 0 1
-3.33073 0.266397 857.143 -1.10905 -0.220019 177.644 3.3266 13 135 1 0 1
-4.88866 -0.0141176 857.143 -2.49473 -0.362324 179.827 3.31603 13 136 1 0 1
-3.31975 -0.0546827 857.143 -2.74476 -1.10578 181.499 3.30819 13 137 1 0 1
-3.04473 1.43784 857.143 -1.84394 -0.55461 179.301 3.31856 13 138 1 0 1
-4.65657 -0.266251 857.143 -2.8734 1.16553 178.757 3.32109 13 139 1 0 1
-6.758 -0.336517 857.143 -3.18552 1.55279 180.434 3.31309 13 140 1 0 1
-2.9553 -0.570137 857.143 -2.39904 0.202677 180.844 3.31126 13 141 1 0 1
-1.5827 0.723654 857.143 -0.445563 0.0333424 179.707 3.31668 13 142 1 0 1
-6.24663 1.48202 857.143 -3.19553 -0.201321 178.736 3.32118 13 143 1 0 1
-11.3698 0.151733 857.143 -6.31417 -0.0100206 181.734 3.30671 13 144 1 0 1
-3.47109 0.794936 857.143 -0.538394 -0.461434 181.121 3.31004 13 145 1 0 1
-11.3953 0.84382 857.143 -6.9019 -0.18063 180.532 3.31218 13 146 1 0 1
-10.0616 -3.02236 857.143 -5.09086 0.226243 181.391 3.30847 13 147 1 0 1
-3.36936 0.397388 857.143 -2.6507 -1.6827 179.514 3.31747 13 148 1 0 1
-4.36754 0.430109 857.143 -1.97671 0.506756 180.055 3.31498 13 149 1 0 1
-5.28257 0.594179 857.143 -2.99181 -0.70506 179.719 3.3165 13 150 1 0 1
-4.83619 -0.252525 918.367 -2.35827 0.178519 178.31 3.56068 13 1 1 0 1
-4.57676 0.856688 918.367 -2.64088 -0.34274 180.428 3.54985 13 2 1 0 1
-6.9722 0.868156 918.367 -3.11167 1.30681 180.88 3.54753 13 3 1 0 1
-8.48514 -0.624439 918.367 -2.59067 1.37001 179.133 3.55639 13 4 1 0 1
-6.85616 -0.593422 918.367 -2.91488 -0.404596 180.532 3.5493 13 5 1 0 1
-7.51381 0.340501 918.367 -2.84702 -1.36906 182.127 3.54138 13 6 1 0 1
-4.56012 -0.0638473 918.367 -1.51148 0.272699 181.131 3.5464 13 7 1 0 1
-6.94505 -0.370508 918.367 -2.73295 0.76481 182.176 3.54117 13 8 1 0 1
-3.37267 -1.31386 918.367 -1.59288 -0.322066 180.08 3.55166 13 9 1 0 1
-11.0834 -0.0654041 918.367 -3.4894 0.251249 178.495 3.55963 13 10 1 0 1
-7.43504 0.828477 918.367 -3.16459 1.15003 181.174 3.54607 13 11 1 0 1
-7.7981 0.0734297 918.367 -4.15716 -0.281606 177.613 3.56414 13 12 1 0 1
-8.13737 -1.05017 918.367 -3.08008 0.362715 178.231 3.56103 13 13 1 0 1
-3.52208 -1.08936 918.367 -2.296 1.61121 180.409 3.54993 13 14 1 0 1
-9.82475 -2.01091 918.367 -4.57098 1.51811 180.579 3.54887 13 15 1 0 1
-4.46097 0.868113 918.367 -1.23034 -0.777962 180.277 3.55067 13 16 1 0 1
-6.37113 0.404017 918.367 -3.0057 -1.26295 180.904 3.54742 13 17 1 0 1
-8.55099 0.717724 918.367 -2.72018 -1.01966 180.93 3.54732 13 18 1 0 1
-0.48418 -1.62332 918.367 0.177659 -0.644337 179.668 3.55378 13 19 1 0 1
-9.78294 0.345118 918.367 -3.38396 -1.26654 179.693 3.55347 13 20 1 0 1
-6.467 0.97447 918.367 -3.14127 -0.103716 178.782 3.55818 13 21 1 0 1
-4.02538 -0.758462 918.367 -2.37804 -0.0135434 181.688 3.5436 13 22 1 0 1
-10.5473 -0.00517065 918.367 -4.23592 1.08252 179.679 3.55346 13 23 1 0 1
-4.13795 1.16513 918.367 -2.59124 0.785053 177.696 3.56385 13 24 1 0 1
-3.18628 0.647438 918.367 -1.75344 -0.896481 180.611 3.54898 13 25 1 0 1
-6.24586 -0.197449 918.367 -2.77305 -0.451261 180.478 3.54959 13 26 1 0 1
-7.61759 0.424869 918.367 -3.32558 -0.616671 183.588 3.53429 13 27 1 0 1
-7.15893 0.0185945 918.367 -2.82941 0.295231 181.641 3.5438 13 28 1 0 1
-4.67792 -2.35027 918.367 -2.21115 -1.40396 177.958 3.56249 13 29 1 0 1
-6.3887 -0.389474 918.367 -2.99538 -0.184725 181.154 3.54619 13 30 1 0 1
-7.0928 0.11034 918.367 -2.70261 -1.89974 178.972 3.55719 13 31 1 0 1
-5.77258 -2.33838 918.367 -2.32178 0.0724996 179.109 3.55656 13 32 1 0 1
-9.65893 0.824401 918.367 -3.45204 0.0444773 181.508 3.5444 13 33 1 0 1
-11.4297 -0.264559 918.367 -3.88042 0.282031 181.08 3.54648 13 34 1 0 1
-10.8775 -1.33067 918.367 -3.04457 -0.847704 181.202 3.54594 13 35 1 0 1
-1.39094 -0.223991 918.367 -0.703499 -0.938275 180.34 3.55037 13 36 1 0 1
-8.19183 1.32415 918.367 -3.62871 0.0567665 181.851 3.54269 13 37 1 0 1
-3.28971 0.87754 918.367 -3.06805 0.889836 179.493 3.55453 13 38 1 0 1
-5.86156 0.530787 918.367 -2.89187 -0.177198 177.227 3.5663 13 39 1 0 1
-1.0576 -0.804709 918.367 -0.814263 0.753698 177.35 3.56576 13 40 1 0 1
-9.19283 -0.923548 918.367 -4.38669 -1.14789 179.945 3.55209 13 41 1 0 1
-2.05385 -0.892054 918.367 -1.36555 -1.25927 182.799 3.5382 13 42 1 0 1
-8.96206 1.3663 918.367 -3.72284 1.53395 179.782 3.55298 13 43 1 0 1
-3.88064 1.25401 918.367 -1.88416 -0.33135 178.153 3.56152 13 44 1 0 1
-8.33186 -0.271522 918.367 -4.43518 -1.12959 178.602 3.55895 13 45 1 0 1
-8.86438 1.21344 918.367 -3.85261 -0.109499 179.484 3.55451 13 46 1 0 1
0.63006 0.851884 918.367 0.506593 1.45277 180.564 3.54923 13 47 1 0 1
-4.11853 0.00109617 918.367 -1.77997 -0.662932 182.378 3.54024 13 48 1 0 1
-5.07286 1.26338 918.367 -2.78418 -1.17661 178.765 3.55828 13 49 1 0 1
-9.73211 -1.59922 918.367 -3.0565 0.876548 181.896 3.54251 13 50 1 0 1
-2.28252 -0.00916323 918.367 -0.963338 0.150238 178.933 3.55753 13 51 1 0 1
-5.46413 0.452564 918.367 -3.46101 -0.0397321 181.768 3.54312 13 52 1 0 1
-6.1448 0.966716 918.367 -1.83324 0.419644 177.027 3.56743 13 53 1 0 1
-3.50518 -0.0569772 918.367 -2.12934 -0.627324 181.436 3.54485 13 54 1 0 1
-7.17057 -0.42354 918.367 -2.37357 1.24446 181.641 3.54381 13 55 1 0 1
-4.8269 -1.254 918.367 -1.51538 0.617705 179.781 3.55317 13 56 1 0 1
-2.19549 0.470674 918.367 -1.15342 1.83782 178.832 3.558 13 57 1 0 1
0.293957 -1.89351 918.367 -0.311978 0.233509 178.424 3.56017 13 58 1 0 1
-7.07839 0.579649 918.367 -2.76854 -0.622798 181.177 3.54609 13 59 1 0 1
-6.03316 0.334722 918.367 -3.32141 -0.510903 176.217 3.57163 13 60 1 0 1
-7.73638 -0.379514 918.367 -4.18548 0.241664 183.445 3.5349 13 61 1 0 1
-0.41519 -0.991014 918.367 -0.46586 -1.90753 181.231 3.54588 13 62 1 0 1
-11.5852 0.73034 918.367 -4.83896 -0.444121 178.303 3.56045 13 63 1 0 1
-5.47042 -0.0958019 918.367 -2.51396 -0.646291 179.63 3.55389 13 64 1 0 1
-3.14397 0.0159482 918.367 -1.11765 -0.694841 178.46 3.55996 13 65 1 0 1
-1.71813 0.456181 918.367 -2.295 -0.876896 175.316 3.57657 13 66 1 0 1
-7.4539 0.2325 918.367 -3.47913 -1.32453 179.84 3.55272 13 67 1 0 1
-8.71742 0.196281 918.367 -2.53075 -0.808106 178.717 3.55856 13 68 1 0 1
-8.6858 -0.460005 918.367 -4.8293 1.10945 180.456 3.54946 13 69 1 0 1
-6.72131 1.89953 918.367 -2.66129 0.754056 181.846 3.54279 13 70 1 0 1
-3.24947 0.713204 918.367 -0.58348 -1.36996 183.272 3.53593 13 71 1 0 1
-8.88102 -1.87637 918.367 -3.24566 -0.184506 178.624 3.55898 13 72 1 0 1
-5.41218 -0.0484101 918.367 -2.64579 0.574758 180.805 3.54796 13 73 1 0 1
-6.62805 -0.295004 918.367 -3.24933 -0.162493 181.391 3.545 13 74 1 0 1
-6.59874 0.0498556 918.367 -2.31913 0.490772 179.787 3.5531 13 75 1 0 1
-6.38742 -0.129446 918.367 -2.69859 -0.135156 177.714 3.56376 13 76 1 0 1
-6.49343 -0.197389 918.367 -3.43413 -0.341008 180.771 3.54806 13 77 1 0 1
-4.28001 -0.804066 918.367 -0.684086 -0.038996 181.33 3.54544 13 78 1 0 1
-4.39961 1.43887 918.367 -0.283978 0.799291 179.311 3.5556 13 79 1 0 1
-2.3573 0.385065 918.367 -0.545777 -0.41393 180.317 3.5505 13 80 1 0 1
-9.86254 0.514215 918.367 -4.72567 0.0114888 182.917 3.53738 13 81 1 0 1
-8.14111 -0.0407385 918.367 -4.1353 0.857287 181.265 3.54553 13 82 1 0 1
-4.35821 0.732401 918.367 -2.50932 -0.474926 179.6 3.55404 13 83 1 0 1
-12.6662 0.0950811 918.367 -6.33102 0.172594 184.563 3.5293 13 84 1 0 1
-4.34469 -0.072906 918.367 -2.36262 -0.760647 177.882 3.5629 13 85 1 0 1
-6.24682 0.581978 918.367 -2.89219 -0.893658 180.018 3.55188 13 86 1 0 1
-8.10318 0.0309147 918.367 -3.78597 -0.16179 179.522 3.55433 13 87 1 0 1
-8.63082 0.0546475 918.367 -3.00774 0.486174 177.339 3.5657 13 88 1 0 1
-5.92121 0.543002 918.367 -1.32034 0.534134 181.014 3.54699 13 89 1 0 1
-5.90982 1.68361 918.367 -2.40018 1.10192 180.909 3.54744 13 90 1 0 1
-9.72651 -1.54811 918.367 -3.65383 0.162387 181.368 3.54507 13 91 1 0 1
-9.90941 0.545639 918.367 -3.03266 0.0348319 176.802 3.56854 13 92 1 0 1
-1.20066 -1.15463 918.367 0.133647 0.506236 180.056 3.55182 13 93 1 0 1
-6.25435 1.23452 918.367 -3.09725 -0.570559 182.069 3.54167 13 94 1 0 1
-2.36208 -0.83986 918.367 -0.703075 0.84083 179.85 3.55284 13 95 1 0 1
-5.62363 -0.935972 918.367 -2.70381 1.25597 179.934 3.55231 13 96 1 0 1
-5.53143 -0.64756 918.367 -2.19318 0.0565871 181.249 3.54578 13 97 1 0 1
-7.02759 -0.0957606 918.367 -2.87343 0.514605 175.077 3.57783 13 98 1 0 1
-2.99251 0.29191 918.367 -1.30525 1.18066 180.257 3.55076 13 99 1 0 1
-2.0041 0.420176 918.367 -0.709678 0.243854 181.1 3.54658 13 100 1 0 1
-6.36126 -0.0446413 918.367 -2.22095 0.114646 181.308 3.54548 13 101 1 0 1
-7.25765 -0.211974 918.367 -2.64672 1.0584 178.645 3.55891 13 102 1 0 1
-2.70426 0.129919 918.367 -1.09252 0.38658 180.938 3.54737 13 103 1 0 1
-3.20708 0.972122 918.367 -2.78847 0.243091 180.197 3.551 13 104 1 0 1
-10.7526 0.27242 918.367 -3.17601 0.591215 181.056 3.54666 13 105 1 0 1
-12.6339 0.555816 918.367 -5.65319 -1.02037 181.614 3.54359 13 106 1 0 1
-7.53277 -0.966907 918.367 -3.16538 -0.394883 182.099 3.54152 13 107 1 0 1
-2.7502 -0.361851 918.367 -1.32865 -1.66307 180.023 3.55193 13 108 1 0 1
-9.34927 0.286474 918.367 -4.03948 0.635276 181.002 3.54685 13 109 1 0 1
-8.52077 1.29132 918.367 -3.177 -1.39013 179.999 3.55194 13 110 1 0 1
-6.99266 -0.718859 918.367 -2.75019 -1.11128 181.189 3.54602 13 111 1 0 1
-4.94735 1.08816 918.367 -1.69517 -0.575604 179.973 3.5522 13 112 1 0 1
-3.3953 0.270799 918.367 -1.97589 0.0367257 182.73 3.53853 13 113 1 0 1
-9.60682 -0.180116 918.367 -3.82419 -1.80623 181.365 3.54503 13 114 1 0 1
-4.03399 1.67497 918.367 -1.72235 1.37672 182.445 3.5399 13 115 1 0 1
-3.28992 1.13986 918.367 -0.490717 1.25651 179.168 3.55631 13 116 1 0 1
-5.94377 -0.925029 918.367 -2.35398 0.104541 180.028 3.55188 13 117 1 0 1
-1.71005 0.376935 918.367 -0.686794 -0.245838 179.581 3.55422 13 118 1 0 1
-3.14378 1.38388 918.367 -1.45346 0.369696 181.376 3.54519 13 119 1 0 1
-5.8836 -0.748767 918.367 -2.22353 0.557692 179.35 3.55533 13 120 1 0 1
-6.4641 1.75718 918.367 -3.05763 -0.461368 178.705 3.55858 13 121 1 0 1
-4.16643 -0.298348 918.367 -3.48702 1.47232 180.266 3.55056 13 122 1 0 1
-6.11755 0.333626 918.367 -2.86719 0.18429 180.072 3.55162 13 123 1 0 1
-9.42134 0.0690104 918.367 -2.85143 0.687508 178.119 3.56163 13 124 1 0 1
-2.42585 0.597472 918.367 -1.43031 0.508483 181.336 3.54538 13 125 1 0 1
-6.50362 -1.20204 918.367 -3.09078 0.0942599 179.919 3.55238 13 126 1 0 1
-7.60714 0.651556 918.367 -2.90764 0.0710126 178.396 3.56019 13 127 1 0 1
-6.62162 0.170295 918.367 -3.95912 0.433302 179.685 3.55348 13 128 1 0 1
-10.2799 -0.664709 918.367 -4.5895 -0.698396 179.911 3.55225 13 129 1 0 1
-7.03322 0.657134 918.367 -1.89652 -1.11881 176.838 3.56842 13 130 1 0 1
-8.21056 0.278853 918.367 -3.38202 -0.349787 177.269 3.56603 13 131 1 0 1
-4.33608 -0.832545 918.367 -2.72513 0.453801 177.531 3.56471 13 132 1 0 1
-2.09096 0.233264 918.367 -1.10145 -1.3356 180.434 3.54988 13 133 1 0 1
-12.8698 0.507953 918.367 -5.21837 0.527223 180.911 3.54715 13 134 1 0 1
-3.66863 0.189193 918.367 -0.847614 -0.227575 177.645 3.56422 13 135 1 0 1
-5.67173 -0.13716 918.367 -2.09549 -0.359795 179.833 3.55289 13 136 1 0 1
-4.19912 -0.426672 918.367 -2.45787 -1.09765 181.503 3.54449 13 137 1 0 1
-3.63264 1.24062 918.367 -1.59222 -0.599444 179.303 3.5556 13 138 1 0 1
-5.57682 0.133704 918.367 -2.48884 1.16778 178.762 3.55831 13 139 1 0 1
-7.74766 0.19129 918.367 -2.63533 1.55532 180.443 3.54974 13 140 1 0 1
-3.72613 -0.4984 918.367 -2.14502 0.220717 180.847 3.54778 13 141 1 0 1
-1.71356 0.730865 918.367 -0.321012 0.00894478 179.707 3.55359 13 142 1 0 1
-7.25648 1.40473 918.367 -2.68818 -0.249492 178.744 3.55841 13 143 1 0 1
-13.3422 0.147498 918.367 -5.37077 -0.015099 181.764 3.54291 13 144 1 0 1
-3.60781 0.634719 918.367 -0.268808 -0.485604 181.122 3.54647 13 145 1 0 1
-13.5799 0.777866 918.367 -5.95497 -0.207995 180.566 3.54876 13 146 1 0 1
-11.6436 -2.9289 918.367 -4.26353 0.327041 181.412 3.54479 13 147 1 0 1
-4.22634 -0.177682 918.367 -2.36405 -1.68642 179.518 3.55443 13 148 1 0 1
-4.98083 0.599642 918.367 -1.62282 0.48946 180.058 3.55177 13 149 1 0 1
-6.22972 0.351054 918.367 -2.55687 -0.720943 179.725 3.5534 13 150 1 0 1
-5.58047 -0.189905 979.592 -1.96778 0.185888 178.315 3.79806 13 1 1 0 1
-5.41039 0.735721 979.592 -2.26206 -0.369568 180.433 3.7865 13 2 1 0 1
-7.93157 1.30469 979.592 -2.54497 1.27019 180.889 3.78403 13 3 1 0 1
-9.25803 -0.153523 979.592 -1.92246 1.38308 179.142 3.79349 13 4 1 0 1
-7.75259 -0.726988 979.592 -2.36045 -0.382364 180.54 3.78593 13 5 1 0 1
-8.37047 -0.120793 979.592 -2.23884 -1.37286 182.136 3.77748 13 6 1 0 1
-5.01038 0.028517 979.592 -1.147 0.2733 181.134 3.78283 13 7 1 0 1
-7.77057 -0.111851 979.592 -2.16936 0.773044 182.183 3.77725 13 8 1 0 1
-3.86868 -1.41565 979.592 -1.31871 -0.27619 180.082 3.78844 13 9 1 0 1
-12.1331 0.0209847 979.592 -2.61828 0.25201 178.51 3.79694 13 10 1 0 1
-8.40458 1.21165 979.592 -2.56133 1.11559 181.183 3.78247 13 11 1 0 1
-9.12502 -0.0238764 979.592 -3.52543 -0.28245 177.626 3.80175 13 12 1 0 1
-9.08658 -0.919822 979.592 -2.43474 0.395509 178.241 3.79843 13 13 1 0 1
-4.25278 -0.537394 979.592 -2.00111 1.63864 180.412 3.78659 13 14 1 0 1
-11.242 -1.48571 979.592 -3.77147 1.5772 180.597 3.78546 13 15 1 0 1
-4.81985 0.599458 979.592 -0.878558 -0.802665 180.279 3.78739 13 16 1 0 1
-7.30235 -0.0249039 979.592 -2.4857 -1.26941 180.912 3.78391 13 17 1 0 1
-9.35792 0.369246 979.592 -2.03897 -1.03807 180.939 3.7838 13 18 1 0 1
-0.417693 -1.83321 979.592 0.21173 -0.586372 179.668 3.7907 13 19 1 0 1
-10.8056 -0.0875605 979.592 -2.60625 -1.27095 179.706 3.79037 13 20 1 0 1
-7.45525 0.933461 979.592 -2.61804 -0.135561 178.79 3.79539 13 21 1 0 1
-4.7717 -0.758691 979.592 -2.04202 0.0121857 181.692 3.77984 13 22 1 0 1
-11.8493 0.363019 979.592 -3.39012 1.07662 179.697 3.79036 13 23 1 0 1
-4.97389 1.42845 979.592 -2.25086 0.742056 177.701 3.80144 13 24 1 0 1
-3.73728 0.340429 979.592 -1.49053 -0.913146 180.613 3.78557 13 25 1 0 1
-7.1025 -0.349116 979.592 -2.2666 -0.442071 180.485 3.78623 13 26 1 0 1
-8.62425 0.217184 979.592 -2.69877 -0.627708 183.598 3.76991 13 27 1 0 1
-8.01678 0.117811 979.592 -2.24992 0.292931 181.649 3.78005 13 28 1 0 1
-5.37543 -2.81896 979.592 -1.83503 -1.31814 177.963 3.79999 13 29 1 0 1
-7.31482 -0.449565 979.592 -2.47352 -0.170545 181.162 3.78261 13 30 1 0 1
-7.92247 -0.538935 979.592 -2.13766 -1.89266 178.98 3.79433 13 31 1 0 1
-6.48884 -2.30031 979.592 -1.86007 0.150053 179.114 3.79367 13 32 1 0 1
-10.6945 0.834673 979.592 -2.67545 0.0163708 181.521 3.78069 13 33 1 0 1
-12.5896 -0.167874 979.592 -2.96618 0.289368 181.097 3.78291 13 34 1 0 1
-11.7624 -1.60895 979.592 -2.18214 -0.798041 181.215 3.78234 13 35 1 0 1
-1.61092 -0.540647 979.592 -0.589674 -0.925407 180.341 3.78706 13 36 1 0 1
-9.30329 1.33567 979.592 -2.95995 0.01162 181.863 3.77887 13 37 1 0 1
-4.28956 1.17548 979.592 -2.78208 0.855463 179.498 3.7915 13 38 1 0 1
-6.78117 0.466661 979.592 -2.42084 -0.193705 177.234 3.80406 13 39 1 0 1
-1.32394 -0.540424 979.592 -0.725456 0.775966 177.351 3.80348 13 40 1 0 1
-10.5611 -1.3081 979.592 -3.63963 -1.11051 179.962 3.7889 13 41 1 0 1
-2.48293 -1.30793 979.592 -1.19118 -1.22174 182.801 3.77408 13 42 1 0 1
-10.1096 1.8799 979.592 -3.00214 1.47959 179.796 3.78985 13 43 1 0 1
-4.47564 1.1332 979.592 -1.57117 -0.371052 178.156 3.79896 13 44 1 0 1
-9.73894 -0.656459 979.592 -3.75689 -1.11422 178.618 3.79621 13 45 1 0 1
-10.0593 1.16924 979.592 -3.13869 -0.149427 179.498 3.79148 13 46 1 0 1
0.793021 1.33868 979.592 0.452565 1.41586 180.565 3.78585 13 47 1 0 1
-4.66072 -0.221034 979.592 -1.44333 -0.659199 182.381 3.77626 13 48 1 0 1
-5.9573 0.853968 979.592 -2.36966 -1.21198 178.771 3.79549 13 49 1 0 1
-10.6317 -1.29562 979.592 -2.27781 0.925754 181.908 3.77868 13 50 1 0 1
-2.58147 0.0421975 979.592 -0.780344 0.149687 178.933 3.7947 13 51 1 0 1
-6.55487 0.436625 979.592 -3.00178 -0.0548206 181.776 3.77933 13 52 1 0 1
-6.69735 1.10606 979.592 -1.35526 0.385404 177.031 3.80526 13 53 1 0 1
-4.17571 -0.267937 979.592 -1.83635 -0.621833 181.439 3.78118 13 54 1 0 1
-7.87528 -0.00246059 979.592 -1.799 1.25173 181.648 3.78006 13 55 1 0 1
-5.27888 -1.03689 979.592 -1.13339 0.656157 179.784 3.79005 13 56 1 0 1
-2.56055 1.09599 979.592 -0.974593 1.81169 178.833 3.79519 13 57 1 0 1
0.183595 -1.80274 979.592 -0.329893 0.295066 178.424 3.79751 13 58 1 0 1
-7.91922 0.366283 979.592 -2.1973 -0.638822 181.185 3.7825 13 59 1 0 1
-7.10488 0.155644 979.592 -2.83476 -0.518993 176.225 3.80974 13 60 1 0 1
-9.02813 -0.296848 979.592 -3.5391 0.253264 183.458 3.77056 13 61 1 0 1
-0.566575 -1.62855 979.592 -0.42845 -1.86322 181.231 3.78228 13 62 1 0 1
-13.0911 0.573965 979.592 -3.91432 -0.465888 178.326 3.79782 13 63 1 0 1
-6.25349 -0.315117 979.592 -2.07122 -0.639422 179.635 3.79081 13 64 1 0 1
-3.48547 -0.22207 979.592 -0.868901 -0.691413 178.461 3.79729 13 65 1 0 1
-2.49415 0.147928 979.592 -2.13975 -0.886791 175.317 3.81501 13 66 1 0 1
-8.53771 -0.21889 979.592 -2.8746 -1.32484 179.851 3.78957 13 67 1 0 1
-9.46895 -0.081152 979.592 -1.84743 -0.810065 178.725 3.79579 13 68 1 0 1
-10.2059 -0.0816876 979.592 -4.11289 1.11868 180.474 3.78609 13 69 1 0 1
-7.52733 2.14209 979.592 -2.11657 0.685484 181.854 3.77898 13 70 1 0 1
-3.40191 0.252351 979.592 -0.327168 -1.38648 183.272 3.77166 13 71 1 0 1
-9.8749 -1.92879 979.592 -2.54139 -0.121072 178.635 3.79625 13 72 1 0 1
-6.23489 0.146121 979.592 -2.20308 0.573128 180.811 3.78449 13 73 1 0 1
-7.63514 -0.348063 979.592 -2.70547 -0.151612 181.4 3.78133 13 74 1 0 1
-7.30053 0.21638 979.592 -1.79376 0.486321 179.793 3.78998 13 75 1 0 1
-7.23126 -0.175182 979.592 -2.18979 -0.130108 177.721 3.80134 13 76 1 0 1
-7.56831 -0.311538 979.592 -2.8998 -0.332439 180.78 3.7846 13 77 1 0 1
-4.45513 -0.812622 979.592 -0.351042 -0.0116333 181.331 3.7818 13 78 1 0 1
-4.43977 1.70306 979.592 0.0492887 0.746707 179.311 3.79264 13 79 1 0 1
-2.51161 0.242591 979.592 -0.361178 -0.424495 180.317 3.7872 13 80 1 0 1
-11.3111 0.51512 979.592 -3.91173 -0.00608598 182.936 3.7732 13 81 1 0 1
-9.42754 0.248503 979.592 -3.46597 0.853838 181.279 3.78189 13 82 1 0 1
-5.1541 0.566632 979.592 -2.15015 -0.496716 179.604 3.79098 13 83 1 0 1
-14.5951 0.151684 979.592 -5.27405 0.168374 184.596 3.76458 13 84 1 0 1
-5.0987 -0.333797 979.592 -2.00947 -0.753913 177.886 3.80043 13 85 1 0 1
-7.14618 0.275302 979.592 -2.38534 -0.9081 180.026 3.78867 13 86 1 0 1
-9.28496 -0.0243338 979.592 -3.12984 -0.161912 179.535 3.79128 13 87 1 0 1
-9.55414 0.221864 979.592 -2.32979 0.481625 177.349 3.80341 13 88 1 0 1
-6.28998 0.720221 979.592 -0.85559 0.512799 181.017 3.78345 13 89 1 0 1
-6.64288 2.04622 979.592 -1.92275 1.03897 180.916 3.78394 13 90 1 0 1
-10.83 -1.48457 979.592 -2.87013 0.213743 181.382 3.78141 13 91 1 0 1
-10.8281 0.554565 979.592 -2.26189 0.0166768 176.814 3.80644 13 92 1 0 1
-1.14002 -0.976237 979.592 0.222263 0.542048 180.056 3.7886 13 93 1 0 1
-7.21125 1.03598 979.592 -2.58186 -0.60917 182.076 3.77778 13 94 1 0 1
-2.57012 -0.54938 979.592 -0.516561 0.864154 179.851 3.7897 13 95 1 0 1
-6.46762 -0.504088 979.592 -2.24643 1.2802 179.94 3.78913 13 96 1 0 1
-6.1982 -0.624788 979.592 -1.74621 0.0781142 181.254 3.78217 13 97 1 0 1
-7.93805 0.0844009 979.592 -2.32262 0.514814 175.085 3.81636 13 98 1 0 1
-3.39559 0.690496 979.592 -1.06314 1.16414 180.258 3.78748 13 99 1 0 1
-2.2173 0.500063 979.592 -0.548934 0.2283 181.1 3.78302 13 100 1 0 1
-7.02649 -0.0057463 979.592 -1.71063 0.115503 181.314 3.78185 13 101 1 0 1
-8.06781 0.151277 979.592 -2.07115 1.05946 178.652 3.79617 13 102 1 0 1
-3.03769 0.259737 979.592 -0.874076 0.380002 180.939 3.78387 13 103 1 0 1
-4.10934 1.04901 979.592 -2.51132 0.209101 180.201 3.78773 13 104 1 0 1
-11.6842 0.470407 979.592 -2.32202 0.578703 181.069 3.78311 13 105 1 0 1
-14.3695 0.20932 979.592 -4.62276 -1.03351 181.644 3.77983 13 106 1 0 1
-8.49592 -1.09391 979.592 -2.5518 -0.359875 182.108 3.77762 13 107 1 0 1
-3.16488 -0.924311 979.592 -1.10476 -1.64148 180.024 3.78872 13 108 1 0 1
-10.59 0.499315 979.592 -3.28091 0.622053 181.017 3.7833 13 109 1 0 1
-9.48754 0.812025 979.592 -2.49558 -1.42555 180.01 3.78873 13 110 1 0 1
-7.82835 -1.08955 979.592 -2.18565 -1.08074 181.197 3.78242 13 111 1 0 1
-5.45814 0.886513 979.592 -1.30144 -0.608786 179.976 3.78901 13 112 1 0 1
-4.01098 0.281536 979.592 -1.69135 0.0273055 182.733 3.77443 13 113 1 0 1
-10.7691 -0.787666 979.592 -3.04742 -1.78999 181.38 3.78136 13 114 1 0 1
-4.55779 2.12653 979.592 -1.39278 1.31201 182.448 3.77589 13 115 1 0 1
-3.41472 1.56192 979.592 -0.238138 1.21134 179.169 3.7934 13 116 1 0 1
-6.66471 -0.884268 979.592 -1.87677 0.134948 180.034 3.78868 13 117 1 0 1
-1.92128 0.291131 979.592 -0.549679 -0.257037 179.582 3.79117 13 118 1 0 1
-3.59201 1.50054 979.592 -1.19659 0.320868 181.378 3.78153 13 119 1 0 1
-6.56398 -0.55448 979.592 -1.75417 0.579525 179.355 3.79235 13 120 1 0 1
-7.42432 1.58939 979.592 -2.53589 -0.517212 178.713 3.79582 13 121 1 0 1
-5.29228 0.202453 979.592 -3.12862 1.47398 180.272 3.78727 13 122 1 0 1
-7.0098 0.394262 979.592 -2.37025 0.172063 180.079 3.7884 13 123 1 0 1
-10.2765 0.304484 979.592 -2.11383 0.681338 178.129 3.79907 13 124 1 0 1
-2.87561 0.765417 979.592 -1.22819 0.485419 181.338 3.78174 13 125 1 0 1
-7.46751 -1.16316 979.592 -2.56237 0.133986 179.928 3.7892 13 126 1 0 1
-8.50326 0.672164 979.592 -2.30345 0.0489734 178.405 3.79754 13 127 1 0 1
-7.87997 0.316683 979.592 -3.41145 0.425162 179.696 3.79037 13 128 1 0 1
-11.7033 -0.898132 979.592 -3.75831 -0.672224 179.93 3.78907 13 129 1 0 1
-7.59687 0.266772 979.592 -1.35257 -1.13409 176.843 3.80631 13 130 1 0 1
-9.26839 0.156685 979.592 -2.7307 -0.357016 177.28 3.80377 13 131 1 0 1
-5.21628 -0.671593 979.592 -2.36863 0.478739 177.536 3.80236 13 132 1 0 1
-2.4363 -0.220397 979.592 -0.9297 -1.33582 180.435 3.78653 13 133 1 0 1
-14.4633 0.68314 979.592 -4.17927 0.507186 180.938 3.78362 13 134 1 0 1
-3.91249 0.109831 979.592 -0.564445 -0.232534 177.647 3.80183 13 135 1 0 1
-6.30939 -0.258638 979.592 -1.6425 -0.353161 179.837 3.78975 13 136 1 0 1
-4.97084 -0.793793 979.592 -2.10797 -1.077 181.508 3.78079 13 137 1 0 1
-4.12743 1.02925 979.592 -1.29968 -0.63744 179.306 3.79264 13 138 1 0 1
-6.3541 0.532135 979.592 -2.04046 1.15671 178.768 3.79553 13 139 1 0 1
-8.53869 0.716915 979.592 -2.0175 1.54009 180.451 3.78639 13 140 1 0 1
-4.40145 -0.420977 979.592 -1.836 0.236241 180.85 3.7843 13 141 1 0 1
-1.80049 0.729738 979.592 -0.188231 -0.0155549 179.707 3.79049 13 142 1 0 1
-8.0803 1.31143 979.592 -2.11187 -0.294821 178.752 3.79564 13 143 1 0 1
-14.9725 0.141581 979.592 -4.28931 -0.0200066 181.793 3.7791 13 144 1 0 1
-3.65204 0.467263 979.592 0.00767089 -0.504235 181.122 3.78291 13 145 1 0 1
-15.4163 0.703038 979.592 -4.85498 -0.232997 180.598 3.78535 13 146 1 0 1
-12.9271 -2.80204 979.592 -3.32666 0.424127 181.431 3.78111 13 147 1 0 1
-4.97498 -0.750724 979.592 -2.01678 -1.6709 179.523 3.79139 13 148 1 0 1
-5.46643 0.762334 979.592 -1.22732 0.466578 180.062 3.78855 13 149 1 0 1
-7.01715 0.103925 979.592 -2.05635 -0.728601 179.732 3.79029 13 150 1 0 1
-6.18169 -0.125119 1040.82 -1.52682 0.191135 178.319 4.03544 13 1 1 0 1
-6.10532 0.606362 1040.82 -1.82522 -0.392181 180.438 4.02316 13 2 1 0 1
-8.68759 1.72635 1040.82 -1.91295 1.21906 180.897 4.02053 13 3 1 0 1
-9.79358 0.319145 1040.82 -1.20489 1.38036 179.148 4.03058 13 4 1 0 1
-8.45026 -0.852262 1040.82 -1.74545 -0.355765 180.547 4.02255 13 5 1 0 1
-9.01254 -0.58071 1040.82 -1.5732 -1.36098 182.143 4.01357 13 6 1 0 1
-5.33219 0.120556 1040.82 -0.753107 0.270783 181.136 4.01925 13 7 1 0 1
-8.39688 0.148082 1040.82 -1.55009 0.772454 182.189 4.01333 13 8 1 0 1
-4.26551 -1.5013 1040.82 -1.01072 -0.227163 180.084 4.02522 13 9 1 0 1
-12.8717 0.107134 1040.82 -1.67986 0.249891 178.521 4.03424 13 10 1 0 1
-9.15865 1.58099 1040.82 -1.89232 1.06842 181.192 4.01887 13 11 1 0 1
-10.218 -0.12091 1040.82 -2.8032 -0.280069 177.639 4.03936 13 12 1 0 1
-9.80285 -0.77898 1040.82 -1.72689 0.423791 178.249 4.03583 13 13 1 0 1
-4.87446 0.0206994 1040.82 -1.6549 1.64737 180.416 4.02326 13 14 1 0 1
-12.371 -0.943568 1040.82 -2.87508 1.61829 180.613 4.02205 13 15 1 0 1
-5.05515 0.323965 1040.82 -0.504239 -0.81821 180.28 4.0241 13 16 1 0 1
-8.04637 -0.45354 1040.82 -1.90192 -1.26138 180.919 4.0204 13 17 1 0 1
-9.92495 0.0165558 1040.82 -1.3054 -1.04462 180.946 4.02029 13 18 1 0 1
-0.340497 -2.02219 1040.82 0.240373 -0.521717 179.668 4.02762 13 19 1 0 1
-11.5512 -0.51924 1040.82 -1.76158 -1.26085 179.717 4.02727 13 20 1 0 1
-8.25236 0.881804 1040.82 -2.02763 -0.165861 178.798 4.0326 13 21 1 0 1
-5.39569 -0.750265 1040.82 -1.65363 0.0377768 181.696 4.01608 13 22 1 0 1
-12.8475 0.727067 1040.82 -2.45719 1.05843 179.712 4.02726 13 23 1 0 1
-5.68232 1.67548 1040.82 -1.85275 0.690592 177.706 4.03903 13 24 1 0 1
-4.19248 0.0295361 1040.82 -1.1894 -0.919394 180.615 4.02217 13 25 1 0 1
-7.77705 -0.4968 1040.82 -1.70199 -0.427836 180.491 4.02287 13 26 1 0 1
-9.40981 0.00702195 1040.82 -2.00268 -0.631581 183.607 4.00553 13 27 1 0 1
-8.66911 0.215683 1040.82 -1.61268 0.287287 181.655 4.01631 13 28 1 0 1
-5.93513 -3.2555 1040.82 -1.41184 -1.21727 177.967 4.03749 13 29 1 0 1
-8.05342 -0.504527 1040.82 -1.88819 -0.154418 181.169 4.01902 13 30 1 0 1
-8.54903 -1.18206 1040.82 -1.51785 -1.86398 178.986 4.03148 13 31 1 0 1
-7.03875 -2.236 1040.82 -1.35064 0.225898 179.118 4.03077 13 32 1 0 1
-11.456 0.835423 1040.82 -1.83013 -0.0119264 181.532 4.01699 13 33 1 0 1
-13.4267 -0.069275 1040.82 -1.97568 0.293398 181.111 4.01934 13 34 1 0 1
-12.3457 -1.86889 1040.82 -1.26362 -0.739252 181.224 4.01873 13 35 1 0 1
-1.78961 -0.851135 1040.82 -0.46073 -0.901981 180.341 4.02375 13 36 1 0 1
-10.1763 1.33196 1040.82 -2.2152 -0.0336648 181.874 4.01505 13 37 1 0 1
-5.17945 1.46 1040.82 -2.42477 0.811332 179.504 4.02847 13 38 1 0 1
-7.52694 0.397213 1040.82 -1.8877 -0.208004 177.241 4.04181 13 39 1 0 1
-1.55634 -0.269974 1040.82 -0.618051 0.789383 177.351 4.04119 13 40 1 0 1
-11.6587 -1.67772 1040.82 -2.79908 -1.06045 179.977 4.02571 13 41 1 0 1
-2.84835 -1.70888 1040.82 -0.986277 -1.17028 182.802 4.00996 13 42 1 0 1
-10.9979 2.37205 1040.82 -2.20433 1.40833 179.808 4.02671 13 43 1 0 1
-4.95591 0.999463 1040.82 -1.21788 -0.406522 178.159 4.03639 13 44 1 0 1
-10.8963 -1.03391 1040.82 -2.98214 -1.08613 178.633 4.03347 13 45 1 0 1
-10.9964 1.1117 1040.82 -2.34417 -0.187655 179.51 4.02844 13 46 1 0 1
0.935652 1.81021 1040.82 0.386936 1.36279 180.565 4.02246 13 47 1 0 1
-5.08343 -0.440643 1040.82 -1.06968 -0.647944 182.383 4.01228 13 48 1 0 1
-6.68901 0.434816 1040.82 -1.89435 -1.23352 178.776 4.03271 13 49 1 0 1
-11.2588 -0.977246 1040.82 -1.44059 0.964389 181.916 4.01485 13 50 1 0 1
-2.81425 0.0930769 1040.82 -0.577342 0.147429 178.934 4.03187 13 51 1 0 1
-7.47756 0.415706 1040.82 -2.46556 -0.069285 181.784 4.01554 13 52 1 0 1
-7.0782 1.23279 1040.82 -0.842506 0.346763 177.034 4.04309 13 53 1 0 1
-4.73919 -0.47584 1040.82 -1.49627 -0.609248 181.442 4.0175 13 54 1 0 1
-8.37809 0.418647 1040.82 -1.17825 1.24471 181.653 4.01632 13 55 1 0 1
-5.59553 -0.807953 1040.82 -0.72232 0.687123 179.786 4.02693 13 56 1 0 1
-2.85995 1.70879 1040.82 -0.770777 1.76488 178.835 4.03239 13 57 1 0 1
0.0685262 -1.6914 1040.82 -0.339352 0.353257 178.424 4.03485 13 58 1 0 1
-8.55703 0.148738 1040.82 -1.56967 -0.647555 181.191 4.01891 13 59 1 0 1
-7.99446 -0.0252106 1040.82 -2.27538 -0.521162 176.233 4.04785 13 60 1 0 1
-10.0884 -0.210795 1040.82 -2.80188 0.261975 183.471 4.00622 13 61 1 0 1
-0.703435 -2.24751 1040.82 -0.380056 -1.79766 181.232 4.01867 13 62 1 0 1
-14.2615 0.411043 1040.82 -2.88904 -0.482336 178.346 4.03518 13 63 1 0 1
-6.87624 -0.530837 1040.82 -1.57535 -0.625255 179.64 4.02774 13 64 1 0 1
-3.73761 -0.457555 1040.82 -0.597868 -0.680097 178.462 4.03462 13 65 1 0 1
-3.20623 -0.162013 1040.82 -1.92964 -0.886573 175.32 4.05345 13 66 1 0 1
-9.40266 -0.667783 1040.82 -2.19628 -1.31002 179.86 4.02641 13 67 1 0 1
-9.97773 -0.357659 1040.82 -1.11668 -0.802772 178.731 4.03303 13 68 1 0 1
-11.4644 0.297562 1040.82 -3.29087 1.11515 180.491 4.02272 13 69 1 0 1
-8.14038 2.36022 1040.82 -1.51753 0.609082 181.86 4.01517 13 70 1 0 1
-3.46713 -0.21138 1040.82 -0.0624663 -1.38719 183.272 4.00739 13 71 1 0 1
-10.6156 -1.9592 1040.82 -1.77185 -0.0562484 178.645 4.03351 13 72 1 0 1
-6.89777 0.338986 1040.82 -1.70385 0.564958 180.816 4.02102 13 73 1 0 1
-8.44649 -0.397151 1040.82 -2.09218 -0.139001 181.408 4.01766 13 74 1 0 1
-7.81516 0.380437 1040.82 -1.22236 0.476318 179.798 4.02685 13 75 1 0 1
-7.88972 -0.218919 1040.82 -1.6248 -0.123575 177.727 4.03893 13 76 1 0 1
-8.44917 -0.422133 1040.82 -2.29106 -0.320074 180.789 4.02114 13 77 1 0 1
-4.51604 -0.811907 1040.82 -0.00899486 0.0158624 181.332 4.01816 13 78 1 0 1
-4.3661 1.94782 1040.82 0.381292 0.685602 179.311 4.02968 13 79 1 0 1
-2.60152 0.0973494 1040.82 -0.167319 -0.430217 180.318 4.0239 13 80 1 0 1
-12.4697 0.510149 1040.82 -2.99729 -0.0235948 182.954 4.00903 13 81 1 0 1
-10.4723 0.53491 1040.82 -2.70765 0.840642 181.292 4.01826 13 82 1 0 1
-5.81786 0.394399 1040.82 -1.73585 -0.512839 179.609 4.02791 13 83 1 0 1
-16.1497 0.206557 1040.82 -4.0814 0.162228 184.626 3.99987 13 84 1 0 1
-5.722 -0.590879 1040.82 -1.60478 -0.738578 177.89 4.03795 13 85 1 0 1
-7.86233 -0.0345138 1040.82 -1.81729 -0.912179 180.032 4.02547 13 86 1 0 1
-10.2287 -0.0793047 1040.82 -2.39336 -0.160185 179.546 4.02824 13 87 1 0 1
-10.2325 0.386549 1040.82 -1.59202 0.471575 177.357 4.04113 13 88 1 0 1
-6.4975 0.889225 1040.82 -0.368887 0.48561 181.018 4.01992 13 89 1 0 1
-7.20563 2.38548 1040.82 -1.396 0.964167 180.921 4.02043 13 90 1 0 1
-11.6558 -1.40409 1040.82 -2.0127 0.262664 181.394 4.01775 13 91 1 0 1
-11.4691 0.557166 1040.82 -1.433 -0.0016709 176.823 4.04434 13 92 1 0 1
-1.05015 -0.786707 1040.82 0.30518 0.571676 180.056 4.02539 13 93 1 0 1
-7.98327 0.825625 1040.82 -2.00024 -0.640834 182.084 4.01389 13 94 1 0 1
-2.71227 -0.252632 1040.82 -0.316802 0.877619 179.851 4.02656 13 95 1 0 1
-7.14579 -0.0664535 1040.82 -1.73143 1.28982 179.945 4.02596 13 96 1 0 1
-6.70607 -0.594889 1040.82 -1.25444 0.098751 181.258 4.01855 13 97 1 0 1
-8.64501 0.2636 1040.82 -1.7122 0.509148 175.092 4.05488 13 98 1 0 1
-3.71161 1.0812 1040.82 -0.79377 1.13434 180.26 4.0242 13 99 1 0 1
-2.37366 0.574245 1040.82 -0.374117 0.21014 181.101 4.01946 13 100 1 0 1
-7.51158 0.0332142 1040.82 -1.15641 0.115041 181.318 4.01822 13 101 1 0 1
-8.67115 0.512802 1040.82 -1.44241 1.04842 178.658 4.03343 13 102 1 0 1
-3.29325 0.386592 1040.82 -0.633219 0.369088 180.94 4.02036 13 103 1 0 1
-4.90625 1.11394 1040.82 -2.16977 0.172725 180.206 4.02446 13 104 1 0 1
-12.3162 0.663028 1040.82 -1.40835 0.559576 181.078 4.01955 13 105 1 0 1
-15.7368 -0.139564 1040.82 -3.4734 -1.03484 181.669 4.01607 13 106 1 0 1
-9.24126 -1.20843 1040.82 -1.87272 -0.320755 182.117 4.01372 13 107 1 0 1
-3.49842 -1.47623 1040.82 -0.852544 -1.60116 180.026 4.02552 13 108 1 0 1
-11.5592 0.706461 1040.82 -2.43807 0.601725 181.03 4.01976 13 109 1 0 1
-10.2111 0.323461 1040.82 -1.75008 -1.4447 180.019 4.02553 13 110 1 0 1
-8.46335 -1.44781 1040.82 -1.565 -1.03786 181.204 4.01883 13 111 1 0 1
-5.82901 0.674753 1040.82 -0.874315 -0.635023 179.979 4.02582 13 112 1 0 1
-4.52382 0.289062 1040.82 -1.36345 0.0175736 182.736 4.01033 13 113 1 0 1
-11.6553 -1.38623 1040.82 -2.19235 -1.75331 181.393 4.0177 13 114 1 0 1
-4.96475 2.55384 1040.82 -1.02749 1.23232 182.451 4.01189 13 115 1 0 1
-3.45197 1.96615 1040.82 0.0205478 1.15234 179.169 4.03049 13 116 1 0 1
-7.21479 -0.83342 1040.82 -1.3514 0.163816 180.038 4.02547 13 117 1 0 1
-2.08325 0.202006 1040.82 -0.398471 -0.265304 179.582 4.02812 13 118 1 0 1
-3.94815 1.60009 1040.82 -0.90904 0.268378 181.379 4.01788 13 119 1 0 1
-7.07608 -0.353868 1040.82 -1.23981 0.594746 179.359 4.02938 13 120 1 0 1
-8.1942 1.40347 1040.82 -1.94908 -0.567158 178.72 4.03306 13 121 1 0 1
-6.28244 0.700945 1040.82 -2.68999 1.45884 180.279 4.02397 13 122 1 0 1
-7.72236 0.450401 1040.82 -1.81249 0.157871 180.086 4.02517 13 123 1 0 1
-10.8682 0.536484 1040.82 -1.32194 0.667385 178.137 4.03651 13 124 1 0 1
-3.25164 0.92463 1040.82 -0.994573 0.456817 181.339 4.0181 13 125 1 0 1
-8.23997 -1.11103 1040.82 -1.9682 0.172187 179.935 4.02603 13 126 1 0 1
-9.18137 0.685105 1040.82 -1.64014 0.026373 178.412 4.03489 13 127 1 0 1
-8.93631 0.459458 1040.82 -2.77624 0.412169 179.707 4.02727 13 128 1 0 1
-12.8266 -1.12131 1040.82 -2.83055 -0.638369 179.948 4.02588 13 129 1 0 1
-7.96576 -0.126634 1040.82 -0.773914 -1.13642 176.846 4.0442 13 130 1 0 1
-10.0886 0.0327287 1040.82 -2.00926 -0.36017 177.29 4.0415 13 131 1 0 1
-5.96276 -0.502981 1040.82 -1.95137 0.498217 177.541 4.04001 13 132 1 0 1
-2.71918 -0.671544 1040.82 -0.734112 -1.32081 180.436 4.02319 13 133 1 0 1
-15.686 0.850535 1040.82 -3.03264 0.481345 180.961 4.0201 13 134 1 0 1
-4.05603 0.0292156 1040.82 -0.266801 -0.234841 177.647 4.03944 13 135 1 0 1
-6.7853 -0.377166 1040.82 -1.14737 -0.342496 179.841 4.02661 13 136 1 0 1
-5.61512 -1.15186 1040.82 -1.704 -1.04407 181.512 4.01709 13 137 1 0 1
-4.51641 0.806134 1040.82 -0.973804 -0.668165 179.307 4.02968 13 138 1 0 1
-6.96848 0.924495 1040.82 -1.53973 1.13243 178.773 4.03275 13 139 1 0 1
-9.11082 1.23436 1040.82 -1.34789 1.50728 180.458 4.02304 13 140 1 0 1
-4.96392 -0.338752 1040.82 -1.4799 0.24907 180.854 4.02082 13 141 1 0 1
-1.84127 0.720286 1040.82 -0.0506244 -0.0398771 179.707 4.0274 13 142 1 0 1
-8.69697 1.20316 1040.82 -1.48134 -0.336787 178.758 4.03286 13 143 1 0 1
-16.219 0.134048 1040.82 -3.09745 -0.0246868 181.817 4.0153 13 144 1 0 1
-3.60265 0.294476 1040.82 0.283953 -0.517112 181.122 4.01934 13 145 1 0 1
-16.8576 0.620191 1040.82 -3.63001 -0.255343 180.627 4.02193 13 146 1 0 1
-13.8791 -2.6432 1040.82 -2.30424 0.516385 181.447 4.01743 13 147 1 0 1
-5.59607 -1.3152 1040.82 -1.6178 -1.63632 179.527 4.02835 13 148 1 0 1
-5.81188 0.91633 1040.82 -0.800327 0.438371 180.064 4.02534 13 149 1 0 1
-7.6247 -0.144389 1040.82 -1.50307 -0.727945 179.737 4.02718 13 150 1 0 1
-6.62443 -0.0589055 1102.04 -1.04668 0.194202 178.323 4.27281 13 1 1 0 1
-6.64372 0.470086 1102.04 -1.34156 -0.41032 180.443 4.25981 13 2 1 0 1
-9.2209 2.12831 1102.04 -1.23183 1.15402 180.904 4.25703 13 3 1 0 1
-10.0781 0.788172 1102.04 -0.456371 1.36188 179.152 4.26767 13 4 1 0 1
-8.93131 -0.967813 1102.04 -1.08563 -0.325102 180.552 4.25917 13 5 1 0 1
-9.42356 -1.034 1102.04 -0.867154 -1.33357 182.148 4.24966 13 6 1 0 1
-5.51731 0.21122 1102.04 -0.339892 0.265175 181.137 4.25568 13 7 1 0 1
-8.80793 0.406326 1102.04 -0.891039 0.763045 182.194 4.24941 13 8 1 0 1
-4.55298 -1.56982 1102.04 -0.676816 -0.175542 180.086 4.26199 13 9 1 0 1
-13.2804 0.192061 1102.04 -0.698229 0.244915 178.527 4.27155 13 10 1 0 1
-9.67794 1.93231 1102.04 -1.17473 1.00903 181.198 4.25528 13 11 1 0 1
-11.049 -0.216565 1102.04 -2.00898 -0.27449 177.65 4.27697 13 12 1 0 1
-10.2678 -0.629251 1102.04 -0.974686 0.447235 178.255 4.27324 13 13 1 0 1
-5.37117 0.578556 1102.04 -1.26626 1.63731 180.419 4.25992 13 14 1 0 1
-13.1828 -0.390658 1102.04 -1.90477 1.6409 180.626 4.25864 13 15 1 0 1
-5.16087 0.0447756 1102.04 -0.116987 -0.824418 180.281 4.26081 13 16 1 0 1
-8.5841 -0.877003 1102.04 -1.26933 -1.23895 180.925 4.2569 13 17 1 0 1
-10.2375 -0.336323 1102.04 -0.53831 -1.03924 180.95 4.25678 13 18 1 0 1
-0.254572 -2.1881 1102.04 0.262853 -0.451111 179.668 4.26454 13 19 1 0 1
-12.0007 -0.944997 1102.04 -0.87164 -1.23633 179.723 4.26417 13 20 1 0 1
-8.83792 0.820088 1102.04 -1.38518 -0.19427 178.804 4.26982 13 21 1 0 1
-5.88135 -0.733281 1102.04 -1.22282 0.062938 181.699 4.25232 13 22 1 0 1
-13.5164 1.08282 1102.04 -1.46107 1.02813 179.723 4.26415 13 23 1 0 1
-6.24508 1.9034 1102.04 -1.40712 0.631244 177.71 4.27662 13 24 1 0 1
-4.54019 -0.281694 1102.04 -0.857771 -0.915153 180.617 4.25877 13 25 1 0 1
-8.25223 -0.638817 1102.04 -1.0937 -0.408715 180.496 4.2595 13 26 1 0 1
-9.95414 -0.203221 1102.04 -1.25516 -0.628242 183.614 4.24115 13 27 1 0 1
-9.09919 0.311095 1102.04 -0.934032 0.278363 181.66 4.25256 13 28 1 0 1
-6.34268 -3.6549 1102.04 -0.95242 -1.1025 177.971 4.27499 13 29 1 0 1
-8.58555 -0.553734 1102.04 -1.25439 -0.136527 181.175 4.25543 13 30 1 0 1
-8.95642 -1.81171 1102.04 -0.859067 -1.81401 178.991 4.26862 13 31 1 0 1
-7.40822 -2.14618 1102.04 -0.806553 0.299168 179.122 4.26788 13 32 1 0 1
-11.9237 0.826644 1102.04 -0.937774 -0.04009 181.539 4.25328 13 33 1 0 1
-13.9196 0.0301147 1102.04 -0.934347 0.294074 181.119 4.25577 13 34 1 0 1
-12.6125 -2.1075 1102.04 -0.312598 -0.672007 181.228 4.25513 13 35 1 0 1
-1.92241 -1.15191 1102.04 -0.319974 -0.868267 180.342 4.26044 13 36 1 0 1
-10.7883 1.31305 1102.04 -1.41355 -0.0785697 181.882 4.25123 13 37 1 0 1
-5.93656 1.72788 1102.04 -2.00528 0.757943 179.509 4.26544 13 38 1 0 1
-8.07974 0.323233 1102.04 -1.30612 -0.219929 177.246 4.27956 13 39 1 0 1
-1.74884 0.00355576 1102.04 -0.4948 0.793795 177.351 4.27891 13 40 1 0 1
-12.4574 -2.02821 1102.04 -1.8866 -0.998258 179.989 4.26251 13 41 1 0 1
-3.14076 -2.09034 1102.04 -0.756082 -1.10546 182.804 4.24584 13 42 1 0 1
-11.6043 2.83715 1102.04 -1.34988 1.32097 179.817 4.26358 13 43 1 0 1
-5.30912 0.854326 1102.04 -0.833363 -0.437354 178.161 4.27382 13 44 1 0 1
-11.7744 -1.39956 1102.04 -2.13078 -1.04563 178.645 4.27073 13 45 1 0 1
-11.6515 1.04148 1102.04 -1.48941 -0.223744 179.519 4.26541 13 46 1 0 1
1.0543 2.26109 1102.04 0.311386 1.29418 180.566 4.25908 13 47 1 0 1
-5.37581 -0.655225 1102.04 -0.668586 -0.629295 182.385 4.24829 13 48 1 0 1
-7.24924 0.0107026 1102.04 -1.37045 -1.24099 178.781 4.26993 13 49 1 0 1
-11.5973 -0.64772 1102.04 -0.566352 0.992006 181.921 4.25102 13 50 1 0 1
-2.97487 0.142895 1102.04 -0.359537 0.143488 178.935 4.26904 13 51 1 0 1
-8.20856 0.390044 1102.04 -1.86607 -0.0829599 181.791 4.25174 13 52 1 0 1
-7.27759 1.34545 1102.04 -0.308131 0.304163 177.036 4.28092 13 53 1 0 1
-5.18117 -0.678314 1102.04 -1.11782 -0.58971 181.445 4.25382 13 54 1 0 1
-8.66612 0.834978 1102.04 -0.52726 1.22347 181.656 4.25257 13 55 1 0 1
-5.76873 -0.569796 1102.04 -0.292725 0.710248 179.787 4.26381 13 56 1 0 1
-3.08604 2.30211 1102.04 -0.547198 1.69794 178.836 4.26959 13 57 1 0 1
-0.0482993 -1.56077 1102.04 -0.34011 0.407419 178.424 4.2722 13 58 1 0 1
-8.97546 -0.0705026 1102.04 -0.90174 -0.648895 181.196 4.25531 13 59 1 0 1
-8.67908 -0.205777 1102.04 -1.6576 -0.517383 176.24 4.28595 13 60 1 0 1
-10.8901 -0.122338 1102.04 -1.9927 0.267695 183.482 4.24188 13 61 1 0 1
-0.822261 -2.84083 1102.04 -0.321919 -1.7116 181.233 4.25506 13 62 1 0 1
-15.0662 0.243432 1102.04 -1.78941 -0.49327 178.36 4.27254 13 63 1 0 1
-7.32271 -0.740501 1102.04 -1.03905 -0.603952 179.644 4.26466 13 64 1 0 1
-3.89393 -0.68782 1102.04 -0.311503 -0.661021 178.463 4.27195 13 65 1 0 1
-3.83611 -0.470105 1102.04 -1.67007 -0.876243 175.323 4.29189 13 66 1 0 1
-10.0265 -1.10906 1102.04 -1.46157 -1.28025 179.868 4.26326 13 67 1 0 1
-10.2307 -0.630087 1102.04 -0.35724 -0.786308 178.734 4.27027 13 68 1 0 1
-12.429 0.673416 1102.04 -2.3843 1.09888 180.505 4.25935 13 69 1 0 1
-8.54474 2.55142 1102.04 -0.87954 0.525722 181.864 4.25135 13 70 1 0 1
-3.44347 -0.672701 1102.04 0.203837 -1.37206 183.272 4.24312 13 71 1 0 1
-11.0842 -1.96727 1102.04 -0.956782 0.009224 178.651 4.27078 13 72 1 0 1
-7.38381 0.527983 1102.04 -1.16091 0.550339 180.821 4.25755 13 73 1 0 1
-9.0413 -0.441708 1102.04 -1.42518 -0.124801 181.415 4.254 13 74 1 0 1
-8.12944 0.540153 1102.04 -0.619585 0.460876 179.801 4.26372 13 75 1 0 1
-8.34592 -0.260159 1102.04 -1.01811 -0.11563 177.732 4.27651 13 76 1 0 1
-9.11342 -0.527913 1102.04 -1.62352 -0.304055 180.796 4.25768 13 77 1 0 1
-4.46118 -0.80193 1102.04 0.333283 0.0431771 181.331 4.25452 13 78 1 0 1
-4.1805 2.17036 1102.04 0.703518 0.616675 179.31 4.26672 13 79 1 0 1
-2.62474 -0.0490025 1102.04 0.0308308 -0.431031 180.318 4.2606 13 80 1 0 1
-13.3086 0.499359 1102.04 -2.00579 -0.0408369 182.967 4.24485 13 81 1 0 1
-11.2485 0.815214 1102.04 -1.87979 0.817844 181.302 4.25463 13 82 1 0 1
-6.33246 0.217666 1102.04 -1.27702 -0.523111 179.612 4.26485 13 83 1 0 1
-17.2904 0.259073 1102.04 -2.78361 0.154224 184.65 4.23515 13 84 1 0 1
-6.19861 -0.841222 1102.04 -1.15893 -0.714813 177.894 4.27548 13 85 1 0 1
-8.37692 -0.343936 1102.04 -1.2026 -0.905846 180.038 4.26226 13 86 1 0 1
-10.9102 -0.133371 1102.04 -1.5954 -0.156629 179.555 4.26519 13 87 1 0 1
-10.6486 0.546824 1102.04 -0.813353 0.456138 177.362 4.27884 13 88 1 0 1
-6.53844 1.04809 1102.04 0.127281 0.452878 181.019 4.25638 13 89 1 0 1
-7.58366 2.69754 1102.04 -0.833416 0.878349 180.925 4.25693 13 90 1 0 1
-12.1828 -1.3076 1102.04 -1.10353 0.308589 181.401 4.25409 13 91 1 0 1
-11.8162 0.55341 1102.04 -0.567286 -0.0200009 176.827 4.28225 13 92 1 0 1
-0.933362 -0.588202 1102.04 0.380274 0.594782 180.056 4.26218 13 93 1 0 1
-8.55063 0.605849 1102.04 -1.36727 -0.665183 182.089 4.25001 13 94 1 0 1
-2.78489 0.0469975 1102.04 -0.108921 0.881072 179.851 4.26341 13 95 1 0 1
-7.64077 0.371939 1102.04 -1.17199 1.28472 179.95 4.26278 13 96 1 0 1
-7.04201 -0.558203 1102.04 -0.730484 0.118261 181.261 4.25494 13 97 1 0 1
-9.13034 0.439791 1102.04 -1.05782 0.497667 175.097 4.2934 13 98 1 0 1
-3.93248 1.45958 1102.04 -0.504046 1.0916 180.261 4.26092 13 99 1 0 1
-2.46917 0.641876 1102.04 -0.189707 0.189584 181.101 4.2559 13 100 1 0 1
-7.8041 0.0717959 1102.04 -0.572519 0.113265 181.321 4.25458 13 101 1 0 1
-9.05219 0.868477 1102.04 -0.77665 1.02541 178.663 4.27069 13 102 1 0 1
-3.46438 0.509037 1102.04 -0.376126 0.353963 180.941 4.25685 13 103 1 0 1
-5.57739 1.16616 1102.04 -1.77258 0.134376 180.21 4.2612 13 104 1 0 1
-12.6325 0.848085 1102.04 -0.458466 0.53405 181.083 4.256 13 105 1 0 1
-16.7007 -0.486855 1102.04 -2.23458 -1.02432 181.689 4.25231 13 106 1 0 1
-9.74968 -1.30916 1102.04 -1.14555 -0.277969 182.123 4.24983 13 107 1 0 1
-3.74227 -2.01131 1102.04 -0.578468 -1.54257 180.028 4.26231 13 108 1 0 1
-12.232 0.905548 1102.04 -1.53257 0.574518 181.04 4.25622 13 109 1 0 1
-10.6729 -0.168792 1102.04 -0.959628 -1.44734 180.024 4.26232 13 110 1 0 1
-8.88139 -1.78955 1102.04 -0.904185 -0.983135 181.208 4.25523 13 111 1 0 1
-6.05044 0.455296 1102.04 -0.424766 -0.654012 179.98 4.26263 13 112 1 0 1
-4.9207 0.29329 1102.04 -1.00058 0.00764089 182.738 4.24623 13 113 1 0 1
-12.2427 -1.96898 1102.04 -1.28094 -1.69659 181.402 4.25403 13 114 1 0 1
-5.24443 2.95201 1102.04 -0.635845 1.13857 182.454 4.24788 13 115 1 0 1
-3.40073 2.34796 1102.04 0.278708 1.08019 179.169 4.26758 13 116 1 0 1
-7.5799 -0.773064 1102.04 -0.791356 0.190816 180.042 4.26226 13 117 1 0 1
-2.19182 0.110577 1102.04 -0.237046 -0.270544 179.583 4.26506 13 118 1 0 1
-4.20308 1.68138 1102.04 -0.598178 0.212825 181.381 4.25423 13 119 1 0 1
-7.40677 -0.149218 1102.04 -0.69363 0.603178 179.362 4.2664 13 120 1 0 1
-8.75401 1.20154 1102.04 -1.31223 -0.610633 178.725 4.2703 13 121 1 0 1
-7.11155 1.19144 1102.04 -2.18236 1.42705 180.286 4.26068 13 122 1 0 1
-8.23694 0.501402 1102.04 -1.20822 0.141876 180.091 4.26195 13 123 1 0 1
-11.1813 0.762364 1102.04 -0.496073 0.645804 178.141 4.27396 13 124 1 0 1
-3.54432 1.0733 1102.04 -0.735456 0.423004 181.34 4.25446 13 125 1 0 1
-8.80118 -1.04621 1102.04 -1.32351 0.208424 179.941 4.26285 13 126 1 0 1
-9.62411 0.690231 1102.04 -0.934705 0.00346995 178.417 4.27223 13 127 1 0 1
-9.76355 0.596992 1102.04 -2.06976 0.394469 179.717 4.26417 13 128 1 0 1
-13.6211 -1.3317 1102.04 -1.82999 -0.597211 179.961 4.2627 13 129 1 0 1
-8.13044 -0.518595 1102.04 -0.17539 -1.12578 176.848 4.2821 13 130 1 0 1
-10.6502 -0.0916006 1102.04 -1.23622 -0.35921 177.297 4.27924 13 131 1 0 1
-6.55638 -0.32863 1102.04 -1.48407 0.512011 177.546 4.27766 13 132 1 0 1
-2.93236 -1.11503 1102.04 -0.5197 -1.29072 180.437 4.25985 13 133 1 0 1
-16.5066 1.00823 1102.04 -1.80789 0.44999 180.978 4.25658 13 134 1 0 1
-4.0956 -0.0517329 1102.04 0.0376847 -0.234468 177.647 4.27706 13 135 1 0 1
-7.08727 -0.491391 1102.04 -0.622803 -0.327921 179.844 4.26346 13 136 1 0 1
-6.11545 -1.49679 1102.04 -1.25633 -0.999214 181.516 4.25339 13 137 1 0 1
-4.7896 0.573825 1102.04 -0.622956 -0.691266 179.309 4.26672 13 138 1 0 1
-7.40421 1.30631 1102.04 -0.999493 1.09523 178.777 4.26998 13 139 1 0 1
-9.44938 1.73773 1102.04 -0.643661 1.45725 180.462 4.25969 13 140 1 0 1
-5.39914 -0.252662 1102.04 -1.08584 0.259058 180.856 4.25734 13 141 1 0 1
-1.83484 0.702618 1102.04 0.0882805 -0.0637445 179.707 4.26431 13 142 1 0 1
-9.09068 1.08117 1102.04 -0.812792 -0.37491 178.762 4.27009 13 143 1 0 1
-17.0496 0.124987 1102.04 -1.82578 -0.0290856 181.835 4.25149 13 144 1 0 1
-3.46089 0.11833 1102.04 0.552954 -0.524089 181.121 4.25577 13 145 1 0 1
-17.8666 0.530268 1102.04 -2.31149 -0.274772 180.649 4.25852 13 146 1 0 1
-14.4754 -2.45422 1102.04 -1.22254 0.602749 181.457 4.25375 13 147 1 0 1
-6.0737 -1.86468 1102.04 -1.17731 -1.58307 179.531 4.26531 13 148 1 0 1
-6.00835 1.05987 1102.04 -0.352806 0.405161 180.066 4.26212 13 149 1 0 1
-8.03677 -0.391056 1102.04 -0.911209 -0.718978 179.741 4.26408 13 150 1 0 1
-6.89735 0.00798012 1163.27 -0.539696 0.195052 178.325 4.51019 13 1 1 0 1
-7.01181 0.328447 1163.27 -0.823475 -0.423777 180.446 4.49647 13 2 1 0 1
-9.51782 2.50599 1163.27 -0.519067 1.07579 180.908 4.49353 13 3 1 0 1
-10.1042 1.24821 1163.27 0.303875 1.32783 179.152 4.50476 13 4 1 0 1
-9.18338 -1.07232 1163.27 -0.397942 -0.290725 180.555 4.49579 13 5 1 0 1
-9.59299 -1.4755 1163.27 -0.138842 -1.29092 182.15 4.48575 13 6 1 0 1
-5.56098 0.299474 1163.27 0.0820411 0.256541 181.138 4.49211 13 7 1 0 1
-8.99317 0.659935 1163.27 -0.209104 0.744921 182.196 4.48549 13 8 1 0 1
-4.72374 -1.62043 1163.27 -0.32555 -0.121918 180.087 4.49877 13 9 1 0 1
-13.3486 0.274797 1163.27 0.301364 0.237137 178.529 4.50886 13 10 1 0 1
-9.94911 2.26157 1163.27 -0.426961 0.938122 181.202 4.49168 13 11 1 0 1
-11.5968 -0.309749 1163.27 -1.16313 -0.265775 177.657 4.51458 13 12 1 0 1
-10.4695 -0.472344 1163.27 -0.197444 0.46557 178.258 4.51064 13 13 1 0 1
-5.73019 1.12981 1163.27 -0.845138 1.60856 180.422 4.49658 13 14 1 0 1
-13.6567 0.166708 1163.27 -0.88547 1.64475 180.634 4.49523 13 15 1 0 1
-5.13427 -0.234924 1163.27 0.273266 -0.821218 180.281 4.49752 13 16 1 0 1
-8.90177 -1.29046 1163.27 -0.604144 -1.20237 180.929 4.49339 13 17 1 0 1
-10.2877 -0.685366 1163.27 0.242614 -1.02199 180.95 4.49327 13 18 1 0 1
-0.162121 -2.32905 1163.27 0.278595 -0.375359 179.668 4.50146 13 19 1 0 1
-12.1425 -1.35997 1163.27 0.0407144 -1.19768 179.726 4.50107 13 20 1 0 1
-9.19691 0.749016 1163.27 -0.707156 -0.220462 178.808 4.50703 13 21 1 0 1
-6.21624 -0.707931 1163.27 -0.760648 0.0873816 181.702 4.48856 13 22 1 0 1
-13.8387 1.42622 1163.27 -0.42736 0.986075 179.729 4.50105 13 23 1 0 1
-6.64773 2.10961 1163.27 -0.925381 0.56469 177.714 4.51421 13 24 1 0 1
-4.77151 -0.58971 1163.27 -0.504142 -0.900469 180.618 4.49537 13 25 1 0 1
-8.51585 -0.773547 1163.27 -0.457327 -0.384926 180.498 4.49614 13 26 1 0 1
-10.2433 -0.411145 1163.27 -0.475403 -0.617725 183.617 4.47677 13 27 1 0 1
-9.29601 0.402958 1163.27 -0.231403 0.266259 181.662 4.48881 13 28 1 0 1
-6.58762 -4.01261 1163.27 -0.468565 -0.975145 177.974 4.51249 13 29 1 0 1
-8.89759 -0.596625 1163.27 -0.588393 -0.117075 181.178 4.49184 13 30 1 0 1
-9.13421 -2.42068 1163.27 -0.178224 -1.74333 178.994 4.50577 13 31 1 0 1
-7.58776 -2.03187 1163.27 -0.241766 0.369024 179.123 4.50498 13 32 1 0 1
-12.0858 0.808434 1163.27 -0.0213062 -0.0677967 181.541 4.48957 13 33 1 0 1
-14.0557 0.129161 1163.27 0.131032 0.291385 181.122 4.49221 13 34 1 0 1
-12.556 -2.32207 1163.27 0.646463 -0.597076 181.228 4.49153 13 35 1 0 1
-2.00593 -1.43955 1163.27 -0.171015 -0.824647 180.342 4.49713 13 36 1 0 1
-11.1238 1.27916 1163.27 -0.575572 -0.12258 181.886 4.48741 13 37 1 0 1
-6.54147 1.97604 1163.27 -1.53435 0.695902 179.514 4.50241 13 38 1 0 1
-8.4254 0.245565 1163.27 -0.691019 -0.229344 177.249 4.51732 13 39 1 0 1
-1.8965 0.277045 1163.27 -0.358865 0.789151 177.352 4.51663 13 40 1 0 1
-12.9367 -2.35556 1163.27 -0.925596 -0.924652 179.997 4.49932 13 41 1 0 1
-3.35264 -2.44795 1163.27 -0.506499 -1.02803 182.805 4.48172 13 42 1 0 1
-11.9132 3.26988 1163.27 -0.460719 1.21851 179.822 4.50044 13 43 1 0 1
-5.52622 0.699444 1163.27 -0.427465 -0.463196 178.163 4.51126 13 44 1 0 1
-12.3506 -1.74925 1163.27 -1.22465 -0.993171 178.654 4.508 13 45 1 0 1
-12.0079 0.959377 1163.27 -0.596374 -0.257278 179.525 4.50238 13 46 1 0 1
1.14591 2.68618 1163.27 0.227853 1.2108 180.566 4.49569 13 47 1 0 1
-5.53038 -0.862332 1163.27 -0.250346 -0.603465 182.387 4.48431 13 48 1 0 1
-7.62363 -0.413532 1163.27 -0.811377 -1.23429 178.785 4.50715 13 49 1 0 1
-11.6384 -0.310806 1163.27 0.322442 1.00829 181.921 4.48718 13 50 1 0 1
-3.05923 0.191082 1163.27 -0.132513 0.13791 178.935 4.50621 13 51 1 0 1
-8.72912 0.359933 1163.27 -1.21868 -0.0956885 181.797 4.48795 13 52 1 0 1
-7.29041 1.44276 1163.27 0.234152 0.25809 177.036 4.51875 13 53 1 0 1
-5.49033 -0.873051 1163.27 -0.710697 -0.563443 181.447 4.49015 13 54 1 0 1
-8.73198 1.24178 1163.27 0.137272 1.18827 181.657 4.48882 13 55 1 0 1
-5.79405 -0.325139 1163.27 0.144379 0.725266 179.787 4.50068 13 56 1 0 1
-3.23302 2.86916 1163.27 -0.309587 1.61164 178.838 4.50679 13 57 1 0 1
-0.163887 -1.41233 1163.27 -0.33215 0.456932 178.424 4.50954 13 58 1 0 1
-9.1638 -0.288939 1163.27 -0.210658 -0.642823 181.198 4.49172 13 59 1 0 1
-9.1412 -0.383996 1163.27 -0.997262 -0.507696 176.245 4.52406 13 60 1 0 1
-11.4126 -0.0324846 1163.27 -1.13232 0.270358 183.489 4.47754 13 61 1 0 1
-0.920007 -3.40174 1163.27 -0.255528 -1.60601 181.234 4.49145 13 62 1 0 1
-15.4847 0.0730435 1163.27 -0.643696 -0.498561 178.368 4.50991 13 63 1 0 1
-7.58145 -0.941719 1163.27 -0.476088 -0.575752 179.647 4.50159 13 64 1 0 1
-3.95043 -0.910239 1163.27 -0.0171494 -0.634402 178.463 4.50928 13 65 1 0 1
-4.36765 -0.772835 1163.27 -1.36766 -0.855916 175.325 4.53032 13 66 1 0 1
-10.3934 -1.53768 1163.27 -0.689312 -1.23585 179.873 4.50011 13 67 1 0 1
-10.2214 -0.895326 1163.27 0.411377 -0.760859 178.734 4.5075 13 68 1 0 1
-13.0749 1.04159 1163.27 -1.41641 1.07005 180.516 4.49599 13 69 1 0 1
-8.73004 2.71351 1163.27 -0.218965 0.436355 181.867 4.48754 13 70 1 0 1
-3.33152 -1.12635 1163.27 0.464914 -1.34129 183.272 4.47885 13 71 1 0 1
-11.2686 -1.95289 1163.27 -0.11713 0.0745942 178.653 4.50805 13 72 1 0 1
-7.68055 0.710958 1163.27 -0.588168 0.529437 180.824 4.49408 13 73 1 0 1
-9.40432 -0.481227 1163.27 -0.721594 -0.109176 181.419 4.49033 13 74 1 0 1
-8.23531 0.693708 1163.27 -0.000906056 0.440172 179.802 4.5006 13 75 1 0 1
-8.58815 -0.298431 1163.27 -0.385281 -0.106365 177.734 4.51409 13 76 1 0 1
-9.54404 -0.627671 1163.27 -0.914283 -0.284562 180.801 4.49421 13 77 1 0 1
-4.29195 -0.782806 1163.27 0.667013 0.0699989 181.331 4.49089 13 78 1 0 1
-3.88773 2.36814 1163.27 1.0077 0.540712 179.309 4.50376 13 79 1 0 1
-2.58067 -0.194795 1163.27 0.22819 -0.426927 180.317 4.4973 13 80 1 0 1
-13.8063 0.482871 1163.27 -0.96269 -0.0576141 182.976 4.48068 13 81 1 0 1
-11.7364 1.08622 1163.27 -1.00361 0.785697 181.309 4.491 13 82 1 0 1
-6.68473 0.0384512 1163.27 -0.785426 -0.527413 179.615 4.50179 13 83 1 0 1
-17.9878 0.308634 1163.27 -1.41405 0.144451 184.666 4.47044 13 84 1 0 1
-6.51631 -1.08197 1163.27 -0.68334 -0.68289 177.897 4.51301 13 85 1 0 1
-8.67676 -0.649435 1163.27 -0.557042 -0.889169 180.041 4.49905 13 86 1 0 1
-11.3121 -0.185916 1163.27 -0.756449 -0.151282 179.56 4.50215 13 87 1 0 1
-10.7917 0.700862 1163.27 -0.013786 0.435487 177.364 4.51656 13 88 1 0 1
-6.41176 1.19499 1163.27 0.620184 0.414977 181.018 4.49285 13 89 1 0 1
-7.76727 2.97882 1163.27 -0.249441 0.7825 180.927 4.49342 13 90 1 0 1
-12.3975 -1.19618 1163.27 -0.165984 0.350989 181.404 4.49043 13 91 1 0 1
-11.8603 0.543342 1163.27 0.313014 -0.0381028 176.828 4.52015 13 92 1 0 1
-0.792646 -0.382987 1163.27 0.445618 0.611103 180.055 4.49897 13 93 1 0 1
-8.89878 0.379162 1163.27 -0.699204 -0.681939 182.093 4.48612 13 94 1 0 1
-2.78611 0.346091 1163.27 0.101753 0.874473 179.852 4.50027 13 95 1 0 1
-7.93988 0.806088 1163.27 -0.582478 1.26496 179.953 4.4996 13 96 1 0 1
-7.19743 -0.51515 1163.27 -0.187785 0.136422 181.262 4.49132 13 97 1 0 1
-9.38161 0.610966 1163.27 -0.376283 0.480502 175.1 4.53192 13 98 1 0 1
-4.05254 1.8213 1163.27 -0.201396 1.0364 180.262 4.49763 13 99 1 0 1
-2.50138 0.702185 1163.27 -0.000433769 0.166864 181.101 4.49233 13 100 1 0 1
-7.89656 0.109559 1163.27 0.0260721 0.110196 181.322 4.49095 13 101 1 0 1
-9.20116 1.21425 1163.27 -0.0909415 0.99069 178.665 4.50795 13 102 1 0 1
-3.5467 0.625675 1163.27 -0.109387 0.3348 180.942 4.49334 13 103 1 0 1
-6.10554 1.20507 1163.27 -1.32993 0.0944929 180.214 4.49793 13 104 1 0 1
-12.6249 1.02347 1163.27 0.503212 0.502417 181.083 4.49244 13 105 1 0 1
-17.2364 -0.828593 1163.27 -0.938157 -1.00208 181.7 4.48855 13 106 1 0 1
-10.0082 -1.39496 1163.27 -0.388951 -0.232005 182.126 4.48593 13 107 1 0 1
-3.89019 -2.52344 1163.27 -0.289557 -1.46638 180.029 4.49911 13 108 1 0 1
-12.5913 1.09431 1163.27 -0.587657 0.540741 181.046 4.49267 13 109 1 0 1
-10.861 -0.65912 1163.27 -0.144518 -1.43345 180.027 4.49912 13 110 1 0 1
-9.07173 -2.11089 1163.27 -0.220147 -0.917176 181.211 4.49163 13 111 1 0 1
-6.11676 0.230644 1163.27 0.0356809 -0.665537 179.981 4.49945 13 112 1 0 1
-5.19142 0.294172 1163.27 -0.612041 -0.00237925 182.74 4.48213 13 113 1 0 1
-12.5163 -2.52927 1163.27 -0.336586 -1.62047 181.407 4.49037 13 114 1 0 1
-5.38965 3.31651 1163.27 -0.227888 1.03183 182.455 4.48387 13 115 1 0 1
-3.26231 2.70298 1163.27 0.529723 0.995723 179.169 4.50466 13 116 1 0 1
-7.7507 -0.70389 1163.27 -0.211 0.215638 180.043 4.49905 13 117 1 0 1
-2.24419 0.0178858 1163.27 -0.0695443 -0.272697 179.583 4.50201 13 118 1 0 1
-4.35025 1.74349 1163.27 -0.271974 0.154843 181.382 4.49057 13 119 1 0 1
-7.54759 0.057133 1163.27 -0.129652 0.604724 179.364 4.50342 13 120 1 0 1
-9.08939 0.985907 1163.27 -0.641702 -0.647137 178.729 4.50754 13 121 1 0 1
-7.75835 1.66834 1163.27 -1.61874 1.37898 180.293 4.49738 13 122 1 0 1
-8.54035 0.546683 1163.27 -0.572934 0.12426 180.094 4.49872 13 123 1 0 1
-11.2077 0.979547 1163.27 0.342543 0.616842 178.141 4.5114 13 124 1 0 1
-3.74613 1.20972 1163.27 -0.457479 0.384363 181.341 4.49082 13 125 1 0 1
-9.13676 -0.969463 1163.27 -0.644844 0.242283 179.945 4.49968 13 126 1 0 1
-9.82013 0.687482 1163.27 -0.205265 -0.0194737 178.419 4.50958 13 127 1 0 1
-10.3405 0.727716 1163.27 -1.31012 0.372263 179.724 4.50107 13 128 1 0 1
-14.0664 -1.52689 1163.27 -0.782352 -0.549218 179.968 4.49952 13 129 1 0 1
-8.08668 -0.904641 1163.27 0.427636 -1.10229 176.848 4.51999 13 130 1 0 1
-10.9387 -0.214885 1163.27 -0.43141 -0.354145 177.301 4.51698 13 131 1 0 1
-6.98191 -0.150531 1163.27 -0.978683 0.519962 177.549 4.5153 13 132 1 0 1
-3.07036 -1.5458 1163.27 -0.291963 -1.24592 180.437 4.49651 13 133 1 0 1
-16.904 1.15442 1163.27 -0.536543 0.413477 180.986 4.49305 13 134 1 0 1
-4.03017 -0.132091 1163.27 0.341204 -0.231419 177.647 4.51467 13 135 1 0 1
-7.20753 -0.60001 1163.27 -0.0822516 -0.309602 179.845 4.50032 13 136 1 0 1
-6.459 -1.82464 1163.27 -0.776423 -0.942956 181.519 4.48969 13 137 1 0 1
-4.94 0.33497 1163.27 -0.256131 -0.706479 179.31 4.50376 13 138 1 0 1
-7.65013 1.67322 1163.27 -0.433602 1.04553 178.78 4.5072 13 139 1 0 1
-9.5457 2.22127 1163.27 0.0770997 1.39058 180.464 4.49634 13 140 1 0 1
-5.69595 -0.16369 1163.27 -0.663926 0.266089 180.859 4.49386 13 141 1 0 1
-1.78137 0.676934 1163.27 0.224922 -0.0868846 179.707 4.50121 13 142 1 0 1
-9.25134 0.946841 1163.27 -0.123369 -0.408752 178.764 4.50732 13 143 1 0 1
-17.4432 0.114499 1163.27 -0.507032 -0.0331517 181.843 4.48768 13 144 1 0 1
-3.23041 -0.0591666 1163.27 0.807775 -0.525086 181.12 4.4922 13 145 1 0 1
-18.4176 0.434297 1163.27 -0.933336 -0.291056 180.661 4.4951 13 146 1 0 1
-14.7006 -2.23724 1163.27 -0.109363 0.682223 181.461 4.49007 13 147 1 0 1
-6.39562 -2.39288 1163.27 -0.706624 -1.51175 179.534 4.50228 13 148 1 0 1
-6.05077 1.19132 1163.27 0.103767 0.367325 180.066 4.49891 13 149 1 0 1
-8.2428 -0.633263 1163.27 -0.295959 -0.701801 179.743 4.50097 13 150 1 0 1
-6.99344 0.0747747 1224.49 -0.0188578 0.193676 178.326 4.74757 13 1 1 0 1
-7.20014 0.183061 1224.49 -0.284261 -0.432396 180.447 4.73313 13 2 1 0 1
-9.57074 2.85508 1224.49 0.207029 0.985273 180.909 4.73003 13 3 1 0 1
-9.87125 1.69401 1224.49 1.05632 1.27861 179.15 4.74186 13 4 1 0 1
-9.20003 -1.1646 1224.49 0.299968 -0.253027 180.555 4.73241 13 5 1 0 1
-9.51649 -1.90016 1224.49 0.59304 -1.23352 182.149 4.72184 13 6 1 0 1
-5.46208 0.384312 1224.49 0.50187 0.24498 181.137 4.72853 13 7 1 0 1
-8.94786 0.906015 1224.49 0.4782 0.718289 182.196 4.72156 13 8 1 0 1
-4.77339 -1.65256 1224.49 0.0340651 -0.0669017 180.087 4.73555 13 9 1 0 1
-13.0746 0.354399 1224.49 1.2932 0.226646 178.524 4.74617 13 10 1 0 1
-9.96522 2.56505 1224.49 0.331779 0.856491 181.202 4.72809 13 11 1 0 1
-11.8473 -0.399399 1224.49 -0.287386 -0.25402 177.661 4.75219 13 12 1 0 1
-10.4028 -0.310049 1224.49 0.584872 0.478586 178.257 4.74804 13 13 1 0 1
-5.9423 1.66818 1224.49 -0.402334 1.56146 180.424 4.73324 13 14 1 0 1
-13.7805 0.722173 1224.49 0.156614 1.62978 180.636 4.73182 13 15 1 0 1
-4.97605 -0.511944 1224.49 0.656509 -0.808646 180.28 4.73423 13 16 1 0 1
-8.99122 -1.6892 1224.49 0.0765531 -1.15206 180.93 4.72989 13 17 1 0 1
-10.0741 -1.02659 1224.49 1.01731 -0.993064 180.948 4.72976 13 18 1 0 1
-0.0655134 -2.44343 1224.49 0.287195 -0.295324 179.668 4.73838 13 19 1 0 1
-11.9731 -1.75944 1224.49 0.952025 -1.14534 179.724 4.73796 13 20 1 0 1
-9.32012 0.6694 1224.49 -0.010977 -0.244137 178.809 4.74424 13 21 1 0 1
-6.39176 -0.674506 1224.49 -0.278958 0.110828 181.703 4.7248 13 22 1 0 1
-13.8063 1.75336 1224.49 0.617354 0.932734 179.728 4.73795 13 23 1 0 1
-6.87996 2.29175 1224.49 -0.419901 0.491688 177.716 4.7518 13 24 1 0 1
-4.88051 -0.890999 1224.49 -0.137584 -0.87551 180.619 4.73197 13 25 1 0 1
-8.56115 -0.899452 1224.49 0.190783 -0.356741 180.499 4.73278 13 26 1 0 1
-10.2698 -0.614379 1224.49 0.316567 -0.60015 183.618 4.71239 13 27 1 0 1
-9.2545 0.490225 1224.49 0.477169 0.251113 181.662 4.72507 13 28 1 0 1
-6.66368 -4.32454 1224.49 0.0273166 -0.836655 177.975 4.74999 13 29 1 0 1
-8.98152 -0.632709 1224.49 0.0927152 -0.0962867 181.179 4.72826 13 30 1 0 1
-9.07782 -3.00204 1224.49 0.507202 -1.65273 178.994 4.74292 13 31 1 0 1
-7.57278 -1.89439 1224.49 0.329226 0.434667 179.123 4.74209 13 32 1 0 1
-11.9381 0.781002 1224.49 0.895709 -0.0947284 181.539 4.72587 13 33 1 0 1
-13.8314 0.226733 1224.49 1.19304 0.285362 181.118 4.72864 13 34 1 0 1
-12.1776 -2.51016 1224.49 1.5889 -0.51532 181.222 4.72792 13 35 1 0 1
-2.03803 -1.71077 1224.49 -0.0176705 -0.771619 180.342 4.73382 13 36 1 0 1
-11.1742 1.23068 1224.49 0.277194 -0.16519 181.887 4.72359 13 37 1 0 1
-6.97868 2.20166 1224.49 -1.02405 0.625915 179.518 4.73937 13 38 1 0 1
-8.55507 0.165097 1224.49 -0.0581736 -0.236139 177.251 4.75507 13 39 1 0 1
-1.99555 0.547374 1224.49 -0.213728 0.775505 177.352 4.75435 13 40 1 0 1
-13.0844 -2.65604 1224.49 0.0592182 -0.840466 180 4.73613 13 41 1 0 1
-3.47858 -2.77764 1224.49 -0.243928 -0.938874 182.806 4.7176 13 42 1 0 1
-11.9167 3.66531 1224.49 0.44029 1.10211 179.823 4.73731 13 43 1 0 1
-5.60165 0.536583 1224.49 -0.0106034 -0.483752 178.163 4.74869 13 44 1 0 1
-12.6102 -2.07899 1224.49 -0.287019 -0.929357 178.658 4.74526 13 45 1 0 1
-12.0565 0.866331 1224.49 0.312 -0.287872 179.525 4.73935 13 46 1 0 1
1.20815 3.08062 1224.49 0.138478 1.11361 180.567 4.73231 13 47 1 0 1
-5.54317 -1.0596 1224.49 0.174316 -0.570747 182.387 4.72033 13 48 1 0 1
-7.80258 -0.83305 1224.49 -0.23148 -1.2135 178.786 4.74437 13 49 1 0 1
-11.3812 0.029654 1224.49 1.20295 1.01304 181.917 4.72335 13 50 1 0 1
-3.06517 0.23709 1224.49 0.0979083 0.130759 178.935 4.74338 13 51 1 0 1
-9.02589 0.325716 1224.49 -0.540002 -0.107325 181.8 4.72416 13 52 1 0 1
-7.11633 1.52362 1224.49 0.770426 0.20907 177.035 4.75658 13 53 1 0 1
-5.65873 -1.05783 1224.49 -0.285344 -0.530745 181.448 4.72647 13 54 1 0 1
-8.57399 1.63443 1224.49 0.798282 1.13949 181.656 4.72508 13 55 1 0 1
-5.67082 -0.0767737 1224.49 0.577779 0.732007 179.786 4.73756 13 56 1 0 1
-3.29711 3.40349 1224.49 -0.0640347 1.50694 178.839 4.74399 13 57 1 0 1
-0.275272 -1.24778 1224.49 -0.315674 0.501233 178.424 4.74689 13 58 1 0 1
-9.11721 -0.50408 1224.49 0.485835 -0.629409 181.197 4.72812 13 59 1 0 1
-9.36898 -0.557835 1224.49 -0.311318 -0.492209 176.248 4.76217 13 60 1 0 1
-11.6425 0.057739 1224.49 -0.242837 0.26993 183.492 4.7132 13 61 1 0 1
-0.994168 -3.92385 1224.49 -0.182586 -1.4821 181.235 4.72785 13 62 1 0 1
-15.5062 -0.0981779 1224.49 0.518596 -0.498143 178.368 4.74727 13 63 1 0 1
-7.64583 -1.13219 1224.49 0.0990945 -0.540979 179.648 4.73851 13 64 1 0 1
-3.90565 -1.12227 1224.49 0.277644 -0.600545 178.463 4.74661 13 65 1 0 1
-4.78722 -1.06675 1224.49 -1.03019 -0.825823 175.328 4.76876 13 66 1 0 1
-10.4938 -1.94876 1224.49 0.100657 -1.17732 179.875 4.73696 13 67 1 0 1
-9.95009 -1.15035 1224.49 1.16943 -0.726719 178.731 4.74474 13 68 1 0 1
-13.3857 1.39788 1224.49 -0.412091 1.02897 180.521 4.73262 13 69 1 0 1
-8.69154 2.84465 1224.49 0.447234 0.342003 181.866 4.72372 13 70 1 0 1
-3.13417 -1.56714 1224.49 0.71407 -1.29521 183.272 4.71458 13 71 1 0 1
-11.1641 -1.91624 1224.49 0.725532 0.139112 178.652 4.74531 13 72 1 0 1
-7.78039 0.885822 1224.49 -0.000333229 0.50249 180.825 4.73061 13 73 1 0 1
-9.52626 -0.515256 1224.49 0.000527237 -0.0923025 181.42 4.72666 13 74 1 0 1
-8.13005 0.839349 1224.49 0.617796 0.414441 179.801 4.73747 13 75 1 0 1
-8.61022 -0.333299 1224.49 0.257441 -0.095885 177.735 4.75168 13 76 1 0 1
-9.72998 -0.720269 1224.49 -0.181568 -0.261817 180.803 4.73075 13 77 1 0 1
-4.01268 -0.754752 1224.49 0.983637 0.0960216 181.329 4.72725 13 78 1 0 1
-3.49529 2.5389 1224.49 1.28605 0.458581 179.308 4.7408 13 79 1 0 1
-2.47045 -0.338366 1224.49 0.419698 -0.417953 180.317 4.734 13 80 1 0 1
-13.9501 0.460876 1224.49 0.105184 -0.0737332 182.978 4.7165 13 81 1 0 1
-11.9234 1.34483 1224.49 -0.101638 0.744568 181.312 4.72737 13 82 1 0 1
-6.86562 -0.141203 1224.49 -0.273679 -0.525695 179.617 4.73872 13 83 1 0 1
-18.224 0.354674 1224.49 -0.00799944 0.133022 184.671 4.70573 13 84 1 0 1
-6.66695 -1.31037 1224.49 -0.19022 -0.64317 177.898 4.75053 13 85 1 0 1
-8.75416 -0.947526 1224.49 0.102823 -0.862337 180.042 4.73584 13 86 1 0 1
-11.4239 -0.23634 1224.49 0.101946 -0.144206 179.562 4.7391 13 87 1 0 1
-10.6581 0.846905 1224.49 0.786136 0.40986 177.363 4.75427 13 88 1 0 1
-6.12071 1.32826 1224.49 1.09718 0.37234 181.016 4.72932 13 89 1 0 1
-7.75176 3.22611 1224.49 0.340939 0.677715 180.927 4.72992 13 90 1 0 1
-12.2944 -1.07113 1224.49 0.775826 0.389376 181.403 4.72677 13 91 1 0 1
-11.6003 0.527075 1224.49 1.18527 -0.0557689 176.824 4.75805 13 92 1 0 1
-0.631609 -0.173404 1224.49 0.499539 0.620453 180.055 4.73575 13 93 1 0 1
-9.0188 0.14815 1224.49 -0.0131846 -0.690906 182.094 4.72223 13 94 1 0 1
-2.71591 0.641236 1224.49 0.309819 0.857898 179.851 4.73713 13 95 1 0 1
-8.03543 1.23104 1224.49 0.0219877 1.23075 179.954 4.73642 13 96 1 0 1
-7.16833 -0.466221 1224.49 0.359734 0.153026 181.262 4.72771 13 97 1 0 1
-9.39236 0.775171 1224.49 0.314921 0.457848 175.1 4.77044 13 98 1 0 1
-4.0687 2.16225 1224.49 0.10642 0.969382 180.263 4.73435 13 99 1 0 1
-2.46947 0.754484 1224.49 0.188851 0.142241 181.101 4.72877 13 100 1 0 1
-7.78657 0.146071 1224.49 0.623994 0.105869 181.321 4.72731 13 101 1 0 1
-9.11425 1.54616 1224.49 0.597104 0.944652 178.664 4.74522 13 102 1 0 1
-3.53809 0.735176 1224.49 0.160156 0.311817 180.942 4.72983 13 103 1 0 1
-6.47716 1.23024 1224.49 -0.853151 0.0535294 180.217 4.73466 13 104 1 0 1
-12.2937 1.18718 1224.49 1.45195 0.46504 181.078 4.72889 13 105 1 0 1
-17.3302 -1.16088 1224.49 0.382459 -0.96835 181.702 4.72479 13 106 1 0 1
-10.0101 -1.46485 1224.49 0.377636 -0.18339 182.126 4.72203 13 107 1 0 1
-3.93838 -3.00678 1224.49 0.00678155 -1.37346 180.03 4.7359 13 108 1 0 1
-12.6278 1.27058 1224.49 0.372367 0.50078 181.047 4.72913 13 109 1 0 1
-10.7707 -1.14193 1224.49 0.674308 -1.40318 180.026 4.73592 13 110 1 0 1
-9.02951 -2.40814 1224.49 0.469546 -0.84074 181.211 4.72803 13 111 1 0 1
-6.02627 0.00336172 1224.49 0.495212 -0.669465 179.98 4.73626 13 112 1 0 1
-5.32905 0.291698 1224.49 -0.207808 -0.0123724 182.741 4.71803 13 113 1 0 1
-12.4689 -3.06071 1224.49 0.616433 -1.52582 181.407 4.7267 13 114 1 0 1
-5.39671 3.64317 1224.49 0.185917 0.913309 182.456 4.71987 13 115 1 0 1
-3.04026 3.02717 1224.49 0.767157 0.899893 179.169 4.74175 13 116 1 0 1
-7.72279 -0.626686 1224.49 0.374771 0.237998 180.043 4.73585 13 117 1 0 1
-2.23903 -0.0750091 1224.49 0.0997407 -0.27174 179.583 4.73896 13 118 1 0 1
-4.3859 1.78571 1224.49 0.0612043 0.0950937 181.382 4.72692 13 119 1 0 1
-7.49491 0.262833 1224.49 0.437653 0.599365 179.363 4.74044 13 120 1 0 1
-9.19176 0.759025 1224.49 0.0453066 -0.676251 178.73 4.74478 13 121 1 0 1
-8.20625 2.12622 1224.49 -1.01356 1.31516 180.298 4.73408 13 122 1 0 1
-8.62482 0.585728 1224.49 0.0770626 0.105225 180.095 4.7355 13 123 1 0 1
-10.9469 1.18556 1224.49 1.17236 0.580831 178.138 4.74884 13 124 1 0 1
-3.85191 1.33234 1224.49 -0.16777 0.341337 181.342 4.72718 13 125 1 0 1
-9.23811 -0.881656 1224.49 0.0503838 0.273376 179.946 4.7365 13 126 1 0 1
-9.76438 0.676891 1224.49 0.529446 -0.0421952 178.419 4.74692 13 127 1 0 1
-10.6523 0.850139 1224.49 -0.516826 0.345801 179.728 4.73797 13 128 1 0 1
-14.1512 -1.70467 1224.49 0.285426 -0.494939 179.97 4.73633 13 129 1 0 1
-7.83561 -1.28037 1224.49 1.01969 -1.06621 176.845 4.75789 13 130 1 0 1
-10.9469 -0.335718 1224.49 0.384483 -0.345034 177.301 4.75471 13 131 1 0 1
-7.22845 0.0292859 1224.49 -0.448186 0.521978 177.551 4.75295 13 132 1 0 1
-3.12965 -1.95893 1224.49 -0.0567394 -1.18689 180.438 4.73317 13 133 1 0 1
-16.868 1.28744 1224.49 0.748639 0.372226 180.985 4.72953 13 134 1 0 1
-3.86142 -0.210943 1224.49 0.635973 -0.22573 177.646 4.75229 13 135 1 0 1
-7.14303 -0.701785 1224.49 0.460411 -0.287748 179.844 4.73718 13 136 1 0 1
-6.63697 -2.13168 1224.49 -0.276594 -0.875934 181.521 4.72599 13 137 1 0 1
-4.96376 0.0922946 1224.49 0.117263 -0.713631 179.31 4.74081 13 138 1 0 1
-7.69992 2.02105 1224.49 0.14342 0.983887 178.781 4.74442 13 139 1 0 1
-9.39729 2.67947 1224.49 0.795885 1.30802 180.463 4.73299 13 140 1 0 1
-5.84673 -0.072851 1224.49 -0.224984 0.270084 180.86 4.73038 13 141 1 0 1
-1.68224 0.643529 1224.49 0.355797 -0.109033 179.707 4.73812 13 142 1 0 1
-9.17482 0.801714 1224.49 0.569222 -0.437926 178.763 4.74455 13 143 1 0 1
-17.3896 0.102705 1224.49 0.824791 -0.0368381 181.842 4.72388 13 144 1 0 1
-2.91712 -0.235988 1224.49 1.04188 -0.520093 181.119 4.72863 13 145 1 0 1
-18.4965 0.333371 1224.49 0.468906 -0.304004 180.663 4.73168 13 146 1 0 1
-14.5489 -1.99473 1224.49 1.00662 0.753889 181.458 4.72639 13 147 1 0 1
-6.55358 -2.89379 1224.49 -0.217801 -1.42318 179.536 4.73924 13 148 1 0 1
-5.93808 1.30919 1224.49 0.557678 0.325297 180.065 4.73569 13 149 1 0 1
-8.23753 -0.868245 1224.49 0.326888 -0.676611 179.743 4.73786 13 150 1 0 1
-6.91024 0.140716 1285.71 0.502464 0.190088 178.325 4.98495 13 1 1 0 1
-7.20388 0.0355872 1285.71 0.262249 -0.436078 180.447 4.96978 13 2 1 0 1
-9.37829 3.17161 1285.71 0.927813 0.883498 180.907 4.96654 13 3 1 0 1
-9.38527 2.12048 1285.71 1.78163 1.21479 179.144 4.97895 13 4 1 0 1
-8.98082 -1.2436 1285.71 0.990175 -0.212439 180.553 4.96903 13 5 1 0 1
-9.19603 -2.30315 1285.71 1.30969 -1.16204 182.146 4.95794 13 6 1 0 1
-5.22316 0.464766 1285.71 0.908825 0.230622 181.135 4.96496 13 7 1 0 1
-8.67316 1.14176 1285.71 1.15323 0.683454 182.193 4.95764 13 8 1 0 1
-4.70067 -1.66584 1285.71 0.392807 -0.0111222 180.087 4.97233 13 9 1 0 1
-12.4654 0.429958 1285.71 2.25178 0.213565 178.515 4.98348 13 10 1 0 1
-9.72587 2.83925 1285.71 1.082 0.765076 181.2 4.96449 13 11 1 0 1
-11.794 -0.484494 1285.71 0.595749 -0.239362 177.66 4.9898 13 12 1 0 1
-10.0695 -0.144217 1285.71 1.35216 0.486133 178.253 4.98544 13 13 1 0 1
-6.00207 2.18752 1285.71 0.0507935 1.49654 180.425 4.9699 13 14 1 0 1
-13.551 1.2694 1285.71 1.19467 1.59617 180.632 4.96841 13 15 1 0 1
-4.69027 -0.783124 1285.71 1.02291 -0.786846 180.278 4.97094 13 16 1 0 1
-8.85018 -2.06867 1285.71 0.755288 -1.08859 180.929 4.96638 13 17 1 0 1
-9.60219 -1.3561 1285.71 1.76587 -0.952793 180.942 4.96624 13 18 1 0 1
0.0327736 -2.52994 1285.71 0.288432 -0.211921 179.668 4.9753 13 19 1 0 1
-11.4967 -2.13883 1285.71 1.83886 -1.0799 179.717 4.97486 13 20 1 0 1
-9.20439 0.582148 1285.71 0.685484 -0.265023 178.808 4.98145 13 21 1 0 1
-6.40342 -0.633387 1285.71 0.209889 0.13301 181.703 4.96104 13 22 1 0 1
-13.4199 2.06049 1285.71 1.64618 0.868724 179.722 4.97485 13 23 1 0 1
-6.93581 2.44774 1285.71 0.0963551 0.413072 177.717 4.98939 13 24 1 0 1
-4.86439 -1.18212 1285.71 0.232504 -0.84056 180.619 4.96857 13 25 1 0 1
-8.38697 -1.0151 1285.71 0.833995 -0.324483 180.497 4.96942 13 26 1 0 1
-10.0331 -0.810605 1285.71 1.10041 -0.575718 183.615 4.94801 13 27 1 0 1
-8.97575 0.571899 1285.71 1.17349 0.2331 181.659 4.96132 13 28 1 0 1
-6.56891 -4.58714 1285.71 0.522501 -0.688614 177.975 4.98749 13 29 1 0 1
-8.83519 -0.661576 1285.71 0.771442 -0.0743983 181.178 4.96467 13 30 1 0 1
-8.78872 -3.54916 1285.71 1.17961 -1.54326 178.992 4.98006 13 31 1 0 1
-7.36367 -1.7353 1285.71 0.891766 0.495347 179.121 4.97919 13 32 1 0 1
-11.4842 0.744661 1285.71 1.7897 -0.120576 181.532 4.96216 13 33 1 0 1
-13.2526 0.32172 1285.71 2.22434 0.276076 181.108 4.96507 13 34 1 0 1
-11.487 -2.66961 1285.71 2.49049 -0.42768 181.212 4.96432 13 35 1 0 1
-2.01788 -1.96247 1285.71 0.136127 -0.709788 180.343 4.97052 13 36 1 0 1
-10.938 1.16817 1285.71 1.12284 -0.205912 181.884 4.95977 13 37 1 0 1
-7.23699 2.40216 1285.71 -0.487474 0.548781 179.52 4.97634 13 38 1 0 1
-8.46542 0.0827448 1285.71 0.576166 -0.240239 177.25 4.99282 13 39 1 0 1
-2.04344 0.811458 1285.71 -0.0631122 0.753012 177.352 4.99206 13 40 1 0 1
-12.8966 -2.92622 1285.71 1.04251 -0.746668 179.997 4.97293 13 41 1 0 1
-3.51533 -3.07564 1285.71 0.0248997 -0.839003 182.807 4.95348 13 42 1 0 1
-11.6147 4.01892 1285.71 1.32999 0.973113 179.819 4.97417 13 43 1 0 1
-5.53348 0.367601 1285.71 0.406531 -0.498787 178.163 4.98613 13 44 1 0 1
-12.5465 -2.385 1285.71 0.657994 -0.854913 178.657 4.98252 13 45 1 0 1
-11.796 0.763402 1285.71 1.21235 -0.315174 179.521 4.97631 13 46 1 0 1
1.23942 3.43992 1285.71 0.0455518 1.00372 180.568 4.96892 13 47 1 0 1
-5.41385 -1.24479 1285.71 0.594507 -0.531515 182.386 4.95634 13 48 1 0 1
-7.78149 -1.24306 1285.71 0.35436 -1.17885 178.786 4.98159 13 49 1 0 1
-10.8322 0.369776 1285.71 2.05253 1.00621 181.91 4.95952 13 50 1 0 1
-2.99252 0.280393 1285.71 0.325819 0.122116 178.935 4.98054 13 51 1 0 1
-9.09127 0.287783 1285.71 0.152543 -0.117736 181.801 4.96037 13 52 1 0 1
-6.75981 1.58709 1285.71 1.28693 0.157665 177.032 4.99441 13 53 1 0 1
-5.68206 -1.23054 1285.71 0.14733 -0.49199 181.449 4.96279 13 54 1 0 1
-8.19619 2.00842 1285.71 1.4388 1.0777 181.652 4.96133 13 55 1 0 1
-5.40222 0.172468 1285.71 0.996358 0.730394 179.785 4.97444 13 56 1 0 1
-3.27667 3.89899 1285.71 0.183162 1.38505 178.84 4.98119 13 57 1 0 1
-0.379601 -1.069 1285.71 -0.291106 0.539816 178.424 4.98423 13 58 1 0 1
-8.83689 -0.71347 1285.71 1.16985 -0.608807 181.194 4.96453 13 59 1 0 1
-9.35657 -0.725311 1285.71 0.382622 -0.4711 176.248 5.00028 13 60 1 0 1
-11.574 0.147304 1285.71 0.652892 0.266417 183.491 4.94886 13 61 1 0 1
-1.04284 -4.40119 1285.71 -0.104962 -1.34128 181.236 4.96424 13 62 1 0 1
-15.1302 -0.268279 1285.71 1.66753 -0.492023 178.361 4.98463 13 63 1 0 1
-7.51419 -1.30975 1285.71 0.671734 -0.500029 179.646 4.97544 13 64 1 0 1
-3.76074 -1.32151 1285.71 0.565318 -0.559836 178.463 4.98394 13 65 1 0 1
-5.08406 -1.34849 1285.71 -0.666291 -0.786307 175.33 5.0072 13 66 1 0 1
-10.3252 -2.33762 1285.71 0.888044 -1.10535 179.873 4.97381 13 67 1 0 1
-9.42368 -1.39226 1285.71 1.89744 -0.684278 178.725 4.98198 13 68 1 0 1
-13.3532 1.73822 1285.71 0.602835 0.976131 180.521 4.96925 13 69 1 0 1
-8.43021 2.94334 1285.71 1.10195 0.243747 181.864 4.95991 13 70 1 0 1
-2.85647 -1.99006 1285.71 0.944919 -1.23435 183.271 4.95031 13 71 1 0 1
-10.7734 -1.85773 1285.71 1.54955 0.202038 178.647 4.98258 13 72 1 0 1
-7.68078 1.05058 1285.71 0.58751 0.469805 180.824 4.96714 13 73 1 0 1
-9.40397 -0.543408 1285.71 0.722635 -0.0743749 181.419 4.963 13 74 1 0 1
-7.81637 0.975415 1285.71 1.22064 0.383978 179.798 4.97434 13 75 1 0 1
-8.41155 -0.364365 1285.71 0.893552 -0.0843101 177.733 4.98926 13 76 1 0 1
-9.66648 -0.80465 1285.71 0.555812 -0.236082 180.803 4.96729 13 77 1 0 1
-3.63055 -0.718087 1285.71 1.27504 0.120948 181.327 4.96361 13 78 1 0 1
-3.01325 2.68071 1285.71 1.53142 0.37122 179.306 4.97784 13 79 1 0 1
-2.29689 -0.478077 1285.71 0.600445 -0.40421 180.317 4.9707 13 80 1 0 1
-13.7362 0.433623 1285.71 1.17035 -0.0890085 182.974 4.95233 13 81 1 0 1
-11.8048 1.58811 1285.71 0.802953 0.694926 181.311 4.96374 13 82 1 0 1
-6.8705 -0.319246 1285.71 0.245091 -0.517976 179.617 4.97566 13 83 1 0 1
-17.9931 0.396669 1285.71 1.39826 0.120068 184.666 4.94101 13 84 1 0 1
-6.64668 -1.52383 1285.71 0.307782 -0.596109 177.898 4.98806 13 85 1 0 1
-8.60713 -1.23481 1285.71 0.760049 -0.825656 180.04 4.97263 13 86 1 0 1
-11.2428 -0.284068 1285.71 0.957721 -0.135482 179.559 4.97606 13 87 1 0 1
-10.2512 0.983286 1285.71 1.56586 0.37955 177.358 4.99198 13 88 1 0 1
-5.67275 1.44638 1285.71 1.54602 0.325454 181.013 4.96578 13 89 1 0 1
-7.53752 3.43661 1285.71 0.922571 0.565192 180.926 4.96642 13 90 1 0 1
-11.8761 -0.933851 1285.71 1.69769 0.423309 181.396 4.9631 13 91 1 0 1
-11.043 0.504796 1285.71 2.02705 -0.0727964 176.817 4.99595 13 92 1 0 1
-0.454381 0.0381579 1285.71 0.540653 0.622726 180.055 4.97254 13 93 1 0 1
-8.90761 -0.0845523 1285.71 0.673173 -0.691982 182.093 4.95834 13 94 1 0 1
-2.57608 0.929067 1285.71 0.50994 0.831536 179.851 4.97398 13 95 1 0 1
-7.92498 1.64195 1285.71 0.625891 1.18249 179.953 4.97324 13 96 1 0 1
-6.95545 -0.411973 1285.71 0.89802 0.167882 181.26 4.96409 13 97 1 0 1
-9.16232 0.930534 1285.71 0.998037 0.429964 175.098 5.00897 13 98 1 0 1
-3.98056 2.47853 1285.71 0.411508 0.891298 180.263 4.97107 13 99 1 0 1
-2.37424 0.798176 1285.71 0.373294 0.115995 181.101 4.96521 13 100 1 0 1
-7.47697 0.180918 1285.71 1.2059 0.100334 181.318 4.96368 13 101 1 0 1
-8.79368 1.86044 1285.71 1.26982 0.887827 178.661 4.98248 13 102 1 0 1
-3.43878 0.83629 1285.71 0.425593 0.285276 180.941 4.96632 13 103 1 0 1
-6.68273 1.24137 1285.71 -0.354486 0.0119538 180.219 4.9714 13 104 1 0 1
-11.6473 1.33734 1285.71 2.36335 0.422349 181.069 4.96533 13 105 1 0 1
-16.9797 -1.47992 1285.71 1.69321 -0.923525 181.695 4.96103 13 106 1 0 1
-9.75535 -1.51802 1285.71 1.13452 -0.132681 182.123 4.95813 13 107 1 0 1
-3.8856 -3.45583 1285.71 0.302949 -1.26486 180.03 4.9727 13 108 1 0 1
-12.3405 1.43236 1285.71 1.32282 0.455093 181.042 4.96558 13 109 1 0 1
-10.4043 -1.61171 1285.71 1.47581 -1.35688 180.022 4.97271 13 110 1 0 1
-8.7558 -2.67792 1285.71 1.14719 -0.754703 181.208 4.96443 13 111 1 0 1
-5.78129 -0.223959 1285.71 0.942038 -0.665753 179.978 4.97307 13 112 1 0 1
-5.33007 0.285897 1285.71 0.201756 -0.0222244 182.741 4.95394 13 113 1 0 1
-12.102 -3.55723 1285.71 1.55361 -1.41372 181.403 4.96304 13 114 1 0 1
-5.26542 3.92828 1285.71 0.594956 0.784364 182.456 4.95586 13 115 1 0 1
-2.74026 3.31682 1285.71 0.984921 0.793797 179.168 4.97884 13 116 1 0 1
-7.4969 -0.542333 1285.71 0.950923 0.25764 180.041 4.97264 13 117 1 0 1
-2.17647 -0.167048 1285.71 0.266468 -0.267682 179.583 4.97591 13 118 1 0 1
-4.30911 1.80756 1285.71 0.392813 0.0342594 181.381 4.96326 13 119 1 0 1
-7.25008 0.465534 1285.71 0.993726 0.587164 179.361 4.97746 13 120 1 0 1
-9.05849 0.523485 1285.71 0.731151 -0.69764 178.728 4.98201 13 121 1 0 1
-8.44377 2.55984 1285.71 -0.382368 1.23632 180.301 4.97079 13 122 1 0 1
-8.48818 0.618091 1285.71 0.725081 0.0849886 180.094 4.97227 13 123 1 0 1
-10.4053 1.37804 1285.71 1.97204 0.538184 178.131 4.98628 13 124 1 0 1
-3.85893 1.43976 1285.71 0.126241 0.294415 181.342 4.96354 13 125 1 0 1
-9.10262 -0.783791 1285.71 0.744317 0.301346 179.944 4.97333 13 126 1 0 1
-9.45832 0.658579 1285.71 1.25056 -0.064434 178.415 4.98427 13 127 1 0 1
-10.6911 0.962863 1285.71 0.289749 0.315388 179.729 4.97487 13 128 1 0 1
-13.8731 -1.863 1285.71 1.34586 -0.434997 179.965 4.97315 13 129 1 0 1
-7.38366 -1.64149 1285.71 1.58557 -1.01796 176.842 4.99578 13 130 1 0 1
-10.6743 -0.452721 1285.71 1.1905 -0.331979 177.298 4.99245 13 131 1 0 1
-7.28968 0.208768 1285.71 0.0938135 0.518034 177.552 4.9906 13 132 1 0 1
-3.1087 -2.34972 1285.71 0.179941 -1.11433 180.438 4.96983 13 133 1 0 1
-16.3996 1.40577 1285.71 2.01452 0.326712 180.976 4.96601 13 134 1 0 1
-3.59368 -0.287388 1285.71 0.914434 -0.217466 177.645 4.9899 13 135 1 0 1
-6.8954 -0.795554 1285.71 0.991258 -0.26261 179.842 4.97404 13 136 1 0 1
-6.64479 -2.4144 1285.71 0.230333 -0.798912 181.521 4.96229 13 137 1 0 1
-4.86026 -0.151434 1285.71 0.48765 -0.712638 179.309 4.97785 13 138 1 0 1
-7.55232 2.34581 1285.71 0.716763 0.911011 178.78 4.98164 13 139 1 0 1
-9.00798 3.10711 1285.71 1.49424 1.21052 180.459 4.96964 13 140 1 0 1
-5.84762 0.0188192 1285.71 0.21973 0.270996 180.86 4.9669 13 141 1 0 1
-1.53998 0.602782 1285.71 0.47755 -0.129938 179.706 4.97502 13 142 1 0 1
-8.8631 0.647441 1285.71 1.24719 -0.462097 178.76 4.98177 13 143 1 0 1
-16.8902 0.0897402 1285.71 2.13534 -0.0401022 181.831 4.96007 13 144 1 0 1
-2.52904 -0.410117 1285.71 1.24928 -0.509167 181.118 4.96506 13 145 1 0 1
-18.1012 0.228642 1285.71 1.85904 -0.313466 180.654 4.96827 13 146 1 0 1
-14.0242 -1.72948 1285.71 2.09669 0.816923 181.448 4.96271 13 147 1 0 1
-6.54353 -3.36169 1285.71 0.276615 -1.31835 179.537 4.9762 13 148 1 0 1
-5.67316 1.41211 1285.71 0.997282 0.279557 180.063 4.97248 13 149 1 0 1
-8.02107 -1.09332 1285.71 0.941346 -0.643694 179.741 4.97475 13 150 1 0 1
-6.64989 0.205053 1346.94 1.01089 0.184331 178.323 5.22233 13 1 1 0 1
-7.02294 -0.112293 1346.94 0.802028 -0.434783 180.446 5.20644 13 2 1 0 1
-8.94542 3.45195 1346.94 1.62477 0.771636 180.903 5.20304 13 3 1 0 1
-8.65868 2.52276 1346.94 2.4612 1.1371 179.137 5.21604 13 4 1 0 1
-8.53137 -1.3084 1346.94 1.65496 -0.169427 180.548 5.20565 13 5 1 0 1
-8.63981 -2.67987 1346.94 1.99272 -1.07729 182.141 5.19403 13 6 1 0 1
-4.85034 0.539918 1346.94 1.29247 0.213633 181.133 5.20139 13 7 1 0 1
-8.17611 1.36448 1346.94 1.79865 0.640816 182.188 5.19372 13 8 1 0 1
-4.50745 -1.66011 1346.94 0.741474 0.0447838 180.086 5.2091 13 9 1 0 1
-11.5366 0.500612 1346.94 3.15245 0.198044 178.501 5.22079 13 10 1 0 1
-9.23717 3.08108 1346.94 1.80443 0.664926 181.195 5.2009 13 11 1 0 1
-11.4384 -0.564061 1346.94 1.46357 -0.221968 177.655 5.22741 13 12 1 0 1
-9.47797 0.02326 1346.94 2.08472 0.488126 178.245 5.22284 13 13 1 0 1
-5.90797 2.68191 1346.94 0.502621 1.41453 180.425 5.20657 13 14 1 0 1
-12.9741 1.80214 1346.94 2.20199 1.54431 180.623 5.205 13 15 1 0 1
-4.28424 -1.04537 1346.94 1.36309 -0.756069 180.276 5.20766 13 16 1 0 1
-8.48225 -2.42454 1346.94 1.41463 -1.01269 180.925 5.20288 13 17 1 0 1
-8.88415 -1.67015 1346.94 2.46908 -0.901643 180.934 5.20273 13 18 1 0 1
0.13022 -2.58758 1346.94 0.282275 -0.1261 179.668 5.21221 13 19 1 0 1
-10.7255 -2.49382 1346.94 2.67844 -1.00214 179.707 5.21176 13 20 1 0 1
-8.8527 0.488255 1346.94 1.36434 -0.282882 178.804 5.21866 13 21 1 0 1
-6.25092 -0.585042 1346.94 0.693351 0.153674 181.702 5.19728 13 22 1 0 1
-12.6895 2.34411 1346.94 2.63266 0.794786 179.711 5.21174 13 23 1 0 1
-6.81386 2.57582 1346.94 0.61014 0.32974 177.716 5.22698 13 24 1 0 1
-4.72356 -1.45976 1346.94 0.59663 -0.796018 180.619 5.20516 13 25 1 0 1
-7.99779 -1.11916 1346.94 1.4558 -0.28852 180.493 5.20606 13 26 1 0 1
-9.53911 -0.997584 1346.94 1.85598 -0.544711 183.609 5.18363 13 27 1 0 1
-8.46688 0.647049 1346.94 1.83967 0.212425 181.653 5.19757 13 28 1 0 1
-6.30573 -4.79742 1346.94 1.00428 -0.532713 177.973 5.22499 13 29 1 0 1
-8.46237 -0.682895 1346.94 1.43036 -0.0516609 181.174 5.20108 13 30 1 0 1
-8.2743 -4.05579 1346.94 1.82174 -1.41617 178.988 5.21721 13 31 1 0 1
-6.96577 -1.55641 1346.94 1.43142 0.550369 179.117 5.2163 13 32 1 0 1
-10.736 0.699825 1346.94 2.63768 -0.145043 181.522 5.19845 13 33 1 0 1
-12.334 0.413036 1346.94 3.19843 0.263634 181.093 5.2015 13 34 1 0 1
-10.5019 -2.7986 1346.94 3.32807 -0.335166 181.199 5.20072 13 35 1 0 1
-1.946 -2.19178 1346.94 0.286436 -0.63986 180.343 5.20721 13 36 1 0 1
-10.4215 1.09232 1346.94 1.93962 -0.244279 181.877 5.19595 13 37 1 0 1
-7.30976 2.57527 1346.94 0.0616158 0.465381 179.521 5.21331 13 38 1 0 1
-8.15874 -0.000551014 1346.94 1.19571 -0.241594 177.247 5.23058 13 39 1 0 1
-2.03894 1.06629 1346.94 0.0891222 0.721929 177.352 5.22978 13 40 1 0 1
-12.3782 -3.16302 1346.94 1.999 -0.644336 179.99 5.20974 13 41 1 0 1
-3.46197 -3.33856 1346.94 0.29309 -0.729559 182.807 5.18936 13 42 1 0 1
-11.0149 4.32669 1346.94 2.1855 0.833003 179.812 5.21104 13 43 1 0 1
-5.32344 0.194425 1346.94 0.813236 -0.508129 178.161 5.22356 13 44 1 0 1
-12.1611 -2.66381 1346.94 1.58609 -0.770697 178.652 5.21979 13 45 1 0 1
-11.2331 0.651764 1346.94 2.08154 -0.338872 179.513 5.21328 13 46 1 0 1
1.23891 3.75998 1346.94 -0.0485426 0.882376 180.569 5.20554 13 47 1 0 1
-5.14574 -1.41577 1346.94 0.999449 -0.486218 182.384 5.19236 13 48 1 0 1
-7.56092 -1.6389 1346.94 0.931107 -1.13075 178.785 5.2188 13 49 1 0 1
-10.0055 0.705679 1346.94 2.84939 0.987896 181.899 5.19569 13 50 1 0 1
-2.84316 0.320498 1346.94 0.545376 0.11208 178.934 5.21771 13 51 1 0 1
-8.92359 0.246567 1346.94 0.841171 -0.126802 181.799 5.19657 13 52 1 0 1
-6.23 1.63246 1346.94 1.77041 0.104463 177.028 5.23224 13 53 1 0 1
-5.55973 -1.38921 1346.94 0.576225 -0.447619 181.448 5.19912 13 54 1 0 1
-7.60826 2.35951 1346.94 2.04239 1.00361 181.647 5.19759 13 55 1 0 1
-4.99512 0.419742 1346.94 1.38938 0.720446 179.782 5.21132 13 56 1 0 1
-3.17224 4.35001 1346.94 0.425664 1.24735 178.84 5.21839 13 57 1 0 1
-0.474198 -0.87802 1346.94 -0.259074 0.572242 178.424 5.22158 13 58 1 0 1
-8.33002 -0.914722 1346.94 1.82383 -0.581253 181.189 5.20094 13 59 1 0 1
-9.10429 -0.884512 1346.94 1.06674 -0.44461 176.245 5.23839 13 60 1 0 1
-11.2087 0.235189 1346.94 1.53184 0.259859 183.486 5.18452 13 61 1 0 1
-1.06478 -4.82833 1346.94 -0.0246466 -1.18515 181.237 5.20063 13 62 1 0 1
-14.3663 -0.43532 1346.94 2.77352 -0.480272 178.347 5.222 13 63 1 0 1
-7.18992 -1.47237 1346.94 1.22713 -0.453371 179.644 5.21237 13 64 1 0 1
-3.51942 -1.50566 1346.94 0.838496 -0.51274 178.462 5.22127 13 65 1 0 1
-5.25056 -1.61485 1346.94 -0.285303 -0.737816 175.331 5.24564 13 66 1 0 1
-9.89184 -2.6998 1346.94 1.65262 -1.02075 179.868 5.21065 13 67 1 0 1
-8.65567 -1.61828 1346.94 2.57673 -0.634027 178.717 5.21922 13 68 1 0 1
-12.9785 2.05874 1346.94 1.60225 0.912124 180.515 5.20588 13 69 1 0 1
-7.95276 3.00846 1346.94 1.72838 0.142711 181.859 5.1961 13 70 1 0 1
-2.50554 -2.39028 1346.94 1.15154 -1.15942 183.27 5.18603 13 71 1 0 1
-10.1066 -1.77802 1346.94 2.33375 0.26265 178.638 5.21984 13 72 1 0 1
-7.38425 1.20336 1346.94 1.16027 0.431757 180.821 5.20367 13 73 1 0 1
-9.0406 -0.56536 1346.94 1.42619 -0.0555983 181.415 5.19933 13 74 1 0 1
-7.30231 1.10035 1346.94 1.79215 0.349133 179.793 5.21122 13 75 1 0 1
-7.99724 -0.391274 1346.94 1.50672 -0.0717729 177.728 5.22685 13 76 1 0 1
-9.35517 -0.879851 1346.94 1.27892 -0.20765 180.799 5.20383 13 77 1 0 1
-3.15534 -0.673231 1346.94 1.53374 0.144495 181.325 5.19997 13 78 1 0 1
-2.45395 2.79193 1346.94 1.73752 0.279626 179.304 5.21488 13 79 1 0 1
-2.06444 -0.612334 1346.94 0.765798 -0.385857 180.316 5.2074 13 80 1 0 1
-13.1702 0.401424 1346.94 2.2054 -0.103265 182.965 5.18815 13 81 1 0 1
-11.3835 1.81326 1346.94 1.6869 0.637343 181.305 5.2001 13 82 1 0 1
-6.69925 -0.493647 1346.94 0.757572 -0.504343 179.615 5.21259 13 83 1 0 1
-17.3008 0.434138 1346.94 2.76843 0.105739 184.651 5.1763 13 84 1 0 1
-6.45601 -1.7199 1346.94 0.797888 -0.542243 177.897 5.22559 13 85 1 0 1
-8.23944 -1.508 1346.94 1.39776 -0.779548 180.037 5.20943 13 86 1 0 1
-10.7736 -0.328555 1346.94 1.78888 -0.12521 179.553 5.21301 13 87 1 0 1
-9.58161 1.10845 1346.94 2.30536 0.344907 177.35 5.2297 13 88 1 0 1
-5.07936 1.548 1346.94 1.95521 0.274856 181.009 5.20225 13 89 1 0 1
-7.13004 3.60791 1346.94 1.48053 0.44622 180.922 5.20291 13 90 1 0 1
-11.1533 -0.785922 1346.94 2.5759 0.452402 181.386 5.19944 13 91 1 0 1
-10.2026 0.476758 1346.94 2.81675 -0.0889904 176.806 5.23386 13 92 1 0 1
-0.265503 0.249284 1346.94 0.567907 0.617895 180.055 5.20933 13 93 1 0 1
-8.56806 -0.31629 1346.94 1.34225 -0.685155 182.09 5.19445 13 94 1 0 1
-2.37021 1.2063 1346.94 0.696988 0.795687 179.851 5.21084 13 95 1 0 1
-7.61136 2.03413 1346.94 1.21373 1.12073 179.951 5.21006 13 96 1 0 1
-6.56427 -0.353025 1346.94 1.41326 0.180821 181.257 5.20048 13 97 1 0 1
-8.6974 1.07528 1346.94 1.65553 0.397171 175.093 5.24749 13 98 1 0 1
-3.79037 2.76654 1346.94 0.706044 0.803045 180.262 5.20779 13 99 1 0 1
-2.21815 0.832763 1346.94 0.548166 0.0884252 181.101 5.20165 13 100 1 0 1
-6.97568 0.213701 1346.94 1.75686 0.0936529 181.313 5.20004 13 101 1 0 1
-8.24767 2.1535 1346.94 1.90993 0.820866 178.655 5.21974 13 102 1 0 1
-3.25131 0.927864 1346.94 0.680117 0.25548 180.94 5.20281 13 103 1 0 1
-6.71698 1.23835 1346.94 0.153275 -0.0297587 180.219 5.20813 13 104 1 0 1
-10.7023 1.47225 1346.94 3.21402 0.374838 181.056 5.20177 13 105 1 0 1
-16.194 -1.78208 1346.94 2.96032 -0.868128 181.679 5.19727 13 106 1 0 1
-9.25054 -1.55388 1346.94 1.86227 -0.080458 182.117 5.19423 13 107 1 0 1
-3.73321 -3.86545 1346.94 0.59135 -1.14184 180.031 5.20949 13 108 1 0 1
-11.7369 1.5778 1346.94 2.23925 0.404206 181.034 5.20204 13 109 1 0 1
-9.7712 -2.06311 1346.94 2.2394 -1.29507 180.014 5.20951 13 110 1 0 1
-8.25763 -2.91715 1346.94 1.79537 -0.660052 181.203 5.20083 13 111 1 0 1
-5.38809 -0.448725 1346.94 1.3647 -0.654443 179.975 5.20989 13 112 1 0 1
-5.19444 0.276835 1346.94 0.606144 -0.0318226 182.74 5.18984 13 113 1 0 1
-11.4247 -4.01317 1346.94 2.45085 -1.28548 181.394 5.19937 13 114 1 0 1
-4.99913 4.16857 1346.94 0.988736 0.646468 182.455 5.19185 13 115 1 0 1
-2.37001 3.56864 1346.94 1.17743 0.678646 179.168 5.21593 13 116 1 0 1
-7.07882 -0.451793 1346.94 1.50267 0.274341 180.037 5.20943 13 117 1 0 1
-2.05812 -0.257182 1346.94 0.426364 -0.260571 179.582 5.21285 13 118 1 0 1
-4.12185 1.8088 1346.94 0.714348 -0.0269653 181.38 5.19961 13 119 1 0 1
-6.8194 0.662925 1346.94 1.5243 0.568261 179.357 5.21449 13 120 1 0 1
-8.69298 0.281972 1346.94 1.39822 -0.711061 178.724 5.21925 13 121 1 0 1
-8.46482 2.96425 1346.94 0.258648 1.14336 180.301 5.20749 13 122 1 0 1
-8.13393 0.643404 1346.94 1.35448 0.0637819 180.09 5.20905 13 123 1 0 1
-9.59705 1.55481 1346.94 2.72107 0.489394 178.121 5.22372 13 124 1 0 1
-3.76703 1.53076 1346.94 0.417015 0.244135 181.342 5.1999 13 125 1 0 1
-8.73378 -0.676985 1346.94 1.41914 0.325874 179.94 5.21015 13 126 1 0 1
-8.90978 0.632753 1346.94 1.93956 -0.0859357 178.409 5.22162 13 127 1 0 1
-10.4558 1.0646 1346.94 1.08888 0.281371 179.726 5.21176 13 128 1 0 1
-13.2393 -2.00008 1346.94 2.37166 -0.370084 179.955 5.20997 13 129 1 0 1
-6.74242 -1.98388 1346.94 2.11076 -0.958086 176.836 5.23368 13 130 1 0 1
-10.1282 -0.56456 1346.94 1.96592 -0.315132 177.291 5.23018 13 131 1 0 1
-7.16403 0.385869 1346.94 0.633405 0.508176 177.551 5.22825 13 132 1 0 1
-3.00806 -2.7137 1346.94 0.412008 -1.02905 180.439 5.20648 13 133 1 0 1
-15.5108 1.50807 1346.94 3.22848 0.277464 180.958 5.20248 13 134 1 0 1
-3.23381 -0.360555 1346.94 1.16945 -0.20672 177.644 5.22752 13 135 1 0 1
-6.471 -0.880248 1346.94 1.49667 -0.234475 179.839 5.2109 13 136 1 0 1
-6.48226 -2.66957 1346.94 0.731352 -0.71277 181.52 5.19859 13 137 1 0 1
-4.63217 -0.393435 1346.94 0.845529 -0.703514 179.308 5.21489 13 138 1 0 1
-7.2111 2.64382 1346.94 1.27171 0.827736 178.777 5.21886 13 139 1 0 1
-8.38773 3.4993 1346.94 2.15423 1.09921 180.453 5.20628 13 140 1 0 1
-5.6986 0.110275 1346.94 0.658808 0.268815 180.859 5.20341 13 141 1 0 1
-1.35824 0.555159 1346.94 0.58706 -0.149361 179.706 5.21193 13 142 1 0 1
-8.32416 0.485783 1346.94 1.89314 -0.48099 178.754 5.219 13 143 1 0 1
-15.9577 0.0757512 1346.94 3.39084 -0.0429064 181.812 5.19627 13 144 1 0 1
-2.07613 -0.579567 1346.94 1.42465 -0.492432 181.116 5.2015 13 145 1 0 1
-17.2418 0.121305 1346.94 3.20121 -0.319333 180.635 5.20485 13 146 1 0 1
-13.14 -1.44449 1346.94 3.1328 0.870605 181.433 5.19902 13 147 1 0 1
-6.36573 -3.79123 1346.94 0.763937 -1.19848 179.536 5.21316 13 148 1 0 1
-5.2628 1.49893 1346.94 1.4113 0.230628 180.061 5.20926 13 149 1 0 1
-7.59898 -1.30593 1346.94 1.53164 -0.603429 179.737 5.21165 13 150 1 0 1
-6.21906 0.26705 1408.16 1.49338 0.176469 178.32 5.45971 13 1 1 0 1
-6.66196 -0.258892 1408.16 1.32123 -0.428524 180.443 5.4431 13 2 1 0 1
-8.28322 3.69292 1408.16 2.28002 0.65097 180.896 5.43954 13 3 1 0 1
-7.71011 2.89627 1408.16 3.07759 1.04644 179.128 5.45314 13 4 1 0 1
-7.86321 -1.35828 1408.16 2.27725 -0.124483 180.541 5.44227 13 5 1 0 1
-7.86209 -3.02601 1408.16 2.62459 -0.980244 182.133 5.43012 13 6 1 0 1
-4.35317 0.608911 1408.16 1.64297 0.194207 181.13 5.43781 13 7 1 0 1
-7.46945 1.57164 1408.16 2.3979 0.590865 182.181 5.4298 13 8 1 0 1
-4.19867 -1.63544 1408.16 1.07112 0.100178 180.084 5.44588 13 9 1 0 1
-10.3121 0.565555 1408.16 3.97212 0.180264 178.485 5.45809 13 10 1 0 1
-8.51167 3.28775 1408.16 2.48053 0.557189 181.187 5.4373 13 11 1 0 1
-10.7896 -0.637194 1408.16 2.29377 -0.202039 177.647 5.46502 13 12 1 0 1
-8.64347 0.190472 1408.16 2.76374 0.484545 178.236 5.46024 13 13 1 0 1
-5.66242 3.1457 1408.16 0.941558 1.31638 180.424 5.44323 13 14 1 0 1
-12.0646 2.31433 1408.16 3.15269 1.4748 180.61 5.44159 13 15 1 0 1
-3.76838 -1.29569 1408.16 1.6683 -0.716667 180.274 5.44437 13 16 1 0 1
-7.89686 -2.75275 1408.16 2.03766 -0.925235 180.92 5.43937 13 17 1 0 1
-7.93836 -1.96514 1408.16 3.10891 -0.840205 180.925 5.43922 13 18 1 0 1
0.224329 -2.61571 1408.16 0.268881 -0.0388398 179.669 5.44913 13 19 1 0 1
-9.67943 -2.82037 1408.16 3.44922 -0.912933 179.694 5.44866 13 20 1 0 1
-8.27406 0.388792 1408.16 2.00817 -0.297509 178.798 5.45588 13 21 1 0 1
-5.93817 -0.530023 1408.16 1.15902 0.172583 181.7 5.43352 13 22 1 0 1
-11.6338 2.601 1408.16 3.55145 0.711775 179.695 5.44864 13 23 1 0 1
-6.51721 2.67451 1408.16 1.10827 0.242645 177.713 5.46457 13 24 1 0 1
-4.46164 -1.72075 1408.16 0.945454 -0.742393 180.617 5.44176 13 25 1 0 1
-7.40356 -1.21046 1408.16 2.04023 -0.249265 180.488 5.4427 13 26 1 0 1
-8.80061 -1.17318 1408.16 2.56389 -0.507485 183.601 5.41925 13 27 1 0 1
-7.74096 0.714818 1408.16 2.45863 0.189326 181.646 5.43383 13 28 1 0 1
-5.8809 -4.95296 1408.16 1.4603 -0.370735 177.971 5.46249 13 29 1 0 1
-7.8726 -0.696425 1408.16 2.05256 -0.0283348 181.168 5.4375 13 30 1 0 1
-7.54776 -4.51615 1408.16 2.41712 -1.27292 178.982 5.45435 13 31 1 0 1
-6.3893 -1.35977 1408.16 1.93434 0.599107 179.112 5.4534 13 32 1 0 1
-9.71255 0.647005 1408.16 3.41791 -0.16785 181.509 5.43475 13 33 1 0 1
-11.0991 0.49964 1408.16 4.09029 0.248182 181.076 5.43793 13 34 1 0 1
-9.2476 -2.89567 1408.16 4.08018 -0.238839 181.184 5.43711 13 35 1 0 1
-1.82423 -2.3961 1408.16 0.429401 -0.562632 180.343 5.4439 13 36 1 0 1
-9.63775 1.00402 1408.16 2.70658 -0.279852 181.867 5.43213 13 37 1 0 1
-7.19514 2.71899 1408.16 0.609125 0.376667 179.52 5.45028 13 38 1 0 1
-7.64291 -0.0838406 1408.16 1.78457 -0.240191 177.242 5.46833 13 39 1 0 1
-1.98217 1.30895 1408.16 0.239072 0.68261 177.352 5.4675 13 40 1 0 1
-11.5425 -3.36373 1408.16 2.90409 -0.534651 179.978 5.44654 13 41 1 0 1
-3.31985 -3.56339 1408.16 0.553767 -0.61179 182.807 5.42524 13 42 1 0 1
-10.1327 4.58511 1408.16 2.98487 0.683391 179.801 5.4479 13 43 1 0 1
-4.97694 0.0190311 1408.16 1.19908 -0.511672 178.159 5.461 13 44 1 0 1
-11.464 -2.91224 1408.16 2.47341 -0.677678 178.642 5.45705 13 45 1 0 1
-10.3823 0.532692 1408.16 2.89723 -0.358695 179.502 5.45025 13 46 1 0 1
1.20664 4.03715 1408.16 -0.141393 0.750965 180.569 5.44215 13 47 1 0 1
-4.74571 -1.5706 1408.16 1.37876 -0.435374 182.382 5.42837 13 48 1 0 1
-7.14651 -2.01604 1408.16 1.48396 -1.06974 178.781 5.45602 13 49 1 0 1
-8.92225 1.03353 1408.16 3.57306 0.958301 181.887 5.43185 13 50 1 0 1
-2.6209 0.356946 1408.16 0.750949 0.100765 178.934 5.45488 13 51 1 0 1
-8.52713 0.202539 1408.16 1.5082 -0.13442 181.795 5.43278 13 52 1 0 1
-5.54047 1.65921 1408.16 2.20848 0.0500712 177.023 5.47006 13 53 1 0 1
-5.29486 -1.53204 1408.16 0.990339 -0.398141 181.446 5.43544 13 54 1 0 1
-6.82529 2.68367 1408.16 2.59356 0.918073 181.64 5.43384 13 55 1 0 1
-4.45996 0.662228 1408.16 1.74677 0.702278 179.779 5.4482 13 56 1 0 1
-2.98648 4.75141 1408.16 0.657255 1.09543 178.841 5.45559 13 57 1 0 1
-0.556639 -0.677026 1408.16 -0.220401 0.598139 178.424 5.45892 13 58 1 0 1
-7.6096 -1.10554 1408.16 2.431 -0.547065 181.182 5.43734 13 59 1 0 1
-8.61861 -1.03362 1408.16 1.72346 -0.413044 176.24 5.4765 13 60 1 0 1
-10.5561 0.32039 1408.16 2.37142 0.250331 183.477 5.42018 13 61 1 0 1
-1.05942 -5.20039 1408.16 0.0563019 -1.01551 181.238 5.43702 13 62 1 0 1
-13.2341 -0.597396 1408.16 3.80813 -0.463032 178.328 5.45936 13 63 1 0 1
-6.68133 -1.61819 1408.16 1.75105 -0.40154 179.639 5.44929 13 64 1 0 1
-3.18788 -1.67265 1408.16 1.09017 -0.459794 178.461 5.4586 13 65 1 0 1
-5.28246 -1.86279 1408.16 0.103004 -0.680905 175.331 5.48408 13 66 1 0 1
-9.20492 -3.03119 1408.16 2.37475 -0.924491 179.86 5.4475 13 67 1 0 1
-7.66576 -1.82584 1408.16 3.18988 -0.576543 178.707 5.45645 13 68 1 0 1
-12.271 2.35577 1408.16 2.56047 0.837694 180.504 5.44251 13 69 1 0 1
-7.27144 3.03925 1408.16 2.31044 0.040053 181.853 5.43228 13 70 1 0 1
-2.09038 -2.76323 1408.16 1.32864 -1.07125 183.27 5.42176 13 71 1 0 1
-9.18059 -1.67803 1408.16 3.058 0.320256 178.627 5.45711 13 72 1 0 1
-6.89842 1.3424 1408.16 1.70326 0.388781 180.817 5.4402 13 73 1 0 1
-8.44546 -0.580863 1408.16 2.09311 -0.0361879 181.408 5.43566 13 74 1 0 1
-6.60104 1.21274 1408.16 2.31768 0.310305 179.788 5.44809 13 75 1 0 1
-7.37791 -0.41372 1408.16 2.08122 -0.0584169 177.723 5.46443 13 76 1 0 1
-8.80402 -0.945016 1408.16 1.96918 -0.176848 180.793 5.44036 13 77 1 0 1
-2.59924 -0.620696 1408.16 1.75312 0.166392 181.323 5.43634 13 78 1 0 1
-1.83175 2.8713 1408.16 1.89908 0.184844 179.303 5.45192 13 79 1 0 1
-1.77907 -0.739606 1408.16 0.911517 -0.363102 180.315 5.4441 13 80 1 0 1
-12.2665 0.364645 1408.16 3.18372 -0.116338 182.951 5.42398 13 81 1 0 1
-10.6703 2.01773 1408.16 2.5275 0.572482 181.295 5.43647 13 82 1 0 1
-6.35625 -0.662417 1408.16 1.25061 -0.484954 179.613 5.44953 13 83 1 0 1
-16.165 0.466655 1408.16 4.06722 0.0902017 184.627 5.41159 13 84 1 0 1
-6.09983 -1.89635 1408.16 1.26752 -0.48219 177.894 5.46311 13 85 1 0 1
-7.66053 -1.764 1408.16 1.9996 -0.724542 180.031 5.44622 13 86 1 0 1
-10.0281 -0.369295 1408.16 2.57408 -0.113509 179.543 5.44997 13 87 1 0 1
-8.66634 1.22097 1408.16 2.98566 0.30633 177.339 5.46741 13 88 1 0 1
-4.35575 1.63196 1408.16 2.31425 0.221125 181.005 5.43871 13 89 1 0 1
-6.53977 3.73804 1408.16 2.00049 0.32216 180.917 5.43941 13 90 1 0 1
-10.1446 -0.629028 1408.16 3.38793 0.476322 181.373 5.43578 13 91 1 0 1
-9.10059 0.443282 1408.16 3.5341 -0.104166 176.793 5.47176 13 92 1 0 1
-0.0698191 0.457567 1408.16 0.580602 0.606015 180.055 5.44612 13 93 1 0 1
-8.00885 -0.544419 1408.16 1.97686 -0.670506 182.084 5.43056 13 94 1 0 1
-2.10357 1.46977 1408.16 0.866166 0.750761 179.85 5.44769 13 95 1 0 1
-7.10262 2.40311 1408.16 1.77042 1.04617 179.947 5.44688 13 96 1 0 1
-6.0048 -0.29005 1408.16 1.89224 0.191696 181.252 5.43686 13 97 1 0 1
-8.0095 1.20776 1408.16 2.27051 0.359845 175.086 5.48601 13 98 1 0 1
-3.50301 3.02299 1408.16 0.982477 0.705629 180.261 5.4445 13 99 1 0 1
-2.00519 0.85785 1408.16 0.708983 0.0598473 181.1 5.43809 13 100 1 0 1
-6.29556 0.244046 1408.16 2.26273 0.0859035 181.308 5.43641 13 101 1 0 1
-7.49022 2.42199 1408.16 2.50102 0.744538 178.648 5.457 13 102 1 0 1
-2.98049 1.00885 1408.16 0.917202 0.22277 180.939 5.43931 13 103 1 0 1
-6.57904 1.22119 1408.16 0.657102 -0.0711312 180.218 5.44486 13 104 1 0 1
-9.48289 1.59036 1408.16 3.98212 0.323054 181.04 5.43822 13 105 1 0 1
-14.9931 -2.06391 1408.16 4.15115 -0.802807 181.656 5.43351 13 106 1 0 1
-8.50858 -1.57202 1408.16 2.5422 -0.0273207 182.109 5.43033 13 107 1 0 1
-3.48511 -4.23098 1408.16 0.864589 -1.00579 180.03 5.44629 13 108 1 0 1
-10.8324 1.70524 1408.16 3.09813 0.348707 181.021 5.4385 13 109 1 0 1
-8.88757 -2.49097 1408.16 2.94548 -1.21849 180.005 5.4463 13 110 1 0 1
-7.54776 -3.1231 1408.16 2.39748 -0.557871 181.197 5.43724 13 111 1 0 1
-4.85677 -0.668372 1408.16 1.75235 -0.635665 179.972 5.4467 13 112 1 0 1
-4.92565 0.264614 1408.16 0.994985 -0.0410577 182.738 5.42574 13 113 1 0 1
-10.4546 -4.42334 1408.16 3.28512 -1.14256 181.381 5.43571 13 114 1 0 1
-4.60469 4.36131 1408.16 1.35716 0.501198 182.453 5.42785 13 115 1 0 1
-1.939 3.77975 1408.16 1.33976 0.555755 179.167 5.45301 13 116 1 0 1
-6.47926 -0.3561 1408.16 2.01586 0.287909 180.032 5.44622 13 117 1 0 1
-1.887 -0.344382 1408.16 0.575329 -0.250487 179.582 5.4498 13 118 1 0 1
-3.82892 1.78939 1408.16 1.01756 -0.0878816 181.379 5.43595 13 119 1 0 1
-6.21388 0.852753 1408.16 2.01576 0.542872 179.353 5.45151 13 120 1 0 1
-8.10462 0.0372436 1408.16 2.02939 -0.716362 178.718 5.45649 13 121 1 0 1
-8.26886 3.33485 1408.16 0.893028 1.03734 180.3 5.4442 13 122 1 0 1
-7.57116 0.661376 1408.16 1.94912 0.0418481 180.084 5.44582 13 123 1 0 1
-8.54273 1.71383 1408.16 3.40023 0.435023 178.11 5.46117 13 124 1 0 1
-3.57855 1.6043 1408.16 0.697095 0.191069 181.341 5.43625 13 125 1 0 1
-8.14103 -0.562456 1408.16 2.05752 0.346679 179.934 5.44698 13 126 1 0 1
-8.13282 0.59971 1408.16 2.57875 -0.106454 178.401 5.45896 13 127 1 0 1
-9.95241 1.1542 1408.16 1.86003 0.244141 179.719 5.44866 13 128 1 0 1
-12.2662 -2.11434 1408.16 3.33646 -0.30095 179.94 5.44678 13 129 1 0 1
-5.92833 -2.30364 1408.16 2.5818 -0.887288 176.83 5.47157 13 130 1 0 1
-9.32235 -0.669959 1408.16 2.69085 -0.294687 177.281 5.46792 13 131 1 0 1
-6.85472 0.558568 1408.16 1.15674 0.492517 177.548 5.46589 13 132 1 0 1
-2.8303 -3.04672 1408.16 0.633513 -0.932036 180.438 5.44314 13 133 1 0 1
-14.2244 1.59317 1408.16 4.35931 0.225053 180.935 5.43896 13 134 1 0 1
-2.79103 -0.429608 1408.16 1.39447 -0.193617 177.642 5.46513 13 135 1 0 1
-5.8807 -0.954901 1408.16 1.96368 -0.203665 179.834 5.44776 13 136 1 0 1
-6.15355 -2.8943 1408.16 1.21361 -0.618494 181.518 5.43488 13 137 1 0 1
-4.28532 -0.630948 1408.16 1.18172 -0.686363 179.306 5.45193 13 138 1 0 1
-6.68501 2.91167 1408.16 1.79403 0.735016 178.773 5.45608 13 139 1 0 1
-7.55245 3.85158 1408.16 2.75892 0.975357 180.445 5.44293 13 140 1 0 1
-5.40348 0.200472 1408.16 1.08098 0.263566 180.857 5.43993 13 141 1 0 1
-1.14167 0.501203 1408.16 0.681519 -0.16708 179.706 5.44883 13 142 1 0 1
-7.57182 0.318583 1408.16 2.4905 -0.49439 178.747 5.45623 13 143 1 0 1
-14.6162 0.0608981 1408.16 4.559 -0.045219 181.787 5.43246 13 144 1 0 1
-1.56999 -0.742407 1408.16 1.56349 -0.470081 181.115 5.43793 13 145 1 0 1
-15.9404 0.0125842 1408.16 4.46085 -0.321543 180.609 5.44144 13 146 1 0 1
-11.9189 -1.14302 1408.16 4.08833 0.914327 181.414 5.43534 13 147 1 0 1
-6.02473 -4.17753 1408.16 1.23166 -1.06493 179.534 5.45012 13 148 1 0 1
-4.71752 1.56865 1408.16 1.78913 0.179069 180.057 5.44604 13 149 1 0 1
-6.98207 -1.50364 1408.16 2.08263 -0.556278 179.732 5.44854 13 150 1 0 1
-5.62879 0.326001 1469.39 1.93756 0.166595 178.315 5.69708 13 1 1 0 1
-6.13019 -0.402537 1469.39 1.80652 -0.417374 180.438 5.67975 13 2 1 0 1
-7.40867 3.89175 1469.39 2.87674 0.522882 180.888 5.67604 13 3 1 0 1
-6.56388 3.23673 1469.39 3.61501 0.943849 179.118 5.69023 13 4 1 0 1
-6.99347 -1.39267 1469.39 2.84111 -0.0781215 180.533 5.67889 13 5 1 0 1
-6.88282 -3.33764 1469.39 3.18912 -0.872021 182.125 5.66621 13 6 1 0 1
-3.7444 0.670958 1469.39 1.95133 0.172566 181.127 5.67424 13 7 1 0 1
-6.57131 1.76086 1469.39 2.93562 0.534174 182.173 5.66588 13 8 1 0 1
-3.78225 -1.59212 1469.39 1.37331 0.154428 180.082 5.68266 13 9 1 0 1
-8.82319 0.624046 1469.39 4.68978 0.160431 178.467 5.6954 13 10 1 0 1
-7.56796 3.45692 1469.39 3.09296 0.443102 181.178 5.67371 13 11 1 0 1
-9.86415 -0.703058 1469.39 3.06504 -0.179804 177.635 5.70263 13 12 1 0 1
-7.58739 0.355511 1469.39 3.37182 0.475434 178.226 5.69765 13 13 1 0 1
-5.27169 3.5736 1469.39 1.35635 1.20321 180.422 5.67989 13 14 1 0 1
-10.8458 2.80012 1469.39 4.02236 1.38845 180.593 5.67819 13 15 1 0 1
-3.15591 -1.53123 1469.39 1.93074 -0.66909 180.271 5.68108 13 16 1 0 1
-7.10903 -3.04956 1469.39 2.6084 -0.827221 180.913 5.67586 13 17 1 0 1
-6.78905 -2.23771 1469.39 3.66896 -0.769186 180.914 5.67571 13 18 1 0 1
0.312686 -2.614 1469.39 0.248593 0.0488631 179.669 5.68605 13 19 1 0 1
-8.38519 -3.11474 1469.39 4.13144 -0.813323 179.68 5.68556 13 20 1 0 1
-7.4833 0.284895 1469.39 2.60045 -0.308739 178.79 5.69309 13 21 1 0 1
-5.47319 -0.468958 1469.39 1.59496 0.189522 181.697 5.66976 13 22 1 0 1
-10.2798 2.82821 1469.39 4.37898 0.620652 179.677 5.68554 13 23 1 0 1
-6.0535 2.74269 1469.39 1.57796 0.152784 177.71 5.70216 13 24 1 0 1
-4.08534 -1.96211 1469.39 1.27003 -0.680298 180.616 5.67836 13 25 1 0 1
-6.61954 -1.28795 1469.39 2.57231 -0.207167 180.481 5.67934 13 26 1 0 1
-7.83649 -1.3354 1469.39 3.20598 -0.46447 183.591 5.65487 13 27 1 0 1
-6.81659 0.774432 1469.39 3.0145 0.164069 181.638 5.67008 13 28 1 0 1
-5.3053 -5.05201 1469.39 1.87886 -0.204532 177.967 5.69999 13 29 1 0 1
-7.081 -0.70201 1469.39 2.62208 -0.00468706 181.16 5.67391 13 30 1 0 1
-6.62772 -4.92499 1469.39 2.95047 -1.11516 178.975 5.6915 13 31 1 0 1
-5.64902 -1.14761 1469.39 2.38764 0.641006 179.107 5.6905 13 32 1 0 1
-8.4401 0.586805 1469.39 4.11037 -0.188738 181.494 5.67104 13 33 1 0 1
-9.57979 0.580545 1469.39 4.87709 0.229901 181.056 5.67436 13 34 1 0 1
-7.75621 -2.95971 1469.39 4.72755 -0.139803 181.168 5.67351 13 35 1 0 1
-1.65569 -2.57307 1469.39 0.561357 -0.478985 180.342 5.68059 13 36 1 0 1
-8.60695 0.904259 1469.39 3.40404 -0.312225 181.855 5.66831 13 37 1 0 1
-6.89606 2.8317 1469.39 1.141 0.283654 179.518 5.68725 13 38 1 0 1
-6.93113 -0.166174 1469.39 2.32762 -0.236047 177.235 5.70608 13 39 1 0 1
-1.87458 1.53668 1469.39 0.382893 0.635503 177.352 5.70522 13 40 1 0 1
-10.4108 -3.52608 1469.39 3.73454 -0.418875 179.963 5.68335 13 41 1 0 1
-3.09263 -3.74757 1469.39 0.800244 -0.487041 182.806 5.66112 13 42 1 0 1
-8.99081 4.79122 1469.39 3.70758 0.525996 179.788 5.68477 13 43 1 0 1
-4.50284 -0.15658 1469.39 1.55417 -0.509377 178.156 5.69843 13 44 1 0 1
-10.473 -3.12744 1469.39 3.29717 -0.576929 178.629 5.69431 13 45 1 0 1
-9.26522 0.407543 1469.39 3.6385 -0.37442 179.489 5.68722 13 46 1 0 1
1.14344 4.26827 1469.39 -0.230619 0.610985 180.569 5.67877 13 47 1 0 1
-4.22402 -1.70752 1469.39 1.7227 -0.379563 182.379 5.66439 13 48 1 0 1
-6.54889 -2.37018 1469.39 1.99873 -0.996517 178.777 5.69324 13 49 1 0 1
-7.6103 1.3496 1469.39 4.20502 0.917775 181.873 5.66802 13 50 1 0 1
-2.33146 0.389323 1469.39 0.937268 0.0883009 178.933 5.69205 13 51 1 0 1
-7.91207 0.1562 1469.39 2.13651 -0.140502 181.788 5.66899 13 52 1 0 1
-4.7089 1.66703 1469.39 2.5899 -0.00488881 177.018 5.70789 13 53 1 0 1
-4.89426 -1.65739 1469.39 1.37905 -0.34412 181.444 5.67177 13 54 1 0 1
-5.86734 2.97723 1469.39 3.0782 0.822065 181.633 5.67009 13 55 1 0 1
-3.81047 0.897159 1469.39 2.05936 0.676098 179.776 5.68508 13 56 1 0 1
-2.72415 5.0986 1469.39 0.871995 0.931004 178.841 5.69279 13 57 1 0 1
-0.624809 -0.468308 1469.39 -0.176078 0.617213 178.424 5.69626 13 58 1 0 1
-6.6941 -1.28374 1469.39 2.97578 -0.506637 181.174 5.67375 13 59 1 0 1
-7.91197 -1.17094 1469.39 2.33594 -0.376764 176.233 5.71461 13 60 1 0 1
-9.63283 0.401937 1469.39 3.15007 0.237946 183.465 5.65584 13 61 1 0 1
-1.0269 -5.51313 1469.39 0.135808 -0.834274 181.239 5.67342 13 62 1 0 1
-11.7627 -0.752656 1469.39 4.74481 -0.440505 178.306 5.69672 13 63 1 0 1
-6.00145 -1.74555 1469.39 2.23003 -0.345129 179.634 5.68622 13 64 1 0 1
-2.77461 -1.82055 1469.39 1.3139 -0.401603 178.459 5.69594 13 65 1 0 1
-5.17893 -2.08949 1469.39 0.48867 -0.616224 175.331 5.72252 13 66 1 0 1
-8.28202 -3.328 1469.39 3.03592 -0.81769 179.851 5.68435 13 67 1 0 1
-6.47933 -2.01257 1469.39 3.72118 -0.512489 178.697 5.69369 13 68 1 0 1
-11.249 2.62593 1469.39 3.45285 0.753701 180.49 5.67914 13 69 1 0 1
-6.4037 3.03537 1469.39 2.83322 -0.0630548 181.845 5.66847 13 70 1 0 1
-1.62163 -3.10466 1469.39 1.47168 -0.970873 183.269 5.65749 13 71 1 0 1
-8.01926 -1.5589 1469.39 3.70375 0.374199 178.615 5.69437 13 72 1 0 1
-6.23574 1.46614 1469.39 2.20255 0.34137 180.812 5.67673 13 73 1 0 1
-7.63381 -0.58974 1469.39 2.70631 -0.0163659 181.4 5.67199 13 74 1 0 1
-5.73054 1.31129 1469.39 2.78375 0.267939 179.781 5.68496 13 75 1 0 1
-6.56943 -0.431446 1469.39 2.60231 -0.0443952 177.716 5.70201 13 76 1 0 1
-8.02717 -0.999401 1469.39 2.60888 -0.14403 180.785 5.6769 13 77 1 0 1
-1.97651 -0.561079 1469.39 1.92756 0.186391 181.321 5.6727 13 78 1 0 1
-1.16258 2.91792 1469.39 2.01196 0.0879557 179.301 5.68895 13 79 1 0 1
-1.44809 -0.858441 1469.39 1.03387 -0.336205 180.315 5.6808 13 80 1 0 1
-11.0484 0.323706 1469.39 4.0802 -0.12808 182.933 5.6598 13 81 1 0 1
-9.68367 2.19919 1469.39 3.30317 0.501089 181.283 5.67284 13 82 1 0 1
-5.85031 -0.823631 1469.39 1.71157 -0.460031 179.609 5.68647 13 83 1 0 1
-14.6149 0.493848 1469.39 5.26125 0.0736375 184.596 5.64687 13 84 1 0 1
-5.58727 -2.05117 1469.39 1.70464 -0.416635 177.89 5.70064 13 85 1 0 1
-6.88522 -1.99987 1469.39 2.55012 -0.66127 180.025 5.68301 13 86 1 0 1
-9.02555 -0.405821 1469.39 3.29317 -0.100513 179.532 5.68692 13 87 1 0 1
-7.5289 1.31956 1469.39 3.58932 0.26426 177.328 5.70512 13 88 1 0 1
-3.52047 1.69731 1469.39 2.61395 0.164874 181.001 5.67518 13 89 1 0 1
-5.78185 3.82554 1469.39 2.46913 0.194431 180.912 5.6759 13 90 1 0 1
-8.87581 -0.464957 1469.39 4.11295 0.494801 181.358 5.67212 13 91 1 0 1
-7.76528 0.404749 1469.39 4.16074 -0.118151 176.779 5.70966 13 92 1 0 1
0.127655 0.66063 1469.39 0.578412 0.587223 180.055 5.6829 13 93 1 0 1
-7.24433 -0.766339 1469.39 2.56074 -0.648203 182.077 5.66667 13 94 1 0 1
-1.78301 1.71647 1469.39 1.01314 0.697272 179.849 5.68455 13 95 1 0 1
-6.41179 2.74467 1469.39 2.28169 0.95968 179.941 5.6837 13 96 1 0 1
-5.29139 -0.223767 1469.39 2.32269 0.200384 181.247 5.67325 13 97 1 0 1
-7.11627 1.32647 1469.39 2.82723 0.318415 175.078 5.72453 13 98 1 0 1
-3.12584 3.24495 1469.39 1.23372 0.600165 180.26 5.68122 13 99 1 0 1
-1.74083 0.873151 1469.39 0.851624 0.0305869 181.099 5.67453 13 100 1 0 1
-5.45404 0.271606 1469.39 2.71056 0.0771744 181.302 5.67277 13 101 1 0 1
-6.54075 2.66285 1469.39 3.02794 0.65972 178.64 5.69426 13 102 1 0 1
-2.63326 1.07833 1469.39 1.13077 0.187519 180.938 5.6758 13 103 1 0 1
-6.27243 1.19011 1469.39 1.14407 -0.111691 180.215 5.6816 13 104 1 0 1
-8.02042 1.69033 1469.39 4.648 0.267593 181.025 5.67466 13 105 1 0 1
-13.4078 -2.3222 1469.39 5.23514 -0.728326 181.628 5.66974 13 106 1 0 1
-7.54849 -1.57222 1469.39 3.15687 0.0261233 182.099 5.66643 13 107 1 0 1
-3.14766 -4.54825 1469.39 1.11566 -0.858258 180.03 5.68308 13 108 1 0 1
-9.65018 1.81323 1469.39 3.87742 0.289234 181.006 5.67495 13 109 1 0 1
-7.77609 -2.89041 1469.39 3.57596 -1.12801 179.994 5.6831 13 110 1 0 1
-6.64439 -3.29343 1469.39 2.93806 -0.449331 181.189 5.67364 13 111 1 0 1
-4.20093 -0.880395 1469.39 2.09507 -0.609636 179.969 5.68351 13 112 1 0 1
-4.53058 0.249375 1469.39 1.35831 -0.0498239 182.736 5.66164 13 113 1 0 1
-9.21646 -4.78304 1469.39 4.03501 -0.986619 181.367 5.67204 13 114 1 0 1
-4.0922 4.5043 1469.39 1.69078 0.350212 182.45 5.66384 13 115 1 0 1
-1.45829 3.94774 1469.39 1.46774 0.426524 179.166 5.6901 13 116 1 0 1
-5.71359 -0.256344 1469.39 2.47733 0.298191 180.026 5.68301 13 117 1 0 1
-1.6675 -0.427653 1469.39 0.709543 -0.237545 179.581 5.68675 13 118 1 0 1
-3.43783 1.74958 1469.39 1.29469 -0.147794 181.377 5.6723 13 119 1 0 1
-5.44907 1.03285 1469.39 2.45551 0.511291 179.347 5.68853 13 120 1 0 1
-7.30849 -0.20791 1469.39 2.60848 -0.713485 178.711 5.69373 13 121 1 0 1
-7.86092 3.66741 1469.39 1.50449 0.919483 180.297 5.6809 13 122 1 0 1
-6.81429 0.671804 1469.39 2.49373 0.019438 180.078 5.6826 13 123 1 0 1
-7.26941 1.85331 1469.39 3.99212 0.375695 178.098 5.69861 13 124 1 0 1
-3.29833 1.65953 1469.39 0.959301 0.135824 181.34 5.67261 13 125 1 0 1
-7.33958 -0.441511 1469.39 2.64309 0.363525 179.926 5.6838 13 126 1 0 1
-7.14737 0.559825 1469.39 3.15177 -0.125756 178.392 5.69631 13 127 1 0 1
-9.19389 1.23063 1469.39 2.58341 0.204126 179.71 5.68556 13 128 1 0 1
-10.9786 -2.20449 1469.39 4.21549 -0.22839 179.921 5.6836 13 129 1 0 1
-4.96226 -2.59713 1469.39 2.98662 -0.806373 176.824 5.70946 13 130 1 0 1
-8.27754 -0.767715 1469.39 3.34669 -0.270881 177.27 5.70565 13 131 1 0 1
-6.36968 0.724896 1469.39 1.6504 0.471237 177.544 5.70354 13 132 1 0 1
-2.57998 -3.34499 1469.39 0.838775 -0.824385 180.438 5.6798 13 133 1 0 1
-12.5732 1.66009 1469.39 5.37798 0.170085 180.907 5.67544 13 134 1 0 1
-2.2767 -0.493761 1469.39 1.58375 -0.178305 177.64 5.70275 13 135 1 0 1
-5.13965 -1.01866 1469.39 2.38032 -0.170533 179.829 5.68462 13 136 1 0 1
-5.66708 -3.08601 1469.39 1.66473 -0.517162 181.515 5.67118 13 137 1 0 1
-3.82862 -0.861264 1469.39 1.48761 -0.66138 179.304 5.68897 13 138 1 0 1
-5.98755 3.14631 1469.39 2.27032 0.633911 178.768 5.6933 13 139 1 0 1
-6.52355 4.15992 1469.39 3.29283 0.840384 180.437 5.67958 13 140 1 0 1
-4.96985 0.288383 1469.39 1.47543 0.25531 180.854 5.67645 13 141 1 0 1
-0.895844 0.44153 1469.39 0.758507 -0.182892 179.705 5.68574 13 142 1 0 1
-6.62536 0.147749 1469.39 3.02394 -0.502147 178.738 5.69346 13 143 1 0 1
-12.9 0.0453503 1469.39 5.60984 -0.0470142 181.757 5.66865 13 144 1 0 1
-1.0236 -0.896777 1469.39 1.66225 -0.442369 181.114 5.67436 13 145 1 0 1
-14.2304 -0.0962802 1469.39 5.6056 -0.320076 180.577 5.67802 13 146 1 0 1
-10.3923 -0.828519 1469.39 4.93881 0.9476 181.393 5.67166 13 147 1 0 1
-5.52928 -4.51618 1469.39 1.6678 -0.919236 179.532 5.68709 13 148 1 0 1
-4.0513 1.62048 1469.39 2.12107 0.125468 180.054 5.68283 13 149 1 0 1
-6.18618 -1.68419 1469.39 2.58018 -0.502781 179.726 5.68543 13 150 1 0 1
-4.89423 0.381233 1530.61 2.33204 0.154819 178.311 5.93446 13 1 1 0 1
-5.44126 -0.541591 1530.61 2.24548 -0.401462 180.434 5.91641 13 2 1 0 1
-6.34419 4.0462 1530.61 3.39966 0.388839 180.879 5.91254 13 3 1 0 1
-5.24938 3.54027 1530.61 4.05972 0.830505 179.109 5.92732 13 4 1 0 1
-5.94444 -1.41117 1530.61 3.33207 -0.030873 180.525 5.91551 13 5 1 0 1
-5.7271 -3.61119 1530.61 3.67183 -0.75386 182.116 5.90231 13 6 1 0 1
-3.03964 0.72535 1530.61 2.20966 0.148958 181.124 5.91067 13 7 1 0 1
-5.50469 1.93 1530.61 3.39804 0.471395 182.165 5.90195 13 8 1 0 1
-3.26886 -1.53064 1530.61 1.64027 0.206915 180.08 5.91944 13 9 1 0 1
-7.1081 0.675419 1530.61 5.28711 0.138771 178.451 5.93271 13 10 1 0 1
-6.43023 3.58665 1530.61 3.62603 0.323972 181.168 5.91011 13 11 1 0 1
-8.68581 -0.760902 1530.61 3.7576 -0.155519 177.622 5.94024 13 12 1 0 1
-6.33679 0.516495 1530.61 3.89338 0.4609 178.215 5.93505 13 13 1 0 1
-4.74583 3.96074 1530.61 1.73635 1.07632 180.419 5.91655 13 14 1 0 1
-9.34895 3.25396 1530.61 4.78872 1.28627 180.575 5.91478 13 15 1 0 1
-2.46254 -1.74931 1530.61 2.14368 -0.613883 180.269 5.91779 13 16 1 0 1
-6.13894 -3.31158 1530.61 3.11222 -0.719775 180.905 5.91236 13 17 1 0 1
-5.4657 -2.48476 1530.61 4.13491 -0.689404 180.905 5.91219 13 18 1 0 1
0.393027 -2.58248 1530.61 0.221933 0.136009 179.669 5.92297 13 19 1 0 1
-6.87597 -3.37358 1530.61 4.70765 -0.704453 179.667 5.92245 13 20 1 0 1
-6.50069 0.177747 1530.61 3.126 -0.316445 178.782 5.9303 13 21 1 0 1
-4.86789 -0.402543 1530.61 1.98999 0.204298 181.693 5.906 13 22 1 0 1
-8.66229 3.02316 1530.61 5.09408 0.522465 179.659 5.92244 13 23 1 0 1
-5.43459 2.77958 1530.61 2.00718 0.0611833 177.706 5.93975 13 24 1 0 1
-3.6043 -2.18108 1530.61 1.56204 -0.610443 180.614 5.91496 13 25 1 0 1
-5.66582 -1.35075 1530.61 3.0384 -0.162709 180.474 5.91598 13 26 1 0 1
-6.67147 -1.48238 1530.61 3.76581 -0.416161 183.58 5.89049 13 27 1 0 1
-5.71746 0.825213 1530.61 3.49303 0.136942 181.629 5.90633 13 28 1 0 1
-4.59369 -5.09342 1530.61 2.24922 -0.0360028 177.963 5.93749 13 29 1 0 1
-6.10787 -0.699587 1530.61 3.12433 0.0190122 181.152 5.91032 13 30 1 0 1
-5.53777 -5.27766 1530.61 3.40814 -0.944681 178.967 5.92864 13 31 1 0 1
-4.76393 -0.922367 1530.61 2.7797 0.67559 179.101 5.92761 13 32 1 0 1
-6.95127 0.519911 1530.61 4.69736 -0.20747 181.48 5.90733 13 33 1 0 1
-7.81485 0.654827 1530.61 5.53871 0.209001 181.037 5.9108 13 34 1 0 1
-6.06598 -2.98998 1530.61 5.25366 -0.0391908 181.154 5.9099 13 35 1 0 1
-1.44471 -2.7207 1530.61 0.678921 -0.389875 180.342 5.91728 13 36 1 0 1
-7.3555 0.794186 1530.61 4.01412 -0.341031 181.843 5.90449 13 37 1 0 1
-6.42019 2.9121 1530.61 1.64361 0.187407 179.514 5.92422 13 38 1 0 1
-6.04167 -0.246611 1530.61 2.81096 -0.229209 177.228 5.94384 13 39 1 0 1
-1.71894 1.74688 1530.61 0.516897 0.581147 177.352 5.94293 13 40 1 0 1
-9.01228 -3.6482 1530.61 4.4691 -0.298337 179.946 5.92016 13 41 1 0 1
-2.78612 -3.88901 1530.61 1.0262 -0.356737 182.805 5.897 13 42 1 0 1
-7.61839 4.94267 1530.61 4.33512 0.362622 179.774 5.92163 13 43 1 0 1
-3.9133 -0.330404 1530.61 1.86941 -0.501271 178.153 5.93587 13 44 1 0 1
-9.21349 -3.30697 1530.61 4.03624 -0.469608 178.615 5.93158 13 45 1 0 1
-7.91065 0.277744 1530.61 4.28638 -0.38587 179.474 5.92418 13 46 1 0 1
1.05092 4.45069 1530.61 -0.313933 0.464035 180.57 5.91538 13 47 1 0 1
-3.59404 -1.82495 1530.61 2.02247 -0.319425 182.376 5.90041 13 48 1 0 1
-5.78338 -2.69728 1530.61 2.46223 -0.91193 178.771 5.93046 13 49 1 0 1
-6.10325 1.65026 1530.61 4.72912 0.86679 181.861 5.90419 13 50 1 0 1
-1.98225 0.417258 1530.61 1.09956 0.0748295 178.932 5.92922 13 51 1 0 1
-7.09417 0.108079 1530.61 2.70999 -0.14498 181.781 5.9052 13 52 1 0 1
-3.75661 1.65584 1530.61 2.90491 -0.0597899 177.013 5.94572 13 53 1 0 1
-4.36818 -1.76383 1530.61 1.73239 -0.286174 181.441 5.90809 13 54 1 0 1
-4.75898 3.23682 1530.61 3.4839 0.716689 181.626 5.90635 13 55 1 0 1
-3.06329 1.12186 1530.61 2.31915 0.642208 179.773 5.92195 13 56 1 0 1
-2.39199 5.38764 1530.61 1.06438 0.755959 178.84 5.92999 13 57 1 0 1
-0.676961 -0.254249 1530.61 -0.127241 0.629247 178.424 5.93361 13 58 1 0 1
-5.60698 -1.4473 1530.61 3.44422 -0.460432 181.166 5.91016 13 59 1 0 1
-7.00251 -1.29491 1530.61 2.88847 -0.336187 176.225 5.95272 13 60 1 0 1
-8.46264 0.478899 1530.61 3.84785 0.222846 183.452 5.8915 13 61 1 0 1
-0.96806 -5.76297 1530.61 0.211833 -0.643522 181.24 5.90981 13 62 1 0 1
-9.98964 -0.89933 1530.61 5.5596 -0.412956 178.282 5.93409 13 63 1 0 1
-5.16771 -1.853 1530.61 2.65181 -0.284783 179.629 5.92314 13 64 1 0 1
-2.29021 -1.94768 1530.61 1.50394 -0.338833 178.458 5.93327 13 65 1 0 1
-4.94264 -2.29234 1530.61 0.861803 -0.544511 175.33 5.96095 13 66 1 0 1
-7.1468 -3.58684 1530.61 3.61917 -0.701569 179.841 5.9212 13 67 1 0 1
-5.12679 -2.17634 1530.61 4.15704 -0.442597 178.687 5.93093 13 68 1 0 1
-9.93854 2.86613 1530.61 4.25653 0.661117 180.473 5.91577 13 69 1 0 1
-5.37179 2.99687 1530.61 3.28333 -0.165435 181.838 5.90465 13 70 1 0 1
-1.1113 -3.41068 1530.61 1.57699 -0.859419 183.269 5.89322 13 71 1 0 1
-6.65235 -1.42199 1530.61 4.25447 0.423867 178.602 5.93164 13 72 1 0 1
-5.41319 1.57315 1530.61 2.64533 0.290068 180.806 5.91326 13 73 1 0 1
-6.62645 -0.59189 1530.61 3.25007 0.00364096 181.391 5.90833 13 74 1 0 1
-4.71314 1.39489 1530.61 3.17842 0.22252 179.774 5.92184 13 75 1 0 1
-5.59254 -0.444251 1530.61 3.05665 -0.0298681 177.709 5.9396 13 76 1 0 1
-7.04453 -1.04239 1530.61 3.18163 -0.109571 180.776 5.91344 13 77 1 0 1
-1.3031 -0.495062 1530.61 2.05258 0.204264 181.32 5.90906 13 78 1 0 1
-0.463611 2.93126 1530.61 2.07326 -0.00993515 179.301 5.92599 13 79 1 0 1
-1.07999 -0.967483 1530.61 1.12971 -0.305473 180.314 5.9175 13 80 1 0 1
-9.54708 0.279075 1530.61 4.87187 -0.138358 182.913 5.89563 13 81 1 0 1
-8.44874 2.35556 1530.61 3.99402 0.423988 181.269 5.90921 13 82 1 0 1
-5.19438 -0.975449 1530.61 2.12862 -0.42986 179.605 5.9234 13 83 1 0 1
-12.69 0.515408 1530.61 6.31992 0.0562378 184.563 5.88216 13 84 1 0 1
-4.93148 -2.18259 1530.61 2.09803 -0.346329 177.886 5.93817 13 85 1 0 1
-5.93341 -2.21292 1530.61 3.03521 -0.590457 180.017 5.9198 13 86 1 0 1
-7.79161 -0.437718 1530.61 3.92772 -0.0863711 179.519 5.92388 13 87 1 0 1
-6.19844 1.4031 1530.61 4.1009 0.219182 177.317 5.94284 13 88 1 0 1
-2.59494 1.74329 1530.61 2.84663 0.106745 180.997 5.91165 13 89 1 0 1
-4.8757 3.86939 1530.61 2.87444 0.064491 180.906 5.9124 13 90 1 0 1
-7.37949 -0.295583 1530.61 4.73241 0.507633 181.342 5.90846 13 91 1 0 1
-6.23091 0.361599 1530.61 4.68064 -0.130786 176.766 5.94756 13 92 1 0 1
0.321856 0.856157 1530.61 0.561395 0.561732 180.055 5.91969 13 93 1 0 1
-6.29409 -0.979516 1530.61 3.07891 -0.618506 182.069 5.90279 13 94 1 0 1
-1.41674 1.9436 1530.61 1.13413 0.635828 179.849 5.92141 13 95 1 0 1
-5.55658 3.05492 1530.61 2.73443 0.862245 179.936 5.92052 13 96 1 0 1
-4.44233 -0.15493 1530.61 2.69356 0.206784 181.242 5.90963 13 97 1 0 1
-6.04061 1.43004 1530.61 3.3114 0.273356 175.07 5.96306 13 98 1 0 1
-2.66854 3.4299 1530.61 1.45333 0.487855 180.259 5.91794 13 99 1 0 1
-1.43183 0.878492 1530.61 0.972431 0.000977731 181.099 5.91097 13 100 1 0 1
-4.47271 0.296069 1530.61 3.08888 0.0675657 181.296 5.90914 13 101 1 0 1
-5.4236 2.87333 1530.61 3.47719 0.567384 178.633 5.93152 13 102 1 0 1
-2.21852 1.13551 1530.61 1.31534 0.150129 180.937 5.91229 13 103 1 0 1
-5.80501 1.14545 1530.61 1.60168 -0.150975 180.212 5.91833 13 104 1 0 1
-6.35233 1.77102 1530.61 5.19464 0.209091 181.01 5.91111 13 105 1 0 1
-11.4788 -2.554 1530.61 6.18454 -0.645555 181.599 5.90598 13 106 1 0 1
-6.39489 -1.55449 1530.61 3.69054 0.0792634 182.089 5.90254 13 107 1 0 1
-2.72952 -4.81363 1530.61 1.33813 -0.70094 180.029 5.91988 13 108 1 0 1
-8.22057 1.90053 1530.61 4.55717 0.226471 180.99 5.91141 13 109 1 0 1
-6.46526 -3.25689 1530.61 4.11469 -1.02467 179.983 5.9199 13 110 1 0 1
-5.57069 -3.42618 1530.61 3.40327 -0.335674 181.181 5.91004 13 111 1 0 1
-3.43739 -1.08237 1530.61 2.38406 -0.576654 179.965 5.92033 13 112 1 0 1
-4.01936 0.231291 1530.61 1.68679 -0.0580215 182.733 5.89754 13 113 1 0 1
-7.74204 -5.08818 1530.61 4.68134 -0.819447 181.352 5.90838 13 114 1 0 1
-3.4748 4.5959 1530.61 1.98104 0.195235 182.447 5.89983 13 115 1 0 1
-0.940186 4.07069 1530.61 1.55809 0.292429 179.166 5.92719 13 116 1 0 1
-4.80145 -0.153664 1530.61 2.87526 0.30507 180.02 5.91981 13 117 1 0 1
-1.40526 -0.506046 1530.61 0.825566 -0.221894 179.581 5.9237 13 118 1 0 1
-2.95861 1.68981 1530.61 1.53861 -0.206019 181.375 5.90865 13 119 1 0 1
-4.54456 1.20117 1530.61 2.83228 0.473878 179.342 5.92555 13 120 1 0 1
-6.32499 -0.450692 1530.61 3.12063 -0.702467 178.703 5.93097 13 121 1 0 1
-7.25145 3.95813 1530.61 2.07734 0.791133 180.292 5.91761 13 122 1 0 1
-5.88272 0.674569 1530.61 2.97437 -0.00319207 180.07 5.91937 13 123 1 0 1
-5.80973 1.97165 1530.61 4.48161 0.312091 178.086 5.93605 13 124 1 0 1
-2.93356 1.69584 1530.61 1.19691 0.0790302 181.338 5.90897 13 125 1 0 1
-6.34996 -0.315529 1530.61 3.16085 0.376221 179.918 5.92063 13 126 1 0 1
-5.97868 0.513554 1530.61 3.64392 -0.143621 178.382 5.93366 13 127 1 0 1
-8.19968 1.29302 1530.61 3.24047 0.161785 179.7 5.92246 13 128 1 0 1
-9.40954 -2.26948 1530.61 4.98624 -0.153238 179.902 5.92042 13 129 1 0 1
-3.86897 -2.86099 1530.61 3.31486 -0.716266 176.819 5.94736 13 130 1 0 1
-7.02052 -0.856713 1530.61 3.91664 -0.243986 177.258 5.94339 13 131 1 0 1
-5.72134 0.882954 1530.61 2.10171 0.444581 177.54 5.94119 13 132 1 0 1
-2.26352 -3.6051 1530.61 1.02253 -0.707331 180.438 5.91646 13 133 1 0 1
-10.5998 1.70807 1530.61 6.25846 0.113194 180.879 5.91191 13 134 1 0 1
-1.70401 -0.552282 1530.61 1.73242 -0.16096 177.639 5.94036 13 135 1 0 1
-4.26683 -1.0708 1530.61 2.73592 -0.135458 179.824 5.92148 13 136 1 0 1
-5.03533 -3.24251 1530.61 2.07315 -0.409933 181.511 5.90748 13 137 1 0 1
-3.27376 -1.08175 1530.61 1.75536 -0.628854 179.302 5.92601 13 138 1 0 1
-5.13658 3.34505 1530.61 2.68838 0.52558 178.762 5.93052 13 139 1 0 1
-5.32741 4.4208 1530.61 3.74228 0.695838 180.429 5.91623 13 140 1 0 1
-4.4088 0.373004 1530.61 1.83204 0.244141 180.85 5.91297 13 141 1 0 1
-0.627048 0.37682 1530.61 0.816049 -0.196619 179.705 5.92265 13 142 1 0 1
-5.50905 -0.0247705 1530.61 3.47982 -0.504175 178.73 5.93068 13 143 1 0 1
-10.8531 0.0292851 1530.61 6.51653 -0.0482723 181.727 5.90485 13 144 1 0 1
-0.450968 -1.04092 1530.61 1.7184 -0.409611 181.114 5.91079 13 145 1 0 1
-12.1555 -0.204046 1530.61 6.6062 -0.314955 180.543 5.9146 13 146 1 0 1
-8.59927 -0.504563 1530.61 5.66249 0.970056 181.371 5.90798 13 147 1 0 1
-4.89208 -4.8033 1530.61 2.06115 -0.763052 179.528 5.92405 13 148 1 0 1
-3.28121 1.65382 1530.61 2.39862 0.0704391 180.05 5.91961 13 149 1 0 1
-5.23169 -1.84554 1530.61 3.01155 -0.443552 179.719 5.92233 13 150 1 0 1
-4.03419 0.432116 1591.84 2.66672 0.141279 178.306 6.17184 13 1 1 0 1
-4.61284 -0.674466 1591.84 2.62684 -0.380971 180.429 6.15306 13 2 1 0 1
-5.11706 4.15448 1591.84 3.83537 0.250375 180.871 6.14904 13 3 1 0 1
-3.8003 3.80343 1591.84 4.40035 0.707704 179.102 6.16441 13 4 1 0 1
-4.74301 -1.41357 1591.84 3.73758 0.0167232 180.517 6.15213 13 5 1 0 1
-4.42456 -3.84354 1591.84 4.06039 -0.627114 182.108 6.1384 13 6 1 0 1
-2.25695 0.771469 1591.84 2.41134 0.123651 181.122 6.14709 13 7 1 0 1
-4.29696 2.07712 1591.84 3.77332 0.403245 182.158 6.13803 13 8 1 0 1
-2.67168 -1.45169 1591.84 1.86518 0.25704 180.077 6.15621 13 9 1 0 1
-5.2108 0.719087 1591.84 5.74888 0.115534 178.436 6.17002 13 10 1 0 1
-5.12766 3.67547 1591.84 4.0661 0.201159 181.159 6.14651 13 11 1 0 1
-7.2848 -0.810066 1591.84 4.35373 -0.129464 177.608 6.17785 13 12 1 0 1
-4.92374 0.671586 1591.84 4.31511 0.441113 178.206 6.17245 13 13 1 0 1
-4.09829 4.3027 1591.84 2.07182 0.937145 180.417 6.15321 13 14 1 0 1
-7.61243 3.67069 1591.84 5.43219 1.16945 180.558 6.15137 13 15 1 0 1
-1.70603 -1.94742 1591.84 2.30166 -0.551676 180.268 6.1545 13 16 1 0 1
-5.01148 -3.53582 1591.84 3.53621 -0.604128 180.898 6.14885 13 17 1 0 1
-4.00223 -2.70346 1591.84 4.49484 -0.601771 180.896 6.14868 13 18 1 0 1
0.463293 -2.52149 1591.84 0.189583 0.221602 179.669 6.15989 13 19 1 0 1
-5.19048 -3.59393 1591.84 5.16314 -0.587569 179.655 6.15935 13 20 1 0 1
-5.35143 0.0685712 1591.84 3.57137 -0.32054 178.773 6.16751 13 21 1 0 1
-4.1378 -0.331536 1591.84 2.33399 0.216742 181.688 6.14224 13 22 1 0 1
-6.82271 3.18363 1591.84 5.67849 0.418342 179.642 6.15933 13 23 1 0 1
-4.67635 2.78477 1591.84 2.38491 -0.031111 177.701 6.17734 13 24 1 0 1
-3.03086 -2.37518 1591.84 1.814 -0.533626 180.612 6.15156 13 25 1 0 1
-4.56684 -1.39814 1591.84 3.42657 -0.116399 180.467 6.15262 13 26 1 0 1
-5.33541 -1.61245 1591.84 4.22904 -0.36311 183.57 6.12611 13 27 1 0 1
-4.47176 0.866579 1591.84 3.88199 0.108257 181.621 6.14259 13 28 1 0 1
-3.76432 -5.07673 1591.84 2.56191 0.132929 177.958 6.17499 13 29 1 0 1
-4.97816 -0.689183 1591.84 3.54644 0.0424925 181.145 6.14673 13 30 1 0 1
-4.30585 -5.57011 1591.84 3.77842 -0.763445 178.961 6.16579 13 31 1 0 1
-3.75671 -0.686599 1591.84 3.10048 0.702466 179.095 6.16471 13 32 1 0 1
-5.28423 0.447086 1591.84 5.16389 -0.223835 181.468 6.14363 13 33 1 0 1
-5.84957 0.72164 1591.84 6.0583 0.185725 181.02 6.14723 13 34 1 0 1
-4.22024 -2.98615 1591.84 5.64509 0.0618537 181.142 6.1463 13 35 1 0 1
-1.19669 -2.83729 1591.84 0.779081 -0.296317 180.342 6.15397 13 36 1 0 1
-5.91548 0.675053 1591.84 4.52124 -0.365945 181.831 6.14067 13 37 1 0 1
-5.77973 2.95929 1591.84 2.10404 0.0890254 179.509 6.16119 13 38 1 0 1
-4.99732 -0.324236 1591.84 3.22219 -0.219757 177.221 6.18159 13 39 1 0 1
-1.51923 1.93716 1591.84 0.637649 0.520161 177.352 6.18065 13 40 1 0 1
-7.38271 -3.7287 1591.84 5.08896 -0.174419 179.93 6.15696 13 41 1 0 1
-2.40818 -3.98607 1591.84 1.22585 -0.222364 182.804 6.13288 13 42 1 0 1
-6.05067 5.03774 1591.84 4.85146 0.195137 179.761 6.1585 13 43 1 0 1
-3.22344 -0.50046 1591.84 2.13671 -0.487446 178.15 6.1733 13 44 1 0 1
-7.71779 -3.44877 1591.84 4.67171 -0.356948 178.599 6.16884 13 45 1 0 1
-6.35328 0.144778 1591.84 4.82428 -0.392918 179.461 6.16115 13 46 1 0 1
0.931461 4.58234 1591.84 -0.389199 0.311791 180.57 6.152 13 47 1 0 1
-2.87192 -1.92157 1591.84 2.27039 -0.255644 182.373 6.13642 13 48 1 0 1
-4.8696 -2.99361 1591.84 2.86258 -0.816945 178.766 6.16768 13 49 1 0 1
-4.43974 1.93211 1591.84 5.13197 0.805933 181.85 6.14036 13 50 1 0 1
-1.58221 0.440433 1591.84 1.23366 0.0605046 178.931 6.16639 13 51 1 0 1
-6.09441 0.0587258 1591.84 3.21393 -0.147804 181.772 6.14141 13 52 1 0 1
-2.70802 1.62575 1591.84 3.14544 -0.114006 177.009 6.18355 13 53 1 0 1
-3.73012 -1.85015 1591.84 2.04131 -0.224966 181.438 6.14441 13 54 1 0 1
-3.52861 3.45949 1591.84 3.80027 0.603148 181.62 6.1426 13 55 1 0 1
-2.23758 1.33376 1591.84 2.51949 0.600995 179.77 6.15883 13 56 1 0 1
-1.9985 5.61521 1591.84 1.22947 0.572289 178.84 6.16719 13 57 1 0 1
-0.711759 -0.037289 1591.84 -0.0751419 0.634102 178.424 6.17095 13 58 1 0 1
-4.37612 -1.59436 1591.84 3.82435 -0.408981 181.158 6.14656 13 59 1 0 1
-5.91352 -1.4041 1591.84 3.36689 -0.291778 176.216 6.19082 13 60 1 0 1
-7.07549 0.550397 1591.84 4.44687 0.205206 183.439 6.12716 13 61 1 0 1
-0.884398 -5.94707 1591.84 0.282427 -0.445427 181.24 6.1462 13 62 1 0 1
-7.96052 -1.03575 1591.84 6.23171 -0.380708 178.26 6.17145 13 63 1 0 1
-4.2015 -1.93932 1591.84 3.00559 -0.221193 179.623 6.16007 13 64 1 0 1
-1.7471 -2.0526 1591.84 1.65542 -0.272198 178.457 6.1706 13 65 1 0 1
-4.57963 -2.46904 1591.84 1.21283 -0.466585 175.328 6.19939 13 66 1 0 1
-5.82836 -3.80477 1591.84 4.10958 -0.57746 179.831 6.15804 13 67 1 0 1
-3.64282 -2.31529 1591.84 4.48633 -0.367667 178.68 6.16816 13 68 1 0 1
-8.37332 3.07363 1591.84 4.95093 0.561006 180.456 6.1524 13 69 1 0 1
-4.20217 2.92418 1591.84 3.64923 -0.26592 181.83 6.14084 13 70 1 0 1
-0.572489 -3.67778 1591.84 1.64187 -0.738163 183.269 6.12895 13 71 1 0 1
-5.11489 -1.26885 1591.84 4.69607 0.468695 178.591 6.1689 13 72 1 0 1
-4.45187 1.66221 1591.84 3.02027 0.23546 180.8 6.14979 13 73 1 0 1
-5.44922 -0.587287 1591.84 3.71045 0.0236043 181.383 6.14466 13 74 1 0 1
-3.5749 1.46257 1591.84 3.49159 0.174566 179.769 6.15871 13 75 1 0 1
-4.47227 -0.451987 1591.84 3.43259 -0.0150015 177.702 6.17718 13 76 1 0 1
-5.88129 -1.07348 1591.84 3.67276 -0.0738651 180.766 6.14998 13 77 1 0 1
-0.596291 -0.423398 1591.84 2.12498 0.219807 181.319 6.14542 13 78 1 0 1
0.247243 2.91115 1591.84 2.08141 -0.107712 179.301 6.16303 13 79 1 0 1
-0.684201 -1.06549 1591.84 1.1966 -0.271256 180.314 6.1542 13 80 1 0 1
-7.80097 0.231261 1591.84 5.5385 -0.147056 182.894 6.13145 13 81 1 0 1
-6.99721 2.48505 1591.84 4.58239 0.342061 181.255 6.14558 13 82 1 0 1
-4.40528 -1.11614 1591.84 2.49108 -0.394787 179.6 6.16034 13 83 1 0 1
-10.4398 0.531088 1591.84 7.21623 0.038203 184.53 6.11745 13 84 1 0 1
-4.14926 -2.28912 1591.84 2.43762 -0.272076 177.882 6.17569 13 85 1 0 1
-4.82948 -2.40073 1591.84 3.44246 -0.512915 180.01 6.15659 13 86 1 0 1
-6.35793 -0.464622 1591.84 4.4615 -0.0712464 179.507 6.16083 13 87 1 0 1
-4.70907 1.47063 1591.84 4.50732 0.171611 177.307 6.18055 13 88 1 0 1
-1.60289 1.76939 1591.84 3.00635 0.0474011 180.995 6.14811 13 89 1 0 1
-3.84456 3.8691 1591.84 3.20605 -0.066176 180.9 6.1489 13 90 1 0 1
-5.69398 -0.122837 1591.84 5.23051 0.514677 181.329 6.14479 13 91 1 0 1
-4.5368 0.314323 1591.84 5.08053 -0.14193 176.755 6.18547 13 92 1 0 1
0.507806 1.04192 1591.84 0.529985 0.529833 180.055 6.15648 13 93 1 0 1
-5.18249 -1.18152 1591.84 3.51811 -0.581756 182.061 6.1389 13 94 1 0 1
-1.01414 2.14855 1591.84 1.22606 0.567133 179.849 6.15826 13 95 1 0 1
-4.55892 3.33033 1591.84 3.11704 0.754981 179.93 6.15734 13 96 1 0 1
-3.47938 -0.0843267 1591.84 2.99537 0.210826 181.237 6.14602 13 97 1 0 1
-4.81008 1.5173 1591.84 3.71066 0.225184 175.062 6.20158 13 98 1 0 1
-2.14282 3.57572 1591.84 1.63567 0.369981 180.258 6.15466 13 99 1 0 1
-1.08613 0.873811 1591.84 1.06831 -0.0286424 181.098 6.1474 13 100 1 0 1
-3.3767 0.317154 1591.84 3.388 0.057187 181.29 6.14551 13 101 1 0 1
-4.16741 3.05104 1591.84 3.83727 0.468587 178.625 6.16878 13 102 1 0 1
-1.74691 1.17974 1591.84 1.4662 0.111027 180.936 6.14878 13 103 1 0 1
-5.18878 1.08772 1591.84 2.01821 -0.188534 180.208 6.15506 13 104 1 0 1
-4.52139 1.83151 1591.84 5.60811 0.148215 180.998 6.14755 13 105 1 0 1
-9.25548 -2.75666 1591.84 6.97516 -0.555451 181.57 6.14222 13 106 1 0 1
-5.07734 -1.51902 1591.84 4.12956 0.131494 182.08 6.13864 13 107 1 0 1
-2.24141 -5.02409 1591.84 1.52629 -0.535627 180.028 6.15667 13 108 1 0 1
-6.58022 1.96615 1591.84 5.12 0.161136 180.975 6.14787 13 109 1 0 1
-4.98868 -3.58621 1591.84 4.54791 -0.909658 179.973 6.15669 13 110 1 0 1
-4.35417 -3.51986 1591.84 3.78122 -0.218199 181.174 6.14644 13 111 1 0 1
-2.58574 -1.27201 1591.84 2.61194 -0.537097 179.962 6.15714 13 112 1 0 1
-3.4051 0.210569 1591.84 1.97202 -0.065557 182.731 6.13344 13 113 1 0 1
-6.06914 -5.33528 1591.84 5.2076 -0.642958 181.339 6.14471 13 114 1 0 1
-2.76832 4.63508 1591.84 2.2205 0.038036 182.445 6.13583 13 115 1 0 1
-0.397982 4.14722 1591.84 1.6085 0.155 179.166 6.16428 13 116 1 0 1
-3.76622 -0.049231 1591.84 3.19946 0.30847 180.015 6.1566 13 117 1 0 1
-1.10699 -0.578666 1591.84 0.920425 -0.203712 179.58 6.16065 13 118 1 0 1
-2.40353 1.61076 1591.84 1.74308 -0.261893 181.373 6.14499 13 119 1 0 1
-3.52354 1.35579 1591.84 3.13644 0.431064 179.337 6.16257 13 120 1 0 1
-5.17935 -0.688332 1591.84 3.55274 -0.683438 178.695 6.16821 13 121 1 0 1
-6.45608 4.20371 1591.84 2.59688 0.653761 180.285 6.15431 13 122 1 0 1
-4.80035 0.669638 1591.84 3.37872 -0.0257839 180.063 6.15615 13 123 1 0 1
-4.20111 2.06749 1591.84 4.8562 0.244937 178.076 6.17349 13 124 1 0 1
-2.49358 1.7128 1591.84 1.40383 0.0213356 181.337 6.14533 13 125 1 0 1
-5.19756 -0.185948 1591.84 3.59753 0.384625 179.909 6.15745 13 126 1 0 1
-4.65672 0.461425 1591.84 4.04263 -0.159847 178.374 6.171 13 127 1 0 1
-6.99526 1.34066 1591.84 3.81436 0.117603 179.689 6.15936 13 128 1 0 1
-7.59926 -2.30859 1591.84 5.62904 -0.0763561 179.883 6.15723 13 129 1 0 1
-2.6765 -3.09221 1591.84 3.55813 -0.617999 176.815 6.18525 13 130 1 0 1
-5.58352 -0.935939 1591.84 4.38613 -0.214313 177.247 6.18112 13 131 1 0 1
-4.92632 1.03094 1591.84 2.49912 0.412853 177.535 6.17884 13 132 1 0 1
-1.88904 -3.82409 1591.84 1.18007 -0.582208 180.437 6.15312 13 133 1 0 1
-8.35459 1.73657 1591.84 6.97832 0.0550294 180.853 6.14839 13 134 1 0 1
-1.08763 -0.604502 1591.84 1.83668 -0.141778 177.638 6.17797 13 135 1 0 1
-3.28463 -1.11072 1591.84 3.02137 -0.0988392 179.82 6.15834 13 136 1 0 1
-4.27449 -3.36203 1591.84 2.42841 -0.298032 181.507 6.14378 13 137 1 0 1
-2.63497 -1.2899 1591.84 1.9781 -0.589155 179.3 6.16305 13 138 1 0 1
-4.15393 3.50564 1591.84 3.03749 0.411261 178.757 6.16774 13 139 1 0 1
-3.99469 4.63125 1591.84 4.09577 0.54337 180.422 6.15288 13 140 1 0 1
-3.73472 0.45337 1591.84 2.14167 0.230187 180.847 6.14949 13 141 1 0 1
-0.342176 0.307811 1591.84 0.85267 -0.208102 179.705 6.15955 13 142 1 0 1
-4.25151 -0.197007 1591.84 3.84646 -0.500454 178.722 6.16791 13 143 1 0 1
-8.52789 0.0128859 1591.84 7.25596 -0.0489801 181.699 6.14104 13 144 1 0 1
0.133223 -1.17318 1591.84 1.7305 -0.372181 181.114 6.14722 13 145 1 0 1
-9.76904 -0.309485 1591.84 7.43716 -0.306246 180.51 6.15119 13 146 1 0 1
-6.58576 -0.174852 1591.84 6.24093 0.981455 181.352 6.1443 13 147 1 0 1
-4.12947 -5.03563 1591.84 2.40165 -0.598169 179.525 6.16101 13 148 1 0 1
-2.42701 1.66829 1591.84 2.61468 0.0146084 180.047 6.1564 13 149 1 0 1
-4.14308 -1.98583 1591.84 3.36569 -0.379269 179.713 6.15922 13 150 1 0 1
-3.07073 0.478069 1653.06 2.93302 0.126128 178.302 6.40922 13 1 1 0 1
-3.66616 -0.799648 1653.06 2.94085 -0.356136 180.424 6.38972 13 2 1 0 1
-3.75875 4.21538 1653.06 4.17276 0.109068 180.863 6.38555 13 3 1 0 1
-2.2538 4.0232 1653.06 4.6282 0.576848 179.097 6.40151 13 4 1 0 1
-3.41999 -1.39985 1653.06 4.04726 0.0641249 180.51 6.38875 13 5 1 0 1
-3.00859 -4.03205 1653.06 4.34486 -0.493229 182.102 6.37449 13 6 1 0 1
-1.4164 0.808787 1653.06 2.5512 0.0969342 181.12 6.38352 13 7 1 0 1
-2.97907 2.20055 1653.06 4.05187 0.330503 182.152 6.37411 13 8 1 0 1
-2.006 -1.35619 1653.06 2.04228 0.304232 180.075 6.39299 13 9 1 0 1
-3.1799 0.754552 1653.06 6.06333 0.0909855 178.426 6.40733 13 10 1 0 1
-3.69363 3.72236 1653.06 4.40193 0.0760639 181.151 6.38292 13 11 1 0 1
-5.69704 -0.849989 1653.06 4.83819 -0.101937 177.596 6.41546 13 12 1 0 1
-3.38447 0.819017 1653.06 4.62621 0.416301 178.198 6.40985 13 13 1 0 1
-3.34569 4.59558 1653.06 2.35417 0.787287 180.414 6.38988 13 14 1 0 1
-5.68075 4.04554 1653.06 5.93637 1.03932 180.543 6.38796 13 15 1 0 1
-0.905789 -2.12333 1653.06 2.40065 -0.483179 180.266 6.39121 13 16 1 0 1
-3.75554 -3.71973 1653.06 3.86953 -0.481602 180.892 6.38535 13 17 1 0 1
-2.43615 -2.89132 1653.06 4.73957 -0.507288 180.891 6.38517 13 18 1 0 1
0.521681 -2.43173 1653.06 0.152373 0.304668 179.668 6.39681 13 19 1 0 1
-3.37193 -3.77329 1653.06 5.4863 -0.464005 179.645 6.39625 13 20 1 0 1
-4.06497 -0.0413866 1653.06 3.92516 -0.32098 178.766 6.40472 13 21 1 0 1
-3.30163 -0.256747 1653.06 2.61813 0.226714 181.685 6.37848 13 22 1 0 1
-4.80821 3.30778 1653.06 6.11733 0.309472 179.627 6.39623 13 23 1 0 1
-3.79824 2.75818 1653.06 2.70149 -0.123046 177.696 6.41493 13 24 1 0 1
-2.37972 -2.54218 1653.06 2.01945 -0.450724 180.61 6.38816 13 25 1 0 1
-3.35079 -1.42958 1653.06 3.72689 -0.0687654 180.461 6.38926 13 26 1 0 1
-3.86258 -1.72413 1653.06 4.58386 -0.305927 183.562 6.36173 13 27 1 0 1
-3.11142 0.89806 1653.06 4.17143 0.078339 181.615 6.37884 13 28 1 0 1
-2.83844 -5.00213 1653.06 2.80891 0.300337 177.955 6.41249 13 29 1 0 1
-3.72082 -0.670918 1653.06 3.87762 0.0654865 181.138 6.38315 13 30 1 0 1
-2.96354 -5.79903 1653.06 4.05184 -0.573518 178.956 6.40294 13 31 1 0 1
-2.65317 -0.442999 1653.06 3.34177 0.721331 179.091 6.40182 13 32 1 0 1
-3.48173 0.369161 1653.06 5.49807 -0.237648 181.458 6.37992 13 33 1 0 1
-3.73432 0.78022 1653.06 6.42264 0.160338 181.008 6.38366 13 34 1 0 1
-2.2663 -2.94825 1653.06 5.89189 0.162183 181.134 6.3827 13 35 1 0 1
-0.917989 -2.92151 1653.06 0.859267 -0.199379 180.342 6.39066 13 36 1 0 1
-4.32381 0.548219 1653.06 4.91244 -0.386684 181.82 6.37685 13 37 1 0 1
-4.9911 2.97271 1653.06 2.5105 -0.0103664 179.504 6.39816 13 38 1 0 1
-3.82485 -0.398161 1653.06 3.55081 -0.2078 177.215 6.41934 13 39 1 0 1
-1.28057 2.10534 1653.06 0.742054 0.453241 177.352 6.41837 13 40 1 0 1
-5.56387 -3.76667 1653.06 5.57831 -0.0485343 179.915 6.39377 13 41 1 0 1
-1.96851 -4.03767 1653.06 1.39407 -0.0854564 182.803 6.36876 13 42 1 0 1
-4.32783 5.07534 1653.06 5.24342 0.0254509 179.75 6.39536 13 43 1 0 1
-2.45095 -0.664806 1653.06 2.34923 -0.468063 178.148 6.41074 13 44 1 0 1
-6.02423 -3.55123 1653.06 5.18736 -0.240237 178.585 6.4061 13 45 1 0 1
-4.63304 0.0101592 1653.06 5.2385 -0.395488 179.449 6.39812 13 46 1 0 1
0.788123 4.66172 1653.06 -0.454487 0.155989 180.57 6.38861 13 47 1 0 1
-2.07618 -1.99627 1653.06 2.4601 -0.18895 182.371 6.37244 13 48 1 0 1
-3.83099 -3.2558 1653.06 3.18953 -0.712648 178.761 6.4049 13 49 1 0 1
-2.66241 2.19191 1653.06 5.40331 0.735902 181.842 6.37652 13 50 1 0 1
-1.14162 0.458585 1653.06 1.33613 0.0454897 178.93 6.40356 13 51 1 0 1
-4.9384 0.00870228 1653.06 3.63545 -0.148941 181.765 6.37761 13 52 1 0 1
-1.59 1.57712 1653.06 3.30535 -0.166921 177.006 6.42138 13 53 1 0 1
-2.99643 -1.91536 1653.06 2.29789 -0.161193 181.435 6.38074 13 54 1 0 1
-2.20778 3.64269 1653.06 4.01923 0.482738 181.616 6.37886 13 55 1 0 1
-1.3545 1.53044 1653.06 2.65524 0.552929 179.768 6.39571 13 56 1 0 1
-1.55379 5.77873 1653.06 1.36305 0.382092 178.839 6.40439 13 57 1 0 1
-0.728309 0.180096 1653.06 -0.0211163 0.631724 178.424 6.4083 13 58 1 0 1
-3.03307 -1.72322 1653.06 4.10643 -0.352872 181.152 6.38297 13 59 1 0 1
-4.67293 -1.49727 1653.06 3.75897 -0.244045 176.209 6.42893 13 60 1 0 1
-5.50695 0.615617 1653.06 4.93185 0.185229 183.426 6.36282 13 61 1 0 1
-0.778064 -6.06334 1653.06 0.345781 -0.24225 181.241 6.38259 13 62 1 0 1
-5.72732 -1.16035 1653.06 6.74405 -0.344132 178.242 6.40881 13 63 1 0 1
-3.12757 -2.0035 1653.06 3.28231 -0.155084 179.618 6.39699 13 64 1 0 1
-1.15919 -2.1341 1653.06 1.76446 -0.202459 178.456 6.40793 13 65 1 0 1
-4.09922 -2.61758 1653.06 1.53276 -0.383338 175.326 6.43783 13 66 1 0 1
-4.3605 -3.97929 1653.06 4.49462 -0.446781 179.822 6.39489 13 67 1 0 1
-2.06546 -2.42783 1653.06 4.70065 -0.288554 178.674 6.4054 13 68 1 0 1
-6.59343 3.24608 1653.06 5.51832 0.454519 180.439 6.38903 13 69 1 0 1
-2.92482 2.81813 1653.06 3.92159 -0.363366 181.825 6.37703 13 70 1 0 1
-0.0189969 -3.90293 1653.06 1.66467 -0.608487 183.269 6.36468 13 71 1 0 1
-3.44631 -1.10124 1653.06 5.01731 0.508178 178.582 6.40617 13 72 1 0 1
-3.37642 1.73231 1653.06 3.31778 0.17817 180.795 6.38632 13 73 1 0 1
-4.13229 -0.575985 1653.06 4.0757 0.0432968 181.375 6.38099 13 74 1 0 1
-2.34502 1.51357 1653.06 3.71527 0.124625 179.764 6.39558 13 75 1 0 1
-3.23736 -0.454568 1653.06 3.72053 3.51391e-05 177.696 6.41477 13 76 1 0 1
-4.56728 -1.09233 1653.06 4.06971 -0.0373207 180.758 6.38652 13 77 1 0 1
0.125809 -0.346904 1653.06 2.14292 0.232844 181.319 6.38179 13 78 1 0 1
0.951759 2.85784 1653.06 2.03621 -0.204261 179.301 6.40007 13 79 1 0 1
-0.270871 -1.15134 1653.06 1.23281 -0.233946 180.314 6.3909 13 80 1 0 1
-5.85487 0.180808 1653.06 6.0631 -0.154076 182.878 6.36728 13 81 1 0 1
-5.3663 2.5862 1653.06 5.05323 0.256247 181.243 6.38195 13 82 1 0 1
-3.50325 -1.2441 1653.06 2.78967 -0.355212 179.596 6.39728 13 83 1 0 1
-7.92201 0.54071 1653.06 7.92741 0.0197394 184.501 6.35273 13 84 1 0 1
-3.26067 -2.36953 1653.06 2.71471 -0.194722 177.878 6.41322 13 85 1 0 1
-3.60174 -2.56116 1653.06 3.76145 -0.429531 180.004 6.39339 13 86 1 0 1
-4.76125 -0.486226 1653.06 4.88088 -0.0553116 179.496 6.39779 13 87 1 0 1
-3.09899 1.52139 1653.06 4.7982 0.122088 177.3 6.41826 13 88 1 0 1
-0.569744 1.7753 1653.06 3.08901 -0.0124822 180.993 6.38458 13 89 1 0 1
-2.71486 3.82468 1653.06 3.45545 -0.196081 180.896 6.38539 13 90 1 0 1
-3.8625 0.0513102 1653.06 5.59453 0.515856 181.318 6.38113 13 91 1 0 1
-2.72638 0.263462 1653.06 5.35022 -0.151455 176.747 6.42337 13 92 1 0 1
0.680738 1.21579 1653.06 0.484988 0.49189 180.056 6.39327 13 93 1 0 1
-3.93803 -1.37004 1653.06 3.8671 -0.538375 182.054 6.37501 13 94 1 0 1
-0.585552 2.32899 1653.06 1.28655 0.491968 179.848 6.39512 13 95 1 0 1
-3.44439 3.56774 1653.06 3.41973 0.639113 179.925 6.39416 13 96 1 0 1
-2.42723 -0.0127612 1653.06 3.22038 0.212464 181.234 6.38241 13 97 1 0 1
-3.45624 1.58725 1653.06 4.01478 0.174449 175.055 6.4401 13 98 1 0 1
-1.56217 3.68075 1653.06 1.77609 0.247889 180.256 6.39137 13 99 1 0 1
-0.71259 0.859162 1653.06 1.1368 -0.0579357 181.098 6.38384 13 100 1 0 1
-2.19414 0.334621 1653.06 3.60027 0.046157 181.286 6.38187 13 101 1 0 1
-2.80437 3.19394 1653.06 4.09899 0.364454 178.62 6.40604 13 102 1 0 1
-1.23051 1.21051 1653.06 1.57946 0.0706592 180.935 6.38527 13 103 1 0 1
-4.43952 1.01758 1653.06 2.38298 -0.22394 180.203 6.3918 13 104 1 0 1
-2.57454 1.8711 1653.06 5.87788 0.0856582 180.989 6.384 13 105 1 0 1
-6.79491 -2.92788 1653.06 7.58691 -0.45905 181.546 6.37846 13 106 1 0 1
-3.62963 -1.46622 1653.06 4.46271 0.182221 182.072 6.37474 13 107 1 0 1
-1.69583 -5.17725 1653.06 1.67532 -0.364206 180.027 6.39347 13 108 1 0 1
-4.77117 2.00935 1653.06 5.55156 0.0939747 180.963 6.38432 13 109 1 0 1
-3.38422 -3.87462 1653.06 4.86454 -0.784294 179.965 6.39349 13 110 1 0 1
-3.02602 -3.57338 1653.06 4.06223 -0.0982448 181.168 6.38284 13 111 1 0 1
-1.66779 -1.44713 1653.06 2.77285 -0.491416 179.96 6.39395 13 112 1 0 1
-2.70354 0.187445 1653.06 2.2067 -0.0723444 182.728 6.36935 13 113 1 0 1
-4.24065 -5.52151 1653.06 5.60035 -0.459167 181.328 6.38105 13 114 1 0 1
-1.99087 4.62138 1653.06 2.40304 -0.119593 182.442 6.37182 13 115 1 0 1
0.154425 4.17643 1653.06 1.61767 0.0158023 179.166 6.40136 13 116 1 0 1
-2.63443 0.0557636 1653.06 3.44164 0.308353 180.01 6.39339 13 117 1 0 1
-0.780341 -0.644684 1653.06 0.991687 -0.183206 179.58 6.39759 13 118 1 0 1
-1.78684 1.51333 1653.06 1.90287 -0.314779 181.372 6.38134 13 119 1 0 1
-2.41219 1.49494 1653.06 3.36019 0.383337 179.333 6.3996 13 120 1 0 1
-3.90092 -0.918121 1653.06 3.89376 -0.656617 178.688 6.40545 13 121 1 0 1
-5.49521 4.40132 1653.06 3.04981 0.50894 180.279 6.39101 13 122 1 0 1
-3.59491 0.657068 1653.06 3.69644 -0.0480801 180.057 6.39292 13 123 1 0 1
-2.48479 2.13975 1653.06 5.10634 0.175 178.069 6.41093 13 124 1 0 1
-1.98967 1.71022 1653.06 1.57475 -0.0366015 181.336 6.38169 13 125 1 0 1
-3.91191 -0.054246 1653.06 3.94196 0.388643 179.902 6.39428 13 126 1 0 1
-3.21538 0.404032 1653.06 4.33771 -0.17425 178.367 6.40835 13 127 1 0 1
-5.6115 1.37301 1653.06 4.29041 0.0720849 179.678 6.39626 13 128 1 0 1
-5.59416 -2.32136 1653.06 6.1275 0.0013811 179.867 6.39405 13 129 1 0 1
-1.41541 -3.28815 1653.06 3.71019 -0.512691 176.812 6.42315 13 130 1 0 1
-4.00338 -1.00449 1653.06 4.74318 -0.182201 177.238 6.41886 13 131 1 0 1
-4.00502 1.16716 1653.06 2.83244 0.376418 177.53 6.41648 13 132 1 0 1
-1.46612 -3.99945 1653.06 1.30736 -0.450444 180.437 6.38978 13 133 1 0 1
-5.89522 1.74526 1653.06 7.51929 -0.00374567 180.831 6.38487 13 134 1 0 1
-0.443371 -0.649826 1653.06 1.89386 -0.120981 177.637 6.41559 13 135 1 0 1
-2.21822 -1.13798 1653.06 3.22936 -0.0610954 179.816 6.3952 13 136 1 0 1
-3.40407 -3.44319 1653.06 2.72139 -0.182736 181.503 6.38008 13 137 1 0 1
-1.92863 -1.48334 1653.06 2.15012 -0.542737 179.298 6.40009 13 138 1 0 1
-3.06479 3.62623 1653.06 3.30873 0.292258 178.753 6.40496 13 139 1 0 1
-2.55957 4.78887 1653.06 4.34429 0.38472 180.416 6.38953 13 140 1 0 1
-2.96491 0.528564 1653.06 2.39638 0.213608 180.844 6.38601 13 141 1 0 1
-0.0485324 0.235291 1653.06 0.867433 -0.217212 179.705 6.39646 13 142 1 0 1
-2.88497 -0.366997 1653.06 4.11451 -0.49103 178.717 6.40514 13 143 1 0 1
-5.9841 -0.00366036 1653.06 7.8094 -0.0491303 181.676 6.37724 13 144 1 0 1
0.713998 -1.29207 1653.06 1.69824 -0.330507 181.114 6.38365 13 145 1 0 1
-7.13212 -0.411393 1653.06 8.07741 -0.294055 180.483 6.38777 13 146 1 0 1
-4.40342 0.156854 1653.06 6.65942 0.981679 181.337 6.38062 13 147 1 0 1
-3.26099 -5.21052 1653.06 2.68057 -0.426469 179.521 6.39797 13 148 1 0 1
-1.51059 1.66373 1653.06 2.76371 -0.0413873 180.045 6.39318 13 149 1 0 1
-2.94825 -2.10346 1653.06 3.63355 -0.310665 179.708 6.39611 13 150 1 0 1
-2.02855 0.518569 1714.29 3.12414 0.109539 178.299 6.6466 13 1 1 0 1
-2.62549 -0.915707 1714.29 3.17946 -0.327241 180.42 6.62638 13 2 1 0 1
-2.30408 4.22819 1714.29 4.40319 -0.0334722 180.858 6.62205 13 3 1 0 1
-0.649518 4.19707 1714.29 4.73747 0.439426 179.094 6.6386 13 4 1 0 1
-2.0093 -1.37016 1714.29 4.25322 0.110793 180.506 6.62537 13 5 1 0 1
-1.51549 -4.17457 1714.29 4.51799 -0.353732 182.098 6.61058 13 6 1 0 1
-0.539539 0.836878 1714.29 2.62568 0.069113 181.119 6.61994 13 7 1 0 1
-1.58481 2.29888 1714.29 4.22657 0.253999 182.148 6.61019 13 8 1 0 1
-1.28889 -1.24521 1714.29 2.16701 0.347954 180.074 6.62977 13 9 1 0 1
-1.06749 0.781409 1714.29 6.22249 0.0654035 178.42 6.64464 13 10 1 0 1
-2.1649 3.72678 1714.29 4.62493 -0.0498883 181.146 6.61932 13 11 1 0 1
-3.96322 -0.880216 1714.29 5.19862 -0.0732517 177.585 6.65307 13 12 1 0 1
-1.75842 0.957104 1714.29 4.81877 0.386748 178.193 6.64725 13 13 1 0 1
-2.50732 4.83603 1714.29 2.57617 0.628454 180.411 6.62654 13 14 1 0 1
-3.60344 4.37424 1714.29 6.28842 0.897374 180.532 6.62455 13 15 1 0 1
-0.0823253 -2.27501 1714.29 2.43809 -0.409172 180.266 6.62793 13 16 1 0 1
-2.40332 -3.86121 1714.29 4.10368 -0.353594 180.887 6.62184 13 17 1 0 1
-0.807622 -3.0462 1714.29 4.86287 -0.407031 180.888 6.62166 13 18 1 0 1
0.566695 -2.31424 1714.29 0.111257 0.384258 179.668 6.63373 13 19 1 0 1
-1.46693 -3.9096 1714.29 5.66891 -0.335169 179.64 6.63315 13 20 1 0 1
-2.67431 -0.150872 1714.29 4.17835 -0.317762 178.76 6.64194 13 21 1 0 1
-2.38081 -0.17903 1714.29 2.83516 0.2341 181.681 6.61472 13 22 1 0 1
-2.67046 3.39419 1714.29 6.39945 0.197095 179.618 6.63313 13 23 1 0 1
-2.82275 2.70014 1714.29 2.9488 -0.213573 177.692 6.65252 13 24 1 0 1
-1.66757 -2.68018 1714.29 2.17313 -0.362683 180.608 6.62475 13 25 1 0 1
-2.04884 -1.44471 1714.29 3.93168 -0.0203504 180.457 6.6259 13 26 1 0 1
-2.29072 -1.81614 1714.29 4.8212 -0.245261 183.556 6.59735 13 27 1 0 1
-1.67131 0.919297 1714.29 4.35397 0.0475304 181.611 6.61509 13 28 1 0 1
-1.8398 -4.87047 1714.29 2.9839 0.464314 177.951 6.64999 13 29 1 0 1
-2.3681 -0.644999 1714.29 4.10941 0.0877325 181.133 6.61956 13 30 1 0 1
-1.54526 -5.96179 1714.29 4.22142 -0.377063 178.952 6.64008 13 31 1 0 1
-1.48162 -0.194345 1714.29 3.49741 0.731973 179.088 6.63892 13 32 1 0 1
-1.58996 0.287025 1714.29 5.69138 -0.248753 181.452 6.61621 13 33 1 0 1
-1.52333 0.8299 1714.29 6.62248 0.13313 181.001 6.62009 13 34 1 0 1
-0.254269 -2.87672 1714.29 5.98778 0.26066 181.131 6.61909 13 35 1 0 1
-0.615756 -2.9724 1714.29 0.917424 -0.100167 180.342 6.62735 13 36 1 0 1
-2.62129 0.415131 1714.29 5.17774 -0.403017 181.813 6.61303 13 37 1 0 1
-4.07451 2.95223 1714.29 2.85259 -0.109634 179.499 6.63512 13 38 1 0 1
-2.55434 -0.467545 1714.29 3.7884 -0.193475 177.21 6.6571 13 39 1 0 1
-1.00908 2.2495 1714.29 0.827435 0.381152 177.351 6.65609 13 40 1 0 1
-3.60239 -3.76167 1714.29 5.9247 0.0778853 179.904 6.63058 13 41 1 0 1
-1.47837 -4.04321 1714.29 1.52655 0.0524248 182.802 6.60464 13 42 1 0 1
-2.49403 5.05504 1714.29 5.50102 -0.144508 179.743 6.63223 13 43 1 0 1
-1.61562 -0.821569 1714.29 2.50152 -0.443342 178.146 6.64817 13 44 1 0 1
-4.17623 -3.61318 1714.29 5.57003 -0.120806 178.574 6.64336 13 45 1 0 1
-2.79402 -0.124575 1714.29 5.51848 -0.393553 179.441 6.63508 13 46 1 0 1
0.62458 4.68792 1714.29 -0.508123 -0.00159168 180.57 6.62523 13 47 1 0 1
-1.22721 -2.0482 1714.29 2.58675 -0.120102 182.369 6.60846 13 48 1 0 1
-2.69416 -3.48084 1714.29 3.43471 -0.600231 178.757 6.64211 13 49 1 0 1
-0.816827 2.4267 1714.29 5.53622 0.657497 181.839 6.61269 13 50 1 0 1
-0.671759 0.471505 1714.29 1.40435 0.029956 178.93 6.64073 13 51 1 0 1
-3.65579 -0.0414205 1714.29 3.96376 -0.148381 181.758 6.61382 13 52 1 0 1
-0.431221 1.5105 1714.29 3.38055 -0.217931 177.004 6.65921 13 53 1 0 1
-2.18592 -1.95873 1714.29 2.49556 -0.0955843 181.432 6.61706 13 54 1 0 1
-0.830347 3.78434 1714.29 4.1352 0.356832 181.613 6.61511 13 55 1 0 1
-0.4367 1.70967 1714.29 2.72293 0.49856 179.768 6.63259 13 56 1 0 1
-1.06923 5.87633 1714.29 1.46168 0.187537 178.839 6.64159 13 57 1 0 1
-0.726189 0.395427 1714.29 0.0334506 0.622139 178.424 6.64564 13 58 1 0 1
-1.61227 -1.83242 1714.29 4.28328 -0.292745 181.148 6.61937 13 59 1 0 1
-3.31255 -1.57336 1714.29 4.05468 -0.193535 176.202 6.66704 13 60 1 0 1
-3.79724 0.673815 1714.29 5.29041 0.163144 183.416 6.59848 13 61 1 0 1
-0.651782 -6.11043 1714.29 0.40027 -0.0363079 181.241 6.61899 13 62 1 0 1
-3.34729 -1.27171 1714.29 7.08362 -0.303648 178.229 6.64618 13 63 1 0 1
-1.97346 -2.04484 1714.29 3.47489 -0.0872104 179.615 6.63392 13 64 1 0 1
-0.541573 -2.19125 1714.29 1.82827 -0.130412 178.455 6.64526 13 65 1 0 1
-3.51372 -2.73626 1714.29 1.81338 -0.295719 175.323 6.67627 13 66 1 0 1
-2.78086 -4.10842 1714.29 4.76445 -0.311022 179.815 6.63174 13 67 1 0 1
-0.435153 -2.51267 1714.29 4.79453 -0.206157 178.672 6.64264 13 68 1 0 1
-4.64451 3.38149 1714.29 5.94425 0.342872 180.426 6.62566 13 69 1 0 1
-1.57249 2.67994 1714.29 4.09344 -0.456666 181.821 6.61321 13 70 1 0 1
0.534982 -4.08356 1714.29 1.64479 -0.47187 183.27 6.60041 13 71 1 0 1
-1.68937 -0.921073 1714.29 5.20999 0.541871 178.577 6.64344 13 72 1 0 1
-2.21441 1.78265 1714.29 3.53023 0.118851 180.791 6.62285 13 73 1 0 1
-2.70942 -0.558112 1714.29 4.33647 0.0624942 181.369 6.61733 13 74 1 0 1
-1.05502 1.5473 1714.29 3.84372 0.0732655 179.762 6.63246 13 75 1 0 1
-1.91944 -0.451963 1714.29 3.91312 0.0150705 177.692 6.65235 13 76 1 0 1
-3.13618 -1.09871 1714.29 4.36232 -0.000353992 180.751 6.62305 13 77 1 0 1
0.844682 -0.266452 1714.29 2.10592 0.243225 181.319 6.61815 13 78 1 0 1
1.63188 2.77192 1714.29 1.93882 -0.298481 179.302 6.63711 13 79 1 0 1
0.149403 -1.22406 1714.29 1.23741 -0.193968 180.314 6.6276 13 80 1 0 1
-3.75868 0.128292 1714.29 6.43232 -0.159341 182.865 6.6031 13 81 1 0 1
-3.59782 2.65784 1714.29 5.39455 0.167524 181.233 6.61831 13 82 1 0 1
-2.51141 -1.35786 1714.29 3.01674 -0.311588 179.592 6.63421 13 83 1 0 1
-5.2011 0.544164 1714.29 8.43548 0.00105645 184.479 6.58802 13 84 1 0 1
-2.28848 -2.4229 1714.29 2.9222 -0.115152 177.875 6.65075 13 85 1 0 1
-2.28167 -2.69237 1714.29 3.98403 -0.341255 179.999 6.63018 13 86 1 0 1
-3.04251 -0.502283 1714.29 5.17517 -0.0387484 179.487 6.63474 13 87 1 0 1
-1.40945 1.55479 1714.29 4.96615 0.0711786 177.295 6.65598 13 88 1 0 1
0.478008 1.76096 1714.29 3.0925 -0.0722227 180.993 6.62104 13 89 1 0 1
-1.51555 3.73663 1714.29 3.61629 -0.323745 180.892 6.62189 13 90 1 0 1
-1.93199 0.224872 1714.29 5.81522 0.511163 181.311 6.61747 13 91 1 0 1
-0.84606 0.209596 1714.29 5.48286 -0.159256 176.743 6.66127 13 92 1 0 1
0.836218 1.3758 1714.29 0.427558 0.448336 180.056 6.63006 13 93 1 0 1
-2.59261 -1.54294 1714.29 4.11697 -0.488861 182.049 6.61112 13 94 1 0 1
-0.141949 2.48287 1714.29 1.31406 0.411192 179.848 6.63198 13 95 1 0 1
-2.24156 3.76445 1714.29 3.63476 0.515965 179.921 6.63099 13 96 1 0 1
-1.31286 0.0589499 1714.29 3.36286 0.21168 181.231 6.61879 13 97 1 0 1
-2.0138 1.63909 1714.29 4.21601 0.121729 175.05 6.67862 13 98 1 0 1
-0.941478 3.74379 1714.29 1.87097 0.12297 180.256 6.62809 13 99 1 0 1
-0.320777 0.834713 1714.29 1.17614 -0.0865679 181.098 6.62028 13 100 1 0 1
-0.955317 0.348271 1714.29 3.72027 0.0346012 181.284 6.61824 13 101 1 0 1
-1.36945 3.30041 1714.29 4.25567 0.256174 178.616 6.6433 13 102 1 0 1
-0.682565 1.22747 1714.29 1.65224 0.0294858 180.934 6.62176 13 103 1 0 1
-3.57645 0.93584 1714.29 2.68664 -0.256791 180.199 6.62853 13 104 1 0 1
-0.561689 1.88935 1714.29 5.99711 0.022131 180.985 6.62044 13 105 1 0 1
-4.16015 -3.06569 1714.29 8.00432 -0.357452 181.529 6.6147 13 106 1 0 1
-2.08886 -1.3967 1714.29 4.68149 0.230867 182.066 6.61084 13 107 1 0 1
-1.10678 -5.27134 1714.29 1.7814 -0.188631 180.026 6.63026 13 108 1 0 1
-2.8398 2.02962 1714.29 5.84086 0.0257516 180.954 6.62078 13 109 1 0 1
-1.69299 -4.11883 1714.29 5.05653 -0.650004 179.961 6.63028 13 110 1 0 1
-1.6203 -3.58613 1714.29 4.23912 0.0228223 181.164 6.61924 13 111 1 0 1
-0.707091 -1.60574 1714.29 2.86269 -0.440133 179.958 6.63076 13 112 1 0 1
-1.93268 0.162182 1714.29 2.38479 -0.0783065 182.726 6.60525 13 113 1 0 1
-2.30344 -5.64476 1714.29 5.84961 -0.270168 181.32 6.61738 13 114 1 0 1
-1.16238 4.55497 1714.29 2.52398 -0.275854 182.441 6.60781 13 115 1 0 1
0.702873 4.15799 1714.29 1.58538 -0.123576 179.166 6.63845 13 116 1 0 1
-1.43511 0.160122 1714.29 3.59561 0.30472 180.007 6.63018 13 117 1 0 1
-0.433687 -0.703349 1714.29 1.03753 -0.16061 179.58 6.63454 13 118 1 0 1
-1.12435 1.39865 1714.29 2.01388 -0.364073 181.37 6.61768 13 119 1 0 1
-1.239 1.61703 1714.29 3.49781 0.331242 179.33 6.63662 13 120 1 0 1
-2.52249 -1.13744 1714.29 4.13498 -0.622315 178.682 6.64269 13 121 1 0 1
-4.39345 4.54873 1714.29 3.42453 0.358324 180.272 6.62772 13 122 1 0 1
-2.29731 0.637003 1714.29 3.91942 -0.0698269 180.052 6.6297 13 123 1 0 1
-0.704761 2.1876 1714.29 5.22567 0.103074 178.066 6.64838 13 124 1 0 1
-1.43475 1.68813 1714.29 1.70531 -0.0941202 181.334 6.61805 13 125 1 0 1
-2.52597 0.078075 1714.29 4.18536 0.388231 179.897 6.6311 13 126 1 0 1
-1.69161 0.34203 1714.29 4.52163 -0.186666 178.362 6.64569 13 127 1 0 1
-4.08388 1.38969 1714.29 4.65646 0.0257504 179.669 6.63315 13 128 1 0 1
-3.44564 -2.30765 1714.29 6.46895 0.0790904 179.855 6.63087 13 129 1 0 1
-0.118036 -3.44659 1714.29 3.76718 -0.401543 176.811 6.66104 13 130 1 0 1
-2.3206 -1.06158 1714.29 4.97867 -0.148017 177.232 6.6566 13 131 1 0 1
-2.98104 1.29008 1714.29 3.09314 0.335692 177.525 6.65413 13 132 1 0 1
-1.00562 -4.12919 1714.29 1.40114 -0.313542 180.436 6.62643 13 133 1 0 1
-3.28471 1.73404 1714.29 7.86769 -0.0624663 180.816 6.62134 13 134 1 0 1
0.212257 -0.687737 1714.29 1.90249 -0.0988031 177.637 6.6532 13 135 1 0 1
-1.09494 -1.15225 1714.29 3.35459 -0.0226563 179.814 6.63206 13 136 1 0 1
-2.44638 -3.48507 1714.29 2.94461 -0.0653616 181.499 6.61638 13 137 1 0 1
-1.17285 -1.65986 1714.29 2.26703 -0.490131 179.296 6.63713 13 138 1 0 1
-1.89708 3.70546 1714.29 3.49516 0.169928 178.749 6.64218 13 139 1 0 1
-1.05883 4.89187 1714.29 4.48147 0.221693 180.413 6.62618 13 140 1 0 1
-2.11908 0.597728 1714.29 2.58966 0.194594 180.841 6.62253 13 141 1 0 1
0.246356 0.160087 1714.29 0.859958 -0.223844 179.705 6.63336 13 142 1 0 1
-1.44448 -0.5328 1714.29 4.27711 -0.47601 178.713 6.64237 13 143 1 0 1
-3.28689 -0.0201648 1714.29 8.16285 -0.0487222 181.66 6.61343 13 144 1 0 1
1.27647 -1.39621 1714.29 1.62245 -0.285063 181.115 6.62009 13 145 1 0 1
-4.31235 -0.508607 1714.29 8.51078 -0.278526 180.463 6.62436 13 146 1 0 1
-2.10819 0.486771 1714.29 6.90734 0.970736 181.328 6.61694 13 147 1 0 1
-2.3089 -5.32597 1714.29 2.89077 -0.249912 179.518 6.63493 13 148 1 0 1
-0.555443 1.6402 1714.29 2.84191 -0.09691 180.044 6.62997 13 149 1 0 1
-1.67785 -2.1971 1714.29 3.80827 -0.238524 179.704 6.63301 13 150 1 0 1
-0.934362 0.553154 1775.51 3.23518 0.0917024 178.297 6.88398 13 1 1 0 1
-1.51752 -1.02132 1775.51 3.33658 -0.294617 180.417 6.86303 13 2 1 0 1
-0.790344 4.19276 1775.51 4.52079 -0.175624 180.855 6.85855 13 3 1 0 1
0.971416 4.32307 1775.51 4.72536 0.297 179.095 6.87569 13 4 1 0 1
-0.547089 -1.32483 1775.51 4.35019 0.156197 180.503 6.86199 13 5 1 0 1
0.0164665 -4.26946 1775.51 4.57535 -0.210208 182.097 6.84667 13 6 1 0 1
0.351152 0.855423 1775.51 2.63285 0.0405038 181.119 6.85637 13 7 1 0 1
-0.149914 2.37098 1775.51 4.29298 0.174603 182.147 6.84627 13 8 1 0 1
-0.538748 -1.12003 1775.51 2.2362 0.387706 180.073 6.86655 13 9 1 0 1
1.0723 0.799353 1775.51 6.22231 0.0390781 178.42 6.88194 13 10 1 0 1
-0.580683 3.6887 1775.51 4.72944 -0.175266 181.143 6.85573 13 11 1 0 1
-2.12781 -0.900402 1775.51 5.42585 -0.0437351 177.579 6.89068 13 12 1 0 1
-0.0873016 1.08427 1775.51 4.88788 0.352792 178.191 6.88466 13 13 1 0 1
-1.60467 5.02131 1775.51 2.73213 0.462458 180.41 6.8632 13 14 1 0 1
-1.43375 4.65304 1775.51 6.47941 0.745234 180.526 6.86114 13 15 1 0 1
0.743248 -2.40073 1775.51 2.41305 -0.3305 180.267 6.86464 13 16 1 0 1
-0.989483 -3.95864 1775.51 4.23265 -0.221562 180.884 6.85834 13 17 1 0 1
0.841613 -3.16633 1775.51 4.86158 -0.30214 180.888 6.85815 13 18 1 0 1
0.597181 -2.17035 1775.51 0.0672882 0.459465 179.668 6.87065 13 19 1 0 1
0.475673 -4.00132 1775.51 5.70632 -0.202522 179.639 6.87005 13 20 1 0 1
-1.21509 -0.258637 1775.51 4.32445 -0.310923 178.757 6.87915 13 21 1 0 1
-1.39896 -0.0992699 1775.51 2.97951 0.238816 181.679 6.85096 13 22 1 0 1
-0.464236 3.44188 1775.51 6.51769 0.0824837 179.614 6.87003 13 23 1 0 1
-1.77489 2.61129 1775.51 3.12052 -0.301661 177.689 6.89011 13 24 1 0 1
-0.912678 -2.7876 1775.51 2.2711 -0.270507 180.607 6.86135 13 25 1 0 1
-0.694355 -1.44336 1775.51 4.03571 0.0282948 180.454 6.86254 13 26 1 0 1
-0.660141 -1.88743 1775.51 4.93501 -0.181806 183.553 6.83297 13 27 1 0 1
-0.188356 0.930046 1775.51 4.42494 0.0161814 181.609 6.85135 13 28 1 0 1
-0.793987 -4.68324 1775.51 3.08241 0.622992 177.949 6.88749 13 29 1 0 1
-0.954669 -0.611722 1775.51 4.23589 0.108978 181.13 6.85597 13 30 1 0 1
-0.0873683 -6.05654 1775.51 4.28282 -0.176317 178.951 6.87723 13 31 1 0 1
-0.27209 0.0565257 1775.51 3.56342 0.734271 179.087 6.87603 13 32 1 0 1
0.342563 0.201614 1775.51 5.73893 -0.257027 181.45 6.85251 13 33 1 0 1
0.726702 0.870112 1775.51 6.65276 0.104408 181 6.85652 13 34 1 0 1
1.76428 -2.77237 1775.51 5.93033 0.35617 181.132 6.85549 13 35 1 0 1
-0.297737 -2.98939 1775.51 0.952062 0.000187384 180.341 6.86405 13 36 1 0 1
-0.851577 0.277308 1775.51 5.31039 -0.414759 181.809 6.84921 13 37 1 0 1
-3.05347 2.89807 1775.51 3.12153 -0.207646 179.494 6.87209 13 38 1 0 1
-1.21833 -0.531595 1775.51 3.92891 -0.176946 177.207 6.89485 13 39 1 0 1
-0.711723 2.36799 1775.51 0.891604 0.304714 177.351 6.8938 13 40 1 0 1
-1.54856 -3.71376 1775.51 6.11933 0.203406 179.898 6.86738 13 41 1 0 1
-0.950332 -4.00262 1775.51 1.61989 0.189706 182.801 6.84052 13 42 1 0 1
-0.596304 4.97708 1775.51 5.61769 -0.31281 179.739 6.8691 13 43 1 0 1
-0.73887 -0.968959 1775.51 2.5897 -0.413567 178.144 6.88561 13 44 1 0 1
-2.22116 -3.63391 1775.51 5.80999 -1.2646e-05 178.566 6.88063 13 45 1 0 1
-0.88337 -0.257888 1775.51 5.65709 -0.387138 179.436 6.87205 13 46 1 0 1
0.445026 4.66064 1775.51 -0.548733 -0.159154 180.57 6.86184 13 47 1 0 1
-0.346773 -2.07676 1775.51 2.64709 -0.0498864 182.369 6.84447 13 48 1 0 1
-1.48826 -3.66618 1775.51 3.59185 -0.480975 178.754 6.87933 13 49 1 0 1
1.0497 2.63382 1775.51 5.52733 0.571609 181.839 6.84886 13 50 1 0 1
-0.184677 0.479046 1775.51 1.43657 0.0140807 178.929 6.87789 13 51 1 0 1
-2.27946 -0.0910708 1775.51 4.19047 -0.146129 181.753 6.85003 13 52 1 0 1
0.738613 1.42665 1775.51 3.36911 -0.266458 177.005 6.89704 13 53 1 0 1
-1.31938 -1.97975 1775.51 2.62925 -0.0288869 181.43 6.85338 13 54 1 0 1
0.568369 3.88282 1775.51 4.1452 0.226861 181.613 6.85136 13 55 1 0 1
0.492295 1.86939 1775.51 2.72083 0.438506 179.768 6.86947 13 56 1 0 1
-0.55727 5.90689 1775.51 1.52284 -0.00915613 178.839 6.87879 13 57 1 0 1
-0.705451 0.606247 1775.51 0.08716 0.605458 178.424 6.88299 13 58 1 0 1
-0.150132 -1.92073 1775.51 4.35037 -0.229284 181.147 6.85578 13 59 1 0 1
-1.86724 -1.63151 1775.51 4.24648 -0.140823 176.198 6.90515 13 60 1 0 1
-1.99017 0.724325 1775.51 5.5134 0.139203 183.41 6.83414 13 61 1 0 1
-0.508791 -6.08782 1775.51 0.444498 0.170048 181.241 6.85538 13 62 1 0 1
-0.881448 -1.36856 1775.51 7.24184 -0.259716 178.222 6.88354 13 63 1 0 1
-0.768759 -2.06285 1775.51 3.57841 -0.0183446 179.613 6.87085 13 64 1 0 1
0.0899308 -2.22341 1775.51 1.84522 -0.0568776 178.455 6.88259 13 65 1 0 1
-2.83813 -2.82373 1775.51 2.04751 -0.20473 175.321 6.91471 13 66 1 0 1
-1.12992 -4.19069 1775.51 4.91221 -0.171728 179.811 6.86859 13 67 1 0 1
1.20631 -2.56884 1775.51 4.76558 -0.121413 178.673 6.87987 13 68 1 0 1
-2.57652 3.47833 1775.51 6.21788 0.227336 180.417 6.86229 13 69 1 0 1
-0.179841 2.51117 1775.51 4.16039 -0.544759 181.819 6.8494 13 70 1 0 1
1.07525 -4.21761 1775.51 1.58275 -0.32987 183.271 6.83614 13 71 1 0 1
0.110874 -0.730394 1775.51 5.2692 0.569392 178.575 6.8807 13 72 1 0 1
-0.995633 1.81266 1775.51 3.65221 0.0581802 180.788 6.85938 13 73 1 0 1
-1.21709 -0.533873 1775.51 4.48612 0.0809785 181.365 6.85366 13 74 1 0 1
0.262031 1.56338 1775.51 3.87368 0.021072 179.761 6.86933 13 75 1 0 1
-0.552324 -0.444203 1775.51 4.00542 0.0299336 177.69 6.88993 13 76 1 0 1
-1.62468 -1.09256 1775.51 4.54315 0.0366144 180.747 6.85959 13 77 1 0 1
1.5419 -0.182961 1775.51 2.01494 0.250832 181.32 6.85451 13 78 1 0 1
2.27016 2.65439 1775.51 1.79172 -0.389298 179.303 6.87415 13 79 1 0 1
0.565847 -1.28281 1775.51 1.2103 -0.151776 180.314 6.8643 13 80 1 0 1
-1.56612 0.0743136 1775.51 6.63679 -0.162793 182.858 6.83893 13 81 1 0 1
-1.7371 2.69917 1775.51 5.59766 0.0769015 181.227 6.85468 13 82 1 0 1
-1.45518 -1.45614 1775.51 3.16648 -0.264413 179.59 6.87115 13 83 1 0 1
-2.34684 0.54141 1775.51 8.72761 -0.0176348 184.465 6.8233 13 84 1 0 1
-1.25763 -2.44864 1775.51 3.05479 -0.0342703 177.873 6.88827 13 85 1 0 1
-0.903101 -2.79287 1775.51 4.1045 -0.249095 179.997 6.86697 13 86 1 0 1
-1.24577 -0.512611 1775.51 5.33686 -0.0217451 179.483 6.8717 13 87 1 0 1
0.316215 1.57046 1775.51 5.00687 0.0194601 177.294 6.89369 13 88 1 0 1
1.51351 1.72653 1775.51 3.01673 -0.13114 180.994 6.85751 13 89 1 0 1
-0.277394 3.60595 1775.51 3.68446 -0.447715 180.891 6.85838 13 90 1 0 1
0.0480369 0.395869 1775.51 5.88697 0.500651 181.309 6.85381 13 91 1 0 1
1.05595 0.153339 1775.51 5.47507 -0.165243 176.743 6.89917 13 92 1 0 1
0.97026 1.52011 1775.51 0.359167 0.399668 180.056 6.86684 13 93 1 0 1
-1.18073 -1.69823 1775.51 4.26133 -0.433779 182.045 6.84723 13 94 1 0 1
0.305294 2.60842 1775.51 1.30789 0.325725 179.849 6.86883 13 95 1 0 1
-0.98126 3.91822 1775.51 3.75663 0.386941 179.919 6.86781 13 96 1 0 1
-0.164825 0.129989 1775.51 3.41915 0.208483 181.23 6.85518 13 97 1 0 1
-0.519726 1.67223 1775.51 4.3092 0.0676248 175.048 6.91714 13 98 1 0 1
-0.296645 3.76413 1775.51 1.91789 -0.00334945 180.255 6.86481 13 99 1 0 1
0.0792589 0.800741 1775.51 1.18534 -0.114213 181.097 6.85672 13 100 1 0 1
0.307992 0.357949 1775.51 3.74493 0.0226513 181.283 6.8546 13 101 1 0 1
0.100585 3.36922 1775.51 4.3033 0.144978 178.615 6.88056 13 102 1 0 1
-0.117123 1.23043 1775.51 1.68266 -0.0120238 180.934 6.85826 13 103 1 0 1
-2.6217 0.843421 1775.51 2.92143 -0.286711 180.195 6.86526 13 104 1 0 1
1.46556 1.88605 1775.51 5.96275 -0.0416471 180.986 6.85688 13 105 1 0 1
-1.41874 -3.16853 1775.51 8.21683 -0.251809 181.519 6.85094 13 106 1 0 1
-0.494549 -1.31125 1775.51 4.78031 0.276882 182.064 6.84694 13 107 1 0 1
-0.489358 -5.30531 1775.51 1.84181 -0.0109069 180.026 6.86706 13 108 1 0 1
-0.835635 2.02674 1775.51 5.98055 -0.0427594 180.949 6.85724 13 109 1 0 1
0.0416404 -4.31605 1775.51 5.11898 -0.508317 179.959 6.86708 13 110 1 0 1
-0.173043 -3.55798 1775.51 4.3074 0.143625 181.162 6.85565 13 111 1 0 1
0.271738 -1.74604 1775.51 2.87917 -0.383833 179.958 6.86758 13 112 1 0 1
-1.11227 0.13507 1775.51 2.50176 -0.0833756 182.724 6.84115 13 113 1 0 1
-0.307187 -5.70361 1775.51 5.94905 -0.0781036 181.317 6.85372 13 114 1 0 1
-0.304094 4.43659 1775.51 2.58022 -0.428968 182.44 6.84381 13 115 1 0 1
1.2333 4.09213 1775.51 1.51244 -0.261544 179.166 6.87554 13 116 1 0 1
-0.198997 0.262654 1775.51 3.65744 0.297615 180.006 6.86698 13 117 1 0 1
-0.0759147 -0.75399 1775.51 1.05677 -0.136182 179.58 6.87149 13 118 1 0 1
-0.433025 1.268 1775.51 2.07326 -0.409215 181.37 6.85403 13 119 1 0 1
-0.0340532 1.72068 1775.51 3.5458 0.275372 179.329 6.87364 13 120 1 0 1
-1.07938 -1.34378 1775.51 4.27023 -0.580924 178.679 6.87992 13 121 1 0 1
-3.17906 4.64425 1775.51 3.71145 0.203633 180.267 6.86442 13 122 1 0 1
-0.940813 0.609671 1775.51 4.04194 -0.090777 180.05 6.86647 13 123 1 0 1
1.09333 2.2105 1775.51 5.21113 0.0299751 178.066 6.88582 13 124 1 0 1
-0.843054 1.64678 1775.51 1.79215 -0.150565 181.333 6.85441 13 125 1 0 1
-1.07527 0.209505 1775.51 4.3215 0.383395 179.894 6.86793 13 126 1 0 1
-0.124469 0.276126 1775.51 4.58969 -0.196955 178.36 6.88304 13 127 1 0 1
-2.45157 1.39052 1775.51 4.90318 -0.0208734 179.662 6.87005 13 128 1 0 1
-1.20879 -2.26762 1775.51 6.64472 0.155892 179.848 6.86768 13 129 1 0 1
1.18237 -3.56571 1775.51 3.72764 -0.285818 176.812 6.89894 13 130 1 0 1
-0.578336 -1.10656 1775.51 5.08662 -0.112148 177.229 6.89433 13 131 1 0 1
-1.88063 1.39827 1775.51 3.27456 0.291141 177.522 6.89178 13 132 1 0 1
-0.519336 -4.21183 1775.51 1.45899 -0.173064 180.436 6.86309 13 133 1 0 1
-0.589995 1.70304 1775.51 8.01472 -0.12047 180.81 6.85782 13 134 1 0 1
0.862443 -0.717803 1775.51 1.86235 -0.0754987 177.638 6.89082 13 135 1 0 1
0.0564088 -1.15337 1775.51 3.39384 0.0160404 179.813 6.86892 13 136 1 0 1
-1.42597 -3.4872 1775.51 3.09235 0.0527546 181.497 6.85268 13 137 1 0 1
-0.387004 -1.81743 1775.51 2.32583 -0.431936 179.296 6.87417 13 138 1 0 1
-0.680737 3.74242 1775.51 3.592 0.0456653 178.747 6.87941 13 139 1 0 1
0.469061 4.93905 1775.51 4.50384 0.0561445 180.413 6.86283 13 140 1 0 1
-1.21892 0.660074 1775.51 2.71656 0.173361 180.839 6.85905 13 141 1 0 1
0.534928 0.0830564 1775.51 0.830438 -0.227922 179.705 6.87027 13 142 1 0 1
0.0330479 -0.692525 1775.51 4.33011 -0.455567 178.712 6.87959 13 143 1 0 1
-0.505422 -0.0364393 1775.51 8.30741 -0.0477607 181.654 6.84962 13 144 1 0 1
1.80622 -1.48443 1775.51 1.50506 -0.236367 181.116 6.85652 13 145 1 0 1
-1.38202 -0.60002 1775.51 8.72635 -0.259837 180.453 6.86094 13 146 1 0 1
0.241088 0.811135 1775.51 6.97843 0.948755 181.326 6.85326 13 147 1 0 1
-1.29763 -5.38066 1775.51 3.02687 -0.0705099 179.516 6.87189 13 148 1 0 1
0.413943 1.59795 1775.51 2.84726 -0.151327 180.044 6.86675 13 149 1 0 1
-0.364425 -2.26568 1775.51 3.88541 -0.163666 179.703 6.8699 13 150 1 0 1
0.183778 0.581428 1836.73 3.26331 0.0728205 178.296 7.12136 13 1 1 0 1
-0.37064 -1.11528 1836.73 3.40818 -0.258635 180.416 7.09969 13 2 1 0 1
0.743656 4.1095 1836.73 4.52256 -0.315773 180.855 7.09505 13 3 1 0 1
2.56745 4.39975 1836.73 4.59219 0.151188 179.098 7.11278 13 4 1 0 1
0.929143 -1.2644 1836.73 4.33569 0.19982 180.503 7.09861 13 5 1 0 1
1.548 -4.31565 1836.73 4.51549 -0.0642895 182.099 7.08277 13 6 1 0 1
1.23284 0.86421 1836.73 2.57254 0.0114327 181.119 7.0928 13 7 1 0 1
1.28882 2.41603 1836.73 4.24938 0.0932175 182.148 7.08235 13 8 1 0 1
0.225211 -0.982075 1836.73 2.24807 0.423038 180.073 7.10332 13 9 1 0 1
3.18459 0.808177 1836.73 6.0628 0.0123073 178.426 7.11925 13 10 1 0 1
1.01843 3.60853 1836.73 4.71277 -0.298646 181.143 7.09213 13 11 1 0 1
-0.237838 -0.910316 1836.73 5.5141 -0.0137222 177.576 7.12829 13 12 1 0 1
1.58606 1.19907 1836.73 4.83177 0.314817 178.193 7.12206 13 13 1 0 1
-0.660877 5.14931 1836.73 2.81805 0.29119 180.409 7.09986 13 14 1 0 1
0.772692 4.87876 1836.73 6.50449 0.584621 180.525 7.09773 13 15 1 0 1
1.54977 -2.49908 1836.73 2.32615 -0.248058 180.268 7.10135 13 16 1 0 1
0.449716 -4.01091 1836.73 4.25317 -0.087008 180.884 7.09483 13 17 1 0 1
2.46927 -3.25034 1836.73 4.73575 -0.193805 180.891 7.09463 13 18 1 0 1
0.612358 -2.0017 1836.73 0.0215946 0.52943 179.668 7.10756 13 19 1 0 1
2.40608 -4.04739 1836.73 5.59758 -0.0675681 179.643 7.10695 13 20 1 0 1
0.275288 -0.363451 1836.73 4.35976 -0.300543 178.756 7.11636 13 21 1 0 1
-0.381252 -0.0183776 1836.73 3.0475 0.240809 181.678 7.0872 13 22 1 0 1
1.75389 3.45031 1836.73 6.46905 -0.0330641 179.615 7.10692 13 23 1 0 1
-0.681533 2.49265 1836.73 3.21227 -0.386308 177.688 7.1277 13 24 1 0 1
-0.134383 -2.86323 1836.73 2.31086 -0.175246 180.607 7.09795 13 25 1 0 1
0.677926 -1.42554 1836.73 4.03634 0.0766169 180.454 7.09917 13 26 1 0 1
0.987366 -1.93719 1836.73 4.92239 -0.11628 183.553 7.06859 13 27 1 0 1
1.29943 0.930186 1836.73 4.38254 -0.0153519 181.61 7.0876 13 28 1 0 1
0.272179 -4.44259 1836.73 3.10192 0.774564 177.948 7.12499 13 29 1 0 1
0.483239 -0.571467 1836.73 4.25383 0.128981 181.129 7.09239 13 30 1 0 1
1.37277 -6.08221 1836.73 4.23449 0.0264382 178.952 7.11437 13 31 1 0 1
0.944419 0.306752 1836.73 3.53812 0.728201 179.087 7.11313 13 32 1 0 1
2.26631 0.113904 1836.73 5.63949 -0.262375 181.453 7.0888 13 33 1 0 1
2.95811 0.900399 1836.73 6.5127 0.0744988 181.005 7.09296 13 34 1 0 1
3.73761 -2.6364 1836.73 5.72099 0.447631 181.139 7.09188 13 35 1 0 1
0.0279146 -2.97228 1836.73 0.962293 0.10054 180.341 7.10074 13 36 1 0 1
0.939972 0.136321 1836.73 5.30701 -0.421778 181.809 7.08539 13 37 1 0 1
-1.95415 2.81084 1836.73 3.31046 -0.303287 179.491 7.10906 13 38 1 0 1
0.148905 -0.58958 1836.73 3.96874 -0.1584 177.206 7.13261 13 39 1 0 1
-0.39612 2.45948 1836.73 0.932916 0.224801 177.351 7.13152 13 40 1 0 1
0.544975 -3.62348 1836.73 6.15724 0.326607 179.896 7.10419 13 41 1 0 1
-0.39793 -3.91637 1836.73 1.67171 0.324823 182.801 7.0764 13 42 1 0 1
1.31671 4.84234 1836.73 5.59048 -0.477548 179.739 7.10596 13 43 1 0 1
0.15682 -1.1053 1836.73 2.6115 -0.379076 178.144 7.12304 13 44 1 0 1
-0.209157 -3.61318 1836.73 5.90114 0.120774 178.563 7.11789 13 45 1 0 1
1.04992 -0.388259 1836.73 5.65081 -0.376317 179.436 7.10902 13 46 1 0 1
0.254062 4.5802 1836.73 -0.575274 -0.314901 180.569 7.09846 13 47 1 0 1
0.542549 -2.08163 1836.73 2.63958 0.0208982 182.369 7.08049 13 48 1 0 1
-0.244211 -3.80969 1836.73 3.65695 -0.356241 178.753 7.11655 13 49 1 0 1
2.88931 2.81089 1836.73 5.37687 0.47921 181.844 7.08503 13 50 1 0 1
0.30714 0.481122 1836.73 1.43196 -0.00195516 178.93 7.11506 13 51 1 0 1
-0.844697 -0.139682 1836.73 4.30979 -0.142212 181.75 7.08624 13 52 1 0 1
1.88951 1.32652 1836.73 3.27133 -0.311947 177.006 7.13487 13 53 1 0 1
-0.419005 -1.97819 1836.73 2.69555 0.0381388 181.429 7.08971 13 54 1 0 1
1.95251 3.93701 1836.73 4.04899 0.094303 181.616 7.08762 13 55 1 0 1
1.40867 2.00779 1836.73 2.64899 0.373452 179.769 7.10634 13 56 1 0 1
-0.0310205 5.87007 1836.73 1.54496 -0.205744 178.838 7.11599 13 57 1 0 1
-0.666628 0.810151 1836.73 0.138635 0.581869 178.424 7.12033 13 58 1 0 1
1.31585 -1.98712 1836.73 4.306 -0.163211 181.148 7.09219 13 59 1 0 1
-0.374063 -1.67104 1836.73 4.32947 -0.0865075 176.196 7.14326 13 60 1 0 1
-0.132087 0.766573 1836.73 5.59517 0.113678 183.407 7.0698 13 61 1 0 1
-0.352757 -5.99576 1836.73 0.477329 0.374463 181.24 7.09177 13 62 1 0 1
1.60699 -1.44981 1836.73 7.2147 -0.212833 178.224 7.1209 13 63 1 0 1
0.45565 -2.05732 1836.73 3.59023 0.0507295 179.613 7.10777 13 64 1 0 1
0.719129 -2.2302 1836.73 1.81486 0.0173055 178.455 7.11992 13 65 1 0 1
-2.08979 -2.87898 1836.73 2.22914 -0.111408 175.319 7.15314 13 66 1 0 1
0.549983 -4.22515 1836.73 4.93412 -0.0304812 179.811 7.10544 13 67 1 0 1
2.81685 -2.59572 1836.73 4.61454 -0.0352834 178.677 7.11711 13 68 1 0 1
-0.442482 3.53549 1836.73 6.33227 0.109221 180.413 7.09892 13 69 1 0 1
1.21741 2.31376 1836.73 4.12074 -0.626644 181.82 7.08559 13 70 1 0 1
1.58794 -4.30354 1836.73 1.48013 -0.184106 183.272 7.07187 13 71 1 0 1
1.90828 -0.531382 1836.73 5.19345 0.59043 178.577 7.11797 13 72 1 0 1
0.24867 1.82198 1836.73 3.68059 -0.00315296 180.788 7.09591 13 73 1 0 1
0.306441 -0.503544 1836.73 4.52082 0.0985399 181.364 7.08999 13 74 1 0 1
1.57236 1.56162 1836.73 3.80438 -0.0313618 179.762 7.1062 13 75 1 0 1
0.828956 -0.431375 1836.73 3.99509 0.0444554 177.69 7.12752 13 76 1 0 1
-0.0715279 -1.07395 1836.73 4.60757 0.0731645 180.745 7.09613 13 77 1 0 1
2.19959 -0.0973824 1836.73 1.87232 0.255579 181.322 7.09087 13 78 1 0 1
2.85024 2.50657 1836.73 1.5987 -0.475676 179.305 7.11119 13 79 1 0 1
0.967785 -1.32693 1836.73 1.15215 -0.107854 180.314 7.101 13 80 1 0 1
0.666582 0.019487 1836.73 6.67133 -0.164393 182.857 7.07475 13 81 1 0 1
0.168154 2.7097 1836.73 5.65739 -0.0145926 181.225 7.09105 13 82 1 0 1
-0.36165 -1.5378 1836.73 3.23506 -0.214225 179.588 7.10808 13 83 1 0 1
0.567571 0.53248 1836.73 8.79647 -0.0361242 184.462 7.05859 13 84 1 0 1
-0.194533 -2.44645 1836.73 3.10909 0.0470003 177.872 7.1258 13 85 1 0 1
0.498619 -2.8615 1836.73 4.11981 -0.154097 179.997 7.10376 13 86 1 0 1
0.582907 -0.51709 1836.73 5.36186 -0.00449475 179.482 7.10865 13 87 1 0 1
2.03378 1.56821 1836.73 4.91933 -0.0324804 177.297 7.1314 13 88 1 0 1
2.5102 1.6724 1836.73 2.86364 -0.188564 180.997 7.09397 13 89 1 0 1
0.967874 3.43414 1836.73 3.6582 -0.566582 180.891 7.09488 13 90 1 0 1
2.02684 0.56235 1836.73 5.80795 0.484442 181.311 7.09015 13 91 1 0 1
2.93088 0.095332 1836.73 5.32704 -0.16935 176.748 7.13708 13 92 1 0 1
1.07943 1.64708 1836.73 0.281568 0.34644 180.056 7.10363 13 93 1 0 1
0.261424 -1.83416 1836.73 4.2965 -0.373755 182.045 7.08334 13 94 1 0 1
0.74471 2.70421 1836.73 1.26818 0.236543 179.849 7.10569 13 95 1 0 1
0.304195 4.02729 1836.73 3.78224 0.253508 179.918 7.10463 13 96 1 0 1
0.987431 0.199544 1836.73 3.38781 0.202909 181.231 7.09156 13 97 1 0 1
0.98767 1.6863 1836.73 4.29199 0.0127503 175.049 7.15567 13 98 1 0 1
0.355793 3.74152 1836.73 1.91565 -0.129631 180.255 7.10153 13 99 1 0 1
0.477263 0.757635 1836.73 1.16415 -0.140555 181.098 7.09316 13 100 1 0 1
1.56341 0.363542 1836.73 3.67363 0.0104432 181.285 7.09097 13 101 1 0 1
1.56804 3.39961 1836.73 4.24066 0.0321298 178.617 7.11782 13 102 1 0 1
0.451321 1.21935 1836.73 1.66995 -0.0533961 180.934 7.09475 13 103 1 0 1
-1.59973 0.74138 1836.73 3.08132 -0.313362 180.192 7.102 13 104 1 0 1
3.45525 1.86123 1836.73 5.77568 -0.104954 180.992 7.09333 13 105 1 0 1
1.35905 -3.23523 1836.73 8.21911 -0.143311 181.519 7.08718 13 106 1 0 1
1.11244 -1.21084 1836.73 4.75667 0.319742 182.064 7.08304 13 107 1 0 1
0.140612 -5.27875 1836.73 1.85501 0.166941 180.025 7.10385 13 108 1 0 1
1.18996 2.00074 1836.73 5.96708 -0.110782 180.949 7.09369 13 109 1 0 1
1.7752 -4.46404 1836.73 5.0503 -0.36084 179.962 7.10387 13 110 1 0 1
1.27865 -3.48924 1836.73 4.2653 0.262792 181.163 7.09205 13 111 1 0 1
1.2436 -1.86642 1836.73 2.82184 -0.323155 179.959 7.10439 13 112 1 0 1
-0.26334 0.106416 1836.73 2.5546 -0.0874938 182.723 7.07705 13 113 1 0 1
1.69695 -5.6974 1836.73 5.89612 0.114848 181.319 7.09005 13 114 1 0 1
0.561991 4.2676 1836.73 2.57032 -0.577188 182.439 7.0798 13 115 1 0 1
1.73211 3.97959 1836.73 1.40073 -0.396531 179.167 7.11263 13 116 1 0 1
1.04222 0.362189 1836.73 3.62554 0.287118 180.007 7.10377 13 117 1 0 1
0.283804 -0.79603 1836.73 1.04892 -0.110201 179.58 7.10844 13 118 1 0 1
0.269399 1.1229 1836.73 2.0795 -0.44969 181.369 7.09038 13 119 1 0 1
1.17177 1.8047 1836.73 3.50292 0.216364 179.33 7.11066 13 120 1 0 1
0.391387 -1.53479 1836.73 4.29606 -0.532914 178.679 7.11716 13 121 1 0 1
-1.88317 4.68679 1836.73 3.90324 0.0466281 180.263 7.10113 13 122 1 0 1
0.439801 0.575384 1836.73 4.0609 -0.110692 180.049 7.10325 13 123 1 0 1
2.86339 2.20817 1836.73 5.06311 -0.0434667 178.071 7.12326 13 124 1 0 1
-0.229744 1.58665 1836.73 1.83305 -0.205292 181.333 7.09077 13 125 1 0 1
0.402991 0.338546 1836.73 4.34692 0.374191 179.893 7.10475 13 126 1 0 1
1.44586 0.207072 1836.73 4.54017 -0.205001 178.362 7.12039 13 127 1 0 1
-0.756408 1.37549 1836.73 5.02427 -0.0672569 179.659 7.10695 13 128 1 0 1
1.05905 -2.20171 1836.73 6.65038 0.230918 179.848 7.1045 13 129 1 0 1
2.45245 -3.64415 1836.73 3.59257 -0.166833 176.815 7.13683 13 130 1 0 1
1.17876 -1.13891 1836.73 5.06426 -0.0750029 177.229 7.13207 13 131 1 0 1
-0.732018 1.49051 1836.73 3.37204 0.243272 177.521 7.12943 13 132 1 0 1
-0.0197406 -4.24641 1836.73 1.47944 -0.0306131 180.436 7.09975 13 133 1 0 1
2.11985 1.65261 1836.73 7.95666 -0.177105 180.812 7.09429 13 134 1 0 1
1.49052 -0.739681 1836.73 1.77448 -0.0513331 177.639 7.12843 13 135 1 0 1
1.20631 -1.14135 1836.73 3.34611 0.0545543 179.814 7.10577 13 136 1 0 1
-0.36901 -3.44955 1836.73 3.16083 0.170267 181.495 7.08898 13 137 1 0 1
0.408766 -1.95428 1836.73 2.32501 -0.368815 179.296 7.11121 13 138 1 0 1
0.55306 3.73668 1836.73 3.5968 -0.0791167 178.747 7.11663 13 139 1 0 1
1.98492 4.9299 1836.73 4.4108 -0.110046 180.415 7.09948 13 140 1 0 1
-0.28752 0.71489 1836.73 2.77383 0.150152 180.839 7.09557 13 141 1 0 1
0.809787 0.00507857 1836.73 0.779628 -0.229401 179.705 7.10718 13 142 1 0 1
1.50973 -0.844351 1836.73 4.27218 -0.429934 178.713 7.11682 13 143 1 0 1
2.28901 -0.052298 1836.73 8.23942 -0.0462569 181.657 7.08582 13 144 1 0 1
2.28966 -1.55571 1836.73 1.34909 -0.184974 181.118 7.09295 13 145 1 0 1
1.58373 -0.684589 1836.73 8.71872 -0.238201 180.453 7.09753 13 146 1 0 1
2.58418 1.12625 1836.73 6.87087 0.915987 181.33 7.08958 13 147 1 0 1
-0.253091 -5.37397 1836.73 3.08538 0.109693 179.515 7.10886 13 148 1 0 1
1.37272 1.53747 1836.73 2.77964 -0.20402 180.045 7.10354 13 149 1 0 1
0.958339 -2.30841 1836.73 3.86298 -0.086944 179.703 7.10679 13 150 1 0 1
1.29721 0.60307 1897.96 3.20781 0.0531084 178.297 7.35873 13 1 1 0 1
0.78574 -1.19652 1897.96 3.39244 -0.219705 180.416 7.33635 13 2 1 0 1
2.25859 3.97937 1897.96 4.40845 -0.452326 180.857 7.33155 13 3 1 0 1
4.09766 4.42624 1897.96 4.34135 0.00364516 179.105 7.34988 13 4 1 0 1
2.38156 -1.18954 1897.96 4.21011 0.241168 180.506 7.33523 13 5 1 0 1
3.03984 -4.31261 1897.96 4.33993 0.0823664 182.103 7.31886 13 6 1 0 1
2.08293 0.863138 1897.96 2.44629 -0.0177691 181.121 7.32922 13 7 1 0 1
2.69452 2.43352 1897.96 4.0969 0.0107678 182.152 7.31842 13 8 1 0 1
0.983396 -0.832915 1897.96 2.20231 0.453545 180.073 7.3401 13 9 1 0 1
5.21524 0.807783 1897.96 5.748 -0.0146059 178.436 7.35656 13 10 1 0 1
2.59143 3.4872 1897.96 4.57536 -0.418627 181.147 7.32854 13 11 1 0 1
1.65823 -0.909846 1897.96 5.46111 0.0164467 177.578 7.3659 13 12 1 0 1
3.21876 1.3002 1897.96 4.65187 0.273256 178.197 7.35946 13 13 1 0 1
0.299854 5.21857 1897.96 2.83175 0.116604 180.409 7.33653 13 14 1 0 1
2.95933 5.04883 1897.96 6.36303 0.417353 180.531 7.33432 13 15 1 0 1
2.31656 -2.56891 1897.96 2.17963 -0.162785 180.27 7.33806 13 16 1 0 1
1.87739 -4.01743 1897.96 4.16471 0.0485389 180.886 7.33133 13 17 1 0 1
4.03363 -3.29727 1897.96 4.48857 -0.0832565 180.898 7.33112 13 18 1 0 1
0.611836 -1.81021 1897.96 -0.0246524 0.593355 179.668 7.34448 13 19 1 0 1
4.27481 -4.04729 1897.96 5.34546 0.0681637 179.65 7.34384 13 20 1 0 1
1.7586 -0.464119 1897.96 4.28335 -0.286738 178.758 7.35357 13 21 1 0 1
0.646235 0.0627244 1897.96 3.03738 0.240058 181.678 7.32344 13 22 1 0 1
3.92704 3.41939 1897.96 6.25476 -0.148242 179.623 7.34382 13 23 1 0 1
0.429296 2.34558 1897.96 3.22168 -0.46655 177.687 7.36529 13 24 1 0 1
0.647357 -2.90619 1897.96 2.29138 -0.0779875 180.607 7.33455 13 25 1 0 1
2.03283 -1.39147 1897.96 3.93353 0.124067 180.456 7.33581 13 26 1 0 1
2.60956 -1.96485 1897.96 4.78366 -0.0494285 183.557 7.30421 13 27 1 0 1
2.7539 0.919715 1897.96 4.22784 -0.046711 181.614 7.32385 13 28 1 0 1
1.33137 -4.15127 1897.96 3.04193 0.917306 177.949 7.36249 13 29 1 0 1
1.90876 -0.524693 1897.96 4.16278 0.147515 181.131 7.3288 13 30 1 0 1
2.79771 -6.03849 1897.96 4.07764 0.228898 178.956 7.35152 13 31 1 0 1
2.13672 0.553478 1897.96 3.42214 0.71383 179.089 7.35023 13 32 1 0 1
4.13195 0.0248939 1897.96 5.3956 -0.264737 181.461 7.32509 13 33 1 0 1
5.11368 0.920415 1897.96 6.20587 0.0437391 181.016 7.32939 13 34 1 0 1
5.61511 -2.47035 1897.96 5.36509 0.534004 181.149 7.32828 13 35 1 0 1
0.352851 -2.92126 1897.96 0.947855 0.199745 180.341 7.33743 13 36 1 0 1
2.70742 -0.00622046 1897.96 5.1677 -0.423996 181.813 7.32157 13 37 1 0 1
-0.804726 2.69156 1897.96 3.41454 -0.395466 179.489 7.34603 13 38 1 0 1
1.51232 -0.640841 1897.96 3.90687 -0.13805 177.208 7.37036 13 39 1 0 1
-0.0703625 2.52291 1897.96 0.950311 0.142324 177.351 7.36924 13 40 1 0 1
2.62453 -3.49187 1897.96 6.03748 0.446092 179.9 7.34099 13 41 1 0 1
0.164673 -3.78545 1897.96 1.68067 0.456234 182.8 7.31228 13 42 1 0 1
3.19598 4.65237 1897.96 5.42008 -0.636855 179.744 7.34283 13 43 1 0 1
1.04849 -1.22903 1897.96 2.56636 -0.340263 178.145 7.36048 13 44 1 0 1
1.80821 -3.55124 1897.96 5.84116 0.240186 178.565 7.35515 13 45 1 0 1
2.9563 -0.514201 1897.96 5.49981 -0.361211 179.441 7.34599 13 46 1 0 1
0.0565851 4.44751 1897.96 -0.587067 -0.467055 180.569 7.33507 13 47 1 0 1
1.41796 -2.06275 1897.96 2.56442 0.091445 182.37 7.31651 13 48 1 0 1
1.0061 -3.90974 1897.96 3.62833 -0.227446 178.754 7.35377 13 49 1 0 1
4.65486 2.95589 1897.96 5.08866 0.381347 181.853 7.32119 13 50 1 0 1
0.791083 0.47771 1897.96 1.39065 -0.0179688 178.93 7.35223 13 51 1 0 1
0.611725 -0.1867 1897.96 4.31869 -0.136675 181.75 7.32245 13 52 1 0 1
2.99197 1.21126 1897.96 3.08971 -0.353881 177.009 7.3727 13 53 1 0 1
0.492108 -1.95406 1897.96 2.69276 0.104729 181.429 7.32603 13 54 1 0 1
3.2866 3.94628 1897.96 3.84902 -0.0393342 181.62 7.32387 13 55 1 0 1
2.28893 2.12328 1897.96 2.50926 0.304139 179.771 7.34322 13 56 1 0 1
0.496025 5.76629 1897.96 1.52747 -0.399985 178.838 7.35319 13 57 1 0 1
-0.610715 1.00481 1897.96 0.186556 0.551643 178.424 7.35767 13 58 1 0 1
2.74811 -2.03084 1897.96 4.15129 -0.0952763 181.152 7.32859 13 59 1 0 1
1.1287 -1.69151 1897.96 4.30153 -0.0312072 176.196 7.38137 13 60 1 0 1
1.72938 0.800077 1897.96 5.53363 0.0868596 183.409 7.30546 13 61 1 0 1
-0.187679 -5.83531 1897.96 0.497922 0.574605 181.24 7.32816 13 62 1 0 1
4.05423 -1.51451 1897.96 7.00288 -0.163529 178.232 7.35827 13 63 1 0 1
1.66838 -2.02833 1897.96 3.51005 0.119226 179.614 7.3447 13 64 1 0 1
1.32989 -2.21156 1897.96 1.73798 0.0912916 178.456 7.35725 13 65 1 0 1
-1.28788 -2.90139 1897.96 2.35363 -0.0168176 175.317 7.39158 13 66 1 0 1
2.21579 -4.21141 1897.96 4.82963 0.111114 179.814 7.34228 13 67 1 0 1
4.35518 -2.59298 1897.96 4.34526 0.051253 178.683 7.35435 13 68 1 0 1
1.7029 3.55232 1897.96 6.28452 -0.0101349 180.415 7.33556 13 69 1 0 1
2.58346 2.08995 1897.96 3.97549 -0.70139 181.822 7.32177 13 70 1 0 1
2.05993 -4.34038 1897.96 1.33957 -0.0362393 183.273 7.30759 13 71 1 0 1
3.65676 -0.32631 1897.96 4.98466 0.604746 178.583 7.35523 13 72 1 0 1
1.4866 1.81052 1897.96 3.61466 -0.0644504 180.789 7.33244 13 73 1 0 1
1.82212 -0.46747 1897.96 4.4397 0.114979 181.366 7.32633 13 74 1 0 1
2.84238 1.54206 1897.96 3.63758 -0.0834396 179.766 7.34308 13 75 1 0 1
2.18898 -0.413626 1897.96 3.88239 0.0584709 177.692 7.3651 13 76 1 0 1
1.48346 -1.04309 1897.96 4.55395 0.108881 180.746 7.33267 13 77 1 0 1
2.80089 -0.0106932 1897.96 1.68169 0.257411 181.324 7.32723 13 78 1 0 1
3.35725 2.33016 1897.96 1.36468 -0.55663 179.307 7.34823 13 79 1 0 1
1.34491 -1.35591 1897.96 1.06447 -0.0627007 180.315 7.3377 13 80 1 0 1
2.8822 -0.0355619 1897.96 6.53506 -0.164123 182.861 7.31058 13 81 1 0 1
2.0691 2.68933 1897.96 5.57222 -0.105921 181.228 7.32742 13 82 1 0 1
0.741153 -1.60193 1897.96 3.22074 -0.161596 179.589 7.34502 13 83 1 0 1
3.46744 0.517476 1897.96 8.64031 -0.054204 184.469 7.29388 13 84 1 0 1
0.873549 -2.41635 1897.96 3.0837 0.127735 177.872 7.36333 13 85 1 0 1
1.88756 -2.8975 1897.96 4.02955 -0.0573421 179.999 7.34056 13 86 1 0 1
2.39664 -0.515671 1897.96 5.24951 0.012807 179.485 7.34561 13 87 1 0 1
3.6992 1.54807 1897.96 4.70577 -0.0840534 177.302 7.36912 13 88 1 0 1
3.44255 1.5992 1897.96 2.63714 -0.243839 181 7.33044 13 89 1 0 1
2.18833 3.22315 1897.96 3.53819 -0.678992 180.893 7.33137 13 90 1 0 1
3.95368 0.722416 1897.96 5.58018 0.462718 181.318 7.32649 13 91 1 0 1
4.73068 0.036238 1897.96 5.04255 -0.171529 176.756 7.37498 13 92 1 0 1
1.16092 1.75526 1897.96 0.19675 0.289259 180.057 7.34042 13 93 1 0 1
1.69687 -1.94916 1897.96 4.22159 -0.309473 182.047 7.31945 13 94 1 0 1
1.16503 2.76916 1897.96 1.19597 0.144663 179.85 7.34254 13 95 1 0 1
1.58185 4.09043 1897.96 3.71093 0.117184 179.92 7.34145 13 96 1 0 1
2.11437 0.266824 1897.96 3.26965 0.195022 181.233 7.32795 13 97 1 0 1
2.46974 1.68114 1897.96 4.16481 -0.0422706 175.052 7.39419 13 98 1 0 1
0.999109 3.67623 1897.96 1.8643 -0.254434 180.256 7.33825 13 99 1 0 1
0.863032 0.705886 1897.96 1.11312 -0.165294 181.098 7.3296 13 100 1 0 1
2.77874 0.364989 1897.96 3.50818 -0.00188428 181.288 7.32733 13 101 1 0 1
2.9953 3.39121 1897.96 4.06937 -0.081088 178.621 7.35508 13 102 1 0 1
1.0082 1.19436 1897.96 1.61442 -0.0941596 180.935 7.33124 13 103 1 0 1
-0.536752 0.630882 1897.96 3.16224 -0.336439 180.191 7.33873 13 104 1 0 1
5.35635 1.81518 1897.96 5.44066 -0.167071 181.003 7.32977 13 105 1 0 1
4.10199 -3.26502 1897.96 8.0111 -0.0331797 181.529 7.32342 13 106 1 0 1
2.69092 -1.09661 1897.96 4.61117 0.358962 182.068 7.31914 13 107 1 0 1
0.766978 -5.19197 1897.96 1.82065 0.342885 180.026 7.34065 13 108 1 0 1
3.18504 1.95192 1897.96 5.8008 -0.177547 180.955 7.33015 13 109 1 0 1
3.46325 -4.56111 1897.96 4.85223 -0.209247 179.967 7.34067 13 110 1 0 1
2.69757 -3.3807 1897.96 4.11391 0.378966 181.166 7.32845 13 111 1 0 1
2.18358 -1.9655 1897.96 2.69219 -0.258793 179.961 7.3412 13 112 1 0 1
0.592337 0.0765485 1897.96 2.54196 -0.0906144 182.723 7.31295 13 113 1 0 1
3.65757 -5.6262 1897.96 5.69218 0.306501 181.325 7.32639 13 114 1 0 1
1.41367 4.04993 1897.96 2.49454 -0.718827 182.44 7.31579 13 115 1 0 1
2.18652 3.82164 1897.96 1.25312 -0.526995 179.168 7.34971 13 116 1 0 1
2.25672 0.457593 1897.96 3.50072 0.273348 180.009 7.34056 13 117 1 0 1
0.636246 -0.828989 1897.96 1.01418 -0.0829629 179.58 7.34539 13 118 1 0 1
0.964916 0.96498 1897.96 2.03243 -0.485036 181.37 7.32672 13 119 1 0 1
2.34756 1.86814 1897.96 3.37027 0.154888 179.333 7.34769 13 120 1 0 1
1.85213 -1.70829 1897.96 4.21183 -0.478833 178.681 7.3544 13 121 1 0 1
-0.539006 4.67586 1897.96 3.995 -0.110903 180.261 7.33783 13 122 1 0 1
1.80914 0.534534 1897.96 3.9758 -0.129347 180.051 7.34002 13 123 1 0 1
4.56005 2.18066 1897.96 4.78537 -0.116418 178.078 7.3607 13 124 1 0 1
0.389457 1.50842 1897.96 1.82696 -0.257677 181.333 7.32713 13 125 1 0 1
1.87092 0.463724 1897.96 4.26096 0.360725 179.895 7.34158 13 126 1 0 1
2.97912 0.135656 1897.96 4.37432 -0.210711 178.366 7.35773 13 127 1 0 1
0.958145 1.34477 1897.96 5.01666 -0.112874 179.659 7.34385 13 128 1 0 1
3.29974 -2.1107 1897.96 6.48576 0.303319 179.854 7.34132 13 129 1 0 1
3.65967 -3.68103 1897.96 3.36542 -0.0459411 176.82 7.37472 13 130 1 0 1
2.90563 -1.15828 1897.96 4.91218 -0.0370027 177.234 7.3698 13 131 1 0 1
0.435365 1.56575 1897.96 3.38311 0.192631 177.52 7.36707 13 132 1 0 1
0.480361 -4.23256 1897.96 1.46197 0.112187 180.436 7.33641 13 133 1 0 1
4.77534 1.58333 1897.96 7.695 -0.231732 180.824 7.33077 13 134 1 0 1
2.08038 -0.753121 1897.96 1.64111 -0.0265816 177.64 7.36605 13 135 1 0 1
2.32529 -1.1163 1897.96 3.21263 0.0924471 179.816 7.34263 13 136 1 0 1
0.697413 -3.37255 1897.96 3.14829 0.285838 181.495 7.32528 13 137 1 0 1
1.19406 -2.06884 1897.96 2.2646 -0.301489 179.297 7.34825 13 138 1 0 1
1.77268 3.68832 1897.96 3.50942 -0.202998 178.749 7.35385 13 139 1 0 1
3.4499 4.86451 1897.96 4.20474 -0.274989 180.42 7.33613 13 140 1 0 1
0.651253 0.761551 1897.96 2.76 0.12523 180.839 7.33208 13 141 1 0 1
1.06389 -0.0729572 1897.96 0.708832 -0.228263 179.706 7.34408 13 142 1 0 1
2.9477 -0.986544 1897.96 4.10477 -0.399402 178.717 7.35405 13 143 1 0 1
5.02475 -0.0675602 1897.96 7.96061 -0.0442276 181.669 7.32201 13 144 1 0 1
2.7144 -1.60924 1897.96 1.15853 -0.13147 181.119 7.32938 13 145 1 0 1
4.50888 -0.761347 1897.96 8.48807 -0.21386 180.464 7.33411 13 146 1 0 1
4.86103 1.42851 1897.96 6.5874 0.872799 181.341 7.3259 13 147 1 0 1
0.797938 -5.30598 1897.96 3.06482 0.288644 179.515 7.34582 13 148 1 0 1
2.2963 1.45946 1897.96 2.64077 -0.254387 180.047 7.34032 13 149 1 0 1
2.25653 -2.32481 1897.96 3.74156 -0.00922955 179.706 7.34369 13 150 1 0 1
2.37738 0.617832 1959.18 3.07009 0.0327905 178.3 7.59611 13 1 1 0 1
1.92198 -1.26411 1959.18 3.28976 -0.17827 180.418 7.573 13 2 1 0 1
3.71562 3.80384 1959.18 4.18138 -0.583731 180.862 7.56805 13 3 1 0 1
5.52282 4.40224 1959.18 3.97924 -0.143951 179.113 7.58697 13 4 1 0 1
3.77291 -1.10111 1959.18 3.97664 0.27977 180.512 7.57185 13 5 1 0 1
4.45376 -4.26037 1959.18 4.05315 0.228092 182.109 7.55495 13 6 1 0 1
2.87961 0.852219 1959.18 2.25733 -0.0467691 181.124 7.56565 13 7 1 0 1
4.03113 2.42326 1959.18 3.83943 -0.0718087 182.157 7.5545 13 8 1 0 1
1.71637 -0.674253 1959.18 2.10011 0.47888 180.074 7.57688 13 9 1 0 1
7.11219 0.798173 1959.18 5.28592 -0.0413566 178.451 7.59387 13 10 1 0 1
4.09799 3.32609 1959.18 4.32071 -0.533844 181.152 7.56494 13 11 1 0 1
3.51178 -0.898997 1959.18 5.26825 0.0464297 177.583 7.60351 13 12 1 0 1
4.76894 1.38649 1959.18 4.35277 0.228579 178.205 7.59686 13 13 1 0 1
1.2529 5.2283 1959.18 2.77286 -0.0593133 180.41 7.57319 13 14 1 0 1
5.0701 5.1613 1959.18 6.0586 0.245321 180.542 7.57091 13 15 1 0 1
3.02396 -2.60944 1959.18 1.97723 -0.0756543 180.272 7.57477 13 16 1 0 1
3.25693 -3.97811 1959.18 3.96953 0.183538 180.89 7.56782 13 17 1 0 1
5.49458 -3.30659 1959.18 4.12635 0.0282499 180.906 7.56761 13 18 1 0 1
0.595628 -1.59808 1959.18 -0.0702674 0.650512 179.668 7.5814 13 19 1 0 1
6.03395 -4.00102 1959.18 4.95636 0.203133 179.661 7.58074 13 20 1 0 1
3.19684 -0.559493 1959.18 4.0972 -0.269665 178.762 7.59078 13 21 1 0 1
1.65715 0.143111 1959.18 2.94942 0.236569 181.68 7.55968 13 22 1 0 1
5.99952 3.34945 1959.18 5.88026 -0.261745 179.635 7.58072 13 23 1 0 1
1.52912 2.17175 1959.18 3.14853 -0.541474 177.688 7.60288 13 24 1 0 1
1.4125 -2.916 1959.18 2.21317 0.0201612 180.608 7.57115 13 25 1 0 1
3.33561 -1.34152 1959.18 3.72992 0.170104 180.461 7.57245 13 26 1 0 1
4.16485 -1.9701 1959.18 4.52237 0.0179898 183.563 7.53983 13 27 1 0 1
4.13777 0.898752 1959.18 3.9648 -0.0775396 181.62 7.56011 13 28 1 0 1
2.35642 -3.81258 1959.18 2.90397 1.04959 177.95 7.59999 13 29 1 0 1
3.28534 -0.471933 1959.18 3.96506 0.164368 181.136 7.56521 13 30 1 0 1
4.15093 -5.92588 1959.18 3.8163 0.428758 178.961 7.58866 13 31 1 0 1
3.27424 0.793891 1959.18 3.21846 0.691323 179.093 7.58734 13 32 1 0 1
5.89166 -0.0643999 1959.18 5.01345 -0.264084 181.472 7.56139 13 33 1 0 1
7.13815 0.92993 1959.18 5.74004 0.0124771 181.031 7.56582 13 34 1 0 1
7.34866 -2.27612 1959.18 4.87168 0.614305 181.163 7.56468 13 35 1 0 1
0.668741 -2.83691 1959.18 0.909117 0.296672 180.341 7.57412 13 36 1 0 1
4.40547 -0.148691 1959.18 4.89598 -0.421384 181.821 7.55775 13 37 1 0 1
0.365324 2.54157 1959.18 3.43111 -0.483137 179.488 7.583 13 38 1 0 1
2.83697 -0.68479 1959.18 3.74489 -0.116126 177.211 7.60811 13 39 1 0 1
0.257199 2.55756 1959.18 0.943344 0.0582228 177.351 7.60695 13 40 1 0 1
4.63681 -3.32043 1959.18 5.76308 0.56051 179.909 7.5778 13 41 1 0 1
0.723054 -3.61135 1959.18 1.64655 0.582441 182.8 7.54816 13 42 1 0 1
4.9933 4.40932 1959.18 5.11081 -0.788921 179.752 7.57969 13 43 1 0 1
1.91328 -1.33873 1959.18 2.45544 -0.297569 178.147 7.59791 13 44 1 0 1
3.77922 -3.44879 1959.18 5.63158 0.356869 178.572 7.59242 13 45 1 0 1
4.78689 -0.634278 1959.18 5.20791 -0.341992 179.45 7.58295 13 46 1 0 1
-0.142342 4.26408 1959.18 -0.58381 -0.61388 180.569 7.57169 13 47 1 0 1
2.25702 -2.02035 1959.18 2.42353 0.16095 182.372 7.55252 13 48 1 0 1
2.23062 -3.9652 1959.18 3.50672 -0.096056 178.756 7.59099 13 49 1 0 1
6.30107 3.06718 1959.18 4.67003 0.279129 181.864 7.55736 13 50 1 0 1
1.25475 0.468849 1959.18 1.31368 -0.0337775 178.93 7.5894 13 51 1 0 1
2.05246 -0.231588 1959.18 4.21693 -0.129581 181.752 7.55865 13 52 1 0 1
4.01772 1.08218 1959.18 2.82889 -0.391783 177.014 7.61052 13 53 1 0 1
1.3906 -1.90764 1959.18 2.62096 0.170126 181.43 7.56235 13 54 1 0 1
4.53644 3.91054 1959.18 3.55039 -0.172531 181.626 7.56013 13 55 1 0 1
3.11051 2.21455 1959.18 2.3052 0.231355 179.774 7.5801 13 56 1 0 1
1.01035 5.59672 1959.18 1.47083 -0.589663 178.838 7.59039 13 57 1 0 1
-0.539146 1.18801 1959.18 0.229694 0.515124 178.424 7.59502 13 58 1 0 1
4.10991 -2.0514 1959.18 3.8902 -0.0262526 181.157 7.565 13 59 1 0 1
2.60253 -1.69269 1959.18 4.16337 0.0244498 176.2 7.61948 13 60 1 0 1
3.54652 0.824453 1959.18 5.33035 0.0590508 183.415 7.54112 13 61 1 0 1
-0.0177901 -5.60829 1959.18 0.50575 0.76819 181.239 7.56455 13 62 1 0 1
6.39754 -1.56194 1959.18 6.61175 -0.112359 178.247 7.59563 13 63 1 0 1
2.83833 -1.9762 1959.18 3.3399 0.186365 179.617 7.58162 13 64 1 0 1
1.90656 -2.16768 1959.18 1.61655 0.164237 178.457 7.59458 13 65 1 0 1
-0.452947 -2.8907 1959.18 2.41779 0.0779633 175.316 7.63002 13 66 1 0 1
3.82479 -4.14962 1959.18 4.6014 0.251451 179.819 7.57913 13 67 1 0 1
5.78186 -2.56066 1959.18 3.9646 0.137213 178.692 7.59159 13 68 1 0 1
3.80463 3.52863 1959.18 6.07583 -0.129381 180.422 7.57219 13 69 1 0 1
3.88327 1.84231 1959.18 3.72837 -0.768146 181.827 7.55796 13 70 1 0 1
2.47911 -4.32771 1959.18 1.16466 0.112042 183.274 7.54332 13 71 1 0 1
5.31149 -0.117514 1959.18 4.64814 0.612175 178.592 7.5925 13 72 1 0 1
2.68642 1.77841 1959.18 3.45608 -0.125015 180.792 7.56897 13 73 1 0 1
3.29108 -0.426064 1959.18 4.24482 0.130108 181.371 7.56266 13 74 1 0 1
4.03953 1.5049 1959.18 3.37755 -0.134569 179.771 7.57995 13 75 1 0 1
3.49289 -0.391159 1959.18 3.6702 0.0718206 177.697 7.60269 13 76 1 0 1
3.00041 -1.00033 1959.18 4.38364 0.143358 180.75 7.5692 13 77 1 0 1
3.33039 0.0761179 1959.18 1.44794 0.256306 181.326 7.5636 13 78 1 0 1
3.77819 2.12717 1959.18 1.09567 -0.631235 179.308 7.58527 13 79 1 0 1
1.68756 -1.36943 1959.18 0.949505 -0.0168321 180.316 7.5744 13 80 1 0 1
5.02392 -0.0902052 1959.18 6.23144 -0.161986 182.872 7.5464 13 81 1 0 1
3.91699 2.63827 1959.18 5.34432 -0.196048 181.235 7.56379 13 82 1 0 1
1.82495 -1.64778 1959.18 3.12387 -0.107123 179.591 7.58196 13 83 1 0 1
6.27841 0.496569 1959.18 8.26307 -0.0716707 184.486 7.52916 13 84 1 0 1
1.91924 -2.35869 1959.18 2.97928 0.207014 177.874 7.60085 13 85 1 0 1
3.2281 -2.90044 1959.18 3.83602 0.0400695 180.003 7.57735 13 86 1 0 1
4.14893 -0.50837 1959.18 5.00268 0.0299639 179.492 7.58256 13 87 1 0 1
5.26979 1.51027 1959.18 4.37161 -0.134673 177.311 7.60683 13 88 1 0 1
4.28663 1.50776 1959.18 2.34304 -0.296336 181.004 7.56691 13 89 1 0 1
3.35268 2.97539 1959.18 3.3275 -0.783666 180.896 7.56787 13 90 1 0 1
5.77916 0.874241 1959.18 5.20943 0.435722 181.33 7.56282 13 91 1 0 1
6.4092 -0.0232695 1959.18 4.62883 -0.171754 176.768 7.61288 13 92 1 0 1
1.21266 1.84342 1959.18 0.106888 0.228779 180.057 7.57721 13 93 1 0 1
3.08882 -2.04192 1959.18 4.03849 -0.241662 182.051 7.55557 13 94 1 0 1
1.55549 2.80252 1959.18 1.09309 0.051131 179.85 7.5794 13 95 1 0 1
2.81896 4.1069 1959.18 3.54451 -0.0204784 179.923 7.57827 13 96 1 0 1
3.18711 0.33106 1959.18 3.06769 0.184912 181.236 7.56433 13 97 1 0 1
3.8885 1.65679 1959.18 3.9309 -0.0968125 175.057 7.63271 13 98 1 0 1
1.61681 3.56901 1959.18 1.76516 -0.376336 180.256 7.57496 13 99 1 0 1
1.22668 0.646084 1959.18 1.03355 -0.188147 181.098 7.56604 13 100 1 0 1
3.92283 0.362272 1959.18 3.25282 -0.0141908 181.293 7.5637 13 101 1 0 1
4.34576 3.34412 1959.18 3.79379 -0.193388 178.627 7.59235 13 102 1 0 1
1.53922 1.15575 1959.18 1.51752 -0.133849 180.936 7.56773 13 103 1 0 1
0.539987 0.513187 1959.18 3.16212 -0.355681 180.191 7.57546 13 104 1 0 1
7.12013 1.74842 1959.18 4.9662 -0.227294 181.016 7.56622 13 105 1 0 1
6.73977 -3.25757 1959.18 7.59802 0.0773449 181.546 7.55966 13 106 1 0 1
4.20041 -0.969878 1959.18 4.34751 0.394093 182.074 7.55525 13 107 1 0 1
1.37368 -5.04597 1959.18 1.73963 0.514919 180.026 7.57744 13 108 1 0 1
5.09847 1.88083 1959.18 5.48592 -0.242295 180.965 7.56661 13 109 1 0 1
5.06252 -4.60614 1959.18 4.52983 -0.0552587 179.976 7.57747 13 110 1 0 1
4.04733 -3.23359 1959.18 3.8571 0.490828 181.172 7.56485 13 111 1 0 1
3.06758 -2.04217 1959.18 2.49353 -0.191477 179.964 7.57802 13 112 1 0 1
1.43283 0.0458078 1959.18 2.46417 -0.0927018 182.725 7.54885 13 113 1 0 1
5.52444 -5.49082 1959.18 5.3424 0.494681 181.335 7.56272 13 114 1 0 1
2.2291 3.78606 1959.18 2.35482 -0.852271 182.441 7.55179 13 115 1 0 1
2.58487 3.6201 1959.18 1.07337 -0.651449 179.168 7.5868 13 116 1 0 1
3.41336 0.547777 1959.18 3.28619 0.256461 180.013 7.57735 13 117 1 0 1
0.972378 -0.852492 1959.18 0.953441 -0.0547783 179.58 7.58233 13 118 1 0 1
1.6357 0.796055 1959.18 1.93327 -0.514852 181.371 7.56307 13 119 1 0 1
3.46316 1.91026 1959.18 3.15123 0.0916442 179.337 7.58471 13 120 1 0 1
3.26538 -1.8623 1959.18 4.01966 -0.419294 178.686 7.59164 13 121 1 0 1
0.818979 4.6116 1959.18 3.98439 -0.267168 180.261 7.57453 13 122 1 0 1
3.1321 0.487585 1959.18 3.78882 -0.146527 180.055 7.5768 13 123 1 0 1
6.1398 2.12828 1959.18 4.38498 -0.188051 178.089 7.59814 13 124 1 0 1
0.998674 1.41298 1959.18 1.77404 -0.307124 181.333 7.56348 13 125 1 0 1
3.29089 0.583613 1959.18 4.06581 0.343147 179.9 7.5784 13 126 1 0 1
4.43601 0.062693 1959.18 4.09637 -0.214021 178.372 7.59508 13 127 1 0 1
2.64814 1.29871 1959.18 4.88053 -0.157206 179.663 7.58075 13 128 1 0 1
5.45583 -1.9956 1959.18 6.15505 0.372277 179.865 7.57813 13 129 1 0 1
4.77307 -3.67591 1959.18 3.052 0.0754814 176.825 7.61262 13 130 1 0 1
4.55801 -1.16443 1959.18 4.63423 0.00142159 177.241 7.60754 13 131 1 0 1
1.59159 1.62313 1959.18 3.30748 0.139794 177.522 7.60472 13 132 1 0 1
0.968148 -4.17042 1959.18 1.40701 0.253709 180.436 7.57307 13 133 1 0 1
7.30842 1.49599 1959.18 7.23632 -0.283734 180.842 7.56725 13 134 1 0 1
2.61692 -0.757969 1959.18 1.46567 -0.00152665 177.642 7.60366 13 135 1 0 1
3.38465 -1.07851 1959.18 2.99681 0.129287 179.82 7.57949 13 136 1 0 1
1.74596 -3.25707 1959.18 3.05507 0.39815 181.497 7.56158 13 137 1 0 1
1.94874 -2.15979 1959.18 2.14613 -0.230723 179.298 7.58529 13 138 1 0 1
2.94685 3.59789 1959.18 3.3321 -0.324569 178.752 7.59107 13 139 1 0 1
4.82643 4.74362 1959.18 3.89092 -0.436808 180.427 7.57278 13 140 1 0 1
1.57333 0.799524 1959.18 2.67543 0.0988812 180.84 7.5686 13 141 1 0 1
1.29071 -0.150161 1959.18 0.619863 -0.224521 179.706 7.58099 13 142 1 0 1
4.31011 -1.11748 1959.18 3.83217 -0.364317 178.723 7.59128 13 143 1 0 1
7.63168 -0.0820517 1959.18 7.478 -0.0416954 181.69 7.55821 13 144 1 0 1
3.06956 -1.64442 1959.18 0.938271 -0.0764661 181.12 7.56581 13 145 1 0 1
7.31844 -0.829421 1959.18 8.0402 -0.187085 180.485 7.57069 13 146 1 0 1
7.01326 1.71448 1959.18 6.13519 0.819673 181.357 7.56222 13 147 1 0 1
1.82851 -5.17746 1959.18 2.96571 0.464306 179.517 7.58278 13 148 1 0 1
3.16102 1.3648 1959.18 2.43421 -0.301854 180.05 7.57711 13 149 1 0 1
3.49688 -2.31469 1959.18 3.52425 0.0685932 179.71 7.58058 13 150 1 0 1
3.39661 0.625546 2020.41 2.85368 0.012098 178.303 7.83349 13 1 1 0 1
3.00894 -1.31728 2020.41 3.10276 -0.134801 180.421 7.80966 13 2 1 0 1
5.0774 3.58492 2020.41 3.84714 -0.708492 180.869 7.80456 13 3 1 0 1
6.80639 4.32801 2020.41 3.5151 -0.289921 179.123 7.82406 13 4 1 0 1
5.06755 -1.00012 2020.41 3.64124 0.315185 180.519 7.80847 13 5 1 0 1
5.7535 -4.15954 2020.41 3.66247 0.37123 182.117 7.79104 13 6 1 0 1
3.60247 0.831579 2020.41 2.0105 -0.0752364 181.127 7.80208 13 7 1 0 1
5.26441 2.38535 2020.41 3.48354 -0.153572 182.164 7.79058 13 8 1 0 1
2.40534 -0.5079 2020.41 1.94406 0.498755 180.076 7.81366 13 9 1 0 1
8.82681 0.779459 2020.41 4.6883 -0.0676406 178.467 7.83118 13 10 1 0 1
5.4995 3.12704 2020.41 3.95532 -0.642986 181.16 7.80134 13 11 1 0 1
5.27531 -0.877892 2020.41 4.94041 0.0758865 177.593 7.84111 13 12 1 0 1
6.19686 1.45696 2020.41 3.9421 0.181292 178.215 7.83426 13 13 1 0 1
2.17382 5.17839 2020.41 2.6429 -0.234557 180.411 7.80985 13 14 1 0 1
7.05089 5.2149 2020.41 5.59893 0.0704717 180.557 7.8075 13 15 1 0 1
3.65384 -2.6202 2020.41 1.72413 0.0123421 180.275 7.81148 13 16 1 0 1
4.55297 -3.89342 2020.41 3.67261 0.316452 180.896 7.80431 13 17 1 0 1
6.81466 -3.27819 2020.41 3.65833 0.139446 180.916 7.8041 13 18 1 0 1
0.564151 -1.36771 2020.41 -0.114081 0.700247 179.667 7.81832 13 19 1 0 1
7.6384 -3.9091 2020.41 4.4402 0.335806 179.675 7.81764 13 20 1 0 1
4.55311 -0.648484 2020.41 3.80604 -0.249519 178.769 7.828 13 21 1 0 1
2.62559 0.221865 2020.41 2.78585 0.230383 181.682 7.79592 13 22 1 0 1
7.9182 3.24131 2020.41 5.35506 -0.372286 179.652 7.81762 13 23 1 0 1
2.58974 1.97315 2020.41 2.99469 -0.610227 177.691 7.84047 13 24 1 0 1
2.14143 -2.89255 2020.41 2.07823 0.118081 180.609 7.80775 13 25 1 0 1
4.55289 -1.27627 2020.41 3.43071 0.214205 180.467 7.80909 13 26 1 0 1
5.61338 -1.95288 2020.41 4.14516 0.0852088 183.572 7.77545 13 27 1 0 1
5.41556 0.867537 2020.41 3.60013 -0.107487 181.627 7.79636 13 28 1 0 1
3.32107 -3.43041 2020.41 2.69158 1.16991 177.953 7.83749 13 29 1 0 1
4.5777 -0.41379 2020.41 3.66572 0.17935 181.142 7.80162 13 30 1 0 1
5.39773 -5.74568 2020.41 3.45712 0.623744 178.968 7.82581 13 31 1 0 1
4.32782 1.02525 2020.41 2.93227 0.660932 179.098 7.82444 13 32 1 0 1
7.50034 -0.152959 2020.41 4.50279 -0.260421 181.485 7.79768 13 33 1 0 1
8.97963 0.928838 2020.41 5.12705 -0.018933 181.049 7.80225 13 34 1 0 1
8.89382 -2.05593 2020.41 4.25333 0.687616 181.178 7.80107 13 35 1 0 1
0.967487 -2.72021 2020.41 0.847073 0.390214 180.342 7.81081 13 36 1 0 1
5.99057 -0.289466 2020.41 4.49879 -0.413972 181.831 7.79393 13 37 1 0 1
1.52601 2.36258 2020.41 3.35975 -0.565301 179.489 7.81997 13 38 1 0 1
4.08889 -0.720928 2020.41 3.48693 -0.092877 177.216 7.84587 13 39 1 0 1
0.578167 2.56303 2020.41 0.912194 -0.0265425 177.351 7.84467 13 40 1 0 1
6.53022 -3.11111 2020.41 5.34103 0.668558 179.921 7.81461 13 41 1 0 1
1.2629 -3.39604 2020.41 1.57022 0.702005 182.801 7.78404 13 42 1 0 1
6.66262 4.11597 2020.41 4.67057 -0.932016 179.764 7.81656 13 43 1 0 1
2.72902 -1.43317 2020.41 2.28158 -0.251481 178.149 7.83535 13 44 1 0 1
5.65335 -3.307 2020.41 5.27773 0.4695 178.582 7.82968 13 45 1 0 1
6.49476 -0.747118 2020.41 4.78255 -0.318876 179.462 7.81992 13 46 1 0 1
-0.337621 4.03201 2020.41 -0.565586 -0.753701 180.568 7.80831 13 47 1 0 1
3.03822 -1.95489 2020.41 2.22051 0.228621 182.374 7.78854 13 48 1 0 1
3.39795 -3.97542 2020.41 3.29524 0.0364335 178.76 7.82821 13 49 1 0 1
7.78574 3.14347 2020.41 4.13166 0.173716 181.877 7.79353 13 50 1 0 1
1.68624 0.454639 2020.41 1.20304 -0.0492011 178.931 7.82657 13 51 1 0 1
3.44059 -0.273835 2020.41 4.00712 -0.12101 181.757 7.79486 13 52 1 0 1
4.94048 0.94076 2020.41 2.49554 -0.425218 177.019 7.84835 13 53 1 0 1
2.25345 -1.83946 2020.41 2.48197 0.233584 181.432 7.79868 13 54 1 0 1
5.66997 3.83018 2020.41 3.16073 -0.303769 181.633 7.79638 13 55 1 0 1
3.85235 2.28056 2020.41 2.04204 0.15593 179.777 7.81698 13 56 1 0 1
1.49878 5.36332 2020.41 1.37648 -0.772614 178.838 7.82759 13 57 1 0 1
-0.453755 1.35766 2020.41 0.266944 0.472729 178.424 7.83236 13 58 1 0 1
5.36635 -2.04855 2020.41 3.52938 0.0430755 181.165 7.80141 13 59 1 0 1
4.00964 -1.67455 2020.41 3.91853 0.0798311 176.205 7.85758 13 60 1 0 1
5.27274 0.839424 2020.41 4.99049 0.0305672 183.425 7.77678 13 61 1 0 1
0.152555 -5.31729 2020.41 0.500612 0.95301 181.238 7.80095 13 62 1 0 1
8.57683 -1.59155 2020.41 6.05121 -0.0598992 178.267 7.83299 13 63 1 0 1
3.93553 -1.90152 2020.41 3.08415 0.251382 179.622 7.81855 13 64 1 0 1
2.43435 -2.09908 2020.41 1.45368 0.235311 178.458 7.83191 13 65 1 0 1
0.393597 -2.84704 2020.41 2.41998 0.171855 175.316 7.86846 13 66 1 0 1
5.33573 -4.0405 2020.41 4.25524 0.388933 179.828 7.81598 13 67 1 0 1
7.06031 -2.49913 2020.41 3.48228 0.221617 178.702 7.82882 13 68 1 0 1
5.80882 3.46468 2020.41 5.71151 -0.247168 180.434 7.80882 13 69 1 0 1
5.08354 1.57364 2020.41 3.38567 -0.826149 181.834 7.79414 13 70 1 0 1
2.83474 -4.26566 2020.41 0.95989 0.259047 183.275 7.77905 13 71 1 0 1
6.83006 0.0926215 2020.41 4.19247 0.612629 178.603 7.82976 13 72 1 0 1
3.81736 1.72601 2020.41 3.20893 -0.184156 180.797 7.8055 13 73 1 0 1
4.67567 -0.379797 2020.41 3.94115 0.143756 181.378 7.79899 13 74 1 0 1
5.13313 1.45057 2020.41 3.03094 -0.184167 179.777 7.81683 13 75 1 0 1
4.70726 -0.364229 2020.41 3.36393 0.0843524 177.703 7.84027 13 76 1 0 1
4.44045 -0.946159 2020.41 4.101 0.176204 180.757 7.80574 13 77 1 0 1
3.7745 0.162061 2020.41 1.17707 0.252278 181.328 7.79996 13 78 1 0 1
4.10228 1.89991 2020.41 0.798566 -0.698639 179.31 7.82231 13 79 1 0 1
1.98695 -1.36732 2020.41 0.810194 0.0292288 180.316 7.8111 13 80 1 0 1
7.03685 -0.143819 2020.41 5.76817 -0.158004 182.887 7.78223 13 81 1 0 1
5.66447 2.55712 2020.41 4.97948 -0.283951 181.245 7.80016 13 82 1 0 1
2.86197 -1.67483 2020.41 2.94694 -0.0514277 179.594 7.81889 13 83 1 0 1
8.92842 0.469997 2020.41 7.67425 -0.0883269 184.512 7.76445 13 84 1 0 1
2.91572 -2.27411 2020.41 2.79849 0.283935 177.877 7.83838 13 85 1 0 1
4.48589 -2.87029 2020.41 3.54418 0.13703 180.009 7.81414 13 86 1 0 1
5.79486 -0.495269 2020.41 4.62766 0.0467811 179.502 7.81952 13 87 1 0 1
6.70528 1.45524 2020.41 3.92539 -0.183763 177.321 7.84454 13 88 1 0 1
5.02083 1.39911 2020.41 1.98886 -0.345455 181.008 7.80337 13 89 1 0 1
4.43109 2.69369 2020.41 3.03152 -0.87941 180.901 7.80437 13 90 1 0 1
7.45648 1.01609 2020.41 4.70516 0.403759 181.343 7.79916 13 91 1 0 1
7.92341 -0.0825115 2020.41 4.09642 -0.170021 176.781 7.85078 13 92 1 0 1
1.2333 1.91055 2020.41 0.0142856 0.165689 180.057 7.81399 13 93 1 0 1
4.40159 -2.11139 2020.41 3.7519 -0.171093 182.057 7.79168 13 94 1 0 1
1.90607 2.80391 2020.41 0.962195 -0.0429846 179.851 7.81626 13 95 1 0 1
3.98379 4.07652 2020.41 3.28724 -0.157914 179.928 7.81509 13 96 1 0 1
4.17814 0.391519 2020.41 2.78709 0.172693 181.241 7.80072 13 97 1 0 1
5.20758 1.61355 2020.41 3.59624 -0.150255 175.064 7.87123 13 98 1 0 1
2.19307 3.42107 2020.41 1.62077 -0.493947 180.257 7.81168 13 99 1 0 1
1.55887 0.578913 2020.41 0.92748 -0.208855 181.099 7.80248 13 100 1 0 1
4.96636 0.355422 2020.41 2.91406 -0.0263363 181.299 7.80007 13 101 1 0 1
5.58482 3.25889 2020.41 3.42095 -0.303492 178.634 7.82961 13 102 1 0 1
2.03079 1.10395 2020.41 1.38171 -0.172013 180.937 7.80422 13 103 1 0 1
1.60288 0.389638 2020.41 3.08096 -0.370868 180.192 7.81219 13 104 1 0 1
8.70138 1.66172 2020.41 4.36438 -0.284935 181.032 7.80266 13 105 1 0 1
9.20477 -3.21296 2020.41 6.99031 0.187015 181.571 7.7959 13 106 1 0 1
5.60221 -0.83208 2020.41 3.97241 0.424737 182.083 7.79135 13 107 1 0 1
1.94517 -4.84241 2020.41 1.61401 0.68108 180.027 7.81424 13 108 1 0 1
6.88119 1.78828 2020.41 5.03046 -0.304292 180.978 7.80306 13 109 1 0 1
6.532 -4.59863 2020.41 4.0913 0.0993761 179.986 7.81426 13 110 1 0 1
5.29333 -3.04959 2020.41 3.50141 0.597101 181.179 7.80125 13 111 1 0 1
3.87294 -2.09554 2020.41 2.23095 -0.121976 179.968 7.81483 13 112 1 0 1
2.23659 0.0145445 2020.41 2.32321 -0.093732 182.726 7.78476 13 113 1 0 1
7.24967 -5.2928 2020.41 4.8557 0.67725 181.348 7.79906 13 114 1 0 1
2.98739 3.479 2020.41 2.15473 -0.975996 182.443 7.78778 13 115 1 0 1
2.91696 3.37727 2020.41 0.866107 -0.768472 179.169 7.82389 13 116 1 0 1
4.48249 0.631712 2020.41 2.98742 0.23665 180.018 7.81414 13 117 1 0 1
1.28358 -0.86627 2020.41 0.86826 -0.0259687 179.581 7.81928 13 118 1 0 1
2.26454 0.618049 2020.41 1.78454 -0.538795 181.372 7.79941 13 119 1 0 1
4.48997 1.93059 2020.41 2.85142 0.0273524 179.342 7.82173 13 120 1 0 1
4.59493 -1.99507 2020.41 3.72448 -0.354972 178.692 7.82888 13 121 1 0 1
2.15597 4.49472 2020.41 3.87168 -0.42039 180.263 7.81124 13 122 1 0 1
4.37476 0.435075 2020.41 3.50473 -0.162039 180.061 7.81357 13 123 1 0 1
7.56215 2.05161 2020.41 3.87216 -0.257549 178.1 7.83559 13 124 1 0 1
1.58229 1.30142 2020.41 1.67564 -0.353068 181.334 7.79984 13 125 1 0 1
4.62649 0.696844 2020.41 3.76646 0.321658 179.906 7.81523 13 126 1 0 1
5.77918 -0.0109855 2020.41 3.71343 -0.214892 178.381 7.83243 13 127 1 0 1
4.27024 1.23783 2020.41 4.61935 -0.19975 179.67 7.81765 13 128 1 0 1
7.47206 -1.85774 2020.41 5.66663 0.437007 179.881 7.81495 13 129 1 0 1
5.7641 -3.62886 2020.41 2.66032 0.196051 176.831 7.85051 13 130 1 0 1
6.09355 -1.1573 2020.41 4.23751 0.0398334 177.251 7.84527 13 131 1 0 1
2.70701 1.66199 2020.41 3.14708 0.0853614 177.525 7.84237 13 132 1 0 1
1.43112 -4.06071 2020.41 1.31599 0.392336 180.437 7.80973 13 133 1 0 1
9.65413 1.39158 2020.41 6.59223 -0.33252 180.867 7.80372 13 134 1 0 1
3.08636 -0.754171 2020.41 1.25266 0.0235462 177.643 7.84127 13 135 1 0 1
4.35724 -1.02842 2020.41 2.70416 0.164655 179.825 7.81635 13 136 1 0 1
2.74974 -3.10444 2020.41 2.88355 0.505926 181.499 7.79788 13 137 1 0 1
2.65346 -2.2261 2020.41 1.97265 -0.157324 179.3 7.82233 13 138 1 0 1
4.04548 3.46641 2020.41 3.06937 -0.442444 178.757 7.82829 13 139 1 0 1
6.07923 4.56862 2020.41 3.47734 -0.59366 180.435 7.80943 13 140 1 0 1
2.45507 0.828377 2020.41 2.52229 0.071404 180.842 7.80512 13 141 1 0 1
1.48445 -0.225651 2020.41 0.515004 -0.218217 179.706 7.81789 13 142 1 0 1
5.56202 -1.23567 2020.41 3.46134 -0.325076 178.731 7.8285 13 143 1 0 1
10.043 -0.0956071 2020.41 6.80377 -0.0386881 181.716 7.7944 13 144 1 0 1
3.34602 -1.66084 2020.41 0.693951 -0.0205888 181.121 7.80224 13 145 1 0 1
9.94039 -0.888033 2020.41 7.38638 -0.158177 180.513 7.80728 13 146 1 0 1
8.98569 1.98089 2020.41 5.52571 0.757202 181.377 7.79854 13 147 1 0 1
2.81221 -4.98988 2020.41 2.79057 0.634677 179.519 7.81974 13 148 1 0 1
3.94469 1.25456 2020.41 2.16525 -0.345881 180.053 7.81389 13 149 1 0 1
4.64758 -2.27816 2020.41 3.2166 0.145638 179.716 7.81747 13 150 1 0 1
4.32876 0.626124 2081.63 2.56412 -0.0087333 178.308 8.07087 13 1 1 0 1
4.01877 -1.35543 2081.63 2.83623 -0.0897943 180.426 8.04632 13 2 1 0 1
6.30901 3.3251 2081.63 3.41427 -0.825185 180.877 8.04106 13 3 1 0 1
7.91548 4.20442 2081.63 2.96079 -0.4326 179.132 8.06116 13 4 1 0 1
6.23227 -0.88772 2081.63 3.21248 0.34701 180.527 8.04509 13 5 1 0 1
6.90574 -4.01125 2081.63 3.17786 0.510146 182.126 8.02714 13 6 1 0 1
4.23298 0.801453 2081.63 1.71212 -0.102846 181.13 8.0385 13 7 1 0 1
6.36272 2.32022 2081.63 3.03832 -0.233591 182.172 8.02666 13 8 1 0 1
3.03265 -0.335752 2081.63 1.73818 0.512941 180.078 8.05043 13 9 1 0 1
10.3151 0.751852 2081.63 3.97038 -0.0931582 178.485 8.06849 13 10 1 0 1
6.76002 2.89232 2081.63 3.48852 -0.744807 181.17 8.03775 13 11 1 0 1
6.90359 -0.846773 2081.63 4.48594 0.104482 177.605 8.07872 13 12 1 0 1
7.46592 1.51081 2081.63 3.43033 0.131933 178.225 8.07167 13 13 1 0 1
3.03902 5.06941 2081.63 2.44519 -0.407129 180.414 8.04651 13 14 1 0 1
8.85092 5.20901 2081.63 4.99572 -0.105212 180.574 8.0441 13 15 1 0 1
4.19004 -2.60107 2081.63 1.42683 0.1002 180.277 8.0482 13 16 1 0 1
5.73229 -3.76431 2081.63 3.28153 0.445768 180.903 8.04081 13 17 1 0 1
7.96004 -3.21239 2081.63 3.09648 0.249063 180.927 8.04059 13 18 1 0 1
0.518211 -1.12175 2081.63 -0.15497 0.741995 179.667 8.05524 13 19 1 0 1
9.04702 -3.7726 2081.63 3.81014 0.46467 179.689 8.05454 13 20 1 0 1
5.79267 -0.730077 2081.63 3.41731 -0.226526 178.776 8.06521 13 21 1 0 1
3.52672 0.298088 2081.63 2.55088 0.22157 181.686 8.03216 13 22 1 0 1
9.63388 3.09619 2081.63 4.69253 -0.478605 179.67 8.05451 13 23 1 0 1
3.58397 1.75204 2081.63 2.76408 -0.672024 177.694 8.07807 13 24 1 0 1
2.81547 -2.8361 2081.63 1.89001 0.214657 180.611 8.04434 13 25 1 0 1
5.65344 -1.19645 2081.63 3.04354 0.255867 180.474 8.04573 13 26 1 0 1
6.91799 -1.91337 2081.63 3.66167 0.151463 183.583 8.01107 13 27 1 0 1
6.55452 0.826425 2081.63 3.14315 -0.13621 181.636 8.03261 13 28 1 0 1
4.20057 -3.0091 2081.63 2.41019 1.2769 177.956 8.07499 13 29 1 0 1
5.75271 -0.350926 2081.63 3.27239 0.192287 181.15 8.03804 13 30 1 0 1
6.50616 -5.49993 2081.63 3.00929 0.811632 178.975 8.06296 13 31 1 0 1
5.27045 1.24491 2081.63 2.5709 0.623002 179.104 8.06155 13 32 1 0 1
8.91673 -0.239773 2081.63 3.87663 -0.253789 181.5 8.03397 13 33 1 0 1
10.5909 0.91715 2081.63 4.38252 -0.0501337 181.069 8.03868 13 34 1 0 1
10.211 -1.81228 2081.63 3.52583 0.753096 181.194 8.03747 13 35 1 0 1
1.24143 -2.57247 2081.63 0.763314 0.479306 180.342 8.0475 13 36 1 0 1
7.42209 -0.426938 2081.63 3.98626 -0.401839 181.843 8.03011 13 37 1 0 1
2.64757 2.15665 2081.63 3.20229 -0.641023 179.492 8.05694 13 38 1 0 1
5.23599 -0.748842 2081.63 3.13958 -0.0685677 177.223 8.08362 13 39 1 0 1
0.884313 2.53927 2081.63 0.857659 -0.111005 177.352 8.08239 13 40 1 0 1
8.25621 -2.86629 2081.63 4.78205 0.769006 179.937 8.05141 13 41 1 0 1
1.77037 -3.142 2081.63 1.45364 0.813562 182.801 8.01992 13 42 1 0 1
8.16113 3.77567 2081.63 4.11056 -1.06451 179.777 8.05342 13 43 1 0 1
3.4748 -1.51126 2081.63 2.04923 -0.202524 178.152 8.07278 13 44 1 0 1
7.38255 -3.12748 2081.63 4.7886 0.576798 178.596 8.06694 13 45 1 0 1
8.03613 -0.851437 2081.63 4.23457 -0.292121 179.476 8.05689 13 46 1 0 1
-0.524244 3.75394 2081.63 -0.532862 -0.884923 180.568 8.04492 13 47 1 0 1
3.74153 -1.86714 2081.63 1.96056 0.293687 182.377 8.02455 13 48 1 0 1
4.47817 -3.94029 2081.63 2.99929 0.168514 178.765 8.06542 13 49 1 0 1
9.07082 3.18391 2081.63 3.48729 0.0663058 181.891 8.0297 13 50 1 0 1
2.07451 0.435243 2081.63 1.06155 -0.0640636 178.932 8.06374 13 51 1 0 1
4.7405 -0.312957 2081.63 3.6946 -0.111059 181.763 8.03107 13 52 1 0 1
5.73658 0.788605 2081.63 2.09819 -0.453805 177.024 8.08618 13 53 1 0 1
3.05853 -1.75029 2081.63 2.27936 0.29438 181.435 8.035 13 54 1 0 1
6.65815 3.70614 2081.63 2.69002 -0.431554 181.64 8.03263 13 55 1 0 1
4.49543 2.32056 2081.63 1.72652 0.0787236 179.781 8.05386 13 56 1 0 1
1.94878 5.06873 2081.63 1.24684 -0.946753 178.838 8.06479 13 57 1 0 1
-0.356731 1.51182 2081.63 0.29735 0.424941 178.424 8.06971 13 58 1 0 1
6.48521 -2.02234 2081.63 3.07807 0.111918 181.173 8.03781 13 59 1 0 1
5.31396 -1.63732 2081.63 3.57324 0.134306 176.213 8.09569 13 60 1 0 1
6.86378 0.84482 2081.63 4.52271 0.00173191 183.437 8.01244 13 61 1 0 1
0.31899 -4.96563 2081.63 0.48264 1.12696 181.237 8.03734 13 62 1 0 1
10.5362 -1.60301 2081.63 5.33547 -0.00674492 178.29 8.07036 13 63 1 0 1
4.93182 -1.80515 2081.63 2.74933 0.313537 179.627 8.05547 13 64 1 0 1
2.89974 -2.00653 2081.63 1.25354 0.303701 178.46 8.06924 13 65 1 0 1
1.23005 -2.7709 2081.63 2.36013 0.263787 175.317 8.1069 13 66 1 0 1
6.70989 -3.88529 2081.63 3.79999 0.521996 179.838 8.05283 13 67 1 0 1
8.15775 -2.40909 2081.63 2.91063 0.303503 178.712 8.06606 13 68 1 0 1
7.66409 3.36121 2081.63 5.2008 -0.362157 180.449 8.04545 13 69 1 0 1
6.15347 1.28703 2081.63 2.95616 -0.874736 181.841 8.03033 13 70 1 0 1
3.11769 -4.15496 2081.63 0.730511 0.403098 183.276 8.01478 13 71 1 0 1
8.17353 0.301701 2081.63 3.62928 0.606097 178.615 8.06703 13 72 1 0 1
4.85045 1.65392 2081.63 2.87951 -0.241202 180.802 8.04203 13 73 1 0 1
5.94039 -0.329198 2081.63 3.53645 0.155766 181.386 8.03533 13 74 1 0 1
6.09512 1.3797 2081.63 2.6066 -0.231668 179.784 8.0537 13 75 1 0 1
5.80095 -0.333145 2081.63 2.97141 0.0959233 177.71 8.07785 13 76 1 0 1
5.76664 -0.881194 2081.63 3.71324 0.207044 180.765 8.04228 13 77 1 0 1
4.12186 0.246155 2081.63 0.876021 0.245371 181.329 8.03632 13 78 1 0 1
4.3212 1.65098 2081.63 0.480985 -0.758073 179.311 8.05935 13 79 1 0 1
2.23539 -1.34962 2081.63 0.650111 0.0749567 180.317 8.0478 13 80 1 0 1
8.86938 -0.195793 2081.63 5.15702 -0.152222 182.906 8.01805 13 81 1 0 1
7.26673 2.4468 2081.63 4.48699 -0.36863 181.258 8.03652 13 82 1 0 1
3.82562 -1.68277 2081.63 2.69446 0.00485616 179.598 8.05583 13 83 1 0 1
11.3495 0.438063 2081.63 6.8887 -0.103983 184.543 7.99974 13 84 1 0 1
3.83746 -2.1636 2081.63 2.54597 0.357621 177.881 8.07591 13 85 1 0 1
5.62868 -2.8074 2081.63 3.16147 0.232435 180.016 8.05093 13 86 1 0 1
7.29223 -0.476518 2081.63 4.13399 0.0630673 179.514 8.05647 13 87 1 0 1
7.96887 1.38361 2081.63 3.37849 -0.230763 177.333 8.08226 13 88 1 0 1
5.62631 1.27451 2081.63 1.58367 -0.390634 181.012 8.03984 13 89 1 0 1
5.39589 2.38127 2081.63 2.65781 -0.965131 180.907 8.04086 13 90 1 0 1
8.94265 1.14635 2081.63 4.0802 0.367188 181.359 8.0355 13 91 1 0 1
9.23449 -0.140812 2081.63 3.45892 -0.166349 176.794 8.08869 13 92 1 0 1
1.22233 1.95588 2081.63 -0.0786832 0.100708 180.057 8.05078 13 93 1 0 1
5.60151 -2.15678 2081.63 3.36912 -0.0985679 182.065 8.02779 13 94 1 0 1
2.20779 2.77331 2081.63 0.806628 -0.136611 179.852 8.05311 13 95 1 0 1
5.0465 3.99963 2081.63 2.9457 -0.293557 179.934 8.05191 13 96 1 0 1
5.06206 0.447511 2081.63 2.43503 0.158504 181.246 8.0371 13 97 1 0 1
6.39314 1.55189 2081.63 3.16937 -0.201989 175.072 8.10976 13 98 1 0 1
2.7131 3.23411 2081.63 1.43483 -0.605925 180.259 8.0484 13 99 1 0 1
1.8511 0.505137 2081.63 0.797636 -0.22718 181.1 8.03891 13 100 1 0 1
5.88257 0.344518 2081.63 2.50058 -0.0381821 181.305 8.03643 13 101 1 0 1
6.6807 3.13648 2081.63 2.96039 -0.410144 178.642 8.06687 13 102 1 0 1
2.4703 1.03956 2081.63 1.21047 -0.208215 180.938 8.04071 13 103 1 0 1
2.62469 0.261644 2081.63 2.92083 -0.381828 180.195 8.04893 13 104 1 0 1
10.0596 1.55606 2081.63 3.65058 -0.339337 181.047 8.03911 13 105 1 0 1
11.4338 -3.13169 2081.63 6.20335 0.294588 181.599 8.03214 13 106 1 0 1
6.8604 -0.684789 2081.63 3.49547 0.450541 182.092 8.02745 13 107 1 0 1
2.46679 -4.5836 2081.63 1.44701 0.839474 180.027 8.05103 13 108 1 0 1
8.48751 1.67534 2081.63 4.44601 -0.362831 180.993 8.03952 13 109 1 0 1
7.83403 -4.53866 2081.63 3.54785 0.252896 179.998 8.05106 13 110 1 0 1
6.40363 -2.8308 2081.63 3.05594 0.696575 181.186 8.03765 13 111 1 0 1
4.57902 -2.125 2081.63 1.91116 -0.0510799 179.972 8.05164 13 112 1 0 1
2.98301 -0.0168847 2081.63 2.1227 -0.0936934 182.729 8.02066 13 113 1 0 1
8.78905 -5.0344 2081.63 4.24447 0.852126 181.363 8.03539 13 114 1 0 1
3.6691 3.13225 2081.63 1.89941 -1.08859 182.445 8.02377 13 115 1 0 1
3.17426 3.09591 2081.63 0.636636 -0.876728 179.17 8.06098 13 116 1 0 1
5.43672 0.708441 2081.63 2.61205 0.214139 180.024 8.05094 13 117 1 0 1
1.56188 -0.870165 2081.63 0.76082 0.00313727 179.581 8.05623 13 118 1 0 1
2.83533 0.432993 2081.63 1.59007 -0.556594 181.374 8.03576 13 119 1 0 1
5.40169 1.9289 2081.63 2.47849 -0.0372552 179.348 8.05875 13 120 1 0 1
5.80667 -2.10509 2081.63 3.33381 -0.286598 178.7 8.06612 13 121 1 0 1
3.43769 4.32658 2081.63 3.65975 -0.568827 180.267 8.04794 13 122 1 0 1
5.50527 0.377602 2081.63 3.13079 -0.175704 180.068 8.05035 13 123 1 0 1
8.79064 1.95154 2081.63 3.26 -0.324118 178.113 8.07303 13 124 1 0 1
2.12534 1.17502 2081.63 1.53428 -0.394986 181.335 8.0362 13 125 1 0 1
5.84348 0.802126 2081.63 3.37056 0.2965 179.914 8.05205 13 126 1 0 1
6.97418 -0.0845387 2081.63 3.23526 -0.213313 178.39 8.06977 13 127 1 0 1
5.78286 1.16283 2081.63 4.23978 -0.240022 179.679 8.05454 13 128 1 0 1
9.29673 -1.69869 2081.63 5.03291 0.496771 179.9 8.05177 13 129 1 0 1
6.60736 -3.54041 2081.63 2.20041 0.314393 176.838 8.08841 13 130 1 0 1
7.47286 -1.13696 2081.63 3.73214 0.0777957 177.263 8.08301 13 131 1 0 1
3.75303 1.6819 2081.63 2.90602 0.0299538 177.529 8.08002 13 132 1 0 1
1.85739 -3.90468 2081.63 1.19123 0.526489 180.437 8.04639 13 133 1 0 1
11.7523 1.2713 2081.63 5.77903 -0.377532 180.895 8.0402 13 134 1 0 1
3.47668 -0.74177 2081.63 1.00753 0.0483509 177.645 8.07889 13 135 1 0 1
5.21813 -0.966606 2081.63 2.34217 0.198146 179.83 8.05321 13 136 1 0 1
3.68303 -2.9164 2081.63 2.63811 0.607937 181.503 8.03418 13 137 1 0 1
3.29015 -2.26703 2081.63 1.7486 -0.0821297 179.303 8.05937 13 138 1 0 1
5.04039 3.29539 2081.63 2.72795 -0.555281 178.762 8.06551 13 139 1 0 1
7.17618 4.34151 2081.63 2.97459 -0.743756 180.443 8.04608 13 140 1 0 1
3.27388 0.84778 2081.63 2.30449 0.0431118 180.845 8.04164 13 141 1 0 1
1.64012 -0.298568 2081.63 0.39694 -0.209425 179.707 8.0548 13 142 1 0 1
6.67134 -1.33977 2081.63 3.00174 -0.282124 178.739 8.06573 13 143 1 0 1
12.1968 -0.108072 2081.63 5.95501 -0.0352393 181.746 8.03059 13 144 1 0 1
3.5367 -1.65831 2081.63 0.431837 0.035524 181.122 8.03867 13 145 1 0 1
12.3075 -0.936515 2081.63 6.54314 -0.127459 180.545 8.04386 13 146 1 0 1
10.7278 2.2247 2081.63 4.77447 0.686086 181.398 8.03486 13 147 1 0 1
3.72381 -4.74537 2081.63 2.54391 0.797816 179.522 8.0567 13 148 1 0 1
4.62724 1.13002 2081.63 1.84076 -0.385964 180.056 8.05067 13 149 1 0 1
5.67913 -2.21565 2081.63 2.82648 0.221028 179.722 8.05436 13 150 1 0 1
5.14993 0.61956 2142.86 2.20881 -0.0294661 178.312 8.30825 13 1 1 0 1
4.92556 -1.37811 2142.86 2.49698 -0.0437606 180.431 8.28297 13 2 1 0 1
7.37888 3.02735 2142.86 2.89383 -0.932477 180.886 8.27756 13 3 1 0 1
8.82164 4.03287 2142.86 2.3305 -0.570356 179.141 8.29825 13 4 1 0 1
7.23722 -0.765194 2142.86 2.70133 0.374879 180.535 8.28171 13 5 1 0 1
7.88094 -3.8172 2142.86 2.61174 0.643256 182.135 8.26323 13 6 1 0 1
4.75497 0.762184 2142.86 1.36984 -0.129284 181.133 8.27493 13 7 1 0 1
7.29791 2.22863 2142.86 2.51517 -0.310953 182.18 8.26274 13 8 1 0 1
3.58221 -0.159775 2142.86 1.48774 0.521276 180.08 8.28721 13 9 1 0 1
11.539 0.715669 2142.86 3.15051 -0.117617 178.501 8.3058 13 10 1 0 1
7.84723 2.6246 2142.86 2.93223 -0.838143 181.179 8.27415 13 11 1 0 1
8.35489 -0.805995 2142.86 3.91642 0.131891 177.618 8.31633 13 12 1 0 1
8.54358 1.54743 2142.86 2.83055 0.081063 178.236 8.30907 13 13 1 0 1
3.8263 4.90259 2142.86 2.18479 -0.575064 180.417 8.28317 13 14 1 0 1
10.424 5.14369 2142.86 4.26432 -0.279732 180.593 8.28069 13 15 1 0 1
4.61883 -2.55227 2142.86 1.09294 0.186917 180.28 8.28491 13 16 1 0 1
6.76466 -3.59227 2142.86 2.8063 0.57001 180.911 8.2773 13 17 1 0 1
8.90136 -3.10995 2142.86 2.45517 0.355851 180.936 8.27707 13 18 1 0 1
0.458986 -0.862982 2142.86 -0.191885 0.775278 179.667 8.29216 13 19 1 0 1
10.2237 -3.59306 2142.86 3.08229 0.588251 179.702 8.29144 13 20 1 0 1
6.88371 -0.803342 2142.86 2.94094 -0.200947 178.785 8.30242 13 21 1 0 1
4.33743 0.37091 2142.86 2.2505 0.210229 181.69 8.2684 13 22 1 0 1
11.1026 2.91575 2142.86 3.90955 -0.579486 179.688 8.29141 13 23 1 0 1
4.48633 1.51094 2142.86 2.46261 -0.72616 177.698 8.31566 13 24 1 0 1
3.41732 -2.74729 2142.86 1.65333 0.308786 180.614 8.28094 13 25 1 0 1
6.60906 -1.10299 2142.86 2.57832 0.294613 180.481 8.28237 13 26 1 0 1
8.04525 -1.85204 2142.86 3.08426 0.215998 183.593 8.24669 13 27 1 0 1
7.52544 0.775886 2142.86 2.60554 -0.163383 181.644 8.26887 13 28 1 0 1
4.97239 -2.55347 2142.86 2.067 1.36932 177.96 8.31249 13 29 1 0 1
6.78023 -0.28406 2142.86 2.79515 0.203033 181.158 8.27445 13 30 1 0 1
7.44779 -5.19145 2142.86 2.48428 0.990275 178.982 8.3001 13 31 1 0 1
6.07796 1.45037 2142.86 2.1436 0.577962 179.11 8.29865 13 32 1 0 1
10.1045 -0.323852 2142.86 3.15097 -0.244259 181.514 8.27027 13 33 1 0 1
11.9307 0.894999 2142.86 3.52544 -0.0807688 181.088 8.27511 13 34 1 0 1
11.2664 -1.54796 2142.86 2.70779 0.809987 181.208 8.27387 13 35 1 0 1
1.48355 -2.39538 2142.86 0.659985 0.56293 180.342 8.28419 13 36 1 0 1
8.66334 -0.559541 2142.86 3.37146 -0.385122 181.856 8.26629 13 37 1 0 1
3.70126 1.92611 2142.86 2.96275 -0.709439 179.496 8.2939 13 38 1 0 1
6.24885 -0.768214 2142.86 2.71172 -0.0434745 177.23 8.32137 13 39 1 0 1
1.16779 2.48654 2142.86 0.781136 -0.194202 177.352 8.32011 13 40 1 0 1
9.77054 -2.58878 2142.86 4.1004 0.860703 179.953 8.28822 13 41 1 0 1
2.23245 -2.85212 2142.86 1.29979 0.91584 182.802 8.2558 13 42 1 0 1
9.45042 3.39229 2142.86 3.44509 -1.18487 179.79 8.29029 13 43 1 0 1
4.1315 -1.57211 2142.86 1.76434 -0.151255 178.155 8.31021 13 44 1 0 1
8.92248 -2.91229 2142.86 4.17666 0.677538 178.611 8.30421 13 45 1 0 1
9.37148 -0.946042 2142.86 3.57794 -0.26203 179.49 8.29386 13 46 1 0 1
-0.697427 3.43305 2142.86 -0.486478 -1.00605 180.567 8.28154 13 47 1 0 1
4.34892 -1.75809 2142.86 1.65034 0.355405 182.38 8.26057 13 48 1 0 1
5.44359 -3.86021 2142.86 2.62644 0.298681 178.771 8.30264 13 49 1 0 1
10.1233 3.18803 2142.86 2.7534 -0.0418767 181.903 8.26586 13 50 1 0 1
2.40959 0.410882 2142.86 0.892854 -0.0781954 178.933 8.30091 13 51 1 0 1
5.91889 -0.34851 2142.86 3.28736 -0.099841 181.771 8.26728 13 52 1 0 1
6.38561 0.627455 2142.86 1.64703 -0.477216 177.028 8.32401 13 53 1 0 1
3.78519 -1.64116 2142.86 2.01831 0.35182 181.438 8.27132 13 54 1 0 1
7.47564 3.53982 2142.86 2.1503 -0.554424 181.647 8.26889 13 55 1 0 1
5.02326 2.33408 2142.86 1.36673 0.000616201 179.784 8.29074 13 56 1 0 1
2.34883 4.71632 2142.86 1.08523 -1.11009 178.838 8.30199 13 57 1 0 1
-0.250562 1.64873 2142.86 0.320134 0.372305 178.424 8.30705 13 58 1 0 1
7.43781 -1.97305 2142.86 2.5478 0.17949 181.181 8.27422 13 59 1 0 1
6.48205 -1.5814 2142.86 3.13633 0.187255 176.221 8.3338 13 60 1 0 1
8.27886 0.840578 2142.86 3.93895 -0.0271272 183.45 8.2481 13 61 1 0 1
0.477246 -4.55733 2142.86 0.452295 1.28804 181.236 8.27373 13 62 1 0 1
12.2256 -1.59618 2142.86 4.48277 0.0465002 178.313 8.30772 13 63 1 0 1
5.80169 -1.68819 2142.86 2.34401 0.372119 179.633 8.2924 13 64 1 0 1
3.29078 -1.89109 2142.86 1.02126 0.368627 178.461 8.30657 13 65 1 0 1
2.03497 -2.66315 2142.86 2.23979 0.352712 175.318 8.34533 13 66 1 0 1
7.91203 -3.68576 2142.86 3.24727 0.649121 179.848 8.28968 13 67 1 0 1
9.04607 -2.29157 2142.86 2.26429 0.381934 178.722 8.3033 13 68 1 0 1
9.32289 3.21939 2142.86 4.55672 -0.473038 180.466 8.28208 13 69 1 0 1
7.06566 0.985728 2142.86 2.45084 -0.913348 181.848 8.26652 13 70 1 0 1
3.32071 -3.99686 2142.86 0.482401 0.542551 183.276 8.25051 13 71 1 0 1
9.30746 0.507338 2142.86 2.97297 0.59265 178.628 8.30429 13 72 1 0 1
5.75918 1.56297 2142.86 2.47625 -0.295499 180.808 8.27856 13 73 1 0 1
7.05282 -0.274843 2142.86 3.04105 0.166001 181.395 8.27166 13 74 1 0 1
6.90086 1.29308 2142.86 2.1154 -0.276529 179.79 8.29057 13 75 1 0 1
6.74592 -0.29826 2142.86 2.50269 0.106401 177.717 8.31544 13 76 1 0 1
6.94501 -0.806176 2142.86 3.23025 0.235526 180.775 8.27882 13 77 1 0 1
4.36354 0.327441 2142.86 0.552503 0.235665 181.331 8.27268 13 78 1 0 1
4.42933 1.38322 2142.86 0.151069 -0.808857 179.311 8.29639 13 79 1 0 1
2.42653 -1.31652 2142.86 0.473359 0.11983 180.317 8.2845 13 80 1 0 1
10.4745 -0.245533 2142.86 4.41355 -0.144703 182.925 8.25388 13 81 1 0 1
8.6827 2.30857 2142.86 3.87943 -0.449117 181.272 8.27289 13 82 1 0 1
4.69119 -1.67152 2142.86 2.3729 0.0610873 179.602 8.29276 13 83 1 0 1
13.4797 0.401132 2142.86 5.92633 -0.11846 184.576 8.23502 13 84 1 0 1
4.66081 -2.0284 2142.86 2.22817 0.427232 177.885 8.31343 13 85 1 0 1
6.62717 -2.71249 2142.86 2.69769 0.325196 180.023 8.28772 13 86 1 0 1
8.60265 -0.452332 2142.86 3.53429 0.0786364 179.527 8.29343 13 87 1 0 1
9.02816 1.2962 2142.86 2.7449 -0.275137 177.343 8.31997 13 88 1 0 1
6.08755 1.13536 2142.86 1.13786 -0.431358 181.015 8.2763 13 89 1 0 1
6.22237 2.04167 2142.86 2.21594 -1.03985 180.912 8.27736 13 90 1 0 1
10.1996 1.26354 2142.86 3.35053 0.32642 181.374 8.27184 13 91 1 0 1
10.3088 -0.197507 2142.86 2.73263 -0.160778 176.807 8.32659 13 92 1 0 1
1.18002 1.9789 2142.86 -0.169635 0.0345789 180.057 8.28757 13 93 1 0 1
6.65782 -2.17756 2142.86 2.89995 -0.0249124 182.073 8.2639 13 94 1 0 1
2.4529 2.71108 2142.86 0.63038 -0.228679 179.852 8.28997 13 95 1 0 1
5.97983 3.87712 2142.86 2.52862 -0.42586 179.94 8.28873 13 96 1 0 1
5.8162 0.498399 2142.86 2.02053 0.142505 181.251 8.27349 13 97 1 0 1
7.41481 1.47254 2142.86 2.66121 -0.251423 175.081 8.34828 13 98 1 0 1
3.16357 3.01025 2142.86 1.21211 -0.710992 180.26 8.28512 13 99 1 0 1
2.09588 0.425599 2142.86 0.647342 -0.242913 181.1 8.27535 13 100 1 0 1
6.64797 0.329684 2142.86 2.02296 -0.0495932 181.311 8.2728 13 101 1 0 1
7.60532 2.9783 2142.86 2.42388 -0.512126 178.65 8.30413 13 102 1 0 1
2.84647 0.963307 2142.86 1.00821 -0.242042 180.939 8.27721 13 103 1 0 1
3.5792 0.130666 2142.86 2.68582 -0.388434 180.199 8.28566 13 104 1 0 1
11.1598 1.43265 2142.86 2.84303 -0.389873 181.062 8.27555 13 105 1 0 1
13.3697 -3.0147 2142.86 5.25712 0.398837 181.629 8.26838 13 106 1 0 1
7.94271 -0.529687 2142.86 2.92885 0.471208 182.102 8.26355 13 107 1 0 1
2.92517 -4.27251 2142.86 1.24291 0.988292 180.028 8.28783 13 108 1 0 1
9.87623 1.54328 2142.86 3.74748 -0.417242 181.009 8.27597 13 109 1 0 1
8.93521 -4.42692 2142.86 2.91336 0.40355 180.009 8.28785 13 110 1 0 1
7.34976 -2.57973 2142.86 2.53209 0.78811 181.194 8.27405 13 111 1 0 1
5.1677 -2.13023 2142.86 1.54236 0.0204014 179.975 8.28846 13 112 1 0 1
3.65296 -0.0481212 2142.86 1.86777 -0.0925861 182.732 8.25656 13 113 1 0 1
10.1031 -4.71857 2142.86 3.52432 1.01731 181.378 8.27173 13 114 1 0 1
4.25674 2.74978 2142.86 1.59538 -1.18877 182.447 8.25977 13 115 1 0 1
3.35019 2.77923 2142.86 0.390842 -0.974982 179.17 8.29806 13 116 1 0 1
6.25156 0.777088 2142.86 2.16969 0.189183 180.03 8.28773 13 117 1 0 1
1.80013 -0.864134 2142.86 0.633874 0.0322076 179.582 8.29318 13 118 1 0 1
3.33344 0.242997 2142.86 1.35483 -0.568044 181.376 8.2721 13 119 1 0 1
6.17492 1.90521 2142.86 2.04199 -0.101442 179.353 8.29577 13 120 1 0 1
6.86956 -2.19108 2142.86 2.85765 -0.21495 178.708 8.30336 13 121 1 0 1
4.63127 4.10907 2142.86 3.35401 -0.710786 180.273 8.28465 13 122 1 0 1
6.49465 0.315821 2142.86 2.67656 -0.187366 180.075 8.28712 13 123 1 0 1
9.79376 1.82921 2142.86 2.56417 -0.386997 178.124 8.31047 13 124 1 0 1
2.6139 1.03521 2142.86 1.3536 -0.432399 181.337 8.27256 13 125 1 0 1
6.91067 0.898257 2142.86 2.88821 0.267958 179.922 8.28888 13 126 1 0 1
7.9904 -0.157128 2142.86 2.67409 -0.2093 178.399 8.30712 13 127 1 0 1
7.14724 1.07457 2142.86 3.75151 -0.277563 179.69 8.29144 13 128 1 0 1
10.8831 -1.52025 2142.86 4.27005 0.550882 179.919 8.28858 13 129 1 0 1
7.28123 -3.41157 2142.86 1.68405 0.429154 176.843 8.3263 13 130 1 0 1
8.6606 -1.10366 2142.86 3.13102 0.114876 177.274 8.32074 13 131 1 0 1
4.70283 1.68262 2142.86 2.59045 -0.0257983 177.534 8.31767 13 132 1 0 1
2.23606 -3.70411 2142.86 1.03593 0.654637 180.438 8.28304 13 133 1 0 1
13.5493 1.13651 2142.86 4.81742 -0.418252 180.923 8.27668 13 134 1 0 1
3.77787 -0.720907 2142.86 0.736559 0.0726044 177.646 8.3165 13 135 1 0 1
5.94525 -0.89376 2142.86 1.92012 0.229379 179.835 8.29007 13 136 1 0 1
4.5219 -2.69508 2142.86 2.32503 0.703018 181.507 8.27048 13 137 1 0 1
3.8425 -2.28209 2142.86 1.47972 -0.00599605 179.305 8.29641 13 138 1 0 1
5.90609 3.08677 2142.86 2.31657 -0.66179 178.767 8.30273 13 139 1 0 1
8.08916 4.06487 2142.86 2.39552 -0.885379 180.451 8.28273 13 140 1 0 1
4.00875 0.857512 2142.86 2.0276 0.0143268 180.849 8.27816 13 141 1 0 1
1.75376 -0.368078 2142.86 0.268701 -0.198243 179.707 8.2917 13 142 1 0 1
7.60963 -1.42858 2142.86 2.46514 -0.23595 178.747 8.30296 13 143 1 0 1
14.0379 -0.119304 2142.86 4.95328 -0.0313873 181.776 8.26679 13 144 1 0 1
3.63672 -1.63687 2142.86 0.158649 0.0912319 181.123 8.27511 13 145 1 0 1
14.3591 -0.974313 2142.86 5.53185 -0.0952752 180.579 8.28045 13 146 1 0 1
12.1948 2.44313 2142.86 3.90063 0.607123 181.419 8.27118 13 147 1 0 1
4.53994 -4.44674 2142.86 2.23202 0.951861 179.525 8.29367 13 148 1 0 1
5.19116 0.992586 2142.86 1.46907 -0.421645 180.06 8.28746 13 149 1 0 1
6.56509 -2.12786 2142.86 2.36387 0.293901 179.729 8.29126 13 150 1 0 1
5.83908 0.605928 2204.08 1.79685 -0.0498638 178.317 8.54563 13 1 1 0 1
5.70609 -1.38507 2204.08 2.09369 0.00277476 180.436 8.51963 13 2 1 0 1
8.25959 2.69507 2204.08 2.29914 -1.02914 180.894 8.51406 13 3 1 0 1
9.50164 3.81531 2204.08 1.64039 -0.701612 179.148 8.53534 13 4 1 0 1
8.05663 -0.633939 2204.08 2.12087 0.398473 180.543 8.51833 13 5 1 0 1
8.6541 -3.57961 2204.08 1.97859 0.769036 182.142 8.49932 13 6 1 0 1
5.15506 0.714221 2204.08 0.992425 -0.154247 181.135 8.51136 13 7 1 0 1
8.04602 2.11162 2204.08 1.92749 -0.384771 182.187 8.49882 13 8 1 0 1
4.03994 0.0180248 2204.08 1.19914 0.523665 180.083 8.52399 13 9 1 0 1
12.4671 0.671322 2204.08 2.24968 -0.140737 178.515 8.5431 13 10 1 0 1
8.73327 2.32694 2204.08 2.3007 -0.921923 181.188 8.51056 13 11 1 0 1
9.592 -0.756021 2204.08 3.24641 0.157799 177.632 8.55394 13 12 1 0 1
9.40221 1.5664 2204.08 2.15812 0.0292618 178.245 8.54647 13 13 1 0 1
4.5155 4.67985 2204.08 1.86838 -0.736443 180.42 8.51984 13 14 1 0 1
11.7299 5.0197 2204.08 3.42343 -0.451094 180.61 8.51728 13 15 1 0 1
4.92921 -2.47436 2204.08 0.731013 0.271504 180.281 8.52162 13 16 1 0 1
7.62361 -3.37924 2204.08 2.25908 0.687759 180.918 8.5138 13 17 1 0 1
9.61448 -2.97203 2204.08 1.75082 0.458586 180.944 8.51356 13 18 1 0 1
0.387994 -0.594374 2204.08 -0.223882 0.799717 179.667 8.52908 13 19 1 0 1
11.1383 -3.37253 2204.08 2.27528 0.705132 179.714 8.52833 13 20 1 0 1
7.79829 -0.867444 2204.08 2.38913 -0.173074 178.793 8.53963 13 21 1 0 1
5.03695 0.439502 2204.08 1.89242 0.19649 181.694 8.50464 13 22 1 0 1
12.2867 2.70205 2204.08 3.02614 -0.67377 179.705 8.52831 13 23 1 0 1
5.27366 1.2526 2204.08 2.098 -0.772016 177.703 8.55325 13 24 1 0 1
3.93157 -2.62715 2204.08 1.37427 0.399395 180.616 8.51754 13 25 1 0 1
7.39525 -0.996951 2204.08 2.04695 0.330001 180.487 8.51901 13 26 1 0 1
8.96627 -1.76959 2204.08 2.42769 0.278074 183.603 8.48231 13 27 1 0 1
8.30343 0.716495 2204.08 2.00107 -0.188694 181.652 8.50512 13 28 1 0 1
5.61673 -2.0687 2204.08 1.6708 1.44612 177.963 8.54998 13 29 1 0 1
7.63394 -0.213952 2204.08 2.24619 0.211463 181.165 8.51086 13 30 1 0 1
8.19848 -4.82374 2204.08 1.89552 1.15763 178.989 8.53725 13 31 1 0 1
6.72966 1.63928 2204.08 1.66131 0.526325 179.115 8.53576 13 32 1 0 1
11.0333 -0.404237 2204.08 2.34439 -0.231939 181.526 8.50656 13 33 1 0 1
12.9646 0.862639 2204.08 2.57775 -0.110487 181.104 8.51155 13 34 1 0 1
12.0329 -1.26598 2204.08 1.82016 0.857633 181.218 8.51026 13 35 1 0 1
1.68763 -2.19097 2204.08 0.539737 0.640132 180.342 8.52088 13 36 1 0 1
9.6825 -0.68576 2204.08 2.67013 -0.364008 181.867 8.50247 13 37 1 0 1
4.66006 1.6736 2204.08 2.64725 -0.769769 179.501 8.53087 13 38 1 0 1
7.10151 -0.778822 2204.08 2.21431 -0.0178834 177.237 8.55913 13 39 1 0 1
1.42133 2.40544 2204.08 0.684587 -0.275183 177.352 8.55782 13 40 1 0 1
11.0344 -2.28174 2204.08 3.31349 0.942595 179.969 8.52503 13 41 1 0 1
2.6373 -2.5297 2204.08 1.11261 1.00767 182.802 8.49168 13 42 1 0 1
10.4974 2.97022 2204.08 2.69118 -1.29173 179.802 8.52715 13 43 1 0 1
4.68228 -1.61502 2204.08 1.43421 -0.0982581 178.158 8.54765 13 44 1 0 1
10.2337 -2.66387 2204.08 3.45754 0.770564 178.626 8.54147 13 45 1 0 1
10.4666 -1.02985 2204.08 2.82946 -0.228944 179.503 8.53082 13 46 1 0 1
-0.852731 3.073 2204.08 -0.427622 -1.1157 180.567 8.51815 13 47 1 0 1
4.84482 -1.62898 2204.08 1.2978 0.413069 182.383 8.49659 13 48 1 0 1
6.26945 -3.73609 2204.08 2.18623 0.425449 178.777 8.53986 13 49 1 0 1
10.9164 3.15577 2204.08 1.94879 -0.149595 181.914 8.50203 13 50 1 0 1
2.6829 0.381833 2204.08 0.701263 -0.0914353 178.934 8.53808 13 51 1 0 1
6.94554 -0.380086 2204.08 2.79581 -0.0874833 181.779 8.50349 13 52 1 0 1
6.87094 0.459147 2204.08 1.15361 -0.495181 177.032 8.56184 13 53 1 0 1
4.41482 -1.51331 2204.08 1.70551 0.405248 181.441 8.50765 13 54 1 0 1
8.10147 3.33311 2204.08 1.5554 -0.670974 181.653 8.50514 13 55 1 0 1
5.42232 2.32098 2204.08 0.971879 -0.0775007 179.786 8.52761 13 56 1 0 1
2.68866 4.3101 2204.08 0.895809 -1.26077 178.838 8.53919 13 57 1 0 1
-0.137969 1.76684 2204.08 0.33471 0.315423 178.424 8.5444 13 58 1 0 1
8.19974 -1.90126 2204.08 1.95215 0.24502 181.189 8.51062 13 59 1 0 1
7.48396 -1.50745 2204.08 2.61898 0.238073 176.229 8.57191 13 60 1 0 1
9.4817 0.826747 2204.08 3.25411 -0.055681 183.464 8.48376 13 61 1 0 1
0.623268 -4.09704 2204.08 0.410355 1.43444 181.235 8.51012 13 62 1 0 1
13.6014 -1.57114 2204.08 3.51488 0.0992277 178.335 8.54508 13 63 1 0 1
6.52282 -1.55198 2204.08 1.87857 0.426458 179.638 8.52933 13 64 1 0 1
3.59746 -1.75408 2204.08 0.762787 0.429349 178.462 8.5439 13 65 1 0 1
2.78772 -2.52502 2204.08 2.06204 0.437616 175.32 8.58377 13 66 1 0 1
8.91133 -3.44418 2204.08 2.61123 0.768852 179.858 8.52652 13 67 1 0 1
9.70247 -2.14791 2204.08 1.55981 0.456011 178.729 8.54053 13 68 1 0 1
10.7427 3.04085 2204.08 3.79569 -0.578545 180.483 8.51871 13 69 1 0 1
7.7967 0.673186 2204.08 1.88263 -0.94154 181.855 8.5027 13 70 1 0 1
3.43861 -3.79317 2204.08 0.221922 0.675814 183.276 8.48624 13 71 1 0 1
10.2028 0.707188 2204.08 2.24032 0.572434 178.638 8.54156 13 72 1 0 1
6.52027 1.45418 2204.08 2.00949 -0.346429 180.814 8.51509 13 73 1 0 1
7.98445 -0.217353 2204.08 2.46764 0.174343 181.404 8.50799 13 74 1 0 1
7.52969 1.19172 2204.08 1.56993 -0.318237 179.796 8.52745 13 75 1 0 1
7.51795 -0.259973 2204.08 1.96976 0.115665 177.724 8.55302 13 76 1 0 1
7.94532 -0.721962 2204.08 2.6644 0.261324 180.784 8.51535 13 77 1 0 1
4.49335 0.404992 2204.08 0.214815 0.223269 181.331 8.50905 13 78 1 0 1
4.42392 1.09968 2204.08 -0.182721 -0.850411 179.311 8.53343 13 79 1 0 1
2.55547 -1.2684 2204.08 0.284472 0.163336 180.318 8.5212 13 80 1 0 1
11.8112 -0.292472 2204.08 3.55675 -0.135531 182.944 8.48971 13 81 1 0 1
9.87608 2.144 2204.08 3.1723 -0.524493 181.285 8.50926 13 82 1 0 1
5.43649 -1.6412 2204.08 1.99049 0.116624 179.607 8.5297 13 83 1 0 1
15.2643 0.359626 2204.08 4.81163 -0.131589 184.609 8.47031 13 84 1 0 1
5.36468 -1.87007 2204.08 1.85323 0.491972 177.889 8.55096 13 85 1 0 1
7.45576 -2.58663 2204.08 2.1647 0.414254 180.03 8.52452 13 86 1 0 1
9.69253 -0.422985 2204.08 2.84388 0.0933104 179.539 8.53038 13 87 1 0 1
9.85601 1.194 2204.08 2.04084 -0.316374 177.353 8.55768 13 88 1 0 1
6.39273 0.983269 2204.08 0.662853 -0.46716 181.018 8.51277 13 89 1 0 1
6.88933 1.67879 2204.08 1.71723 -1.1027 180.917 8.51385 13 90 1 0 1
11.195 1.36631 2204.08 2.53481 0.28192 181.387 8.50818 13 91 1 0 1
11.1189 -0.251948 2204.08 1.93614 -0.153369 176.818 8.56449 13 92 1 0 1
1.10746 1.97935 2204.08 -0.256237 -0.0319448 180.057 8.52436 13 93 1 0 1
7.54346 -2.1735 2204.08 2.35638 0.0490337 182.081 8.50001 13 94 1 0 1
2.63513 2.61791 2204.08 0.43797 -0.318139 179.853 8.52683 13 95 1 0 1
6.75986 3.71039 2204.08 2.04668 -0.553314 179.946 8.52555 13 96 1 0 1
6.42124 0.543602 2204.08 1.55419 0.12488 181.256 8.50987 13 97 1 0 1
8.2464 1.37639 2204.08 2.08476 -0.297993 175.088 8.5868 13 98 1 0 1
3.53295 2.75206 2204.08 0.958299 -0.80795 180.261 8.52183 13 99 1 0 1
2.28693 0.341206 2204.08 0.480452 -0.255876 181.101 8.51179 13 100 1 0 1
7.24294 0.311089 2204.08 1.49344 -0.0604389 181.316 8.50916 13 101 1 0 1
8.33496 2.78613 2204.08 1.82518 -0.608271 178.657 8.54139 13 102 1 0 1
3.14967 0.876069 2204.08 0.780089 -0.273108 180.94 8.5137 13 103 1 0 1
4.44196 -0.00180349 2204.08 2.38197 -0.390611 180.203 8.52239 13 104 1 0 1
11.974 1.29289 2204.08 1.96244 -0.435963 181.073 8.51199 13 105 1 0 1
14.9628 -2.86332 2204.08 4.17575 0.498563 181.657 8.50462 13 106 1 0 1
8.82139 -0.368543 2204.08 2.28708 0.4865 182.111 8.49965 13 107 1 0 1
3.30856 -3.91268 2204.08 1.00695 1.12584 180.029 8.52462 13 108 1 0 1
11.0118 1.39362 2204.08 2.95273 -0.466899 181.023 8.51243 13 109 1 0 1
9.80734 -4.26468 2204.08 2.20409 0.549615 180.018 8.52465 13 110 1 0 1
8.10747 -2.29922 2204.08 1.94327 0.870658 181.201 8.51046 13 111 1 0 1
5.6239 -2.11115 2204.08 1.134 0.0916526 179.978 8.52527 13 112 1 0 1
4.22925 -0.0788089 2204.08 1.56495 -0.0904226 182.734 8.49246 13 113 1 0 1
11.1582 -4.34892 2204.08 2.71367 1.1709 181.391 8.50806 13 114 1 0 1
4.73525 2.33593 2204.08 1.25044 -1.2754 182.45 8.49576 13 115 1 0 1
3.44023 2.43085 2204.08 0.135028 -1.06211 179.17 8.53515 13 116 1 0 1
6.90613 0.836871 2204.08 1.67167 0.162067 180.036 8.52452 13 117 1 0 1
1.99224 -0.848246 2204.08 0.490677 0.0609107 179.582 8.53013 13 118 1 0 1
3.74608 0.0502296 2204.08 1.08485 -0.573014 181.378 8.50845 13 119 1 0 1
6.78985 1.85978 2204.08 1.55312 -0.164474 179.358 8.5328 13 120 1 0 1
7.75633 -2.25209 2204.08 2.30817 -0.140842 178.716 8.5406 13 121 1 0 1
5.70613 3.8447 2204.08 2.96228 -0.84465 180.279 8.52135 13 122 1 0 1
7.31752 0.250437 2204.08 2.15367 -0.196892 180.082 8.5239 13 123 1 0 1
10.5458 1.68601 2204.08 1.80249 -0.445464 178.133 8.54791 13 124 1 0 1
3.03545 0.883593 2204.08 1.1382 -0.46488 181.338 8.50892 13 125 1 0 1
7.80069 0.984142 2204.08 2.33177 0.236356 179.931 8.5257 13 126 1 0 1
8.80177 -0.227924 2204.08 2.0443 -0.202898 178.408 8.54446 13 127 1 0 1
8.32839 0.97405 2204.08 3.16701 -0.311942 179.701 8.52834 13 128 1 0 1
12.1904 -1.32448 2204.08 3.39752 0.598717 179.938 8.5254 13 129 1 0 1
7.76844 -3.24382 2204.08 1.12448 0.539023 176.847 8.5642 13 130 1 0 1
9.62631 -1.05777 2204.08 2.44954 0.150649 177.285 8.55848 13 131 1 0 1
5.53208 1.66414 2204.08 2.20846 -0.0812592 177.539 8.55531 13 132 1 0 1
2.55739 -3.46128 2204.08 0.854072 0.775318 180.438 8.5197 13 133 1 0 1
14.9988 0.988759 2204.08 3.73193 -0.454206 180.948 8.51315 13 134 1 0 1
3.98221 -0.69182 2204.08 0.446703 0.0960297 177.647 8.55412 13 135 1 0 1
6.51995 -0.810719 2204.08 1.44882 0.257996 179.839 8.52693 13 136 1 0 1
5.24485 -2.44302 2204.08 1.95233 0.790083 181.511 8.50678 13 137 1 0 1
4.29634 -2.27111 2204.08 1.17288 0.070208 179.308 8.53345 13 138 1 0 1
6.62038 2.84295 2204.08 1.84578 -0.760755 178.772 8.53995 13 139 1 0 1
8.79476 3.74186 2204.08 1.75497 -1.01691 180.458 8.51937 13 140 1 0 1
4.64086 0.857462 2204.08 1.69872 -0.0146226 180.852 8.51468 13 141 1 0 1
1.82243 -0.43339 2204.08 0.133572 -0.184799 179.707 8.52861 13 142 1 0 1
8.35284 -1.5011 2204.08 1.86529 -0.187078 178.755 8.54018 13 143 1 0 1
15.5192 -0.129175 2204.08 3.82416 -0.0271754 181.804 8.50298 13 144 1 0 1
3.6435 -1.59675 2204.08 -0.118607 0.145899 181.123 8.51154 13 145 1 0 1
16.0425 -1.001 2204.08 4.3783 -0.0619921 180.611 8.51703 13 146 1 0 1
13.3492 2.6337 2204.08 2.92653 0.521208 181.438 8.5075 13 147 1 0 1
5.23969 -4.09737 2204.08 1.8629 1.09505 179.529 8.53063 13 148 1 0 1
5.62201 0.843828 2204.08 1.0597 -0.452516 180.063 8.52424 13 149 1 0 1
7.28274 -2.0158 2204.08 1.84061 0.363426 179.735 8.52815 13 150 1 0 1
6.37854 0.585384 2265.31 1.3388 -0.0696935 178.321 8.78301 13 1 1 0 1
6.34033 -1.37623 2265.31 1.63671 0.049281 180.441 8.75628 13 2 1 0 1
8.92854 2.33204 2265.31 1.64545 -1.11406 180.901 8.75056 13 3 1 0 1
9.93806 3.55422 2265.31 0.90815 -0.824864 179.153 8.77243 13 4 1 0 1
8.66949 -0.495453 2265.31 1.48597 0.417519 180.549 8.75495 13 5 1 0 1
9.2054 -3.30118 2265.31 1.29465 0.886043 182.148 8.73541 13 6 1 0 1
5.42299 0.65811 2265.31 0.589554 -0.177451 181.137 8.74778 13 7 1 0 1
8.58785 1.97052 2265.31 1.29033 -0.454202 182.193 8.73489 13 8 1 0 1
4.3941 0.195619 2265.31 0.879801 0.520079 180.084 8.76077 13 9 1 0 1
13.0756 0.619317 2265.31 1.291 -0.162251 178.524 8.78041 13 10 1 0 1
9.39543 2.00274 2265.31 1.61011 -0.995185 181.195 8.74696 13 11 1 0 1
10.5832 -0.697424 2265.31 2.49305 0.18191 177.644 8.79155 13 12 1 0 1
10.0198 1.5675 2265.31 1.43027 -0.0228785 178.253 8.78387 13 13 1 0 1
5.08893 4.40373 2265.31 1.50405 -0.889426 180.422 8.7565 13 14 1 0 1
12.7351 4.83844 2265.31 2.49455 -0.617332 180.625 8.75387 13 15 1 0 1
5.11322 -2.36821 2265.31 0.350341 0.352993 180.282 8.75833 13 16 1 0 1
8.28711 -3.12766 2265.31 1.65388 0.797666 180.924 8.75029 13 17 1 0 1
10.0811 -2.8002 2265.31 1.00151 0.556091 180.95 8.75005 13 18 1 0 1
0.307056 -0.318985 2265.31 -0.250139 0.815033 179.667 8.766 13 19 1 0 1
11.7674 -3.11353 2265.31 1.4098 0.81397 179.722 8.76523 13 20 1 0 1
8.51294 -0.921649 2265.31 1.776 -0.143223 178.8 8.77684 13 21 1 0 1
5.60733 0.503079 2265.31 1.4858 0.180509 181.697 8.74088 13 22 1 0 1
13.1557 2.45752 2265.31 2.06494 -0.76037 179.718 8.76521 13 23 1 0 1
5.9258 0.979981 2265.31 1.67958 -0.809067 177.707 8.79084 13 24 1 0 1
4.34503 -2.47704 2265.31 1.05996 0.485449 180.618 8.75414 13 25 1 0 1
7.99185 -0.879535 2265.31 1.46306 0.361625 180.493 8.75565 13 26 1 0 1
9.65741 -1.66694 2265.31 1.7088 0.336982 183.611 8.71792 13 27 1 0 1
8.86856 0.648932 2265.31 1.34523 -0.211852 181.658 8.74137 13 28 1 0 1
6.11708 -1.56034 2265.31 1.23176 1.50643 177.966 8.78748 13 29 1 0 1
8.29194 -0.141405 2265.31 1.6396 0.217479 181.172 8.74728 13 30 1 0 1
8.739 -4.401 2265.31 1.25812 1.31178 178.993 8.77439 13 31 1 0 1
7.20883 1.8095 2265.31 1.1364 0.468678 179.119 8.77286 13 32 1 0 1
11.6792 -0.48001 2265.31 1.47757 -0.216968 181.535 8.74285 13 33 1 0 1
13.6661 0.820438 2265.31 1.56377 -0.138947 181.115 8.74798 13 34 1 0 1
12.491 -0.969563 2265.31 0.885748 0.895481 181.225 8.74666 13 35 1 0 1
1.84845 -1.96157 2265.31 0.405651 0.710032 180.342 8.75757 13 36 1 0 1
10.4534 -0.804156 2265.31 1.90024 -0.338734 181.877 8.73865 13 37 1 0 1
5.4994 1.402 2265.31 2.26387 -0.821322 179.506 8.76784 13 38 1 0 1
7.77212 -0.780546 2265.31 1.66007 0.00791369 177.243 8.79688 13 39 1 0 1
1.63843 2.2969 2265.31 0.570488 -0.353026 177.352 8.79554 13 40 1 0 1
12.0154 -1.94867 2265.31 2.44145 1.01373 179.982 8.76183 13 41 1 0 1
2.97454 -2.17842 2265.31 0.896918 1.08801 182.803 8.72756 13 42 1 0 1
11.2753 2.51427 2265.31 1.86814 -1.38385 179.812 8.76402 13 43 1 0 1
5.11302 -1.63951 2265.31 1.06729 -0.0441388 178.161 8.78508 13 44 1 0 1
11.2825 -2.38506 2265.31 2.64963 0.854808 178.639 8.77873 13 45 1 0 1
11.2934 -1.10192 2265.31 2.0083 -0.193239 179.514 8.76779 13 46 1 0 1
-0.986174 2.6779 2265.31 -0.357805 -1.21262 180.566 8.75477 13 47 1 0 1
5.21652 -1.48128 2265.31 0.911972 0.466022 182.385 8.7326 13 48 1 0 1
6.93459 -3.56936 2265.31 1.68993 0.54737 178.782 8.77708 13 49 1 0 1
11.4295 3.08752 2265.31 1.09411 -0.255613 181.921 8.7382 13 50 1 0 1
2.88743 0.348429 2265.31 0.491691 -0.103632 178.935 8.77524 13 51 1 0 1
7.79413 -0.407327 2265.31 2.23253 -0.0741263 181.787 8.73969 13 52 1 0 1
7.18012 0.285602 2265.31 0.63059 -0.507495 177.035 8.79967 13 53 1 0 1
4.93127 -1.36819 2265.31 1.34897 0.454055 181.444 8.74397 13 54 1 0 1
8.51962 3.08838 2265.31 0.920576 -0.779869 181.657 8.7414 13 55 1 0 1
5.68236 2.2814 2265.31 0.5521 -0.154735 179.788 8.76449 13 56 1 0 1
2.95956 3.85472 2265.31 0.683418 -1.39706 178.838 8.77639 13 57 1 0 1
-0.0218393 1.86479 2265.31 0.340706 0.254942 178.424 8.78174 13 58 1 0 1
8.75146 -1.80778 2265.31 1.3064 0.307757 181.194 8.74703 13 59 1 0 1
8.29401 -1.4163 2265.31 2.03442 0.286178 176.237 8.81002 13 60 1 0 1
10.4415 0.803486 2265.31 2.48572 -0.0836031 183.476 8.71942 13 61 1 0 1
0.753311 -3.59002 2265.31 0.357896 1.56447 181.234 8.74652 13 62 1 0 1
14.6286 -1.52818 2265.31 2.45657 0.150833 178.353 8.78245 13 63 1 0 1
7.07673 -1.39805 2265.31 1.36493 0.475934 179.643 8.76625 13 64 1 0 1
3.81192 -1.59706 2265.31 0.484759 0.485173 178.463 8.78123 13 65 1 0 1
3.469 -2.35809 2265.31 1.83142 0.517531 175.322 8.82221 13 66 1 0 1
9.68218 -3.16331 2265.31 1.90816 0.879818 179.866 8.76337 13 67 1 0 1
10.1101 -1.97975 2265.31 0.815269 0.524884 178.734 8.77777 13 68 1 0 1
11.8871 2.82763 2265.31 2.93717 -0.677465 180.499 8.75534 13 69 1 0 1
8.32787 0.352964 2265.31 1.2661 -0.958986 181.86 8.73889 13 70 1 0 1
3.46835 -3.5462 2265.31 -0.0442469 0.801366 183.276 8.72197 13 71 1 0 1
10.8365 0.898971 2265.31 1.45012 0.545679 178.647 8.77883 13 72 1 0 1
7.11421 1.32881 2265.31 1.49116 -0.393408 180.819 8.75162 13 73 1 0 1
8.71138 -0.157384 2265.31 1.83089 0.180696 181.411 8.74433 13 74 1 0 1
7.96548 1.07676 2265.31 0.984163 -0.356315 179.8 8.76432 13 75 1 0 1
8.09725 -0.21872 2265.31 1.38628 0.12361 177.729 8.79061 13 76 1 0 1
8.74195 -0.629512 2265.31 2.03017 0.284142 180.792 8.75189 13 77 1 0 1
4.50798 0.477923 2265.31 -0.128382 0.208326 181.332 8.74541 13 78 1 0 1
4.30509 0.803588 2265.31 -0.511824 -0.882262 179.31 8.77047 13 79 1 0 1
2.61888 -1.20581 2265.31 0.0882904 0.204979 180.318 8.7579 13 80 1 0 1
12.845 -0.336075 2265.31 2.60855 -0.124809 182.96 8.72553 13 81 1 0 1
10.8163 1.95497 2265.31 2.38371 -0.59389 181.297 8.74563 13 82 1 0 1
6.04243 -1.59216 2265.31 1.55703 0.170834 179.611 8.76664 13 83 1 0 1
16.6576 0.314016 2265.31 3.57308 -0.143219 184.637 8.7056 13 84 1 0 1
5.93102 -1.6904 2265.31 1.43076 0.551101 177.893 8.78849 13 85 1 0 1
8.09321 -2.43126 2265.31 1.57617 0.498591 180.036 8.76131 13 86 1 0 1
10.5339 -0.388814 2265.31 2.08044 0.106921 179.55 8.76734 13 87 1 0 1
10.4312 1.07818 2265.31 1.28436 -0.354002 177.36 8.7954 13 88 1 0 1
6.53402 0.819956 2265.31 0.170845 -0.49763 181.019 8.74924 13 89 1 0 1
7.37966 1.29676 2265.31 1.17446 -1.15297 180.921 8.75035 13 90 1 0 1
11.9034 1.45349 2265.31 1.65395 0.234192 181.397 8.74452 13 91 1 0 1
11.6439 -0.303515 2265.31 1.0899 -0.144208 176.825 8.80239 13 92 1 0 1
1.00651 1.95722 2265.31 -0.336271 -0.098104 180.057 8.76114 13 93 1 0 1
8.23571 -2.14465 2265.31 1.75234 0.122426 182.087 8.73612 13 94 1 0 1
2.74981 2.49489 2265.31 0.234331 -0.403969 179.853 8.76368 13 95 1 0 1
7.36659 3.50132 2265.31 1.51223 -0.67446 179.951 8.76237 13 96 1 0 1
6.86166 0.582603 2265.31 1.04798 0.105829 181.259 8.74626 13 97 1 0 1
8.86657 1.26453 2265.31 1.45481 -0.341165 175.095 8.82532 13 98 1 0 1
3.81175 2.46247 2265.31 0.679922 -0.895691 180.262 8.75855 13 99 1 0 1
2.41934 0.252921 2265.31 0.301243 -0.265919 181.101 8.74823 13 100 1 0 1
7.65223 0.288945 2265.31 0.925591 -0.0705953 181.32 8.74553 13 101 1 0 1
8.85092 2.56219 2265.31 1.17962 -0.697478 178.662 8.77865 13 102 1 0 1
3.37213 0.778836 2265.31 0.531969 -0.301059 180.941 8.75019 13 103 1 0 1
5.19084 -0.134252 2265.31 2.01703 -0.388332 180.207 8.75913 13 104 1 0 1
12.4812 1.13839 2265.31 1.03139 -0.477075 181.081 8.74844 13 105 1 0 1
16.1724 -2.67927 2265.31 2.9869 0.592617 181.68 8.74086 13 106 1 0 1
9.47393 -0.203194 2265.31 1.58659 0.496239 182.119 8.73575 13 107 1 0 1
3.60713 -3.50821 2265.31 0.745165 1.25054 180.029 8.76142 13 108 1 0 1
11.865 1.22806 2265.31 2.08212 -0.51123 181.035 8.74889 13 109 1 0 1
10.428 -4.05378 2265.31 1.43821 0.689416 180.026 8.76145 13 110 1 0 1
8.65733 -1.99249 2265.31 1.30457 0.943272 181.206 8.74686 13 111 1 0 1
5.93592 -2.06799 2265.31 0.696555 0.16186 179.98 8.76208 13 112 1 0 1
4.69713 -0.108597 2265.31 1.22199 -0.0872274 182.737 8.72836 13 113 1 0 1
11.9272 -3.92965 2265.31 1.8333 1.31114 181.401 8.7444 13 114 1 0 1
5.09237 1.89544 2265.31 0.873439 -1.34747 182.451 8.73175 13 115 1 0 1
3.44207 2.05474 2265.31 -0.124248 -1.13712 179.169 8.77224 13 116 1 0 1
7.38366 0.887107 2265.31 1.13076 0.1331 180.04 8.76131 13 117 1 0 1
2.13327 -0.822681 2265.31 0.3349 0.088919 179.583 8.76707 13 118 1 0 1
4.06269 -0.143111 2265.31 0.787054 -0.571446 181.379 8.7448 13 119 1 0 1
7.23071 1.79313 2265.31 1.02439 -0.225633 179.362 8.76982 13 120 1 0 1
8.44426 -2.2874 2265.31 1.69946 -0.0651202 178.723 8.77784 13 121 1 0 1
6.6347 3.53646 2265.31 2.49457 -0.968887 180.285 8.75806 13 122 1 0 1
7.9528 0.182196 2265.31 1.57552 -0.20417 180.088 8.76067 13 123 1 0 1
11.0275 1.52358 2265.31 0.994497 -0.498846 178.139 8.78535 13 124 1 0 1
3.37919 0.721896 2265.31 0.893627 -0.492058 181.34 8.74528 13 125 1 0 1
8.49073 1.0588 2265.31 1.71549 0.202053 179.938 8.76253 13 126 1 0 1
9.38749 -0.29612 2265.31 1.36202 -0.194178 178.414 8.78181 13 127 1 0 1
9.29602 0.862417 2265.31 2.50122 -0.342765 179.711 8.76524 13 128 1 0 1
13.1852 -1.1136 2265.31 2.43765 0.63972 179.953 8.76222 13 129 1 0 1
8.05649 -3.03906 2265.31 0.536043 0.642742 176.85 8.80209 13 130 1 0 1
10.3452 -0.999807 2265.31 1.70515 0.184706 177.294 8.79622 13 131 1 0 1
6.2195 1.62668 2265.31 1.76982 -0.135796 177.544 8.79296 13 132 1 0 1
2.81317 -3.17896 2265.31 0.650317 0.887154 180.439 8.75636 13 133 1 0 1
16.0639 0.82973 2265.31 2.55038 -0.484974 180.969 8.74963 13 134 1 0 1
4.08446 -0.654841 2265.31 0.145392 0.11836 177.648 8.79173 13 135 1 0 1
6.9275 -0.71843 2265.31 0.940337 0.28367 179.842 8.76379 13 136 1 0 1
5.83333 -2.1631 2265.31 1.52956 0.868138 181.514 8.74307 13 137 1 0 1
4.64004 -2.23423 2265.31 0.835976 0.145613 179.309 8.77049 13 138 1 0 1
7.16494 2.56669 2265.31 1.32763 -0.851042 178.776 8.77717 13 139 1 0 1
9.2749 3.37616 2265.31 1.06937 -1.13683 180.462 8.75602 13 140 1 0 1
5.15398 0.847631 2265.31 1.32628 -0.0434063 180.855 8.7512 13 141 1 0 1
1.84438 -0.493758 2265.31 -0.00498151 -0.169248 179.707 8.76552 13 142 1 0 1
8.88191 -1.55649 2265.31 1.21755 -0.136067 178.76 8.77741 13 143 1 0 1
16.6026 -0.137572 2265.31 2.59656 -0.0226516 181.825 8.73917 13 144 1 0 1
3.55688 -1.53842 2265.31 -0.392821 0.198901 181.122 8.74797 13 145 1 0 1
17.3147 -1.01626 2265.31 3.11198 -0.0279891 180.637 8.75361 13 146 1 0 1
14.1614 2.79422 2265.31 1.87715 0.429318 181.452 8.74381 13 147 1 0 1
5.80511 -3.70127 2265.31 1.446 1.22576 179.532 8.76759 13 148 1 0 1
5.90872 0.685444 2265.31 0.623148 -0.478223 180.065 8.76103 13 149 1 0 1
7.81369 -1.88074 2265.31 1.27013 0.428807 179.74 8.76504 13 150 1 0 1
6.75447 0.558162 2326.53 0.846396 -0.0887285 178.324 9.02038 13 1 1 0 1
6.81203 -1.35169 2326.53 1.13773 0.0952271 180.444 8.99294 13 2 1 0 1
9.3686 1.94241 2326.53 0.949506 -1.18626 180.905 8.98706 13 3 1 0 1
10.1197 3.25259 2326.53 0.15259 -0.938696 179.155 9.00953 13 4 1 0 1
9.06011 -0.351315 2326.53 0.812923 0.4318 180.553 8.99157 13 5 1 0 1
9.5207 -2.9851 2326.53 0.577469 0.992937 182.151 8.97151 13 6 1 0 1
5.55189 0.594492 2326.53 0.171561 -0.19863 181.138 8.98421 13 7 1 0 1
8.90952 1.80694 2326.53 0.620041 -0.51845 182.196 8.97097 13 8 1 0 1
4.63561 0.370982 2326.53 0.537894 0.510559 180.086 8.99754 13 9 1 0 1
13.3488 0.560247 2326.53 0.299111 -0.18191 178.529 9.01772 13 10 1 0 1
9.81671 1.65569 2326.53 0.878178 -1.05709 181.2 8.98337 13 11 1 0 1
11.3031 -0.630871 2326.53 1.67564 0.203945 177.653 9.02916 13 12 1 0 1
10.3805 1.55071 2326.53 0.665687 -0.0747609 178.257 9.02127 13 13 1 0 1
5.5319 4.07737 2326.53 1.10115 -1.03226 180.425 8.99316 13 14 1 0 1
13.4138 4.60199 2326.53 1.50153 -0.776537 180.635 8.99046 13 15 1 0 1
5.16614 -2.23506 2326.53 -0.0393161 0.430454 180.283 8.99504 13 16 1 0 1
8.73816 -2.84041 2326.53 1.00623 0.898472 180.929 8.98679 13 17 1 0 1
10.2893 -2.59643 2326.53 0.226481 0.647247 180.952 8.98654 13 18 1 0 1
0.218245 -0.0399575 2326.53 -0.269983 0.821052 179.667 9.00292 13 19 1 0 1
12.0947 -2.81901 2326.53 0.508086 0.913511 179.727 9.00213 13 20 1 0 1
9.00936 -0.965341 2326.53 1.11728 -0.111734 178.806 9.01406 13 21 1 0 1
6.03397 0.560918 2326.53 1.04107 0.162467 181.701 8.97712 13 22 1 0 1
13.6876 2.18496 2326.53 1.05063 -0.838286 179.727 9.0021 13 23 1 0 1
6.42603 0.696178 2326.53 1.21807 -0.836887 177.711 9.02843 13 24 1 0 1
4.64709 -2.29867 2326.53 0.718467 0.565966 180.619 8.99074 13 25 1 0 1
8.38356 -0.752086 2326.53 0.841615 0.389121 180.497 8.99229 13 26 1 0 1
10.101 -1.54528 2326.53 0.946022 0.392045 183.616 8.95354 13 27 1 0 1
9.20633 0.573965 2326.53 0.654857 -0.232592 181.661 8.97763 13 28 1 0 1
6.46061 -1.03418 2326.53 0.761111 1.54955 177.969 9.02498 13 29 1 0 1
8.73736 -0.0672436 2326.53 0.990913 0.221013 181.176 8.98369 13 30 1 0 1
9.05548 -3.92806 2326.53 0.588417 1.45095 178.996 9.01154 13 31 1 0 1
7.5032 1.95907 2326.53 0.582318 0.405678 179.122 9.00996 13 32 1 0 1
12.0257 -0.550308 2326.53 0.572768 -0.199516 181.54 8.97915 13 33 1 0 1
14.0173 0.768878 2326.53 0.509552 -0.16582 181.121 8.98441 13 34 1 0 1
12.6288 -0.662082 2326.53 -0.071444 0.923091 181.227 8.98305 13 35 1 0 1
1.96188 -1.70979 2326.53 0.261165 0.771832 180.342 8.99427 13 36 1 0 1
10.9564 -0.913379 2326.53 1.08152 -0.309588 181.884 8.97483 13 37 1 0 1
6.19775 1.11441 2326.53 1.82243 -0.863507 179.51 9.00481 13 38 1 0 1
8.24348 -0.773365 2326.53 1.06324 0.033622 177.248 9.03463 13 39 1 0 1
1.81352 2.16217 2326.53 0.441763 -0.426841 177.353 9.03326 13 40 1 0 1
12.6883 -1.59337 2326.53 1.50665 1.0733 179.992 8.99864 13 41 1 0 1
3.23552 -1.80229 2326.53 0.658225 1.15593 182.804 8.96344 13 42 1 0 1
11.7642 2.02963 2326.53 0.997104 -1.46016 179.818 9.00088 13 43 1 0 1
5.41268 -1.6453 2326.53 0.672997 0.0104855 178.162 9.02252 13 44 1 0 1
12.0421 -2.07905 2326.53 1.77363 0.929298 178.65 9.016 13 45 1 0 1
11.8306 -1.16142 2326.53 1.13552 -0.155322 179.522 9.00476 13 46 1 0 1
-1.09433 2.25224 2326.53 -0.278814 -1.29571 180.566 8.99138 13 47 1 0 1
5.45448 -1.3167 2326.53 0.502755 0.513658 182.386 8.96862 13 48 1 0 1
7.42195 -3.36191 2326.53 1.15027 0.663049 178.786 9.0143 13 49 1 0 1
11.6496 2.98405 2326.53 0.211307 -0.358717 181.924 8.97437 13 50 1 0 1
3.01794 0.31105 2326.53 0.269512 -0.114647 178.935 9.01241 13 51 1 0 1
8.44291 -0.429922 2326.53 1.61196 -0.0599222 181.794 8.9759 13 52 1 0 1
7.30523 0.108798 2326.53 0.0913878 -0.514015 177.036 9.0375 13 53 1 0 1
5.32129 -1.20747 2326.53 0.957841 0.497683 181.446 8.9803 13 54 1 0 1
8.71935 2.80843 2326.53 0.262122 -0.879861 181.659 8.97765 13 55 1 0 1
5.79673 2.21579 2326.53 0.118159 -0.230204 179.789 9.00137 13 56 1 0 1
3.15458 3.35537 2326.53 0.453506 -1.51741 178.838 9.01359 13 57 1 0 1
0.0948503 1.94147 2326.53 0.337967 0.191552 178.424 9.01909 13 58 1 0 1
9.07881 -1.69368 2326.53 0.627103 0.366982 181.198 8.98344 13 59 1 0 1
8.89142 -1.30899 2326.53 1.39764 0.33102 176.243 9.04813 13 60 1 0 1
11.1335 0.771058 2326.53 1.65348 -0.110574 183.485 8.95508 13 61 1 0 1
0.864042 -3.04204 2326.53 0.296262 1.67665 181.233 8.98291 13 62 1 0 1
15.2808 -1.46778 2326.53 1.33502 0.20072 178.365 9.01981 13 63 1 0 1
7.44921 -1.22818 2326.53 0.816269 0.519979 179.646 9.00318 13 64 1 0 1
3.92865 -1.42182 2326.53 0.1943 0.535462 178.464 9.01856 13 65 1 0 1
4.06135 -2.16425 2326.53 1.55384 0.591545 175.325 9.06065 13 66 1 0 1
10.2048 -2.84636 2326.53 1.15609 0.980744 179.872 9.00022 13 67 1 0 1
10.2586 -1.789 2326.53 0.0497887 0.587763 178.735 9.01501 13 68 1 0 1
12.7267 2.58214 2326.53 2.00315 -0.768659 180.512 8.99197 13 69 1 0 1
8.64554 0.0287162 2326.53 0.617072 -0.965482 181.864 8.97508 13 70 1 0 1
3.40917 -3.25878 2326.53 -0.309279 0.917773 183.275 8.9577 13 71 1 0 1
11.1925 1.0805 2326.53 0.622669 0.512685 178.652 9.01609 13 72 1 0 1
7.52576 1.18828 2326.53 0.934577 -0.435899 180.822 8.98815 13 73 1 0 1
9.21498 -0.095619 2326.53 1.14714 0.184985 181.417 8.98066 13 74 1 0 1
8.19707 0.949521 2326.53 0.373138 -0.390326 179.802 9.00119 13 75 1 0 1
8.46896 -0.174972 2326.53 0.767216 0.130144 177.733 9.02819 13 76 1 0 1
9.31446 -0.52988 2326.53 1.34383 0.303718 180.798 8.98843 13 77 1 0 1
4.40703 0.545402 2326.53 -0.468287 0.191005 181.331 8.98177 13 78 1 0 1
4.07589 0.498333 2326.53 -0.8278 -0.904045 179.309 9.00751 13 79 1 0 1
2.61516 -1.12947 2326.53 -0.110155 0.244283 180.318 8.9946 13 80 1 0 1
13.5495 -0.375844 2326.53 1.59326 -0.112658 182.971 8.96136 13 81 1 0 1
11.4792 1.74365 2326.53 1.53388 -0.656511 181.306 8.982 13 82 1 0 1
6.49345 -1.52496 2326.53 1.08363 0.223096 179.614 9.00357 13 83 1 0 1
17.6238 0.264825 2326.53 2.24245 -0.153212 184.658 8.94088 13 84 1 0 1
6.34531 -1.49145 2326.53 0.971593 0.603944 177.895 9.02601 13 85 1 0 1
8.52318 -2.24817 2326.53 0.947176 0.577239 180.04 8.9981 13 86 1 0 1
11.1053 -0.350206 2326.53 1.26355 0.119311 179.557 9.00429 13 87 1 0 1
10.7389 0.950064 2326.53 0.494891 -0.387587 177.364 9.03311 13 88 1 0 1
6.5078 0.64729 2326.53 -0.325547 -0.52242 181.018 8.9857 13 89 1 0 1
7.68081 0.899934 2326.53 0.601555 -1.19009 180.924 8.98685 13 90 1 0 1
12.3067 1.52409 2326.53 0.730576 0.183784 181.403 8.98085 13 91 1 0 1
11.8704 -0.35162 2326.53 0.215651 -0.133398 176.828 9.0403 13 92 1 0 1
0.879758 1.91276 2326.53 -0.407683 -0.163144 180.056 8.99793 13 93 1 0 1
8.71682 -2.09133 2326.53 1.10332 0.194425 182.092 8.97223 13 94 1 0 1
2.79399 2.3434 2326.53 0.0246839 -0.485191 179.853 9.00054 13 95 1 0 1
7.78447 3.25232 2326.53 0.938977 -0.787912 179.954 8.99919 13 96 1 0 1
7.12617 0.614958 2326.53 0.514881 0.0855689 181.262 8.98264 13 97 1 0 1
9.25944 1.13825 2326.53 0.787499 -0.380443 175.099 9.06384 13 98 1 0 1
3.99283 2.14479 2326.53 0.38411 -0.973213 180.262 8.99527 13 99 1 0 1
2.48974 0.16175 2326.53 0.114311 -0.272929 181.101 8.98467 13 100 1 0 1
7.86534 0.263505 2326.53 0.33399 -0.079946 181.322 8.98189 13 101 1 0 1
9.13997 2.30902 2326.53 0.503784 -0.778723 178.665 9.01591 13 102 1 0 1
3.50814 0.672719 2326.53 0.270208 -0.325575 180.941 8.98668 13 103 1 0 1
5.80665 -0.265169 2326.53 1.60036 -0.381622 180.211 8.99586 13 104 1 0 1
12.6685 0.970905 2326.53 0.0738249 -0.512734 181.084 8.98488 13 105 1 0 1
16.9673 -2.46466 2326.53 1.72109 0.679907 181.696 8.9771 13 106 1 0 1
9.88359 -0.0355276 2326.53 0.84536 0.50031 182.124 8.97185 13 107 1 0 1
3.81322 -3.06372 2326.53 0.464279 1.36097 180.029 8.99821 13 108 1 0 1
12.4141 1.04849 2326.53 1.15799 -0.549723 181.043 8.98534 13 109 1 0 1
10.7814 -3.79664 2326.53 0.635392 0.821348 180.03 8.99824 13 110 1 0 1
8.98525 -1.66302 2326.53 0.63238 1.00512 181.209 8.98326 13 111 1 0 1
6.09577 -2.00124 2326.53 0.241238 0.230221 179.981 8.99889 13 112 1 0 1
5.04459 -0.137147 2326.53 0.847695 -0.0830368 182.739 8.96426 13 113 1 0 1
12.3904 -3.46556 2326.53 0.905815 1.4364 181.407 8.98073 13 114 1 0 1
5.31894 1.43332 2326.53 0.474035 -1.40416 182.452 8.96775 13 115 1 0 1
3.35568 1.65519 2326.53 -0.380336 -1.19916 179.168 9.00933 13 116 1 0 1
7.6719 0.927223 2326.53 0.560825 0.102612 180.042 8.99811 13 117 1 0 1
2.21962 -0.787732 2326.53 0.170537 0.115913 179.583 9.00402 13 118 1 0 1
4.27515 -0.334819 2326.53 0.469073 -0.563358 181.38 8.98114 13 119 1 0 1
7.4862 1.70603 2326.53 0.469373 -0.284217 179.364 9.00684 13 120 1 0 1
8.9157 -2.29662 2326.53 1.04712 0.01135 178.728 9.01507 13 121 1 0 1
7.39319 3.18789 2326.53 1.96288 -1.08208 180.291 8.99476 13 122 1 0 1
8.3842 0.111878 2326.53 0.956929 -0.209119 180.092 8.99745 13 123 1 0 1
11.2265 1.34377 2326.53 0.160951 -0.54653 178.142 9.0228 13 124 1 0 1
3.63629 0.551965 2326.53 0.626137 -0.513622 181.341 8.98164 13 125 1 0 1
8.9631 1.12138 2326.53 1.05516 0.165442 179.943 8.99935 13 126 1 0 1
9.73255 -0.360939 2326.53 0.644769 -0.18324 178.418 9.01916 13 127 1 0 1
10.0253 0.740946 2326.53 1.77121 -0.369678 179.72 9.00214 13 128 1 0 1
13.842 -0.890012 2326.53 1.4151 0.673414 179.964 8.99903 13 129 1 0 1
8.138 -2.79964 2326.53 -0.0661494 0.739123 176.85 9.03999 13 130 1 0 1
10.799 -0.930441 2326.53 0.916962 0.216656 177.299 9.03395 13 131 1 0 1
6.74747 1.57066 2326.53 1.28578 -0.188786 177.548 9.03061 13 132 1 0 1
2.99682 -2.86038 2326.53 0.429888 0.988869 180.439 8.99302 13 133 1 0 1
16.7171 0.661235 2326.53 1.30313 -0.510196 180.982 8.98611 13 134 1 0 1
4.08199 -0.610392 2326.53 -0.159647 0.139339 177.648 9.02935 13 135 1 0 1
7.15745 -0.617945 2326.53 0.407729 0.306106 179.844 9.00065 13 136 1 0 1
6.27227 -1.8585 2326.53 1.06756 0.936289 181.517 8.97937 13 137 1 0 1
4.86478 -2.17186 2326.53 0.477627 0.219357 179.311 9.00753 13 138 1 0 1
7.52582 2.26115 2326.53 0.775416 -0.931619 178.779 9.01439 13 139 1 0 1
9.51726 2.97196 2326.53 0.356312 -1.24377 180.464 8.99267 13 140 1 0 1
5.53498 0.82813 2326.53 0.919823 -0.0716955 180.858 8.98772 13 141 1 0 1
1.81905 -0.548493 2326.53 -0.143407 -0.151765 179.707 9.00242 13 142 1 0 1
9.18328 -1.59412 2326.53 0.538545 -0.0834999 178.764 9.01464 13 143 1 0 1
17.2603 -0.144401 2326.53 1.30204 -0.0178675 181.839 8.97537 13 144 1 0 1
3.37907 -1.46254 2326.53 -0.656962 0.249634 181.121 8.9844 13 145 1 0 1
18.1431 -1.01993 2326.53 1.76542 0.00634284 180.655 8.9902 13 146 1 0 1
14.6106 2.92286 2326.53 0.779453 0.332506 181.46 8.98013 13 147 1 0 1
6.22171 -3.26294 2326.53 0.99201 1.34247 179.534 9.00455 13 148 1 0 1
6.04395 0.519241 2326.53 0.170609 -0.498473 180.066 8.99781 13 149 1 0 1
8.14432 -1.72422 2326.53 0.667044 0.489295 179.743 9.00194 13 150 1 0 1
6.95724 0.524573 2387.76 0.332278 -0.106751 178.326 9.25776 13 1 1 0 1
7.10909 -1.31173 2387.76 0.60956 0.140088 180.447 9.2296 13 2 1 0 1
9.56848 1.53063 2387.76 0.229185 -1.24492 180.907 9.22357 13 3 1 0 1
10.0419 2.91386 2387.76 -0.606886 -1.0418 179.153 9.24662 13 4 1 0 1
9.21845 -0.203169 2387.76 0.119002 0.441148 180.555 9.22819 13 5 1 0 1
9.59193 -2.63496 2387.76 -0.154539 1.08849 182.151 9.2076 13 6 1 0 1
5.53847 0.524092 2387.76 -0.250833 -0.217542 181.137 9.22064 13 7 1 0 1
9.00278 1.62274 2387.76 -0.0661635 -0.576778 182.197 9.20705 13 8 1 0 1
4.75827 0.542113 2387.76 0.182191 0.495213 180.086 9.23432 13 9 1 0 1
13.2798 0.494786 2387.76 -0.700471 -0.19949 178.527 9.25503 13 10 1 0 1
9.98633 1.28975 2387.76 0.12369 -1.10691 181.201 9.21977 13 11 1 0 1
11.7332 -0.557121 2387.76 0.815172 0.223652 177.659 9.26677 13 12 1 0 1
10.4751 1.51624 2387.76 -0.116003 -0.125791 178.258 9.25868 13 13 1 0 1
5.83305 3.70449 2387.76 0.670004 -1.16332 180.426 9.22982 13 14 1 0 1
13.7486 4.31305 2387.76 0.469888 -0.926873 180.64 9.22705 13 15 1 0 1
5.08663 -2.0764 2387.76 -0.427964 0.503003 180.282 9.23175 13 16 1 0 1
8.9652 -2.52075 2387.76 0.332755 0.989021 180.931 9.22328 13 17 1 0 1
10.2337 -2.36305 2387.76 -0.554367 0.731008 180.951 9.22302 13 18 1 0 1
0.12384 0.239526 2387.76 -0.282906 0.817706 179.667 9.23983 13 19 1 0 1
12.112 -2.49233 2387.76 -0.406686 1.00261 179.726 9.23903 13 20 1 0 1
9.2748 -0.998021 2387.76 0.429868 -0.0789676 178.809 9.25127 13 21 1 0 1
6.30591 0.612358 2387.76 0.56963 0.14257 181.703 9.21336 13 22 1 0 1
13.8685 1.88748 2387.76 0.00928794 -0.906617 179.729 9.239 13 23 1 0 1
6.76151 0.404434 2387.76 0.725317 -0.855155 177.713 9.26602 13 24 1 0 1
4.83002 -2.09408 2387.76 0.358551 0.640025 180.62 9.22734 13 25 1 0 1
8.56036 -0.616058 2387.76 0.198562 0.412175 180.499 9.22893 13 26 1 0 1
10.2856 -1.40599 2387.76 0.158943 0.442631 183.619 9.18916 13 27 1 0 1
9.30808 0.492451 2387.76 -0.0523337 -0.250676 181.663 9.21388 13 28 1 0 1
6.63852 -0.49622 2387.76 0.27094 1.57498 177.97 9.26248 13 29 1 0 1
8.95878 0.00768434 2387.76 0.316787 0.222024 181.179 9.2201 13 30 1 0 1
9.13981 -3.41031 2387.76 -0.0963848 1.57355 178.995 9.24869 13 31 1 0 1
7.6052 2.08629 2387.76 0.0132926 0.338046 179.123 9.24707 13 32 1 0 1
12.0639 -0.614328 2387.76 -0.346761 -0.179782 181.541 9.21544 13 33 1 0 1
14.0091 0.708547 2387.76 -0.55778 -0.190797 181.121 9.22084 13 34 1 0 1
12.4429 -0.347049 2387.76 -1.0268 0.940145 181.224 9.21945 13 35 1 0 1
2.02502 -1.43851 2387.76 0.109985 0.824827 180.342 9.23096 13 36 1 0 1
11.1784 -1.01218 2387.76 0.235016 -0.276903 181.887 9.21101 13 37 1 0 1
6.73721 0.814098 2387.76 1.33423 -0.89584 179.515 9.24178 13 38 1 0 1
8.5035 -0.757362 2387.76 0.439106 0.0589474 177.25 9.27239 13 39 1 0 1
1.94213 2.00276 2387.76 0.301712 -0.495788 177.353 9.27098 13 40 1 0 1
13.036 -1.2199 2387.76 0.533112 1.12059 179.998 9.23544 13 41 1 0 1
3.41356 -1.4056 2387.76 0.402655 1.21067 182.804 9.19932 13 42 1 0 1
11.9514 1.52185 2387.76 0.100439 -1.51979 179.82 9.23775 13 43 1 0 1
5.57359 -1.63232 2387.76 0.261442 0.0649911 178.164 9.25995 13 44 1 0 1
12.493 -1.74932 2387.76 0.852037 0.993171 178.656 9.25326 13 45 1 0 1
12.0646 -1.20766 2387.76 0.233559 -0.115627 179.526 9.24173 13 46 1 0 1
-1.17444 1.80089 2387.76 -0.192677 -1.36402 180.565 9.228 13 47 1 0 1
5.55261 -1.13709 2387.76 0.0806429 0.555432 182.387 9.20464 13 48 1 0 1
7.71903 -3.11611 2387.76 0.5811 0.771162 178.788 9.25152 13 49 1 0 1
11.5711 2.84654 2387.76 -0.676926 -0.45772 181.922 9.21053 13 50 1 0 1
3.07107 0.270123 2387.76 0.0404219 -0.124354 178.935 9.24958 13 51 1 0 1
8.87524 -0.447612 2387.76 0.950003 -0.045033 181.798 9.21211 13 52 1 0 1
7.24306 -0.0692467 2387.76 -0.450159 -0.514667 177.035 9.27533 13 53 1 0 1
5.5749 -1.03297 2387.76 0.54214 0.535631 181.448 9.21662 13 54 1 0 1
8.69555 2.49643 2387.76 -0.403058 -0.969806 181.658 9.2139 13 55 1 0 1
5.76249 2.12491 2387.76 -0.318814 -0.303046 179.788 9.23825 13 56 1 0 1
3.26874 2.81774 2387.76 0.211968 -1.62045 178.838 9.25079 13 57 1 0 1
0.209108 1.996 2387.76 0.326563 0.125978 178.425 9.25643 13 58 1 0 1
9.17342 -1.56025 2387.76 -0.0682937 0.422018 181.199 9.21984 13 59 1 0 1
9.2609 -1.18675 2387.76 0.724982 0.372084 176.247 9.28624 13 60 1 0 1
11.5402 0.729835 2387.76 0.778752 -0.136283 183.491 9.19074 13 61 1 0 1
0.952622 -2.45936 2387.76 0.227034 1.7697 181.232 9.2193 13 62 1 0 1
15.5412 -1.39064 2387.76 0.179095 0.248315 178.369 9.25717 13 63 1 0 1
7.63073 -1.0443 2387.76 0.246658 0.558089 179.647 9.2401 13 64 1 0 1
3.94466 -1.23037 2387.76 -0.101141 0.579641 178.464 9.2559 13 65 1 0 1
4.54958 -1.94573 2387.76 1.23642 0.658812 175.327 9.29909 13 66 1 0 1
10.4658 -2.49694 2387.76 0.37432 1.07047 179.875 9.23707 13 67 1 0 1
10.1441 -1.57785 2387.76 -0.716969 0.643926 178.734 9.25225 13 68 1 0 1
13.2401 2.3072 2387.76 1.01763 -0.851076 180.519 9.2286 13 69 1 0 1
8.74157 -0.295859 2387.76 -0.0477985 -0.960953 181.865 9.21126 13 70 1 0 1
3.2626 -2.93419 2387.76 -0.566379 1.02371 183.274 9.19342 13 71 1 0 1
11.2615 1.2497 2387.76 -0.22079 0.473832 178.653 9.25336 13 72 1 0 1
7.74437 1.03419 2387.76 0.354005 -0.473415 180.824 9.22468 13 73 1 0 1
9.48234 -0.0327635 2387.76 0.433937 0.187163 181.42 9.21699 13 74 1 0 1
8.21851 0.811447 2387.76 -0.247466 -0.41988 179.802 9.23807 13 75 1 0 1
8.62356 -0.129229 2387.76 0.128456 0.135191 177.735 9.26577 13 76 1 0 1
9.64819 -0.424205 2387.76 0.622969 0.319825 180.802 9.22497 13 77 1 0 1
4.19311 0.606659 2387.76 -0.796182 0.171505 181.33 9.21813 13 78 1 0 1
3.74221 0.187394 2387.76 -1.12255 -0.915513 179.307 9.24455 13 79 1 0 1
2.5444 -1.04024 2387.76 -0.305775 0.2808 180.318 9.2313 13 80 1 0 1
13.9067 -0.411325 2387.76 0.536981 -0.0992183 182.977 9.19718 13 81 1 0 1
11.8478 1.51243 2387.76 0.644631 -0.711634 181.311 9.21837 13 82 1 0 1
6.77801 -1.44036 2387.76 0.58242 0.272813 179.617 9.24051 13 83 1 0 1
18.1382 0.212613 2387.76 0.853986 -0.161451 184.669 9.17617 13 84 1 0 1
6.59693 -1.27548 2387.76 0.487494 0.649894 177.897 9.26354 13 85 1 0 1
8.73465 -2.03942 2387.76 0.293869 0.649298 180.042 9.23489 13 86 1 0 1
11.3919 -0.307604 2387.76 0.414194 0.130339 179.561 9.24125 13 87 1 0 1
10.7714 0.811107 2387.76 -0.307297 -0.416744 177.364 9.27082 13 88 1 0 1
6.31474 0.46724 2387.76 -0.813586 -0.541246 181.017 9.22217 13 89 1 0 1
7.78505 0.492842 2387.76 0.0132082 -1.21361 180.925 9.22334 13 90 1 0 1
12.3945 1.57731 2387.76 -0.211588 0.131272 181.405 9.21719 13 91 1 0 1
11.7926 -0.395714 2387.76 -0.664147 -0.121062 176.827 9.2782 13 92 1 0 1
0.730449 1.84648 2387.76 -0.468644 -0.226323 180.056 9.23472 13 93 1 0 1
8.97447 -2.01415 2387.76 0.425972 0.264207 182.095 9.20835 13 94 1 0 1
2.76654 2.16519 2387.76 -0.185596 -0.560877 179.853 9.23739 13 95 1 0 1
8.00278 2.96621 2387.76 0.341626 -0.892371 179.956 9.23602 13 96 1 0 1
7.20799 0.640298 2387.76 -0.0314322 0.0643318 181.262 9.21903 13 97 1 0 1
9.41492 0.998991 2387.76 0.099968 -0.415377 175.101 9.30237 13 98 1 0 1
4.07155 1.80264 2387.76 0.0784486 -1.03963 180.262 9.23199 13 99 1 0 1
2.4963 0.0687345 2387.76 -0.0755519 -0.276825 181.101 9.22111 13 100 1 0 1
7.87681 0.235059 2387.76 -0.266185 -0.088384 181.322 9.21826 13 101 1 0 1
9.19471 2.0295 2387.76 -0.18499 -0.851076 178.665 9.25317 13 102 1 0 1
3.55421 0.558928 2387.76 0.00151905 -0.346376 180.942 9.22317 13 103 1 0 1
6.27359 -0.393061 2387.76 1.14264 -0.370558 180.215 9.23259 13 104 1 0 1
12.531 0.792341 2387.76 -0.88564 -0.54253 181.081 9.22133 13 105 1 0 1
17.3273 -2.22194 2387.76 0.410914 0.75942 181.703 9.21333 13 106 1 0 1
10.0399 0.132544 2387.76 0.0824126 0.498666 182.126 9.20796 13 107 1 0 1
3.92156 -2.58429 2387.76 0.171489 1.45588 180.029 9.23501 13 108 1 0 1
12.6449 0.856957 2387.76 0.20408 -0.581933 181.047 9.2218 13 109 1 0 1
10.8584 -3.4962 2387.76 -0.183752 0.943898 180.03 9.23504 13 110 1 0 1
9.08282 -1.31459 2387.76 -0.0560448 1.05549 181.21 9.21966 13 111 1 0 1
6.09934 -1.91166 2387.76 -0.220268 0.295955 179.981 9.23571 13 112 1 0 1
5.26272 -0.164133 2387.76 0.451657 -0.0778985 182.741 9.20017 13 113 1 0 1
12.536 -2.96193 2387.76 -0.0449561 1.54524 181.408 9.21707 13 114 1 0 1
5.40915 0.954855 2387.76 0.0624729 -1.44484 182.453 9.20374 13 115 1 0 1
3.18325 1.23675 2387.76 -0.626671 -1.24752 179.167 9.24641 13 116 1 0 1
7.76345 0.956762 2387.76 -0.0235014 0.0709524 180.043 9.2349 13 117 1 0 1
2.24906 -0.743796 2387.76 0.00180106 0.141585 179.583 9.24097 13 118 1 0 1
4.37801 -0.522708 2387.76 0.139062 -0.548842 181.381 9.21749 13 119 1 0 1
7.54977 1.59947 2387.76 -0.0976883 -0.339558 179.364 9.24386 13 120 1 0 1
9.15859 -2.27964 2387.76 0.367895 0.0876939 178.731 9.25231 13 121 1 0 1
7.96214 2.80294 2387.76 1.38081 -1.18292 180.296 9.23146 13 122 1 0 1
8.60066 0.0402823 2387.76 0.31377 -0.211679 180.095 9.23422 13 123 1 0 1
11.1377 1.14863 2387.76 -0.67673 -0.587968 178.14 9.26024 13 124 1 0 1
3.80017 0.375736 2387.76 0.342591 -0.529327 181.341 9.218 13 125 1 0 1
9.20569 1.17117 2387.76 0.367745 0.126939 179.945 9.23618 13 126 1 0 1
9.8281 -0.42164 2387.76 -0.0890457 -0.170209 178.419 9.2565 13 127 1 0 1
10.4976 0.611023 2387.76 0.995714 -0.39237 179.726 9.23904 13 128 1 0 1
14.1439 -0.656274 2387.76 0.356121 0.699408 179.969 9.23585 13 129 1 0 1
8.01089 -2.52827 2387.76 -0.666641 0.827063 176.848 9.27788 13 130 1 0 1
10.9758 -0.850462 2387.76 0.10521 0.246131 177.302 9.27169 13 131 1 0 1
7.10246 1.49673 2387.76 0.768749 -0.239623 177.551 9.26826 13 132 1 0 1
3.10365 -2.50917 2387.76 0.198438 1.0793 180.439 9.22968 13 133 1 0 1
16.9418 0.485198 2387.76 0.0222733 -0.529576 180.987 9.22258 13 134 1 0 1
3.97488 -0.55898 2387.76 -0.460592 0.158728 177.647 9.26696 13 135 1 0 1
7.20392 -0.510411 2387.76 -0.135342 0.325048 179.845 9.23751 13 136 1 0 1
6.55041 -1.53269 2387.76 0.578171 0.993755 181.519 9.21567 13 137 1 0 1
4.96481 -2.08472 2387.76 0.107027 0.290599 179.311 9.24457 13 138 1 0 1
7.69376 1.92982 2387.76 0.203302 -1.00156 178.78 9.25161 13 139 1 0 1
9.51563 2.53384 2387.76 -0.365891 -1.33651 180.464 9.22932 13 140 1 0 1
5.77408 0.799182 2387.76 0.48977 -0.0991672 180.859 9.22424 13 141 1 0 1
1.74708 -0.596971 2387.76 -0.278156 -0.132552 179.707 9.23933 13 142 1 0 1
9.24922 -1.61358 2387.76 -0.154287 -0.0299775 178.764 9.25187 13 143 1 0 1
17.4756 -0.149581 2387.76 -0.0260534 -0.0128781 181.844 9.21156 13 144 1 0 1
3.11463 -1.36998 2387.76 -0.904257 0.297517 181.12 9.22083 13 145 1 0 1
18.5062 -1.01197 2387.76 0.373307 0.0406071 180.663 9.22678 13 146 1 0 1
14.6851 3.01816 2387.76 -0.338312 0.231882 181.462 9.21645 13 147 1 0 1
6.4788 -2.78739 2387.76 0.512576 1.44387 179.535 9.24151 13 148 1 0 1
6.02424 0.347115 2387.76 -0.286307 -0.513033 180.065 9.2346 13 149 1 0 1
8.26617 -1.54804 2387.76 0.0468368 0.544197 179.744 9.23883 13 150 1 0 1
6.98165 0.485 2448.98 -0.190366 -0.123555 178.326 9.49514 13 1 1 0 1
7.2239 -1.25681 2448.98 0.0657474 0.18335 180.448 9.46625 13 2 1 0 1
9.52307 1.10138 2448.98 -0.497019 -1.28936 180.906 9.46007 13 3 1 0 1
9.70667 2.54189 2448.98 -1.35077 -1.133 179.149 9.48371 13 4 1 0 1
9.14047 -0.0527056 2448.98 -0.577976 0.445458 180.554 9.46481 13 5 1 0 1
9.41726 -2.25477 2448.98 -0.882574 1.17161 182.149 9.44369 13 6 1 0 1
5.38306 0.447713 2448.98 -0.666792 -0.233971 181.136 9.45706 13 7 1 0 1
8.86524 1.42004 2448.98 -0.750668 -0.628518 182.195 9.44313 13 8 1 0 1
4.75896 0.707059 2448.98 -0.178184 0.474216 180.087 9.4711 13 9 1 0 1
12.8704 0.42368 2448.98 -1.68203 -0.214787 178.521 9.49234 13 10 1 0 1
9.89994 0.9091 2448.98 -0.633972 -1.14409 181.2 9.45618 13 11 1 0 1
11.8625 -0.477015 2448.98 -0.0662551 0.240803 177.661 9.50438 13 12 1 0 1
10.3012 1.46447 2448.98 -0.894711 -0.175383 178.256 9.49608 13 13 1 0 1
5.98466 3.28936 2448.98 0.221676 -1.28111 180.426 9.46648 13 14 1 0 1
13.731 3.9749 2448.98 -0.573839 -1.06661 180.639 9.46364 13 15 1 0 1
4.87671 -1.89406 2448.98 -0.805635 0.569811 180.28 9.46847 13 16 1 0 1
8.9624 -2.17234 2448.98 -0.349265 1.06827 180.93 9.45977 13 17 1 0 1
9.91577 -2.1027 2448.98 -1.32097 0.806414 180.947 9.45951 13 18 1 0 1
0.0262593 0.516277 2448.98 -0.288577 0.805031 179.667 9.47675 13 19 1 0 1
11.8188 -2.13722 2448.98 -1.311 1.08024 179.722 9.47593 13 20 1 0 1
9.30247 -1.01932 2448.98 -0.26858 -0.0452987 178.809 9.48848 13 21 1 0 1
6.4162 0.656813 2448.98 0.0835767 0.121045 181.704 9.4496 13 22 1 0 1
13.6939 1.56846 2448.98 -1.03229 -0.964575 179.726 9.4759 13 23 1 0 1
6.92365 0.108076 2448.98 0.213951 -0.863663 177.715 9.50361 13 24 1 0 1
4.88913 -1.8656 2448.98 -0.0105602 0.706781 180.62 9.46393 13 25 1 0 1
8.51769 -0.473002 2448.98 -0.449587 0.430522 180.498 9.46557 13 26 1 0 1
10.2065 -1.25067 2448.98 -0.632218 0.48816 183.617 9.42478 13 27 1 0 1
9.1712 0.40532 2448.98 -0.75818 -0.265896 181.661 9.45013 13 28 1 0 1
6.64623 0.0473995 2448.98 -0.226183 1.58244 177.97 9.49998 13 29 1 0 1
8.95054 0.0825247 2448.98 -0.365474 0.220498 181.179 9.45651 13 30 1 0 1
8.98983 -2.85365 2448.98 -0.778704 1.67818 178.993 9.48583 13 31 1 0 1
7.51224 2.18972 2448.98 -0.556075 0.266553 179.123 9.48417 13 32 1 0 1
11.7928 -0.67134 2448.98 -1.25737 -0.157993 181.537 9.45173 13 33 1 0 1
13.6418 0.640133 2448.98 -1.61076 -0.213589 181.115 9.45727 13 34 1 0 1
11.938 -0.0280567 2448.98 -1.95575 0.94645 181.217 9.45585 13 35 1 0 1
2.03624 -1.15082 2448.98 -0.0440158 0.868412 180.342 9.46765 13 36 1 0 1
11.1139 -1.09944 2448.98 -0.617532 -0.241052 181.886 9.44719 13 37 1 0 1
7.10395 0.504504 2448.98 0.811808 -0.91795 179.518 9.47875 13 38 1 0 1
8.54553 -0.73272 2448.98 -0.196299 0.0836001 177.251 9.51014 13 39 1 0 1
2.02094 1.82051 2448.98 0.153926 -0.559078 177.353 9.50869 13 40 1 0 1
13.0494 -0.832503 2448.98 -0.454138 1.15508 179.998 9.47225 13 41 1 0 1
3.50408 -0.99288 2448.98 0.136762 1.2516 182.804 9.4352 13 42 1 0 1
11.8323 0.996697 2448.98 -0.798804 -1.56205 179.818 9.47461 13 43 1 0 1
5.5916 -1.60072 2448.98 -0.15682 0.118755 178.164 9.49739 13 44 1 0 1
12.6236 -1.39964 2448.98 -0.091463 1.04569 178.658 9.49052 13 45 1 0 1
11.9892 -1.24013 2448.98 -0.674411 -0.0746095 179.525 9.47869 13 46 1 0 1
-1.22444 1.329 2448.98 -0.1016 -1.41677 180.565 9.46461 13 47 1 0 1
5.50839 -0.944504 2448.98 -0.343538 0.590868 182.386 9.44065 13 48 1 0 1
7.81823 -2.83476 2448.98 -0.00298591 0.870472 178.789 9.48873 13 49 1 0 1
11.196 2.67655 2448.98 -1.54776 -0.551488 181.917 9.4467 13 50 1 0 1
3.04548 0.226115 2448.98 -0.189704 -0.132641 178.935 9.48675 13 51 1 0 1
9.08004 -0.460196 2448.98 0.263656 -0.0296288 181.801 9.44832 13 52 1 0 1
6.9952 -0.246501 2448.98 -0.980154 -0.509444 177.033 9.51316 13 53 1 0 1
5.68559 -0.846689 2448.98 0.112532 0.567468 181.449 9.45294 13 54 1 0 1
8.44883 2.15596 2448.98 -1.05789 -1.04867 181.655 9.45016 13 55 1 0 1
5.58052 2.00979 2448.98 -0.747607 -0.372429 179.787 9.47513 13 56 1 0 1
3.2991 2.24797 2448.98 -0.0350018 -1.705 178.837 9.48799 13 57 1 0 1
0.318005 2.02776 2448.98 0.306788 0.0589664 178.425 9.49377 13 58 1 0 1
9.03286 -1.40903 2448.98 -0.761936 0.472233 181.197 9.45625 13 59 1 0 1
9.39296 -1.05097 2448.98 0.0337027 0.4089 176.248 9.52434 13 60 1 0 1
11.651 0.680286 2448.98 -0.115998 -0.160435 183.492 9.4264 13 61 1 0 1
1.01678 -1.84862 2448.98 0.151986 1.84257 181.232 9.45569 13 62 1 0 1
15.4032 -1.29764 2448.98 -0.981447 0.293068 178.367 9.49454 13 63 1 0 1
7.61662 -0.848509 2448.98 -0.329284 0.589827 179.647 9.47703 13 64 1 0 1
3.85955 -1.02487 2448.98 -0.393987 0.617206 178.463 9.49323 13 65 1 0 1
4.92118 -1.70501 2448.98 0.887292 0.718564 175.329 9.53753 13 66 1 0 1
10.4585 -2.11903 2448.98 -0.417062 1.14797 179.874 9.47391 13 67 1 0 1
9.76953 -1.34869 2448.98 -1.46531 0.692731 178.729 9.48948 13 68 1 0 1
13.414 2.00594 2448.98 0.00593018 -0.923763 180.522 9.46523 13 69 1 0 1
8.6135 -0.61706 2448.98 -0.711442 -0.94545 181.863 9.44745 13 70 1 0 1
3.03238 -2.57612 2448.98 -0.808955 1.11796 183.273 9.42915 13 71 1 0 1
11.0418 1.40465 2448.98 -1.05858 0.429563 178.65 9.49062 13 72 1 0 1
7.76445 0.868305 2448.98 -0.235652 -0.505525 180.825 9.46121 13 73 1 0 1
9.50661 0.0304657 2448.98 -0.290416 0.187202 181.42 9.45332 13 74 1 0 1
8.02926 0.664118 2448.98 -0.861716 -0.444638 179.8 9.47494 13 75 1 0 1
8.55708 -0.0820105 2448.98 -0.513601 0.138695 177.734 9.50336 13 76 1 0 1
9.73457 -0.31369 2448.98 -0.113888 0.33228 180.803 9.4615 13 77 1 0 1
3.87168 0.660996 2448.98 -1.10366 0.150048 181.328 9.4545 13 78 1 0 1
3.31258 -0.125683 2448.98 -1.38851 -0.916536 179.305 9.48159 13 79 1 0 1
2.40841 -0.939147 2448.98 -0.493556 0.314114 180.317 9.468 13 80 1 0 1
13.9073 -0.442115 2448.98 -0.533119 -0.0846424 182.977 9.43301 13 81 1 0 1
11.9127 1.26396 2448.98 -0.261192 -0.758623 181.312 9.45473 13 82 1 0 1
6.88881 -1.33933 2448.98 0.0662684 0.319416 179.617 9.47745 13 83 1 0 1
18.1876 0.157975 2448.98 -0.55652 -0.16784 184.67 9.41145 13 84 1 0 1
6.67943 -1.04497 2448.98 -0.00911148 0.688427 177.898 9.50107 13 85 1 0 1
8.72219 -1.80741 2448.98 -0.366983 0.713943 180.042 9.47168 13 86 1 0 1
11.3865 -0.261493 2448.98 -0.44581 0.139877 179.561 9.4782 13 87 1 0 1
10.5277 0.662898 2448.98 -1.10159 -0.441138 177.361 9.50854 13 88 1 0 1
5.9598 0.28186 2448.98 -1.28075 -0.553895 181.014 9.45863 13 89 1 0 1
7.68971 0.0801283 2448.98 -0.575477 -1.22328 180.924 9.45984 13 90 1 0 1
12.1645 1.61253 2448.98 -1.14831 0.0772593 181.401 9.45353 13 91 1 0 1
11.4125 -0.435294 2448.98 -1.52687 -0.107343 176.822 9.5161 13 92 1 0 1
0.562415 1.75914 2448.98 -0.51759 -0.286919 180.056 9.47151 13 93 1 0 1
9.00204 -1.914 2448.98 -0.262311 0.330973 182.095 9.44446 13 94 1 0 1
2.66817 1.96227 2448.98 -0.391116 -0.630164 179.852 9.47425 13 95 1 0 1
8.01593 2.64627 2448.98 -0.264491 -0.986642 179.956 9.47284 13 96 1 0 1
7.10503 0.658334 2448.98 -0.576939 0.0423602 181.261 9.45541 13 97 1 0 1
9.32904 0.848331 2448.98 -0.59013 -0.445567 175.1 9.54089 13 98 1 0 1
4.04589 1.43993 2448.98 -0.229223 -1.09419 180.262 9.4687 13 99 1 0 1
2.43887 -0.0250653 2448.98 -0.263478 -0.277563 181.101 9.45755 13 100 1 0 1
7.68635 0.203932 2448.98 -0.859527 -0.0958126 181.32 9.45462 13 101 1 0 1
9.01373 1.72684 2448.98 -0.86901 -0.913706 178.663 9.49043 13 102 1 0 1
3.50916 0.438761 2448.98 -0.267209 -0.363226 180.941 9.45966 13 103 1 0 1
6.57971 -0.516469 2448.98 0.655603 -0.355263 180.217 9.46933 13 104 1 0 1
12.0722 0.604739 2448.98 -1.82233 -0.566121 181.074 9.45777 13 105 1 0 1
17.2431 -1.95387 2448.98 -0.909855 0.830232 181.701 9.44957 13 106 1 0 1
9.93876 0.299104 2448.98 -0.682652 0.491325 182.125 9.44406 13 107 1 0 1
3.92936 -2.07537 2448.98 -0.125695 1.53417 180.029 9.4718 13 108 1 0 1
12.5515 0.655651 2448.98 -0.755075 -0.607489 181.045 9.45826 13 109 1 0 1
10.6569 -3.15587 2448.98 -0.998169 1.05566 180.027 9.47183 13 110 1 0 1
8.94754 -0.951158 2448.98 -0.743029 1.0938 181.209 9.45606 13 111 1 0 1
5.94655 -1.80027 2448.98 -0.676123 0.35831 179.98 9.47252 13 112 1 0 1
5.34594 -0.189245 2448.98 0.044034 -0.0718712 182.741 9.43607 13 113 1 0 1
12.3602 -2.42451 2448.98 -0.994562 1.63642 181.405 9.4534 13 114 1 0 1
5.36069 0.465496 2448.98 -0.35069 -1.46902 182.452 9.43973 13 115 1 0 1
2.92922 0.804213 2448.98 -0.856936 -1.28164 179.166 9.4835 13 116 1 0 1
7.65598 0.975387 2448.98 -0.607224 0.0384823 180.042 9.47169 13 117 1 0 1
2.22084 -0.691375 2448.98 -0.166981 0.165641 179.583 9.47792 13 118 1 0 1
4.36863 -0.704634 2448.98 -0.194515 -0.528063 181.381 9.45383 13 119 1 0 1
7.41979 1.47466 2448.98 -0.662242 -0.391021 179.363 9.48088 13 120 1 0 1
9.16667 -2.23665 2448.98 -0.320778 0.163037 178.731 9.48955 13 121 1 0 1
8.32696 2.38602 2448.98 0.763312 -1.27027 180.299 9.46817 13 122 1 0 1
8.59662 -0.0317725 2448.98 -0.337445 -0.211822 180.095 9.47099 13 123 1 0 1
10.7633 0.940382 2448.98 -1.49702 -0.622685 178.135 9.49768 13 124 1 0 1
3.86663 0.195222 2448.98 0.0502601 -0.538992 181.342 9.45436 13 125 1 0 1
9.21228 1.20759 2448.98 -0.329116 0.0869852 179.946 9.47301 13 126 1 0 1
9.6717 -0.477531 2448.98 -0.820573 -0.155233 178.417 9.49385 13 127 1 0 1
10.7008 0.474129 2448.98 0.19463 -0.41058 179.729 9.47593 13 128 1 0 1
14.0833 -0.415048 2448.98 -0.712018 0.7174 179.968 9.47267 13 129 1 0 1
7.6784 -2.22807 2448.98 -1.25002 0.905557 176.845 9.51577 13 130 1 0 1
10.8713 -0.760781 2448.98 -0.709246 0.272793 177.3 9.50942 13 131 1 0 1
7.27538 1.40572 2448.98 0.231991 -0.287726 177.552 9.5059 13 132 1 0 1
3.13091 -2.12934 2448.98 -0.0380986 1.15742 180.438 9.46634 13 133 1 0 1
16.7321 0.303625 2448.98 -1.25915 -0.542888 180.982 9.45906 13 134 1 0 1
3.76587 -0.501191 2448.98 -0.749726 0.176307 177.646 9.50458 13 135 1 0 1
7.0657 -0.397054 2448.98 -0.67494 0.340278 179.844 9.47437 13 136 1 0 1
6.66062 -1.18941 2448.98 0.0739469 1.03988 181.52 9.45197 13 137 1 0 1
4.93755 -1.9738 2448.98 -0.266317 0.358525 179.311 9.48161 13 138 1 0 1
7.66447 1.57648 2448.98 -0.374028 -1.06007 178.78 9.48883 13 139 1 0 1
9.27005 2.06683 2448.98 -1.07869 -1.41398 180.46 9.46597 13 140 1 0 1
5.86516 0.761117 2448.98 0.0471521 -0.125507 180.86 9.46075 13 141 1 0 1
1.63033 -0.638639 2448.98 -0.405774 -0.111826 179.707 9.47623 13 142 1 0 1
9.07805 -1.61462 2448.98 -0.843156 0.023887 178.763 9.48909 13 143 1 0 1
17.2428 -0.153056 2448.98 -1.35348 -0.00774123 181.839 9.44776 13 144 1 0 1
2.77035 -1.26178 2448.98 -1.12837 0.342006 181.119 9.45726 13 145 1 0 1
18.395 -0.992464 2448.98 -1.02844 0.0744067 180.661 9.46337 13 146 1 0 1
14.3832 3.07904 2448.98 -1.44737 0.128607 181.457 9.45277 13 147 1 0 1
6.56981 -2.28005 2448.98 0.0199948 1.52879 179.535 9.47848 13 148 1 0 1
5.85009 0.171029 2448.98 -0.735877 -0.521738 180.064 9.47138 13 149 1 0 1
8.17609 -1.3542 2448.98 -0.574572 0.592885 179.743 9.47572 13 150 1 0 1
6.82708 0.439894 2510.2 -0.708124 -0.138949 178.325 9.73252 13 1 1 0 1
7.15351 -1.18755 2510.2 -0.479753 0.224519 180.447 9.70291 13 2 1 0 1
9.23351 0.659566 2510.2 -1.21046 -1.31907 180.903 9.69657 13 3 1 0 1
9.1226 2.14092 2510.2 -2.05995 -1.21126 179.141 9.72081 13 4 1 0 1
8.82815 0.0983591 2510.2 -1.26011 0.44468 180.551 9.70143 13 5 1 0 1
9.00116 -1.84885 2510.2 -1.58794 1.24134 182.143 9.67978 13 6 1 0 1
5.08964 0.366227 2510.2 -1.06565 -0.24773 181.134 9.69349 13 7 1 0 1
8.50043 1.20114 2510.2 -1.4159 -0.673078 182.191 9.67921 13 8 1 0 1
4.63764 0.86394 2510.2 -0.53399 0.447807 180.086 9.70788 13 9 1 0 1
12.131 0.347742 2510.2 -2.62033 -0.227627 178.51 9.72965 13 10 1 0 1
9.55975 0.51808 2510.2 -1.37535 -1.1682 181.196 9.69258 13 11 1 0 1
11.6878 -0.391468 2510.2 -0.945979 0.255201 177.659 9.74199 13 12 1 0 1
9.86315 1.39599 2510.2 -1.65043 -0.222969 178.251 9.73348 13 13 1 0 1
5.98285 2.8367 2510.2 -0.232334 -1.38427 180.425 9.70315 13 14 1 0 1
13.3613 3.5914 2510.2 -1.60279 -1.19413 180.632 9.70023 13 15 1 0 1
4.54177 -1.69012 2510.2 -1.16264 0.630115 180.278 9.70518 13 16 1 0 1
8.72983 -1.79914 2510.2 -1.02231 1.13533 180.927 9.69627 13 17 1 0 1
9.34362 -1.81837 2510.2 -2.05364 0.872604 180.94 9.696 13 18 1 0 1
-0.0719942 0.787138 2510.2 -0.286849 0.783173 179.667 9.71367 13 19 1 0 1
11.2226 -1.75773 2510.2 -2.1816 1.14553 179.713 9.71283 13 20 1 0 1
9.09166 -1.02898 2510.2 -0.960132 -0.0111127 178.807 9.72569 13 21 1 0 1
6.362 0.693775 2510.2 -0.404621 0.0981392 181.703 9.68584 13 22 1 0 1
13.1682 1.23155 2510.2 -2.0473 -1.0115 179.717 9.7128 13 23 1 0 1
6.90829 -0.189515 2510.2 -0.302906 -0.862312 177.715 9.7412 13 24 1 0 1
4.82289 -1.61584 2510.2 -0.3794 0.765472 180.619 9.70053 13 25 1 0 1
8.25666 -0.32455 2510.2 -1.08619 0.443952 180.496 9.70221 13 26 1 0 1
9.86579 -1.08107 2510.2 -1.40714 0.52811 183.613 9.6604 13 27 1 0 1
8.79921 0.313564 2510.2 -1.44456 -0.278079 181.657 9.68639 13 28 1 0 1
6.48356 0.590478 2510.2 -0.717502 1.57183 177.969 9.73748 13 29 1 0 1
8.71284 0.156424 2510.2 -1.03835 0.216454 181.176 9.69293 13 30 1 0 1
8.60938 -2.26445 2510.2 -1.44102 1.76364 178.988 9.72298 13 31 1 0 1
7.2267 2.26816 2510.2 -1.11117 0.192018 179.12 9.72128 13 32 1 0 1
11.2194 -0.720694 2510.2 -2.13566 -0.1344 181.529 9.68803 13 33 1 0 1
12.9248 0.564417 2510.2 -2.62229 -0.233937 181.103 9.69371 13 34 1 0 1
11.1271 0.291256 2510.2 -2.83442 0.941938 181.205 9.69224 13 35 1 0 1
1.99526 -0.849994 2510.2 -0.196887 0.90209 180.342 9.70434 13 36 1 0 1
10.7645 -1.17415 2510.2 -1.45421 -0.202448 181.881 9.68337 13 37 1 0 1
7.28857 0.189155 2510.2 0.268551 -0.929581 179.519 9.71572 13 38 1 0 1
8.36847 -0.699719 2510.2 -0.826664 0.107298 177.249 9.74789 13 39 1 0 1
2.04795 1.61749 2510.2 0.00219388 -0.61599 177.353 9.74641 13 40 1 0 1
12.7283 -0.435614 2510.2 -1.4297 1.17635 179.992 9.70906 13 41 1 0 1
3.50478 -0.568831 2510.2 -0.132638 1.27824 182.804 9.67108 13 42 1 0 1
11.4098 0.460179 2510.2 -1.67751 -1.58644 179.812 9.71148 13 43 1 0 1
5.46627 -1.55085 2510.2 -0.571059 0.171164 178.163 9.73482 13 44 1 0 1
12.4306 -1.03399 2510.2 -1.03261 1.08626 178.654 9.72778 13 45 1 0 1
11.6065 -1.25845 2510.2 -1.56504 -0.0327406 179.519 9.71566 13 46 1 0 1
-1.24305 0.841949 2510.2 -0.00791905 -1.45335 180.565 9.70123 13 47 1 0 1
5.32296 -0.741148 2510.2 -0.758906 0.619559 182.385 9.67667 13 48 1 0 1
7.717 -2.52107 2510.2 -0.586992 0.959842 178.787 9.72595 13 49 1 0 1
10.5338 2.47603 2510.2 -2.37881 -0.638946 181.907 9.68287 13 50 1 0 1
2.94181 0.179527 2510.2 -0.414966 -0.139416 178.935 9.72392 13 51 1 0 1
9.05206 -0.46753 2510.2 -0.429462 -0.0138861 181.8 9.68453 13 52 1 0 1
6.56802 -0.420944 2510.2 -1.485 -0.498405 177.03 9.75098 13 53 1 0 1
5.65052 -0.650748 2510.2 -0.319962 0.592828 181.448 9.68927 13 54 1 0 1
7.9855 1.79089 2510.2 -1.68555 -1.11556 181.65 9.68641 13 55 1 0 1
5.25549 1.87174 2510.2 -1.15722 -0.43756 179.785 9.712 13 56 1 0 1
3.24488 1.65255 2510.2 -0.281073 -1.77011 178.836 9.72519 13 57 1 0 1
0.41875 2.03639 2510.2 0.279148 -0.00871787 178.425 9.73112 13 58 1 0 1
8.66073 -1.24174 2510.2 -1.43601 0.517053 181.193 9.69266 13 59 1 0 1
9.28421 -0.903208 2510.2 -0.658442 0.441045 176.247 9.76245 13 60 1 0 1
11.4631 0.622976 2510.2 -1.00777 -0.182753 183.49 9.66206 13 61 1 0 1
1.05487 -1.2168 2510.2 0.0730426 1.89442 181.231 9.69209 13 62 1 0 1
14.8703 -1.18983 2510.2 -2.11671 0.334462 178.357 9.7319 13 63 1 0 1
7.40725 -0.643036 2510.2 -0.896773 0.614831 179.645 9.71396 13 64 1 0 1
3.67549 -0.807688 2510.2 -0.67673 0.647729 178.462 9.73056 13 65 1 0 1
5.16661 -1.44484 2510.2 0.515407 0.770117 175.33 9.77596 13 66 1 0 1
10.1831 -1.71695 2510.2 -1.19772 1.21234 179.87 9.71076 13 67 1 0 1
9.1445 -1.10415 2510.2 -2.17601 0.73362 178.722 9.72672 13 68 1 0 1
13.2441 1.6818 2510.2 -1.00592 -0.985884 180.519 9.70186 13 69 1 0 1
8.2646 -0.931222 2510.2 -1.35682 -0.91915 181.86 9.68363 13 70 1 0 1
2.72442 -2.18867 2510.2 -1.03079 1.19946 183.271 9.66488 13 71 1 0 1
10.539 1.54357 2510.2 -1.86916 0.380387 178.643 9.72789 13 72 1 0 1
7.58548 0.692515 2510.2 -0.819261 -0.531864 180.823 9.69774 13 73 1 0 1
9.28717 0.0933474 2510.2 -1.00731 0.185103 181.418 9.68966 13 74 1 0 1
7.63417 0.509212 2510.2 -1.45385 -0.46432 179.796 9.71181 13 75 1 0 1
8.27123 -0.0338569 2510.2 -1.14247 0.140615 177.731 9.74094 13 76 1 0 1
9.57139 -0.199596 2510.2 -0.84782 0.340938 180.801 9.69804 13 77 1 0 1
3.451 0.707792 2510.2 -1.38283 0.12688 181.326 9.69086 13 78 1 0 1
2.79803 -0.437326 2510.2 -1.61887 -0.907104 179.303 9.71863 13 79 1 0 1
2.21067 -0.827339 2510.2 -0.668682 0.343844 180.317 9.7047 13 80 1 0 1
13.5514 -0.467861 2510.2 -1.5895 -0.0690987 182.971 9.66883 13 81 1 0 1
11.6721 1.00107 2510.2 -1.1603 -0.796939 181.308 9.6911 13 82 1 0 1
6.82299 -1.22302 2510.2 -0.451583 0.362374 179.617 9.71438 13 83 1 0 1
17.7708 0.101535 2510.2 -1.95266 -0.172304 184.661 9.64674 13 84 1 0 1
6.59068 -0.802534 2510.2 -0.505483 0.719101 177.897 9.73859 13 85 1 0 1
8.48613 -1.55478 2510.2 -1.01841 0.770433 180.039 9.70848 13 86 1 0 1
11.0892 -0.212399 2510.2 -1.29436 0.147816 179.557 9.71516 13 87 1 0 1
10.0141 0.507127 2510.2 -1.86757 -0.460491 177.354 9.74625 13 88 1 0 1
5.45207 0.0932646 2510.2 -1.71506 -0.560222 181.011 9.6951 13 89 1 0 1
7.39724 -0.3335 2510.2 -1.14939 -1.21899 180.921 9.69633 13 90 1 0 1
11.6226 1.62936 2510.2 -2.05551 0.0223671 181.393 9.68987 13 91 1 0 1
10.7398 -0.469908 2510.2 -2.35035 -0.0923986 176.813 9.75401 13 92 1 0 1
0.379962 1.65173 2510.2 -0.553267 -0.344243 180.056 9.7083 13 93 1 0 1
8.79883 -1.79201 2510.2 -0.943858 0.393957 182.093 9.68057 13 94 1 0 1
2.5014 1.73697 2510.2 -0.586607 -0.692261 179.851 9.71111 13 95 1 0 1
7.82358 2.29614 2510.2 -0.863816 -1.06964 179.953 9.70966 13 96 1 0 1
6.81992 0.668859 2510.2 -1.10764 0.0199055 181.259 9.6918 13 97 1 0 1
9.004 0.687994 2510.2 -1.26507 -0.470666 175.096 9.77941 13 98 1 0 1
3.91651 1.06079 2510.2 -0.531015 -1.13626 180.261 9.70542 13 99 1 0 1
2.31892 -0.118579 2510.2 -0.444648 -0.275135 181.101 9.69398 13 100 1 0 1
7.29884 0.170478 2510.2 -1.43081 -0.102147 181.316 9.69099 13 101 1 0 1
8.60167 1.40447 2510.2 -1.53071 -0.965899 178.658 9.72769 13 102 1 0 1
3.37415 0.313589 2510.2 -0.529085 -0.375931 180.941 9.69615 13 103 1 0 1
6.71714 -0.633986 2510.2 0.151745 -0.335913 180.219 9.70606 13 104 1 0 1
11.3039 0.410238 2510.2 -2.71216 -0.58324 181.063 9.69422 13 105 1 0 1
16.7168 -1.66351 2510.2 -2.20716 0.891526 181.69 9.68581 13 106 1 0 1
9.58286 0.462252 2510.2 -1.43018 0.478371 182.12 9.68016 13 107 1 0 1
3.83643 -1.54278 2510.2 -0.419655 1.59496 180.028 9.7086 13 108 1 0 1
12.1364 0.446866 2510.2 -1.69481 -0.626098 181.039 9.69471 13 109 1 0 1
10.1823 -2.77953 2510.2 -1.78693 1.15535 180.02 9.70863 13 110 1 0 1
8.58288 -0.576877 2510.2 -1.41093 1.11962 181.204 9.69246 13 111 1 0 1
5.64131 -1.66835 2510.2 -1.11463 0.416575 179.978 9.70933 13 112 1 0 1
5.2921 -0.2122 2510.2 -0.364719 -0.0650237 182.741 9.67197 13 113 1 0 1
11.8675 -1.85944 2510.2 -1.91859 1.70888 181.397 9.68974 13 114 1 0 1
5.1748 -0.029173 2510.2 -0.754858 -1.47644 182.451 9.67573 13 115 1 0 1
2.6001 0.362498 2510.2 -1.06523 -1.30114 179.165 9.72059 13 116 1 0 1
7.35224 0.982884 2510.2 -1.17536 0.0055735 180.04 9.70848 13 117 1 0 1
2.13569 -0.631068 2510.2 -0.331481 0.187808 179.583 9.71487 13 118 1 0 1
4.24726 -0.878522 2510.2 -0.523104 -0.501259 181.38 9.69018 13 119 1 0 1
7.0996 1.33303 2510.2 -1.2098 -0.438019 179.36 9.71791 13 120 1 0 1
8.93976 -2.16815 2510.2 -1.00121 0.236517 178.728 9.72679 13 121 1 0 1
8.47832 1.94189 2510.2 0.126219 -1.34311 180.3 9.70487 13 122 1 0 1
8.37221 -0.103465 2510.2 -0.979995 -0.209546 180.092 9.70777 13 123 1 0 1
10.113 0.72141 2510.2 -2.27884 -0.650285 178.127 9.73512 13 124 1 0 1
3.83397 0.0124801 2510.2 -0.24336 -0.542507 181.341 9.69071 13 125 1 0 1
8.98269 1.23025 2510.2 -1.01753 0.0460387 179.943 9.70983 13 126 1 0 1
9.26735 -0.527974 2510.2 -1.53103 -0.138484 178.413 9.7312 13 127 1 0 1
10.6297 0.331827 2510.2 -0.611454 -0.424098 179.728 9.71283 13 128 1 0 1
13.6616 -0.169088 2510.2 -1.76183 0.727183 179.961 9.70948 13 129 1 0 1
7.14906 -1.90245 2510.2 -1.80131 0.97371 176.84 9.75367 13 130 1 0 1
10.4881 -0.662421 2510.2 -1.50548 0.296338 177.295 9.74716 13 131 1 0 1
7.26177 1.29867 2510.2 -0.310721 -0.332544 177.552 9.74355 13 132 1 0 1
3.07791 -1.72522 2510.2 -0.273657 1.22234 180.438 9.70299 13 133 1 0 1
16.0935 0.118589 2510.2 -2.50812 -0.549981 180.969 9.69554 13 134 1 0 1
3.46032 -0.437685 2510.2 -1.01963 0.191873 177.645 9.74219 13 135 1 0 1
6.74634 -0.279168 2510.2 -1.19722 0.351624 179.841 9.71122 13 136 1 0 1
6.60008 -0.83255 2510.2 -0.432173 1.07413 181.519 9.68827 13 137 1 0 1
4.78372 -1.84035 2510.2 -0.632829 0.422359 179.31 9.71865 13 138 1 0 1
7.43868 1.20515 2510.2 -0.941756 -1.10647 178.778 9.72606 13 139 1 0 1
8.78683 1.57623 2510.2 -1.76379 -1.47529 180.454 9.70262 13 140 1 0 1
5.80587 0.71437 2510.2 -0.396675 -0.150415 180.859 9.69727 13 141 1 0 1
1.47178 -0.673022 2510.2 -0.522988 -0.0898243 179.706 9.71314 13 142 1 0 1
8.67414 -1.59724 2510.2 -1.51037 0.0774767 178.758 9.72632 13 143 1 0 1
16.5681 -0.154784 2510.2 -2.646 -0.00251617 181.824 9.68395 13 144 1 0 1
2.35504 -1.1392 2510.2 -1.32354 0.382593 181.117 9.6937 13 145 1 0 1
17.8122 -0.961635 2510.2 -2.40365 0.10735 180.648 9.69995 13 146 1 0 1
13.7126 3.10478 2510.2 -2.51917 0.0238705 181.445 9.68909 13 147 1 0 1
6.49238 -1.74669 2510.2 -0.473096 1.59626 179.534 9.71544 13 148 1 0 1
5.52596 -0.00700762 2510.2 -1.16657 -0.524488 180.062 9.70817 13 149 1 0 1
7.87642 -1.14491 2510.2 -1.18123 0.634802 179.74 9.71262 13 150 1 0 1
6.49749 0.38977 2571.43 -1.20771 -0.152756 178.322 9.9699 13 1 1 0 1
6.89974 -1.10474 2571.43 -1.01294 0.263124 180.445 9.93957 13 2 1 0 1
8.70724 0.210229 2571.43 -1.89281 -1.33371 180.897 9.93307 13 3 1 0 1
8.30465 1.71553 2571.43 -2.71624 -1.27568 179.132 9.9579 13 4 1 0 1
8.28952 0.248302 2571.43 -1.90989 0.438825 180.545 9.93805 13 5 1 0 1
8.35431 -1.42184 2571.43 -2.25253 1.29689 182.136 9.91587 13 6 1 0 1
4.66575 0.280563 2571.43 -1.43717 -0.258661 181.132 9.92992 13 7 1 0 1
7.9177 0.968529 2571.43 -2.04477 -0.709951 182.185 9.91528 13 8 1 0 1
4.39742 1.01097 2571.43 -0.876101 0.416289 180.085 9.94465 13 9 1 0 1
11.0807 0.267836 2571.43 -3.49127 -0.237864 178.495 9.96695 13 10 1 0 1
8.97448 0.121149 2571.43 -2.0814 -1.17897 181.189 9.92898 13 11 1 0 1
11.2133 -0.301455 2571.43 -1.80138 0.266682 177.652 9.9796 13 12 1 0 1
9.17226 1.31159 2571.43 -2.36377 -0.268005 178.242 9.97088 13 13 1 0 1
5.82766 2.35169 2571.43 -0.680381 -1.47163 180.424 9.93981 13 14 1 0 1
12.6491 3.16694 2571.43 -2.5905 -1.30799 180.62 9.93682 13 15 1 0 1
4.0904 -1.46689 2571.43 -1.48983 0.683228 180.276 9.94189 13 16 1 0 1
8.27347 -1.40543 2571.43 -1.66911 1.18941 180.922 9.93276 13 17 1 0 1
8.53193 -1.5133 2571.43 -2.73358 0.928824 180.93 9.93249 13 18 1 0 1
-0.168402 1.04902 2571.43 -0.277768 0.752382 179.667 9.95059 13 19 1 0 1
10.3387 -1.35819 2571.43 -2.99614 1.19771 179.701 9.94972 13 20 1 0 1
8.64777 -1.02691 2571.43 -1.62703 0.0231988 178.802 9.9629 13 21 1 0 1
6.14469 0.722823 2571.43 -0.882437 0.074113 181.701 9.92208 13 22 1 0 1
12.3049 0.880597 2571.43 -3.00965 -1.04685 179.704 9.94969 13 23 1 0 1
6.71583 -0.484944 2571.43 -0.81199 -0.851116 177.713 9.97879 13 24 1 0 1
4.63302 -1.34764 2571.43 -0.738507 0.815426 180.618 9.93713 13 25 1 0 1
7.78396 -0.172396 2571.43 -1.69492 0.452312 180.491 9.93884 13 26 1 0 1
9.27213 -0.899148 2571.43 -2.14591 0.562025 183.606 9.89602 13 27 1 0 1
8.20164 0.218232 2571.43 -2.09384 -0.287086 181.651 9.92264 13 28 1 0 1
6.15468 1.12682 2571.43 -1.19041 1.54329 177.966 9.97498 13 29 1 0 1
8.25177 0.228538 2571.43 -1.68457 0.209938 181.171 9.92934 13 30 1 0 1
8.00821 -1.64941 2571.43 -2.06634 1.82896 178.981 9.96012 13 31 1 0 1
6.75588 2.32074 2571.43 -1.63775 0.115295 179.116 9.95838 13 32 1 0 1
10.3583 -0.761826 2571.43 -2.95907 -0.109273 181.517 9.92432 13 33 1 0 1
11.8764 0.482262 2571.43 -3.56638 -0.251608 181.087 9.93014 13 34 1 0 1
10.0308 0.607246 2571.43 -3.64026 0.926668 181.191 9.92864 13 35 1 0 1
1.90313 -0.539476 2571.43 -0.344711 0.925478 180.341 9.94103 13 36 1 0 1
10.1391 -1.23548 2571.43 -2.25352 -0.161534 181.873 9.91955 13 37 1 0 1
7.28634 -0.128352 2571.43 -0.281598 -0.9306 179.519 9.95269 13 38 1 0 1
7.97688 -0.658736 2571.43 -1.43581 0.12977 177.245 9.98565 13 39 1 0 1
2.02245 1.39602 2571.43 -0.149594 -0.665875 177.352 9.98413 13 40 1 0 1
12.0809 -0.033755 2571.43 -2.3685 1.18417 179.982 9.94586 13 41 1 0 1
3.41562 -0.138293 2571.43 -0.398636 1.29031 182.804 9.90696 13 42 1 0 1
10.6948 -0.0815891 2571.43 -2.5131 -1.59271 179.802 9.94835 13 43 1 0 1
5.2008 -1.4833 2571.43 -0.970649 0.221618 178.161 9.97226 13 44 1 0 1
11.9189 -0.656539 2571.43 -1.9472 1.1144 178.647 9.96505 13 45 1 0 1
10.9263 -1.26242 2571.43 -2.41544 0.00949901 179.51 9.95263 13 46 1 0 1
-1.22979 0.345292 2571.43 0.0859647 -1.47336 180.565 9.93784 13 47 1 0 1
5.00106 -0.529338 2571.43 -1.15481 0.64118 182.383 9.91268 13 48 1 0 1
7.41793 -2.17863 2571.43 -1.15593 1.03825 178.784 9.96317 13 49 1 0 1
9.60154 2.24727 2571.43 -3.14874 -0.719096 181.896 9.91904 13 50 1 0 1
2.76272 0.130891 2571.43 -0.629588 -0.1446 178.934 9.96109 13 51 1 0 1
8.79202 -0.469531 2571.43 -1.11155 0.00201489 181.798 9.92073 13 52 1 0 1
5.97245 -0.590585 2571.43 -1.95174 -0.481678 177.025 9.98881 13 53 1 0 1
5.47059 -0.447384 2571.43 -0.744248 0.611421 181.447 9.92559 13 54 1 0 1
7.31746 1.4054 2571.43 -2.26996 -1.16971 181.643 9.92267 13 55 1 0 1
4.79572 1.71234 2571.43 -1.53715 -0.497696 179.782 9.94888 13 56 1 0 1
3.10747 1.03828 2571.43 -0.519935 -1.81501 178.835 9.96239 13 57 1 0 1
0.508759 2.02179 2571.43 0.244352 -0.0763027 178.425 9.96846 13 58 1 0 1
8.06656 -1.06028 2571.43 -2.07322 0.555966 181.187 9.92906 13 59 1 0 1
8.93746 -0.745138 2571.43 -1.33368 0.468151 176.243 10.0006 13 60 1 0 1
10.9814 0.55856 2571.43 -1.87363 -0.202981 183.483 9.89772 13 61 1 0 1
1.06592 -0.571092 2571.43 -0.00777301 1.92466 181.231 9.92848 13 62 1 0 1
13.9562 -1.06845 2571.43 -3.19747 0.372023 178.341 9.96926 13 63 1 0 1
7.00798 -0.430228 2571.43 -1.44125 0.632815 179.641 9.95088 13 64 1 0 1
3.39721 -0.581289 2571.43 -0.94212 0.670861 178.461 9.96789 13 65 1 0 1
5.2796 -1.16819 2571.43 0.130302 0.812882 175.331 10.0144 13 66 1 0 1
9.64666 -1.29528 2571.43 -1.94761 1.26287 179.864 9.94761 13 67 1 0 1
8.28503 -0.847019 2571.43 -2.83084 0.766129 178.712 9.96396 13 68 1 0 1
12.7346 1.33847 2571.43 -1.99188 -1.03672 180.51 9.93849 13 69 1 0 1
7.70383 -1.23476 2571.43 -1.96737 -0.882357 181.855 9.91982 13 70 1 0 1
2.34662 -1.77625 2571.43 -1.22619 1.26727 183.269 9.90061 13 71 1 0 1
9.76608 1.66488 2571.43 -2.63172 0.326871 178.634 9.96515 13 72 1 0 1
7.21204 0.508825 2571.43 -1.38184 -0.552129 180.819 9.93427 13 73 1 0 1
8.82963 0.155164 2571.43 -1.69833 0.180889 181.412 9.92599 13 74 1 0 1
7.04336 0.348497 2571.43 -2.00866 -0.4787 179.791 9.94869 13 75 1 0 1
7.77333 0.0146829 2571.43 -1.74202 0.140929 177.726 9.97853 13 76 1 0 1
9.16283 -0.0832258 2571.43 -1.55998 0.345702 180.797 9.93458 13 77 1 0 1
2.94185 0.746514 2571.43 -1.62655 0.102265 181.324 9.92722 13 78 1 0 1
2.21176 -0.743981 2571.43 -1.80773 -0.887325 179.301 9.95567 13 79 1 0 1
1.95626 -0.706094 2571.43 -0.826664 0.369651 180.316 9.9414 13 80 1 0 1
12.8481 -0.488269 2571.43 -2.60498 -0.0527662 182.96 9.90466 13 81 1 0 1
11.1324 0.726757 2571.43 -2.02958 -0.826144 181.3 9.92747 13 82 1 0 1
6.58227 -1.09276 2571.43 -0.957846 0.401194 179.615 9.95132 13 83 1 0 1
16.8983 0.0439374 2571.43 -3.29844 -0.174793 184.642 9.88203 13 84 1 0 1
6.33298 -0.550944 2571.43 -0.988884 0.741566 177.895 9.97612 13 85 1 0 1
8.03251 -1.28442 2571.43 -1.64369 0.818123 180.034 9.94527 13 86 1 0 1
10.5076 -0.160882 2571.43 -2.10964 0.154065 179.549 9.95211 13 87 1 0 1
9.2438 0.345571 2571.43 -2.58559 -0.474582 177.345 9.98396 13 88 1 0 1
4.80457 -0.0963948 2571.43 -2.10538 -0.560156 181.006 9.93156 13 89 1 0 1
6.91512 -0.743323 2571.43 -1.69381 -1.20077 180.917 9.93283 13 90 1 0 1
10.7828 1.6276 2571.43 -2.90987 -0.0327748 181.382 9.92621 13 91 1 0 1
9.79173 -0.499161 2571.43 -3.11345 -0.0764005 176.801 9.99191 13 92 1 0 1
0.187768 1.52548 2571.43 -0.57476 -0.39764 180.056 9.94508 13 93 1 0 1
8.37005 -1.64959 2571.43 -1.60117 0.45244 182.088 9.91668 13 94 1 0 1
2.2705 1.49185 2571.43 -0.767058 -0.74646 179.85 9.94796 13 95 1 0 1
7.43066 1.91981 2571.43 -1.44097 -1.14043 179.949 9.94648 13 96 1 0 1
6.35997 0.671755 2571.43 -1.60992 -0.00277569 181.255 9.92819 13 97 1 0 1
8.44813 0.519808 2571.43 -1.90753 -0.490389 175.09 10.0179 13 98 1 0 1
3.68672 0.669553 2571.43 -0.81919 -1.16536 180.26 9.94214 13 99 1 0 1
2.13951 -0.21074 2571.43 -0.614419 -0.269567 181.1 9.93042 13 100 1 0 1
6.72421 0.13508 2571.43 -1.96537 -0.107315 181.311 9.92736 13 101 1 0 1
7.9691 1.06609 2571.43 -2.15312 -1.00706 178.651 9.96495 13 102 1 0 1
3.15264 0.184839 2571.43 -0.777395 -0.384347 180.94 9.93265 13 103 1 0 1
6.68237 -0.74427 2571.43 -0.356007 -0.312728 180.218 9.94279 13 104 1 0 1
10.2458 0.211057 2571.43 -3.53231 -0.593693 181.049 9.93066 13 105 1 0 1
15.7619 -1.35417 2571.43 -3.44756 0.9426 181.67 9.92205 13 106 1 0 1
8.98128 0.620127 2571.43 -2.14098 0.459955 182.113 9.91626 13 107 1 0 1
3.64515 -0.992594 2571.43 -0.702852 1.63756 180.026 9.94539 13 108 1 0 1
11.4101 0.232984 2571.43 -2.59097 -0.637548 181.028 9.93117 13 109 1 0 1
9.44668 -2.37149 2571.43 -2.52979 1.24184 180.011 9.94542 13 110 1 0 1
7.99818 -0.196015 2571.43 -2.04261 1.13265 181.198 9.92887 13 111 1 0 1
5.19145 -1.51739 2571.43 -1.52455 0.470083 179.975 9.94615 13 112 1 0 1
5.10259 -0.232733 2571.43 -0.764116 -0.0574342 182.74 9.90787 13 113 1 0 1
11.0706 -1.27316 2571.43 -2.79329 1.7618 181.385 9.92607 13 114 1 0 1
4.85624 -0.523509 2571.43 -1.13966 -1.46701 182.449 9.91172 13 115 1 0 1
2.20431 -0.0833525 2571.43 -1.24621 -1.3058 179.164 9.95768 13 116 1 0 1
6.86001 0.97917 2571.43 -1.71334 -0.0273976 180.035 9.94527 13 117 1 0 1
1.99578 -0.563562 2571.43 -0.487483 0.207832 179.582 9.95181 13 118 1 0 1
4.017 -1.04239 2571.43 -0.838278 -0.468736 181.379 9.92653 13 119 1 0 1
6.5974 1.17619 2571.43 -1.72631 -0.480015 179.356 9.95493 13 120 1 0 1
8.48366 -2.07492 2571.43 -1.65594 0.307293 178.723 9.96403 13 121 1 0 1
8.41232 1.4756 2571.43 -0.514111 -1.40062 180.299 9.94158 13 122 1 0 1
7.93315 -0.173977 2571.43 -1.59739 -0.204877 180.088 9.94454 13 123 1 0 1
9.20347 0.494209 2571.43 -3.00213 -0.670456 178.116 9.97256 13 124 1 0 1
3.70301 -0.170404 2571.43 -0.530739 -0.539832 181.341 9.92707 13 125 1 0 1
8.52282 1.23886 2571.43 -1.67981 0.00456818 179.938 9.94666 13 126 1 0 1
8.62541 -0.572395 2571.43 -2.20216 -0.120155 178.406 9.96854 13 127 1 0 1
10.286 0.18574 2571.43 -1.40183 -0.43277 179.723 9.94973 13 128 1 0 1
12.8896 0.0788005 2571.43 -2.76631 0.728648 179.948 9.9463 13 129 1 0 1
6.43645 -1.55513 2571.43 -2.30638 1.03074 176.833 9.99156 13 130 1 0 1
9.83599 -0.556504 2571.43 -2.26303 0.316495 177.287 9.98489 13 131 1 0 1
7.062 1.17681 2571.43 -0.845457 -0.373566 177.55 9.9812 13 132 1 0 1
2.94599 -1.30141 2571.43 -0.502198 1.2733 180.437 9.93965 13 133 1 0 1
15.0423 -0.0678003 2571.43 -3.69246 -0.550777 180.949 9.93201 13 134 1 0 1
3.06605 -0.369186 2571.43 -1.2634 0.20525 177.643 9.9798 13 135 1 0 1
6.25403 -0.158097 2571.43 -1.68878 0.358957 179.837 9.94808 13 136 1 0 1
6.37034 -0.466197 2571.43 -0.927203 1.09612 181.517 9.92457 13 137 1 0 1
4.50725 -1.68592 2571.43 -0.983111 0.481372 179.308 9.95569 13 138 1 0 1
7.02219 0.82007 2571.43 -1.48531 -1.14024 178.774 9.96328 13 139 1 0 1
8.07834 1.06766 2571.43 -2.4036 -1.51976 180.447 9.93927 13 140 1 0 1
5.59774 0.659474 2571.43 -0.830326 -0.173606 180.858 9.93379 13 141 1 0 1
1.2755 -0.699728 2571.43 -0.626795 -0.0667982 179.706 9.95005 13 142 1 0 1
8.04787 -1.56165 2571.43 -2.13882 0.130179 178.752 9.96355 13 143 1 0 1
15.4685 -0.154747 2571.43 -3.87032 0.00273666 181.803 9.92014 13 144 1 0 1
1.87936 -1.00361 2571.43 -1.48479 0.418815 181.116 9.93013 13 145 1 0 1
16.7727 -0.919837 2571.43 -3.71685 0.139058 180.626 9.93654 13 146 1 0 1
12.6904 3.09511 2571.43 -3.52615 -0.0811228 181.428 9.92541 13 147 1 0 1
6.24852 -1.19341 2571.43 -0.954045 1.64551 179.532 9.9524 13 148 1 0 1
5.06017 -0.184965 2571.43 -1.56734 -0.521253 180.059 9.94495 13 149 1 0 1
7.37481 -0.922558 2571.43 -1.75757 0.669469 179.735 9.94951 13 150 1 0 1
6.00133 0.3352 2632.65 -1.67631 -0.164819 178.318 10.2073 13 1 1 0 1
6.46908 -1.00933 2632.65 -1.52014 0.298725 180.441 10.1762 13 2 1 0 1
7.95774 -0.241506 2632.65 -2.52657 -1.33312 180.889 10.1696 13 3 1 0 1
7.2738 1.27057 2632.65 -3.30282 -1.32553 179.122 10.195 13 4 1 0 1
7.53837 0.395412 2632.65 -2.51065 0.427959 180.538 10.1747 13 5 1 0 1
7.49328 -0.978616 2632.65 -2.8593 1.33764 182.127 10.152 13 6 1 0 1
4.12224 0.191699 2632.65 -1.77183 -0.266641 181.129 10.1663 13 7 1 0 1
7.13199 0.724875 2632.65 -2.62117 -0.738716 182.177 10.1514 13 8 1 0 1
4.04448 1.14646 2632.65 -1.19574 0.380021 180.083 10.1814 13 9 1 0 1
9.74625 0.184875 2632.65 -4.27251 -0.245383 178.478 10.2043 13 10 1 0 1
8.15913 -0.277163 2632.65 -2.73402 -1.17628 181.18 10.1654 13 11 1 0 1
10.4514 -0.208004 2632.65 -2.6105 0.275114 177.642 10.2172 13 12 1 0 1
8.24623 1.21223 2632.65 -3.01641 -0.309976 178.233 10.2083 13 13 1 0 1
5.52307 1.83984 2632.65 -1.11097 -1.5422 180.421 10.1765 13 14 1 0 1
11.6126 2.70636 2632.65 -3.51159 -1.40688 180.604 10.1734 13 15 1 0 1
3.53416 -1.22693 2632.65 -1.77881 0.728545 180.273 10.1786 13 16 1 0 1
7.605 -0.995675 2632.65 -2.27306 1.22991 180.915 10.1693 13 17 1 0 1
7.50152 -1.19096 2632.65 -3.34334 0.974437 180.92 10.169 13 18 1 0 1
-0.260493 1.29894 2632.65 -0.261566 0.713007 179.667 10.1875 13 19 1 0 1
9.18979 -0.943156 2632.65 -3.73372 1.23622 179.687 10.1866 13 20 1 0 1
7.98219 -1.01313 2632.65 -2.25215 0.0572432 178.795 10.2001 13 21 1 0 1
5.76986 0.743625 2632.65 -1.33761 0.0492415 181.699 10.1583 13 22 1 0 1
11.1262 0.519595 2632.65 -3.89462 -1.07023 179.686 10.1866 13 23 1 0 1
6.3512 -0.774841 2632.65 -1.30024 -0.830207 177.71 10.2164 13 24 1 0 1
4.32437 -1.06407 2632.65 -1.07867 0.856076 180.616 10.1737 13 25 1 0 1
7.11171 -0.0182752 2632.65 -2.26014 0.455509 180.485 10.1755 13 26 1 0 1
8.44077 -0.706965 2632.65 -2.82958 0.58952 183.596 10.1316 13 27 1 0 1
7.39381 0.12041 2632.65 -2.68939 -0.292815 181.643 10.1589 13 28 1 0 1
5.66801 1.65031 2632.65 -1.63279 1.49713 177.963 10.2125 13 29 1 0 1
7.57915 0.298046 2632.65 -2.28754 0.201026 181.165 10.1658 13 30 1 0 1
7.20175 -1.01555 2632.65 -2.63862 1.8734 178.973 10.1973 13 31 1 0 1
6.11187 2.34683 2632.65 -2.12231 0.0372586 179.111 10.1955 13 32 1 0 1
9.23176 -0.794268 2632.65 -3.70647 -0.0829026 181.503 10.1606 13 33 1 0 1
10.5235 0.394606 2632.65 -4.41881 -0.266401 181.068 10.1666 13 34 1 0 1
8.67748 0.916308 2632.65 -4.35263 0.900824 181.175 10.165 13 35 1 0 1
1.76221 -0.222804 2632.65 -0.483696 0.938307 180.341 10.1777 13 36 1 0 1
9.25373 -1.2827 2632.65 -2.99495 -0.118778 181.863 10.1557 13 37 1 0 1
7.09732 -0.444394 2632.65 -0.82452 -0.920994 179.517 10.1897 13 38 1 0 1
7.3808 -0.610239 2632.65 -2.00809 0.150759 177.239 10.2234 13 39 1 0 1
1.9451 1.15863 2632.65 -0.297546 -0.708163 177.352 10.2218 13 40 1 0 1
11.1238 0.368489 2632.65 -3.24641 1.17845 179.969 10.1827 13 41 1 0 1
3.2389 0.293822 2632.65 -0.654412 1.28765 182.803 10.1428 13 42 1 0 1
9.70564 -0.622426 2632.65 -3.28413 -1.58079 179.79 10.1852 13 43 1 0 1
4.802 -1.39883 2632.65 -1.34534 0.269542 178.158 10.2097 13 44 1 0 1
11.1016 -0.271603 2632.65 -2.81173 1.1298 178.635 10.2023 13 45 1 0 1
9.96593 -1.25199 2632.65 -3.20379 0.051625 179.497 10.1896 13 46 1 0 1
-1.185 -0.155303 2632.65 0.177645 -1.47656 180.565 10.1745 13 47 1 0 1
4.55095 -0.311489 2632.65 -1.52109 0.655484 182.38 10.1487 13 48 1 0 1
6.92869 -1.81133 2632.65 -1.6952 1.1048 178.779 10.2004 13 49 1 0 1
8.42316 1.99287 2632.65 -3.83783 -0.791026 181.882 10.1552 13 50 1 0 1
2.51281 0.0807615 2632.65 -0.828067 -0.148134 178.933 10.1983 13 51 1 0 1
8.30658 -0.466175 2632.65 -1.7651 0.0178922 181.792 10.1569 13 52 1 0 1
5.22376 -0.753489 2632.65 -2.36842 -0.459457 177.02 10.2266 13 53 1 0 1
5.15041 -0.238917 2632.65 -1.14944 0.623037 181.445 10.1619 13 54 1 0 1
6.46183 1.00387 2632.65 -2.79611 -1.21051 181.635 10.1589 13 55 1 0 1
4.21301 1.5334 2632.65 -1.87766 -0.552151 179.778 10.1858 13 56 1 0 1
2.8904 0.41217 2632.65 -0.745466 -1.83921 178.834 10.1996 13 57 1 0 1
0.585726 1.98412 2632.65 0.203291 -0.143017 178.425 10.2058 13 58 1 0 1
7.2656 -0.86672 2632.65 -2.65721 0.58853 181.179 10.1655 13 59 1 0 1
8.36157 -0.578568 2632.65 -1.97467 0.489909 176.237 10.2387 13 60 1 0 1
10.2181 0.487772 2632.65 -2.69135 -0.220889 183.473 10.1334 13 61 1 0 1
1.04964 0.0811276 2632.65 -0.0883892 1.93295 181.231 10.1649 13 62 1 0 1
12.6843 -0.934886 2632.65 -4.19596 0.405324 178.32 10.2066 13 63 1 0 1
6.42905 -0.212511 2632.65 -1.94874 0.643574 179.637 10.1878 13 64 1 0 1
3.03183 -0.348259 2632.65 -1.18335 0.686339 178.459 10.2052 13 65 1 0 1
5.25723 -0.878216 2632.65 -0.258144 0.84637 175.331 10.2528 13 66 1 0 1
8.86288 -0.858841 2632.65 -2.64749 1.29896 179.854 10.1845 13 67 1 0 1
7.21317 -0.580221 2632.65 -3.41301 0.789891 178.702 10.2012 13 68 1 0 1
11.8987 0.979877 2632.65 -2.92662 -1.07571 180.497 10.1751 13 69 1 0 1
6.94557 -1.52421 2632.65 -2.52743 -0.835495 181.848 10.156 13 70 1 0 1
1.90867 -1.34357 2632.65 -1.39015 1.32063 183.268 10.1363 13 71 1 0 1
8.74276 1.76721 2632.65 -3.3267 0.269629 178.622 10.2024 13 72 1 0 1
6.65371 0.31933 2632.65 -1.90896 -0.566091 180.814 10.1708 13 73 1 0 1
8.14573 0.215211 2632.65 -2.34576 0.174611 181.405 10.1623 13 74 1 0 1
6.27199 0.183807 2632.65 -2.51194 -0.487615 179.785 10.1856 13 75 1 0 1
7.07616 0.0630552 2632.65 -2.29685 0.139635 177.72 10.2161 13 76 1 0 1
8.51937 0.0340939 2632.65 -2.23208 0.346518 180.789 10.1711 13 77 1 0 1
2.35729 0.776721 2632.65 -1.82857 0.0764842 181.323 10.1636 13 78 1 0 1
1.56878 -1.04215 2632.65 -1.95024 -0.857427 179.3 10.1927 13 79 1 0 1
1.6517 -0.576794 2632.65 -0.963451 0.391241 180.315 10.1781 13 80 1 0 1
11.8155 -0.503108 2632.65 -3.55347 -0.035833 182.944 10.1405 13 81 1 0 1
10.3072 0.444157 2632.65 -2.8467 -0.845907 181.289 10.1638 13 82 1 0 1
6.17279 -0.950036 2632.65 -1.43953 0.435434 179.611 10.1883 13 83 1 0 1
15.5927 -0.0141619 2632.65 -4.55919 -0.175281 184.615 10.1173 13 84 1 0 1
5.91292 -0.293069 2632.65 -1.44691 0.755567 177.892 10.2136 13 85 1 0 1
7.37297 -0.9994 2632.65 -2.22678 0.85647 180.028 10.1821 13 86 1 0 1
9.65663 -0.10753 2632.65 -2.87072 0.158554 179.539 10.1891 13 87 1 0 1
8.23651 0.180073 2632.65 -3.23722 -0.483254 177.335 10.2217 13 88 1 0 1
4.0339 -0.284954 2632.65 -2.44171 -0.5537 181.002 10.168 13 89 1 0 1
6.25573 -1.14467 2632.65 -2.19477 -1.16886 180.912 10.1693 13 90 1 0 1
9.66661 1.60728 2632.65 -3.68948 -0.0875344 181.367 10.1625 13 91 1 0 1
8.59267 -0.522721 2632.65 -3.7966 -0.0595324 176.788 10.2298 13 92 1 0 1
-0.00923953 1.38183 2632.65 -0.581519 -0.4465 180.055 10.1819 13 93 1 0 1
7.7267 -1.48834 2632.65 -2.21738 0.505754 182.082 10.1528 13 94 1 0 1
1.98139 1.22971 2632.65 -0.927843 -0.792143 179.85 10.1848 13 95 1 0 1
6.84724 1.52159 2632.65 -1.98113 -1.1982 179.944 10.1833 13 96 1 0 1
5.73697 0.666988 2632.65 -2.0709 -0.0254241 181.25 10.1646 13 97 1 0 1
7.67568 0.345693 2632.65 -2.50102 -0.504512 175.083 10.2565 13 98 1 0 1
3.36242 0.270677 2632.65 -1.08636 -1.18117 180.258 10.1789 13 99 1 0 1
1.90526 -0.300497 2632.65 -0.768436 -0.260924 181.1 10.1669 13 100 1 0 1
5.9772 0.0981403 2632.65 -2.44951 -0.111259 181.305 10.1637 13 101 1 0 1
7.13222 0.715539 2632.65 -2.72026 -1.03672 178.644 10.2022 13 102 1 0 1
2.85031 0.0539811 2632.65 -1.00577 -0.388378 180.939 10.1691 13 103 1 0 1
6.47629 -0.846065 2632.65 -0.854624 -0.285974 180.217 10.1795 13 104 1 0 1
8.92511 0.00946891 2632.65 -4.26174 -0.597368 181.033 10.1671 13 105 1 0 1
14.403 -1.02939 2632.65 -4.59917 0.982879 181.644 10.1583 13 106 1 0 1
8.14946 0.770927 2632.65 -2.79681 0.436288 182.104 10.1524 13 107 1 0 1
3.36042 -0.431082 2632.65 -0.968025 1.66147 180.025 10.1822 13 108 1 0 1
10.3913 0.0164436 2632.65 -3.42055 -0.641714 181.014 10.1676 13 109 1 0 1
8.46885 -1.9364 2632.65 -3.20768 1.31414 179.999 10.1822 13 110 1 0 1
7.20844 0.187083 2632.65 -2.62187 1.13276 181.191 10.1653 13 111 1 0 1
4.6085 -1.34912 2632.65 -1.89536 0.518227 179.971 10.183 13 112 1 0 1
4.78228 -0.250611 2632.65 -1.14391 -0.0491894 182.738 10.1438 13 113 1 0 1
9.98988 -0.672347 2632.65 -3.59622 1.7946 181.37 10.1624 13 114 1 0 1
4.41319 -1.01187 2632.65 -1.49524 -1.44085 182.447 10.1477 13 115 1 0 1
1.75202 -0.528252 2632.65 -1.39525 -1.29557 179.163 10.1948 13 116 1 0 1
6.19192 0.964286 2632.65 -2.20735 -0.0600543 180.03 10.1821 13 117 1 0 1
1.80472 -0.489626 2632.65 -0.630987 0.225485 179.582 10.1888 13 118 1 0 1
3.68375 -1.19436 2632.65 -1.13196 -0.430864 181.378 10.1629 13 119 1 0 1
5.92606 1.00594 2632.65 -2.19853 -0.516531 179.35 10.192 13 120 1 0 1
7.81007 -1.95802 2632.65 -2.26815 0.374556 178.716 10.2013 13 121 1 0 1
8.13066 0.992478 2632.65 -1.14124 -1.44213 180.296 10.1783 13 122 1 0 1
7.29072 -0.242504 2632.65 -2.17378 -0.19787 180.082 10.1813 13 123 1 0 1
8.05798 0.261371 2632.65 -3.64834 -0.682971 178.104 10.21 13 124 1 0 1
3.47712 -0.351344 2632.65 -0.804508 -0.530998 181.34 10.1634 13 125 1 0 1
7.84446 1.23335 2632.65 -2.29897 -0.0369518 179.931 10.1835 13 126 1 0 1
7.76236 -0.610286 2632.65 -2.81677 -0.100456 178.397 10.2059 13 127 1 0 1
9.67867 0.0375332 2632.65 -2.15619 -0.436497 179.716 10.1866 13 128 1 0 1
11.7872 0.32579 2632.65 -3.69965 0.721786 179.931 10.1831 13 129 1 0 1
5.55883 -1.19007 2632.65 -2.75228 1.07601 176.827 10.2295 13 130 1 0 1
8.93174 -0.444239 2632.65 -2.96246 0.333035 177.277 10.2226 13 131 1 0 1
6.68119 1.04153 2632.65 -1.3585 -0.410321 177.547 10.2188 13 132 1 0 1
2.73856 -0.862764 2632.65 -0.717862 1.30975 180.436 10.1763 13 133 1 0 1
13.6055 -0.253416 2632.65 -4.78175 -0.545275 180.923 10.1685 13 134 1 0 1
2.59319 -0.296476 2632.65 -1.47477 0.216285 177.641 10.2174 13 135 1 0 1
5.60139 -0.0352234 2632.65 -2.13701 0.362192 179.832 10.1849 13 136 1 0 1
5.97728 -0.094526 2632.65 -1.39844 1.10561 181.514 10.1609 13 137 1 0 1
4.11523 -1.51225 2632.65 -1.30818 0.534891 179.306 10.1927 13 138 1 0 1
6.42568 0.425638 2632.65 -1.99076 -1.16099 178.769 10.2005 13 139 1 0 1
7.16275 0.546902 2632.65 -2.98172 -1.54688 180.438 10.1759 13 140 1 0 1
5.24611 0.597055 2632.65 -1.24268 -0.194815 180.856 10.1703 13 141 1 0 1
1.04652 -0.718451 2632.65 -0.714532 -0.0430102 179.706 10.187 13 142 1 0 1
7.21527 -1.50824 2632.65 -2.71236 0.18139 178.744 10.2008 13 143 1 0 1
13.9724 -0.152945 2632.65 -4.99499 0.00795677 181.775 10.1563 13 144 1 0 1
1.3555 -0.856582 2632.65 -1.60797 0.450259 181.115 10.1666 13 145 1 0 1
15.3032 -0.867545 2632.65 -4.93426 0.169165 180.596 10.1731 13 146 1 0 1
11.3429 3.05014 2632.65 -4.44247 -0.185168 181.408 10.1617 13 147 1 0 1
5.84446 -0.626513 2632.65 -1.41052 1.67597 179.528 10.1894 13 148 1 0 1
4.46465 -0.360812 2632.65 -1.92791 -0.51207 180.055 10.1817 13 149 1 0 1
6.68415 -0.689684 2632.65 -2.2888 0.696493 179.729 10.1864 13 150 1 0 1
5.35131 0.276806 2693.88 -2.10191 -0.175001 178.313 10.4447 13 1 1 0 1
5.87257 -0.902412 2693.88 -1.98833 0.330915 180.437 10.4129 13 2 1 0 1
7.00424 -0.690485 2693.88 -3.09549 -1.31733 180.88 10.4061 13 3 1 0 1
6.05648 0.81111 2693.88 -3.80465 -1.36026 179.112 10.4321 13 4 1 0 1
6.59396 0.538011 2693.88 -3.04698 0.412211 180.529 10.4113 13 5 1 0 1
6.44015 -0.524225 2693.88 -3.3927 1.36311 182.118 10.3881 13 6 1 0 1
3.47305 0.100648 2693.88 -2.06106 -0.271579 181.126 10.4028 13 7 1 0 1
6.16343 0.472952 2693.88 -3.13032 -0.759051 182.169 10.3874 13 8 1 0 1
3.58784 1.26887 2693.88 -1.48472 0.339418 180.081 10.4182 13 9 1 0 1
8.16195 0.0998057 2693.88 -4.94408 -0.250101 178.46 10.4416 13 10 1 0 1
7.13462 -0.672314 2693.88 -3.31647 -1.16016 181.171 10.4018 13 11 1 0 1
9.4216 -0.11218 2693.88 -3.35255 0.280403 177.63 10.4548 13 12 1 0 1
7.1088 1.09904 2693.88 -3.59163 -0.348406 178.222 10.4457 13 13 1 0 1
5.07688 1.30701 2693.88 -1.51306 -1.59516 180.417 10.4131 13 14 1 0 1
10.2784 2.21489 2693.88 -4.34243 -1.48969 180.585 10.41 13 15 1 0 1
2.88732 -0.972971 2693.88 -2.02219 0.76555 180.27 10.4153 13 16 1 0 1
6.74157 -0.574567 2693.88 -2.81868 1.25637 180.907 10.4058 13 17 1 0 1
6.27879 -0.855043 2693.88 -3.86733 1.00893 180.909 10.4055 13 18 1 0 1
-0.345905 1.53403 2693.88 -0.238658 0.665499 179.667 10.4244 13 19 1 0 1
7.80524 -0.517363 2693.88 -4.37546 1.26061 179.672 10.4235 13 20 1 0 1
7.11197 -0.987782 2693.88 -2.81948 0.0906314 178.787 10.4373 13 21 1 0 1
5.24711 0.755944 2693.88 -1.75848 0.023809 181.695 10.3946 13 22 1 0 1
9.66224 0.152666 2693.88 -4.67955 -1.08139 179.668 10.4235 13 23 1 0 1
5.82375 -1.0559 2693.88 -1.75513 -0.799823 177.707 10.454 13 24 1 0 1
3.90485 -0.768368 2693.88 -1.39118 0.886957 180.614 10.4103 13 25 1 0 1
6.25714 0.136054 2693.88 -2.76737 0.453507 180.478 10.4121 13 26 1 0 1
7.39302 -0.506717 2693.88 -3.44063 0.610284 183.586 10.3673 13 27 1 0 1
6.39642 0.021215 2693.88 -3.21592 -0.295202 181.634 10.3951 13 28 1 0 1
5.03603 2.15497 2693.88 -2.03328 1.43389 177.96 10.45 13 29 1 0 1
6.71223 0.364153 2693.88 -2.83181 0.189821 181.157 10.4022 13 30 1 0 1
6.21065 -0.370113 2693.88 -3.1432 1.89646 178.965 10.4344 13 31 1 0 1
5.31117 2.34616 2693.88 -2.55243 -0.0411978 179.105 10.4326 13 32 1 0 1
7.86851 -0.817649 2693.88 -4.35873 -0.0555902 181.489 10.3969 13 33 1 0 1
8.90088 0.302448 2693.88 -5.15778 -0.278152 181.048 10.403 13 34 1 0 1
7.10166 1.21492 2693.88 -4.95331 0.864711 181.16 10.4014 13 35 1 0 1
1.57611 0.0964098 2693.88 -0.610281 0.940432 180.341 10.4144 13 36 1 0 1
8.13117 -1.3153 2693.88 -3.65949 -0.0746725 181.85 10.3919 13 37 1 0 1
6.72634 -0.755367 2693.88 -1.34628 -0.900876 179.514 10.4266 13 38 1 0 1
6.59549 -0.55478 2693.88 -2.52885 0.170026 177.233 10.4612 13 39 1 0 1
1.81789 0.908018 2693.88 -0.43787 -0.742372 177.352 10.4596 13 40 1 0 1
9.88157 0.766529 2693.88 -4.04091 1.15928 179.953 10.4195 13 41 1 0 1
2.97914 0.722586 2693.88 -0.893409 1.2703 182.802 10.3787 13 42 1 0 1
8.46766 -1.15616 2693.88 -3.97084 -1.55082 179.776 10.4221 13 43 1 0 1
4.28009 -1.2984 2693.88 -1.68553 0.31439 178.155 10.4471 13 44 1 0 1
9.99975 0.116432 2693.88 -3.60402 1.1323 178.621 10.4396 13 45 1 0 1
8.75008 -1.22727 2693.88 -3.90985 0.0931554 179.483 10.4266 13 46 1 0 1
-1.10983 -0.654127 2693.88 0.26477 -1.46292 180.565 10.4111 13 47 1 0 1
3.98418 -0.0900869 2693.88 -1.84836 0.662309 182.377 10.3847 13 48 1 0 1
6.26182 -1.42337 2693.88 -2.19097 1.15875 178.774 10.4376 13 49 1 0 1
7.02883 1.71574 2693.88 -4.42843 -0.853921 181.868 10.3914 13 50 1 0 1
2.19848 0.0297111 2693.88 -1.00532 -0.149979 178.932 10.4354 13 51 1 0 1
7.60819 -0.457502 2693.88 -2.37334 0.0335642 181.785 10.3931 13 52 1 0 1
4.34116 -0.907797 2693.88 -2.72435 -0.431995 177.015 10.4645 13 53 1 0 1
4.6982 -0.0277239 2693.88 -1.52516 0.627544 181.442 10.3982 13 54 1 0 1
5.44053 0.590886 2693.88 -3.25054 -1.23749 181.628 10.3952 13 55 1 0 1
3.5223 1.33698 2693.88 -2.17002 -0.600305 179.775 10.4226 13 56 1 0 1
2.59923 -0.218644 2693.88 -0.951883 -1.84243 178.833 10.4368 13 57 1 0 1
0.647677 1.92383 2693.88 0.157018 -0.2081 178.425 10.4432 13 58 1 0 1
6.27837 -0.663277 2693.88 -3.17303 0.614375 181.17 10.4019 13 59 1 0 1
7.57133 -0.405398 2693.88 -2.56497 0.506073 176.229 10.4768 13 60 1 0 1
9.19284 0.41142 2693.88 -3.43994 -0.236272 183.46 10.369 13 61 1 0 1
1.00646 0.732422 2693.88 -0.166739 1.91919 181.231 10.4013 13 62 1 0 1
11.0873 -0.790654 2693.88 -5.08659 0.433987 178.297 10.444 13 63 1 0 1
5.6853 0.0076291 2693.88 -2.40624 0.64699 179.631 10.4247 13 64 1 0 1
2.58873 -0.111257 2693.88 -1.39424 0.693987 178.458 10.4425 13 65 1 0 1
5.10008 -0.578221 2693.88 -0.639969 0.8702 175.329 10.4913 13 66 1 0 1
7.8519 -0.412601 2693.88 -3.27939 1.32023 179.844 10.4213 13 67 1 0 1
5.95639 -0.306804 2693.88 -3.90763 0.804641 178.692 10.4384 13 68 1 0 1
10.7577 0.610103 2693.88 -3.78614 -1.1024 180.481 10.4118 13 69 1 0 1
6.00924 -1.79628 2693.88 -3.02265 -0.779103 181.841 10.3922 13 70 1 0 1
1.42178 -0.895559 2693.88 -1.51848 1.35892 183.266 10.3721 13 71 1 0 1
7.49531 1.84937 2693.88 -3.9363 0.209317 178.61 10.4397 13 72 1 0 1
5.92481 0.126192 2693.88 -2.38711 -0.573592 180.809 10.4073 13 73 1 0 1
7.25301 0.272803 2693.88 -2.93297 0.16634 181.397 10.3987 13 74 1 0 1
5.33983 0.0170203 2693.88 -2.95078 -0.490967 179.778 10.4224 13 75 1 0 1
6.19757 0.110708 2693.88 -2.79275 0.136747 177.713 10.4537 13 76 1 0 1
7.65751 0.151025 2693.88 -2.84688 0.343377 180.781 10.4077 13 77 1 0 1
1.71228 0.798067 2693.88 -1.9837 0.0498313 181.321 10.3999 13 78 1 0 1
0.885578 -1.32843 2693.88 -2.04276 -0.81775 179.299 10.4298 13 79 1 0 1
1.3048 -0.440914 2693.88 -1.07554 0.408368 180.314 10.4148 13 80 1 0 1
10.4799 -0.512208 2693.88 -4.41065 -0.0184938 182.925 10.3763 13 81 1 0 1
9.21785 0.15649 2693.88 -3.5907 -0.856008 181.276 10.4002 13 82 1 0 1
5.60507 -0.796472 2693.88 -1.88429 0.464703 179.607 10.4252 13 83 1 0 1
13.8873 -0.0720996 2693.88 -5.70255 -0.173765 184.583 10.3526 13 84 1 0 1
5.34128 -0.0318505 2693.88 -1.86783 0.760945 177.888 10.4512 13 85 1 0 1
6.52441 -0.702983 2693.88 -2.75273 0.88504 180.021 10.4189 13 86 1 0 1
8.55809 -0.0529506 2693.88 -3.55809 0.161232 179.527 10.426 13 87 1 0 1
7.01807 0.0125208 2693.88 -3.80578 -0.486411 177.323 10.4594 13 88 1 0 1
3.15981 -0.470264 2693.88 -2.71543 -0.54093 180.998 10.4045 13 89 1 0 1
5.43596 -1.53295 2693.88 -2.63943 -1.12361 180.906 10.4058 13 90 1 0 1
8.30256 1.56862 2693.88 -4.37437 -0.141286 181.352 10.3989 13 91 1 0 1
7.17332 -0.540317 2693.88 -4.38232 -0.0419879 176.774 10.4677 13 92 1 0 1
-0.20601 1.22241 2693.88 -0.573369 -0.490267 180.055 10.4187 13 93 1 0 1
6.88526 -1.31012 2693.88 -2.77668 0.553291 182.074 10.3889 13 94 1 0 1
1.64148 0.953552 2693.88 -1.06484 -0.828789 179.849 10.4217 13 95 1 0 1
6.08829 1.10601 2693.88 -2.47047 -1.24229 179.937 10.4201 13 96 1 0 1
4.96689 0.654612 2693.88 -2.47875 -0.0477813 181.245 10.401 13 97 1 0 1
6.70645 0.167634 2693.88 -3.03033 -0.512876 175.074 10.495 13 98 1 0 1
2.95192 -0.131287 2693.88 -1.32567 -1.18351 180.257 10.4156 13 99 1 0 1
1.62216 -0.386827 2693.88 -0.902753 -0.249305 181.099 10.4033 13 100 1 0 1
5.07695 0.0600814 2693.88 -2.87082 -0.113932 181.299 10.4001 13 101 1 0 1
6.1125 0.356829 2693.88 -3.21761 -1.05455 178.635 10.4395 13 102 1 0 1
2.4749 -0.0774928 2693.88 -1.20836 -0.387978 180.937 10.4056 13 103 1 0 1
6.10417 -0.938207 2693.88 -1.33131 -0.255956 180.214 10.4163 13 104 1 0 1
7.37557 -0.192227 2693.88 -4.88179 -0.594228 181.018 10.4035 13 105 1 0 1
12.6748 -0.692859 2693.88 -5.63245 1.01192 181.615 10.3945 13 106 1 0 1
7.10872 0.912933 2693.88 -3.38086 0.407645 182.095 10.3885 13 107 1 0 1
2.98953 0.135349 2693.88 -1.20838 1.66642 180.023 10.419 13 108 1 0 1
9.10611 -0.200284 2693.88 -4.16228 -0.638553 180.999 10.4041 13 109 1 0 1
7.2739 -1.47922 2693.88 -3.80325 1.37143 179.987 10.419 13 110 1 0 1
6.2339 0.568047 2693.88 -3.13385 1.11994 181.183 10.4017 13 111 1 0 1
3.9074 -1.16547 2693.88 -2.21756 0.560456 179.967 10.4198 13 112 1 0 1
4.33936 -0.265631 2693.88 -1.49437 -0.0403835 182.735 10.3797 13 113 1 0 1
8.65305 -0.0638688 2693.88 -4.3068 1.8069 181.355 10.3987 13 114 1 0 1
3.857 -1.48869 2693.88 -1.81248 -1.39825 182.444 10.3837 13 115 1 0 1
1.25481 -0.967126 2693.88 -1.50851 -1.27056 179.162 10.4319 13 116 1 0 1
5.36508 0.938401 2693.88 -2.64474 -0.0920237 180.024 10.4189 13 117 1 0 1
1.56738 -0.410106 2693.88 -0.758313 0.240565 179.581 10.4257 13 118 1 0 1
3.25608 -1.33271 2693.88 -1.39661 -0.388078 181.376 10.3992 13 119 1 0 1
5.1028 0.824211 2693.88 -2.61435 -0.547151 179.345 10.429 13 120 1 0 1
6.93626 -1.81878 2693.88 -2.82216 0.437538 178.708 10.4385 13 121 1 0 1
7.64055 0.498035 2693.88 -1.73907 -1.46717 180.291 10.415 13 122 1 0 1
6.46138 -0.308265 2693.88 -2.69439 -0.188605 180.075 10.4181 13 123 1 0 1
6.70591 0.0255504 2693.88 -4.20095 -0.687694 178.092 10.4474 13 124 1 0 1
3.16209 -0.528276 2693.88 -1.05765 -0.516106 181.339 10.3998 13 125 1 0 1
6.96499 1.21376 2693.88 -2.85912 -0.0780466 179.923 10.4203 13 126 1 0 1
6.7003 -0.641215 2693.88 -3.35909 -0.0796127 178.388 10.4432 13 127 1 0 1
8.82319 -0.111101 2693.88 -2.85517 -0.435239 179.706 10.4235 13 128 1 0 1
10.3826 0.569064 2693.88 -4.53792 0.706682 179.912 10.4199 13 129 1 0 1
4.53871 -0.811427 2693.88 -3.12759 1.10901 176.82 10.4674 13 130 1 0 1
7.79851 -0.326907 2693.88 -3.58584 0.345773 177.265 10.4604 13 131 1 0 1
6.12909 0.894366 2693.88 -1.83668 -0.442392 177.543 10.4565 13 132 1 0 1
2.46092 -0.414272 2693.88 -0.91512 1.33124 180.435 10.413 13 133 1 0 1
11.8199 -0.436141 2693.88 -5.74807 -0.533547 180.895 10.405 13 134 1 0 1
2.05384 -0.220384 2693.88 -1.64832 0.224853 177.64 10.455 13 135 1 0 1
4.80515 0.0880526 2693.88 -2.53043 0.361295 179.827 10.4218 13 136 1 0 1
5.43099 0.278223 2693.88 -1.83381 1.10247 181.51 10.3972 13 137 1 0 1
3.61771 -1.32133 2693.88 -1.5997 0.582307 179.303 10.4298 13 138 1 0 1
5.66444 0.0263504 2693.88 -2.44513 -1.1685 178.763 10.4377 13 139 1 0 1
6.06353 0.0199085 2693.88 -3.48334 -1.55635 180.429 10.4126 13 140 1 0 1
4.75998 0.527824 2693.88 -1.62315 -0.2138 180.853 10.4068 13 141 1 0 1
0.790707 -0.728979 2693.88 -0.783952 -0.0187316 179.705 10.4239 13 142 1 0 1
6.1977 -1.43762 2693.88 -3.21631 0.230527 178.735 10.438 13 143 1 0 1
12.1181 -0.149397 2693.88 -5.9912 0.0130844 181.745 10.3925 13 144 1 0 1
0.796884 -0.699779 2693.88 -1.68993 0.476567 181.114 10.403 13 145 1 0 1
13.4414 -0.805357 2693.88 -6.02467 0.197328 180.563 10.4097 13 146 1 0 1
9.70464 2.97037 2693.88 -5.24467 -0.287076 181.386 10.398 13 147 1 0 1
5.29058 -0.0524704 2693.88 -1.83081 1.68731 179.525 10.4263 13 148 1 0 1
3.75467 -0.532543 2693.88 -2.23904 -0.497047 180.052 10.4185 13 149 1 0 1
5.82213 -0.448941 2693.88 -2.76132 0.715567 179.722 10.4233 13 150 1 0 1
4.5641 0.215254 2755.1 -2.4736 -0.183186 178.309 10.682 13 1 1 0 1
5.12551 -0.785194 2755.1 -2.40552 0.359327 180.432 10.6495 13 2 1 0 1
5.87118 -1.13159 2755.1 -3.585 -1.2865 180.871 10.6426 13 3 1 0 1
4.68389 0.342402 2755.1 -4.20893 -1.37947 179.103 10.6692 13 4 1 0 1
5.48051 0.674474 2755.1 -3.50515 0.391762 180.521 10.6479 13 5 1 0 1
5.22191 -0.0638539 2755.1 -3.83908 1.37304 182.109 10.6242 13 6 1 0 1
2.73483 0.00844875 2755.1 -2.29745 -0.273419 181.123 10.6392 13 7 1 0 1
5.03687 0.215633 2755.1 -3.55917 -0.770726 182.161 10.6235 13 8 1 0 1
3.03923 1.37681 2755.1 -1.73563 0.294945 180.079 10.655 13 9 1 0 1
6.36842 0.0135973 2755.1 -5.48882 -0.251967 178.444 10.6789 13 10 1 0 1
5.9272 -1.0598 2755.1 -3.81384 -1.13081 181.161 10.6382 13 11 1 0 1
8.15024 -0.0150756 2755.1 -4.00854 0.282492 177.616 10.6924 13 12 1 0 1
5.78912 0.973308 2755.1 -4.07472 -0.382857 178.211 10.6831 13 13 1 0 1
4.50055 0.75927 2755.1 -1.87634 -1.62992 180.414 10.6498 13 14 1 0 1
8.68074 1.69817 2755.1 -5.06178 -1.55548 180.566 10.6466 13 15 1 0 1
2.16645 -0.707915 2755.1 -2.21372 0.793823 180.268 10.652 13 16 1 0 1
5.70531 -0.146905 2755.1 -3.29199 1.2685 180.899 10.6422 13 17 1 0 1
4.8951 -0.509367 2755.1 -4.29214 1.03191 180.899 10.642 13 18 1 0 1
-0.42245 1.75163 2755.1 -0.209632 0.6104 179.668 10.6613 13 19 1 0 1
6.2206 -0.0856679 2755.1 -4.90496 1.27062 179.658 10.6604 13 20 1 0 1
6.05942 -0.951171 2755.1 -3.31446 0.122982 178.778 10.6745 13 21 1 0 1
4.58985 0.75964 2755.1 -2.13424 -0.00189415 181.691 10.6308 13 22 1 0 1
7.95058 -0.216005 2755.1 -5.34437 -1.08022 179.649 10.6604 13 23 1 0 1
5.147 -1.32491 2755.1 -2.165 -0.760313 177.702 10.6916 13 24 1 0 1
3.38524 -0.463896 2755.1 -1.66801 0.907719 180.611 10.6469 13 25 1 0 1
5.24216 0.288831 2755.1 -3.20362 0.446331 180.47 10.6488 13 26 1 0 1
6.15574 -0.300689 2755.1 -3.9634 0.624083 183.575 10.6029 13 27 1 0 1
5.23506 -0.0782224 2755.1 -3.65997 -0.294222 181.626 10.6314 13 28 1 0 1
4.27495 2.63505 2755.1 -2.38163 1.3543 177.956 10.6875 13 29 1 0 1
5.67324 0.426106 2755.1 -3.30344 0.17645 181.149 10.6386 13 30 1 0 1
5.06034 0.279549 2755.1 -3.56717 1.89788 178.957 10.6716 13 31 1 0 1
4.37431 2.31872 2755.1 -2.91709 -0.119179 179.1 10.6697 13 32 1 0 1
6.30354 -0.831703 2755.1 -4.89917 -0.0276481 181.475 10.6332 13 33 1 0 1
7.05006 0.20684 2755.1 -5.76442 -0.286729 181.03 10.6394 13 34 1 0 1
5.34377 1.49967 2755.1 -5.42698 0.818748 181.147 10.6378 13 35 1 0 1
1.34961 0.414524 2755.1 -0.72122 0.93183 180.34 10.6511 13 36 1 0 1
6.80015 -1.33289 2755.1 -4.23012 -0.0297209 181.838 10.6281 13 37 1 0 1
6.18293 -1.05772 2755.1 -1.83351 -0.870476 179.51 10.6636 13 38 1 0 1
5.6411 -0.492993 2755.1 -2.98474 0.187351 177.226 10.6989 13 39 1 0 1
1.64408 0.647049 2755.1 -0.566967 -0.768112 177.351 10.6973 13 40 1 0 1
8.38596 1.15582 2755.1 -4.73167 1.12689 179.936 10.6563 13 41 1 0 1
2.64301 1.14311 2755.1 -1.1095 1.23846 182.801 10.6146 13 42 1 0 1
7.01259 -1.67671 2755.1 -4.55566 -1.50317 179.763 10.6589 13 43 1 0 1
3.64846 -1.18315 2755.1 -1.9825 0.355649 178.152 10.6846 13 44 1 0 1
8.64153 0.503138 2755.1 -4.30376 1.12187 178.605 10.6768 13 45 1 0 1
7.30991 -1.18855 2755.1 -4.51558 0.133617 179.469 10.6635 13 46 1 0 1
-1.00621 -1.14549 2755.1 0.345109 -1.43259 180.565 10.6477 13 47 1 0 1
3.31526 0.132343 2755.1 -2.12824 0.661579 182.374 10.6207 13 48 1 0 1
5.43443 -1.01917 2755.1 -2.63054 1.19946 178.767 10.6748 13 49 1 0 1
5.45432 1.41903 2755.1 -4.90545 -0.907073 181.856 10.6275 13 50 1 0 1
1.82778 -0.0216782 2755.1 -1.15679 -0.150112 178.931 10.6726 13 51 1 0 1
6.71476 -0.44361 2755.1 -2.92068 0.0488518 181.777 10.6294 13 52 1 0 1
3.34727 -1.05175 2755.1 -3.01044 -0.399608 177.011 10.7023 13 53 1 0 1
4.12554 0.183785 2755.1 -1.86175 0.62489 181.439 10.6346 13 54 1 0 1
4.27976 0.171165 2755.1 -3.62161 -1.25036 181.621 10.6314 13 55 1 0 1
2.74128 1.1253 2755.1 -2.40674 -0.641611 179.772 10.6595 13 56 1 0 1
2.24142 -0.846964 2755.1 -1.1339 -1.82464 178.832 10.674 13 57 1 0 1
0.693023 1.84158 2755.1 0.10672 -0.270809 178.425 10.6805 13 58 1 0 1
5.13019 -0.452268 2755.1 -3.60746 0.633211 181.162 10.6383 13 59 1 0 1
6.58699 -0.227603 2755.1 -3.08945 0.516461 176.221 10.7149 13 60 1 0 1
7.93194 0.330375 2755.1 -4.10022 -0.248956 183.447 10.6047 13 61 1 0 1
0.937467 1.37536 2755.1 -0.240815 1.88353 181.231 10.6377 13 62 1 0 1
9.20594 -0.637403 2755.1 -5.8466 0.457693 178.273 10.6814 13 63 1 0 1
4.79581 0.227683 2755.1 -2.80202 0.643024 179.625 10.6617 13 64 1 0 1
2.07926 0.127015 2755.1 -1.56939 0.693719 178.456 10.6799 13 65 1 0 1
4.81219 -0.271629 2755.1 -1.00538 0.884099 175.328 10.7297 13 66 1 0 1
6.63961 0.0383456 2755.1 -3.82715 1.32643 179.833 10.6582 13 67 1 0 1
4.54691 -0.0298875 2755.1 -4.30204 0.810215 178.683 10.6757 13 68 1 0 1
9.34092 0.233369 2755.1 -4.54841 -1.1165 180.464 10.6484 13 69 1 0 1
4.91886 -2.04785 2755.1 -3.44034 -0.713829 181.833 10.6284 13 70 1 0 1
0.898435 -0.437334 2755.1 -1.60788 1.38172 183.265 10.6078 13 71 1 0 1
6.05571 1.91043 2755.1 -4.44491 0.146627 178.598 10.677 13 72 1 0 1
5.04401 -0.0683847 2755.1 -2.80402 -0.574549 180.803 10.6439 13 73 1 0 1
6.17434 0.327283 2755.1 -3.44493 0.156172 181.388 10.635 13 74 1 0 1
4.27077 -0.149961 2755.1 -3.31395 -0.488719 179.772 10.6593 13 75 1 0 1
5.1601 0.157098 2755.1 -3.21702 0.132299 177.706 10.6913 13 76 1 0 1
6.59933 0.266233 2755.1 -3.38863 0.336319 180.772 10.6442 13 77 1 0 1
1.02339 0.810309 2755.1 -2.08799 0.0226105 181.32 10.6363 13 78 1 0 1
0.179677 -1.59955 2755.1 -2.08292 -0.768747 179.299 10.6668 13 79 1 0 1
0.924442 -0.300004 2755.1 -1.16005 0.420837 180.314 10.6515 13 80 1 0 1
8.87563 -0.515464 2755.1 -5.15456 -0.000947172 182.906 10.6121 13 81 1 0 1
7.89215 -0.132962 2755.1 -4.24253 -0.856339 181.262 10.6366 13 82 1 0 1
4.89366 -0.633823 2755.1 -2.28071 0.488668 179.603 10.6621 13 83 1 0 1
11.8259 -0.129215 2755.1 -6.6993 -0.170265 184.55 10.5879 13 84 1 0 1
4.63271 0.229731 2755.1 -2.24083 0.757641 177.883 10.6887 13 85 1 0 1
5.50858 -0.398547 2755.1 -3.20806 0.90351 180.013 10.6556 13 86 1 0 1
7.24015 0.00223241 2755.1 -4.15415 0.162071 179.514 10.663 13 87 1 0 1
5.6197 -0.155174 2755.1 -4.27671 -0.48402 177.313 10.6971 13 88 1 0 1
2.20471 -0.650208 2755.1 -2.91953 -0.521991 180.995 10.641 13 89 1 0 1
4.47683 -1.90375 2755.1 -3.0164 -1.06555 180.9 10.6423 13 90 1 0 1
6.72566 1.51206 2755.1 -4.94702 -0.193418 181.337 10.6352 13 91 1 0 1
5.57008 -0.55175 2755.1 -4.85564 -0.0239672 176.762 10.7056 13 92 1 0 1
-0.397499 1.04905 2755.1 -0.550521 -0.528442 180.055 10.6554 13 93 1 0 1
5.8673 -1.11695 2755.1 -3.26474 0.594511 182.066 10.625 13 94 1 0 1
1.2595 0.666511 2755.1 -1.17454 -0.855981 179.848 10.6585 13 95 1 0 1
5.17325 0.677809 2755.1 -2.89644 -1.2722 179.931 10.6569 13 96 1 0 1
4.06949 0.634768 2755.1 -2.82305 -0.0695921 181.24 10.6373 13 97 1 0 1
5.56529 -0.0123368 2755.1 -3.48191 -0.515389 175.066 10.7335 13 98 1 0 1
2.46574 -0.531754 2755.1 -1.53099 -1.17234 180.255 10.6523 13 99 1 0 1
1.29748 -0.468743 2755.1 -1.01393 -0.234842 181.098 10.6397 13 100 1 0 1
4.04655 0.0213371 2755.1 -3.21851 -0.115307 181.293 10.6365 13 101 1 0 1
4.93608 -0.00595143 2755.1 -3.63244 -1.06036 178.627 10.6767 13 102 1 0 1
2.03605 -0.208083 2755.1 -1.37997 -0.383153 180.936 10.6421 13 103 1 0 1
5.57557 -1.01965 2755.1 -1.77385 -0.223019 180.21 10.653 13 104 1 0 1
5.63695 -0.391731 2755.1 -5.37665 -0.584317 181.004 10.64 13 105 1 0 1
10.6217 -0.348428 2755.1 -6.521 1.0294 181.585 10.6308 13 106 1 0 1
5.88574 1.04453 2755.1 -3.87818 0.374354 182.085 10.6246 13 107 1 0 1
2.54201 0.700235 2755.1 -1.41775 1.65237 180.022 10.6558 13 108 1 0 1
7.58747 -0.414727 2755.1 -4.79718 -0.628108 180.983 10.6405 13 109 1 0 1
5.89248 -1.00517 2755.1 -4.30125 1.41308 179.976 10.6558 13 110 1 0 1
5.09954 0.942531 2755.1 -3.56546 1.09434 181.175 10.6381 13 111 1 0 1
3.10613 -0.968518 2755.1 -2.48291 0.59629 179.964 10.6566 13 112 1 0 1
3.78519 -0.277621 2755.1 -1.80651 -0.0311171 182.732 10.6156 13 113 1 0 1
7.0944 0.545338 2755.1 -4.90688 1.7986 181.339 10.6351 13 114 1 0 1
3.20193 -1.94853 2755.1 -2.08324 -1.33969 182.442 10.6197 13 115 1 0 1
0.725429 -1.39497 2755.1 -1.5831 -1.23105 179.162 10.6689 13 116 1 0 1
4.40071 0.901812 2755.1 -3.0143 -0.122941 180.018 10.6557 13 117 1 0 1
1.28986 -0.325907 2755.1 -0.866198 0.252902 179.581 10.6627 13 118 1 0 1
2.74492 -1.45586 2755.1 -1.62545 -0.340866 181.374 10.6356 13 119 1 0 1
4.14872 0.63308 2755.1 -2.96313 -0.571528 179.339 10.666 13 120 1 0 1
5.88463 -1.65879 2755.1 -3.30376 0.495522 178.7 10.6757 13 121 1 0 1
6.95457 -0.00208975 2755.1 -2.29227 -1.47546 180.285 10.6517 13 122 1 0 1
5.4664 -0.37051 2755.1 -3.14589 -0.177189 180.067 10.6549 13 123 1 0 1
5.18192 -0.210561 2755.1 -4.64581 -0.684576 178.081 10.6849 13 124 1 0 1
2.766 -0.699182 2755.1 -1.28367 -0.495326 181.337 10.6362 13 125 1 0 1
5.90697 1.18033 2755.1 -3.34593 -0.118247 179.915 10.6571 13 126 1 0 1
5.46647 -0.66483 2755.1 -3.81525 -0.0578633 178.379 10.6806 13 127 1 0 1
7.74152 -0.258468 2755.1 -3.48087 -0.429014 179.695 10.6604 13 128 1 0 1
8.7119 0.805846 2755.1 -5.25968 0.683519 179.893 10.6568 13 129 1 0 1
3.40222 -0.423533 2755.1 -3.42272 1.12936 176.815 10.7052 13 130 1 0 1
6.46535 -0.205845 2755.1 -4.11722 0.354565 177.254 10.6981 13 131 1 0 1
5.41987 0.736998 2755.1 -2.26775 -0.469413 177.538 10.6941 13 132 1 0 1
2.12018 0.038945 2755.1 -1.08891 1.33756 180.434 10.6496 13 133 1 0 1
9.73124 -0.61389 2755.1 -6.56677 -0.515739 180.867 10.6414 13 134 1 0 1
1.46184 -0.141777 2755.1 -1.77963 0.230857 177.639 10.6926 13 135 1 0 1
3.88572 0.210324 2755.1 -2.85896 0.356277 179.822 10.6587 13 136 1 0 1
4.74546 0.647799 2755.1 -2.22214 1.08676 181.506 10.6335 13 137 1 0 1
3.02744 -1.11534 2755.1 -1.8502 0.623078 179.301 10.6668 13 138 1 0 1
4.75798 -0.373238 2755.1 -2.83679 -1.16267 178.757 10.6749 13 139 1 0 1
4.80887 -0.507312 2755.1 -3.89563 -1.54807 180.42 10.6492 13 140 1 0 1
4.15182 0.452573 2755.1 -1.962 -0.230346 180.849 10.6433 13 141 1 0 1
0.514627 -0.73119 2755.1 -0.833273 0.00576061 179.705 10.6608 13 142 1 0 1
5.02125 -1.35061 2755.1 -3.63777 0.277031 178.727 10.6752 13 143 1 0 1
9.95319 -0.144146 2755.1 -6.83352 0.018061 181.715 10.6287 13 144 1 0 1
0.217843 -0.534994 2755.1 -1.72857 0.49744 181.114 10.6394 13 145 1 0 1
11.2351 -0.733982 2755.1 -6.96023 0.22323 180.53 10.6463 13 146 1 0 1
7.81754 2.85671 2755.1 -5.91228 -0.385686 181.366 10.6344 13 147 1 0 1
4.60106 0.52217 2755.1 -2.20414 1.6794 179.52 10.6633 13 148 1 0 1
2.94844 -0.698199 2755.1 -2.49276 -0.476354 180.048 10.6553 13 149 1 0 1
4.81084 -0.203078 2755.1 -3.16301 0.726478 179.715 10.6602 13 150 1 0 1
3.65989 0.151247 2816.33 -2.78186 -0.189281 178.304 10.9194 13 1 1 0 1
4.24706 -0.65902 2816.33 -2.76102 0.383638 180.426 10.8862 13 2 1 0 1
4.5876 -1.55978 2816.33 -3.98258 -1.24101 180.863 10.8791 13 3 1 0 1
3.19122 -0.130213 2816.33 -4.50531 -1.38296 179.095 10.9063 13 4 1 0 1
4.22656 0.803242 2816.33 -3.87344 0.366848 180.514 10.8845 13 5 1 0 1
3.86981 0.397245 2816.33 -4.18704 1.36732 182.101 10.8602 13 6 1 0 1
1.92649 -0.0838468 2816.33 -2.47494 -0.272141 181.121 10.8756 13 7 1 0 1
3.78119 -0.0441455 2816.33 -3.89677 -0.773612 182.154 10.8596 13 8 1 0 1
2.4127 1.46905 2816.33 -1.94204 0.247108 180.077 10.8918 13 9 1 0 1
4.41162 -0.0727661 2816.33 -5.89287 -0.250964 178.431 10.9162 13 10 1 0 1
4.56783 -1.43519 2816.33 -4.21341 -1.08857 181.153 10.8746 13 11 1 0 1
6.66993 0.0822004 2816.33 -4.56167 0.281358 177.603 10.93 13 12 1 0 1
4.32103 0.836476 2816.33 -4.45333 -0.41294 178.202 10.9205 13 13 1 0 1
3.80883 0.202867 2816.33 -2.19151 -1.64609 180.41 10.8865 13 14 1 0 1
6.8605 1.16207 2816.33 -5.65126 -1.60352 180.548 10.8832 13 15 1 0 1
1.39005 -0.434783 2816.33 -2.3485 0.813041 180.266 10.8887 13 16 1 0 1
4.52278 0.282434 2816.33 -3.68088 1.26616 180.892 10.8787 13 17 1 0 1
3.38591 -0.15788 2816.33 -4.60692 1.04313 180.892 10.8784 13 18 1 0 1
-0.488164 1.94925 2816.33 -0.175231 0.548336 179.668 10.8983 13 19 1 0 1
4.47648 0.347004 2816.33 -5.30871 1.26616 179.647 10.8973 13 20 1 0 1
4.85153 -0.903709 2816.33 -3.72444 0.153928 178.77 10.9118 13 21 1 0 1
3.81491 0.75467 2816.33 -2.45527 -0.0275745 181.687 10.867 13 22 1 0 1
6.03509 -0.582212 2816.33 -5.87212 -1.06674 179.633 10.8973 13 23 1 0 1
4.3383 -1.57881 2816.33 -2.51935 -0.712133 177.698 10.9291 13 24 1 0 1
2.77883 -0.154133 2816.33 -1.90207 0.918125 180.609 10.8835 13 25 1 0 1
4.09278 0.438314 2816.33 -3.55771 0.434067 180.464 10.8854 13 26 1 0 1
4.76065 -0.0912311 2816.33 -4.38453 0.630766 183.566 10.8385 13 27 1 0 1
3.93948 -0.176767 2816.33 -4.01018 -0.289888 181.618 10.8677 13 28 1 0 1
3.40427 3.08507 2816.33 -2.66892 1.25926 177.952 10.925 13 29 1 0 1
4.4888 0.483199 2816.33 -3.69035 0.161069 181.142 10.875 13 30 1 0 1
3.7803 0.926022 2816.33 -3.89968 1.87768 178.95 10.9087 13 31 1 0 1
3.32531 2.26483 2816.33 -3.20695 -0.195797 179.095 10.9068 13 32 1 0 1
4.57696 -0.836269 2816.33 -5.314 0.000605171 181.463 10.8695 13 33 1 0 1
5.0185 0.108873 2816.33 -6.22327 -0.292039 181.015 10.8759 13 34 1 0 1
3.44889 1.76731 2816.33 -5.76155 0.763468 181.136 10.8742 13 35 1 0 1
1.08851 0.727909 2816.33 -0.813669 0.912598 180.34 10.8878 13 36 1 0 1
5.2948 -1.33527 2816.33 -4.69227 0.0155638 181.827 10.8643 13 37 1 0 1
5.48101 -1.34801 2816.33 -2.27369 -0.830145 179.505 10.9006 13 38 1 0 1
4.54209 -0.425582 2816.33 -3.36407 0.202538 177.219 10.9367 13 39 1 0 1
1.42811 0.378697 2816.33 -0.681529 -0.78509 177.351 10.935 13 40 1 0 1
6.67537 1.53194 2816.33 -5.30104 1.08166 179.92 10.8931 13 41 1 0 1
2.23912 1.55059 2816.33 -1.29714 1.19249 182.8 10.8505 13 42 1 0 1
5.37775 -2.17813 2816.33 -5.02365 -1.4384 179.751 10.8958 13 43 1 0 1
2.9233 -1.05441 2816.33 -2.22863 0.39285 178.149 10.922 13 44 1 0 1
7.06178 0.884105 2816.33 -4.89308 1.09865 178.59 10.9141 13 45 1 0 1
5.68234 -1.13628 2816.33 -5.00549 0.172548 179.456 10.9005 13 46 1 0 1
-0.876799 -1.62378 2816.33 0.4166 -1.38592 180.565 10.8843 13 47 1 0 1
2.56135 0.353263 2816.33 -2.35355 0.653303 182.371 10.8567 13 48 1 0 1
4.46771 -0.603342 2816.33 -3.00264 1.22649 178.761 10.912 13 49 1 0 1
3.73997 1.10614 2816.33 -5.25673 -0.949883 181.846 10.8637 13 50 1 0 1
1.41023 -0.0728203 2816.33 -1.27861 -0.148533 178.931 10.9098 13 51 1 0 1
5.64918 -0.424657 2816.33 -3.39309 0.0635808 181.769 10.8656 13 52 1 0 1
2.26757 -1.1837 2816.33 -3.21935 -0.362667 177.007 10.9401 13 53 1 0 1
3.44711 0.393198 2816.33 -2.15061 0.615108 181.436 10.8709 13 54 1 0 1
3.00928 -0.250508 2816.33 -3.89984 -1.24898 181.615 10.8677 13 55 1 0 1
1.88999 0.900784 2816.33 -2.58176 -0.675598 179.769 10.8964 13 56 1 0 1
1.82615 -1.46562 2816.33 -1.28684 -1.78603 178.832 10.9112 13 57 1 0 1
0.720603 1.73833 2816.33 0.0536862 -0.330429 178.425 10.9178 13 58 1 0 1
3.85049 -0.236099 2816.33 -3.94939 0.644825 181.155 10.8747 13 59 1 0 1
5.43377 -0.0472123 2816.33 -3.53469 0.520956 176.213 10.953 13 60 1 0 1
6.46768 0.245561 2816.33 -4.65531 -0.258798 183.433 10.8404 13 61 1 0 1
0.844445 2.00261 2816.33 -0.308718 1.8264 181.232 10.874 13 62 1 0 1
7.08862 -0.47688 2816.33 -6.45663 0.476178 178.252 10.9187 13 63 1 0 1
3.78336 0.445139 2816.33 -3.12595 0.631725 179.62 10.8986 13 64 1 0 1
1.51649 0.363838 2816.33 -1.7043 0.685538 178.455 10.9172 13 65 1 0 1
4.40093 0.0380603 2816.33 -1.345 0.887909 175.325 10.9682 13 66 1 0 1
5.25712 0.488855 2816.33 -4.27675 1.31751 179.823 10.895 13 67 1 0 1
3.02086 0.24737 2816.33 -4.58619 0.806556 178.676 10.9129 13 68 1 0 1
7.68468 -0.146027 2816.33 -5.19394 -1.11786 180.446 10.885 13 69 1 0 1
3.70238 -2.27607 2816.33 -3.76983 -0.640421 181.827 10.8646 13 70 1 0 1
0.352063 0.0258808 2816.33 -1.65606 1.38875 183.265 10.8435 13 71 1 0 1
4.46086 1.94971 2816.33 -4.83956 0.082273 178.588 10.9142 13 72 1 0 1
4.0339 -0.262182 2816.33 -3.14903 -0.568952 180.797 10.8804 13 73 1 0 1
4.93739 0.378029 2816.33 -3.86854 0.144224 181.379 10.8713 13 74 1 0 1
3.09222 -0.315231 2816.33 -3.59216 -0.480899 179.766 10.8962 13 75 1 0 1
3.99035 0.201696 2816.33 -3.55879 0.126343 177.699 10.9289 13 76 1 0 1
5.37197 0.378404 2816.33 -3.84346 0.325426 180.762 10.8807 13 77 1 0 1
0.308252 0.813307 2816.33 -2.13875 -0.00486795 181.319 10.8727 13 78 1 0 1
-0.53083 -1.85243 2816.33 -2.06969 -0.710977 179.299 10.9038 13 79 1 0 1
0.520388 -0.155673 2816.33 -1.21483 0.428505 180.314 10.8882 13 80 1 0 1
7.04384 -0.512841 2816.33 -5.76622 0.0166066 182.887 10.848 13 81 1 0 1
6.36413 -0.420897 2816.33 -4.78552 -0.846906 181.249 10.8729 13 82 1 0 1
4.05678 -0.463943 2816.33 -2.61865 0.507058 179.598 10.8991 13 83 1 0 1
9.46134 -0.184856 2816.33 -7.52403 -0.164827 184.518 10.8232 13 84 1 0 1
3.80536 0.488692 2816.33 -2.55637 0.745695 177.879 10.9262 13 85 1 0 1
4.35154 -0.0895636 2816.33 -3.58113 0.911676 180.006 10.8924 13 86 1 0 1
5.73661 0.05739 2816.33 -4.64365 0.161061 179.502 10.8999 13 87 1 0 1
4.07727 -0.321099 2816.33 -4.638 -0.476114 177.304 10.9348 13 88 1 0 1
1.1931 -0.822735 2816.33 -3.04881 -0.497102 180.993 10.8774 13 89 1 0 1
3.40293 -2.25283 2816.33 -3.31603 -0.995334 180.896 10.8788 13 90 1 0 1
4.97634 1.43826 2816.33 -5.39282 -0.243338 181.325 10.8716 13 91 1 0 1
3.82404 -0.556888 2816.33 -5.20449 -0.00567569 176.752 10.9435 13 92 1 0 1
-0.578798 0.863719 2816.33 -0.513559 -0.560588 180.055 10.8922 13 93 1 0 1
4.69893 -0.911035 2816.33 -3.66908 0.628947 182.058 10.8611 13 94 1 0 1
0.845224 0.371868 2816.33 -1.25412 -0.873409 179.847 10.8954 13 95 1 0 1
4.1256 0.241879 2816.33 -3.24813 -1.2876 179.924 10.8938 13 96 1 0 1
3.06775 0.607684 2816.33 -3.09496 -0.0906082 181.236 10.8737 13 97 1 0 1
4.28146 -0.192167 2816.33 -3.8442 -0.512026 175.058 10.972 13 98 1 0 1
1.91635 -0.926154 2816.33 -1.69707 -1.1478 180.254 10.889 13 99 1 0 1
0.939535 -0.545312 2816.33 -1.0991 -0.217701 181.098 10.8762 13 100 1 0 1
2.91241 -0.0176507 2816.33 -3.48368 -0.115366 181.289 10.8728 13 101 1 0 1
3.63311 -0.368664 2816.33 -3.95414 -1.05407 178.62 10.914 13 102 1 0 1
1.545 -0.336299 2816.33 -1.5162 -0.373957 180.935 10.8786 13 103 1 0 1
4.90403 -1.08946 2816.33 -2.17089 -0.187538 180.206 10.8897 13 104 1 0 1
3.75382 -0.586766 2816.33 -5.73371 -0.567751 180.993 10.8764 13 105 1 0 1
8.29631 -2.17867e-05 2816.33 -7.24221 1.03515 181.558 10.867 13 106 1 0 1
4.51186 1.1642 2816.33 -4.27606 0.336799 182.076 10.8607 13 107 1 0 1
2.02932 1.25713 2816.33 -1.59077 1.61947 180.021 10.8926 13 108 1 0 1
5.87433 -0.624439 2816.33 -5.30904 -0.610506 180.969 10.877 13 109 1 0 1
4.36 -0.519643 2816.33 -4.68897 1.43861 179.966 10.8926 13 110 1 0 1
3.83445 1.30626 2816.33 -3.90565 1.05627 181.168 10.8745 13 111 1 0 1
2.22523 -0.760519 2816.33 -2.6846 0.625324 179.961 10.8934 13 112 1 0 1
3.13399 -0.286443 2816.33 -2.07233 -0.0214961 182.729 10.8515 13 113 1 0 1
5.35387 1.14832 2816.33 -5.38113 1.76981 181.326 10.8714 13 114 1 0 1
2.46478 -2.38614 2816.33 -2.30059 -1.26586 182.439 10.8557 13 115 1 0 1
0.177453 -1.80689 2816.33 -1.61712 -1.17751 179.162 10.906 13 116 1 0 1
3.32351 0.854935 2816.33 -3.30657 -0.152455 180.013 10.8924 13 117 1 0 1
0.979281 -0.23799 2816.33 -0.951877 0.262353 179.58 10.8996 13 118 1 0 1
2.1634 -1.5624 2816.33 -1.81262 -0.289766 181.373 10.8719 13 119 1 0 1
3.08829 0.434726 2816.33 -3.23595 -0.589387 179.335 10.903 13 120 1 0 1
4.68214 -1.47988 2816.33 -3.70063 0.54785 178.692 10.913 13 121 1 0 1
6.0903 -0.502191 2816.33 -2.78666 -1.46692 180.278 10.8884 13 122 1 0 1
4.33127 -0.428527 2816.33 -3.51671 -0.163753 180.061 10.8916 13 123 1 0 1
3.52509 -0.444271 2816.33 -4.97159 -0.673658 178.072 10.9223 13 124 1 0 1
2.29899 -0.862111 2816.33 -1.47678 -0.468896 181.336 10.8725 13 125 1 0 1
4.69751 1.13344 2816.33 -3.74693 -0.157096 179.907 10.894 13 126 1 0 1
4.0925 -0.68086 2816.33 -4.17359 -0.0354564 178.371 10.9179 13 127 1 0 1
6.46138 -0.402887 2816.33 -4.01725 -0.417895 179.684 10.8973 13 128 1 0 1
6.81781 1.03343 2816.33 -5.8465 0.65257 179.875 10.8936 13 129 1 0 1
2.17852 -0.0308063 2816.33 -3.63011 1.13683 176.811 10.9431 13 130 1 0 1
4.96644 -0.0824353 2816.33 -4.54302 0.359313 177.243 10.9358 13 131 1 0 1
4.5717 0.571224 2816.33 -2.64065 -0.491078 177.532 10.9318 13 132 1 0 1
1.7251 0.491718 2816.33 -1.23479 1.32861 180.433 10.8863 13 133 1 0 1
7.39312 -0.784637 2816.33 -7.21702 -0.492062 180.843 10.8779 13 134 1 0 1
0.83236 -0.0615533 2816.33 -1.86531 0.234227 177.638 10.9303 13 135 1 0 1
2.86668 0.330196 2816.33 -3.1142 0.347197 179.818 10.8955 13 136 1 0 1
3.93828 1.00998 2816.33 -2.55349 1.05865 181.502 10.8698 13 137 1 0 1
2.35956 -0.896627 2816.33 -2.05327 0.656741 179.298 10.9039 13 138 1 0 1
3.72955 -0.768568 2816.33 -3.15571 -1.14359 178.752 10.9122 13 139 1 0 1
3.43092 -1.02875 2816.33 -4.20806 -1.52214 180.414 10.8859 13 140 1 0 1
3.43723 0.372159 2816.33 -2.25054 -0.244263 180.846 10.8799 13 141 1 0 1
0.225353 -0.725061 2816.33 -0.861233 0.030187 179.705 10.8977 13 142 1 0 1
3.71606 -1.24819 2816.33 -3.96596 0.320372 178.72 10.9125 13 143 1 0 1
7.53307 -0.13725 2816.33 -7.50055 0.0228305 181.689 10.8649 13 144 1 0 1
-0.366783 -0.364105 2816.33 -1.72289 0.512639 181.114 10.8759 13 145 1 0 1
8.74067 -0.654234 2816.33 -7.71717 0.24658 180.499 10.8829 13 146 1 0 1
5.73003 2.71046 2816.33 -6.42828 -0.479883 181.348 10.8707 13 147 1 0 1
3.79359 1.09085 2816.33 -2.52095 1.65234 179.517 10.9002 13 148 1 0 1
2.06662 -0.85589 2816.33 -2.68258 -0.45023 180.046 10.8921 13 149 1 0 1
3.67623 0.0451023 2816.33 -3.4836 0.729104 179.71 10.8971 13 150 1 0 1
2.66185 0.0855141 2877.55 -3.01881 -0.193217 178.3 11.1568 13 1 1 0 1
3.25972 -0.525328 2877.55 -3.04573 0.403573 180.422 11.1228 13 2 1 0 1
3.1864 -1.97018 2877.55 -4.27806 -1.18138 180.857 11.1156 13 3 1 0 1
1.61674 -0.601342 2877.55 -4.68625 -1.3707 179.091 11.1434 13 4 1 0 1
2.86425 0.922847 2877.55 -4.14244 0.337754 180.508 11.1212 13 5 1 0 1
2.41849 0.853813 2877.55 -4.42768 1.34601 182.096 11.0963 13 6 1 0 1
1.06877 -0.175186 2877.55 -2.58898 -0.26776 181.119 11.1121 13 7 1 0 1
2.42856 -0.30342 2877.55 -4.13449 -0.767681 182.149 11.0957 13 8 1 0 1
1.72432 1.54452 2877.55 -2.09866 0.196453 180.075 11.1285 13 9 1 0 1
2.34172 -0.158299 2877.55 -6.14594 -0.247104 178.423 11.1535 13 10 1 0 1
3.09135 -1.79421 2877.55 -4.50498 -1.03392 181.146 11.111 13 11 1 0 1
5.01862 0.178539 2877.55 -4.99783 0.277017 177.591 11.1676 13 12 1 0 1
2.74216 0.690102 2877.55 -4.71781 -0.438315 178.195 11.1579 13 13 1 0 1
3.01947 -0.35585 2877.55 -2.45049 -1.64348 180.407 11.1231 13 14 1 0 1
4.86439 0.612712 2877.55 -6.09587 -1.6333 180.533 11.1198 13 15 1 0 1
0.578015 -0.156691 2877.55 -2.42308 0.822989 180.265 11.1254 13 16 1 0 1
3.22431 0.70855 2877.55 -3.9754 1.24938 180.886 11.1152 13 17 1 0 1
1.78992 0.195407 2877.55 -4.80365 1.04247 180.887 11.1149 13 18 1 0 1
-0.541364 2.12463 2877.55 -0.136338 0.480018 179.668 11.1352 13 19 1 0 1
2.61761 0.775718 2877.55 -5.57643 1.24728 179.639 11.1342 13 20 1 0 1
3.51927 -0.845939 2877.55 -4.03894 0.183116 178.764 11.149 13 21 1 0 1
2.94218 0.741091 2877.55 -2.71335 -0.0529393 181.683 11.1033 13 22 1 0 1
3.96489 -0.941778 2877.55 -6.24938 -1.04111 179.62 11.1342 13 23 1 0 1
3.41837 -1.8147 2877.55 -2.8091 -0.655832 177.694 11.1667 13 24 1 0 1
2.10119 0.157389 2877.55 -2.08737 0.91806 180.607 11.1201 13 25 1 0 1
2.83849 0.582796 2877.55 -3.82061 0.416855 180.458 11.122 13 26 1 0 1
3.24351 0.119268 2877.55 -4.69328 0.630259 183.558 11.0741 13 27 1 0 1
2.54291 -0.273296 2877.55 -4.25759 -0.282249 181.613 11.1039 13 28 1 0 1
2.44632 3.4999 2877.55 -2.88779 1.14987 177.95 11.1625 13 29 1 0 1
3.18929 0.53478 2877.55 -3.98265 0.143852 181.135 11.1114 13 30 1 0 1
2.40335 1.56193 2877.55 -4.13224 1.83607 178.945 11.1459 13 31 1 0 1
2.19106 2.18511 2877.55 -3.4146 -0.270179 179.091 11.1439 13 32 1 0 1
2.73305 -0.831295 2877.55 -5.59266 0.0288484 181.455 11.1058 13 33 1 0 1
2.85828 0.00966351 2877.55 -6.52269 -0.294025 181.004 11.1123 13 34 1 0 1
1.46559 2.01479 2877.55 -5.94854 0.699501 181.131 11.1106 13 35 1 0 1
0.799498 1.03299 2877.55 -0.885259 0.882957 180.34 11.1245 13 36 1 0 1
3.65371 -1.32243 2877.55 -5.03413 0.060666 181.818 11.1004 13 37 1 0 1
4.63857 -1.62293 2877.55 -2.65557 -0.780345 179.5 11.1375 13 38 1 0 1
3.32664 -0.353315 2877.55 -3.65716 0.215415 177.213 11.1744 13 39 1 0 1
1.17554 0.106026 2877.55 -0.778618 -0.793112 177.35 11.1727 13 40 1 0 1
4.79364 1.89057 2877.55 -5.73451 1.02411 179.908 11.1299 13 41 1 0 1
1.77783 1.94038 2877.55 -1.45153 1.13292 182.799 11.0864 13 42 1 0 1
3.60504 -2.65471 2877.55 -5.36288 -1.35724 179.742 11.1327 13 43 1 0 1
2.12319 -0.913646 2877.55 -2.41763 0.425569 178.147 11.1594 13 44 1 0 1
5.30098 1.25499 2877.55 -5.35692 1.06292 178.577 11.1514 13 45 1 0 1
3.9091 -1.07104 2877.55 -5.36709 0.209509 179.445 11.1375 13 46 1 0 1
-0.724906 -2.08356 2877.55 0.477411 -1.32344 180.565 11.1209 13 47 1 0 1
1.74178 0.570153 2877.55 -2.51853 0.637576 182.369 11.0928 13 48 1 0 1
3.38646 -0.180634 2877.55 -3.29775 1.23954 178.756 11.1493 13 49 1 0 1
1.92975 0.78063 2877.55 -5.47331 -0.981873 181.839 11.0999 13 50 1 0 1
0.956527 -0.123132 2877.55 -1.36764 -0.14526 178.93 11.1469 13 51 1 0 1
4.43877 -0.40086 2877.55 -3.77848 0.0775834 181.762 11.1018 13 52 1 0 1
1.12973 -1.30216 2877.55 -3.34575 -0.321592 177.005 11.178 13 53 1 0 1
2.68032 0.598125 2877.55 -2.38433 0.59831 181.433 11.1072 13 54 1 0 1
1.66164 -0.669324 2877.55 -4.07812 -1.23336 181.611 11.1039 13 55 1 0 1
0.990243 0.665993 2877.55 -2.69061 -0.701881 179.767 11.1333 13 56 1 0 1
1.36407 -2.06756 2877.55 -1.40679 -1.72705 178.831 11.1484 13 57 1 0 1
0.729709 1.61525 2877.55 -0.000723941 -0.386279 178.424 11.1552 13 58 1 0 1
2.47208 -0.0172375 2877.55 -4.19009 0.649089 181.15 11.1111 13 59 1 0 1
4.14126 0.133717 2877.55 -3.88929 0.519512 176.205 11.1911 13 60 1 0 1
4.83762 0.157945 2877.55 -5.09103 -0.26569 183.422 11.076 13 61 1 0 1
0.729774 2.60702 2877.55 -0.368708 1.74843 181.232 11.1104 13 62 1 0 1
4.78958 -0.310917 2877.55 -6.90118 0.48924 178.235 11.1561 13 63 1 0 1
2.67393 0.657517 2877.55 -3.36974 0.613223 179.616 11.1355 13 64 1 0 1
0.914838 0.59651 2877.55 -1.79552 0.669539 178.454 11.1545 13 65 1 0 1
3.87684 0.347316 2877.55 -1.65013 0.88159 175.323 11.2066 13 66 1 0 1
3.73985 0.933787 2877.55 -4.61672 1.29357 179.815 11.1318 13 67 1 0 1
1.41737 0.521806 2877.55 -4.75281 0.793709 178.671 11.1501 13 68 1 0 1
5.83143 -0.523758 2877.55 -5.70627 -1.10648 180.431 11.1216 13 69 1 0 1
2.39098 -2.47832 2877.55 -4.00268 -0.559717 181.822 11.1008 13 70 1 0 1
-0.203335 0.4888 2877.55 -1.66179 1.37995 183.265 11.0793 13 71 1 0 1
2.75165 1.96674 2877.55 -5.11018 0.0169883 178.58 11.1515 13 72 1 0 1
2.92038 -0.452988 2877.55 -3.4133 -0.556869 180.792 11.1169 13 73 1 0 1
3.57386 0.424463 2877.55 -4.19298 0.130633 181.372 11.1077 13 74 1 0 1
1.8344 -0.476905 2877.55 -3.7783 -0.467598 179.762 11.1331 13 75 1 0 1
2.7183 0.243993 2877.55 -3.80934 0.118948 177.694 11.1664 13 76 1 0 1
4.00689 0.486258 2877.55 -4.19975 0.310824 180.755 11.1173 13 77 1 0 1
-0.414784 0.807028 2877.55 -2.13469 -0.0322908 181.319 11.109 13 78 1 0 1
-1.22773 -2.08418 2877.55 -2.0034 -0.645099 179.3 11.1409 13 79 1 0 1
0.102992 -0.00956471 2877.55 -1.23846 0.431286 180.313 11.1249 13 80 1 0 1
5.03147 -0.504367 2877.55 -6.23005 0.0339681 182.872 11.0838 13 81 1 0 1
4.67294 -0.704031 2877.55 -5.20582 -0.827822 181.237 11.1093 13 82 1 0 1
3.11591 -0.288771 2877.55 -2.88944 0.519664 179.594 11.136 13 83 1 0 1
6.85421 -0.238388 2877.55 -8.15585 -0.157515 184.491 11.0585 13 84 1 0 1
2.88047 0.742079 2877.55 -2.80638 0.725246 177.876 11.1638 13 85 1 0 1
3.08294 0.220441 2877.55 -3.86239 0.909447 180 11.1292 13 86 1 0 1
4.08599 0.111893 2877.55 -5.0141 0.158216 179.492 11.1369 13 87 1 0 1
2.43032 -0.483362 2877.55 -4.88043 -0.462784 177.297 11.1725 13 88 1 0 1
0.150892 -0.985877 2877.55 -3.09994 -0.466545 180.992 11.1139 13 89 1 0 1
2.2418 -2.57622 2877.55 -3.53066 -0.913779 180.892 11.1153 13 90 1 0 1
3.09945 1.34805 2877.55 -5.70042 -0.29048 181.315 11.1079 13 91 1 0 1
1.97996 -0.555674 2877.55 -5.41999 0.0126787 176.745 11.1814 13 92 1 0 1
-0.745259 0.668538 2877.55 -0.463432 -0.58634 180.055 11.129 13 93 1 0 1
3.41009 -0.694731 2877.55 -3.97935 0.65621 182.051 11.0972 13 94 1 0 1
0.409281 0.0729817 2877.55 -1.30156 -0.880875 179.847 11.1322 13 95 1 0 1
2.97217 -0.196811 2877.55 -3.51655 -1.28832 179.919 11.1306 13 96 1 0 1
1.98737 0.573667 2877.55 -3.28753 -0.11059 181.232 11.1101 13 97 1 0 1
2.88787 -0.369805 2877.55 -4.10795 -0.502826 175.052 11.2105 13 98 1 0 1
1.31783 -1.30999 2877.55 -1.81963 -1.11017 180.253 11.1257 13 99 1 0 1
0.557502 -0.615661 2877.55 -1.15611 -0.198076 181.098 11.1126 13 100 1 0 1
1.7036 -0.056437 2877.55 -3.65957 -0.11411 181.285 11.1092 13 101 1 0 1
2.237 -0.727171 2877.55 -4.17449 -1.03577 178.616 11.1513 13 102 1 0 1
1.01434 -0.460679 2877.55 -1.61356 -0.360495 180.934 11.1151 13 103 1 0 1
4.10677 -1.14684 2877.55 -2.51225 -0.149919 180.201 11.1265 13 104 1 0 1
1.77446 -0.775107 2877.55 -5.94387 -0.544724 180.986 11.1129 13 105 1 0 1
5.75821 0.348384 2877.55 -7.7778 1.02912 181.536 11.1032 13 106 1 0 1
3.02232 1.2706 2877.55 -4.56432 0.295409 182.069 11.0968 13 107 1 0 1
1.46461 1.79969 2877.55 -1.72302 1.5681 180.02 11.1294 13 108 1 0 1
4.01058 -0.827028 2877.55 -5.68481 -0.585952 180.958 11.1135 13 109 1 0 1
2.71575 -0.0281929 2877.55 -4.95652 1.44776 179.959 11.1294 13 110 1 0 1
2.47106 1.65509 2877.55 -4.14573 1.00617 181.163 11.1109 13 111 1 0 1
1.28728 -0.543844 2877.55 -2.81748 0.647226 179.959 11.1302 13 112 1 0 1
2.40244 -0.291998 2877.55 -2.28501 -0.0116302 182.727 11.0874 13 113 1 0 1
3.47608 1.73821 2877.55 -5.71747 1.72086 181.316 11.1077 13 114 1 0 1
1.66444 -2.79654 2877.55 -2.45897 -1.1776 182.438 11.0917 13 115 1 0 1
-0.375073 -2.19821 2877.55 -1.60968 -1.11053 179.162 11.1431 13 116 1 0 1
2.16112 0.798306 2877.55 -3.51409 -0.180229 180.009 11.1292 13 117 1 0 1
0.643591 -0.147359 2877.55 -1.01315 0.268812 179.58 11.1366 13 118 1 0 1
1.52641 -1.65112 2877.55 -1.95332 -0.235362 181.371 11.1083 13 119 1 0 1
1.94868 0.231414 2877.55 -3.42581 -0.600526 179.331 11.14 13 120 1 0 1
3.35961 -1.28409 2877.55 -4.00263 0.593928 178.685 11.1502 13 121 1 0 1
5.0699 -0.996563 2877.55 -3.20958 -1.44165 180.271 11.1251 13 122 1 0 1
3.08511 -0.481657 2877.55 -3.79738 -0.148451 180.055 11.1284 13 123 1 0 1
1.77789 -0.672913 2877.55 -5.16998 -0.655069 178.066 11.1598 13 124 1 0 1
1.77305 -1.01521 2877.55 -1.63203 -0.437118 181.335 11.1089 13 125 1 0 1
3.36762 1.07361 2877.55 -4.05186 -0.19415 179.9 11.1308 13 126 1 0 1
2.61361 -0.689124 2877.55 -4.42495 -0.0126472 178.365 11.1553 13 127 1 0 1
5.01559 -0.54271 2877.55 -4.45061 -0.402014 179.674 11.1342 13 128 1 0 1
4.74894 1.24923 2877.55 -6.28346 0.614196 179.86 11.1304 13 129 1 0 1
0.898964 0.362271 2877.55 -3.74447 1.13134 176.808 11.181 13 130 1 0 1
3.34021 0.0419149 2877.55 -4.85236 0.359967 177.235 11.1736 13 131 1 0 1
3.60633 0.398933 2877.55 -2.94585 -0.50714 177.528 11.1694 13 132 1 0 1
1.28579 0.938882 2877.55 -1.34902 1.30452 180.432 11.1229 13 133 1 0 1
4.86547 -0.946432 2877.55 -7.68234 -0.462793 180.824 11.1144 13 134 1 0 1
0.181544 0.0193726 2877.55 -1.90317 0.234926 177.637 11.1679 13 135 1 0 1
1.77414 0.446302 2877.55 -3.28961 0.334158 179.815 11.1324 13 136 1 0 1
3.03013 1.36065 2877.55 -2.81937 1.01846 181.498 11.1061 13 137 1 0 1
1.63119 -0.667684 2877.55 -2.20369 0.682914 179.297 11.1409 13 138 1 0 1
2.6055 -1.15513 2877.55 -3.39373 -1.11147 178.748 11.1494 13 139 1 0 1
1.96502 -1.53844 2877.55 -4.41264 -1.47887 180.409 11.1225 13 140 1 0 1
2.63452 0.2875 2877.55 -2.48138 -0.255394 180.843 11.1164 13 141 1 0 1
-0.0696982 -0.71066 2877.55 -0.867114 0.0542691 179.705 11.1346 13 142 1 0 1
2.31561 -1.13153 2877.55 -4.1925 0.360059 178.715 11.1497 13 143 1 0 1
4.91982 -0.128789 2877.55 -7.9754 0.0273392 181.669 11.1011 13 144 1 0 1
-0.942005 -0.189063 2877.55 -1.67306 0.521992 181.114 11.1123 13 145 1 0 1
6.02219 -0.567022 2877.55 -8.27632 0.267118 180.474 11.1195 13 146 1 0 1
3.49563 2.5333 2877.55 -6.77957 -0.568603 181.335 11.107 13 147 1 0 1
2.88886 1.64709 2877.55 -2.77314 1.60643 179.513 11.1372 13 148 1 0 1
1.13182 -1.00382 2877.55 -2.80364 -0.418973 180.044 11.1289 13 149 1 0 1
2.44737 0.292768 2877.55 -3.71489 0.723418 179.705 11.134 13 150 1 0 1
1.59557 0.018806 2938.78 -3.17837 -0.19495 178.298 11.3942 13 1 1 0 1
2.18882 -0.385644 2938.78 -3.25236 0.418906 180.418 11.3595 13 2 1 0 1
1.70353 -2.35811 2938.78 -4.46392 -1.10829 180.853 11.3521 13 3 1 0 1
0.000813352 -1.06561 2938.78 -4.74712 -1.34282 179.089 11.3805 13 4 1 0 1
1.42852 1.03192 2938.78 -4.30528 0.304813 180.504 11.3578 13 5 1 0 1
0.90518 1.30064 2938.78 -4.55486 1.30937 182.093 11.3324 13 6 1 0 1
0.183645 -0.264527 2938.78 -2.63667 -0.260325 181.118 11.3485 13 7 1 0 1
1.01368 -0.559234 2938.78 -4.26626 -0.753002 182.146 11.3318 13 8 1 0 1
0.991738 1.60238 2938.78 -2.20149 0.143559 180.074 11.3653 13 9 1 0 1
0.211786 -0.242027 2938.78 -6.24162 -0.240432 178.42 11.3908 13 10 1 0 1
1.53562 -2.13276 2938.78 -4.68111 -0.967506 181.142 11.3474 13 11 1 0 1
3.23866 0.27284 2938.78 -5.3059 0.269521 177.582 11.4053 13 12 1 0 1
1.093 0.535856 2938.78 -4.8614 -0.458695 178.191 11.3953 13 13 1 0 1
2.1527 -0.910508 2938.78 -2.64665 -1.62214 180.404 11.3598 13 14 1 0 1
2.74358 0.0563663 2938.78 -6.38431 -1.64448 180.523 11.3564 13 15 1 0 1
-0.248841 0.123188 2938.78 -2.43556 0.823552 180.265 11.3622 13 16 1 0 1
1.84317 1.12658 2938.78 -4.16804 1.21837 180.881 11.3517 13 17 1 0 1
0.148045 0.546466 2938.78 -4.8773 1.02993 180.885 11.3514 13 18 1 0 1
-0.580685 2.27577 2938.78 -0.0939498 0.406224 179.668 11.3721 13 19 1 0 1
0.691622 1.19558 2938.78 -5.70131 1.2142 179.635 11.3711 13 20 1 0 1
2.09678 -0.778518 2938.78 -4.24991 0.210215 178.759 11.3862 13 21 1 0 1
1.99402 0.719058 2938.78 -2.90188 -0.0776995 181.68 11.3395 13 22 1 0 1
1.79304 -1.2906 2938.78 -6.46658 -1.00364 179.613 11.3711 13 23 1 0 1
2.41082 -2.02989 2938.78 -3.02684 -0.592056 177.69 11.4043 13 24 1 0 1
1.36968 0.467115 2938.78 -2.21915 0.907525 180.605 11.3567 13 25 1 0 1
1.51142 0.72063 2938.78 -3.98558 0.394892 180.455 11.3587 13 26 1 0 1
1.64322 0.328406 2938.78 -4.88175 0.622573 183.553 11.3097 13 27 1 0 1
1.08116 -0.366707 2938.78 -4.3959 -0.271396 181.609 11.3402 13 28 1 0 1
1.42565 3.8748 2938.78 -3.03263 1.02737 177.948 11.4 13 29 1 0 1
1.80801 0.58026 2938.78 -4.17288 0.124998 181.131 11.3478 13 30 1 0 1
0.964779 2.18002 2938.78 -4.25891 1.77355 178.943 11.383 13 31 1 0 1
1.00065 2.08046 2938.78 -3.53474 -0.341478 179.088 11.381 13 32 1 0 1
0.819079 -0.816838 2938.78 -5.72805 0.0567612 181.451 11.3421 13 33 1 0 1
0.624782 -0.0896561 2938.78 -6.65507 -0.292666 180.999 11.3487 13 34 1 0 1
-0.555279 2.23929 2938.78 -5.98318 0.627576 181.13 11.347 13 35 1 0 1
0.489993 1.32629 2938.78 -0.934155 0.843243 180.34 11.3612 13 36 1 0 1
1.91896 -1.29449 2938.78 -5.247 0.105073 181.812 11.3366 13 37 1 0 1
3.67722 -1.87933 2938.78 -2.96935 -0.721648 179.496 11.3745 13 38 1 0 1
2.0259 -0.277019 2938.78 -3.85651 0.225836 177.209 11.4122 13 39 1 0 1
0.892828 -0.167854 2938.78 -0.855746 -0.792087 177.35 11.4104 13 40 1 0 1
2.78903 2.22764 2938.78 -6.02105 0.954905 179.899 11.3667 13 41 1 0 1
1.27096 2.30804 2938.78 -1.56871 1.06043 182.799 11.3222 13 42 1 0 1
1.73991 -3.101 2938.78 -5.56471 -1.26064 179.736 11.3695 13 43 1 0 1
1.26865 -0.762456 2938.78 -2.54465 0.453435 178.145 11.3969 13 44 1 0 1
3.40429 1.61155 2938.78 -5.68347 1.01508 178.567 11.3886 13 45 1 0 1
2.03564 -0.993587 2938.78 -5.59117 0.244081 179.439 11.3744 13 46 1 0 1
-0.55443 -2.51956 2938.78 0.525984 -1.24586 180.566 11.3575 13 47 1 0 1
0.877556 0.780539 2938.78 -2.61895 0.61458 182.368 11.3288 13 48 1 0 1
2.21839 0.244134 2938.78 -3.50834 1.23845 178.752 11.3865 13 49 1 0 1
0.0700486 0.446214 2938.78 -5.5497 -1.00268 181.837 11.336 13 50 1 0 1
0.4783 -0.172038 2938.78 -1.42162 -0.14033 178.93 11.3841 13 51 1 0 1
3.11458 -0.37249 2938.78 -4.06702 0.0907005 181.755 11.338 13 52 1 0 1
-0.0370677 -1.40575 2938.78 -3.3864 -0.276852 177.004 11.4158 13 53 1 0 1
1.84481 0.79623 2938.78 -2.55693 0.57469 181.43 11.3435 13 54 1 0 1
0.27141 -1.0805 2938.78 -4.15191 -1.20369 181.609 11.3402 13 55 1 0 1
0.0651117 0.423605 2938.78 -2.73049 -0.720161 179.767 11.3702 13 56 1 0 1
0.867015 -2.64592 2938.78 -1.49069 -1.64837 178.831 11.3856 13 57 1 0 1
0.720108 1.47374 2938.78 -0.0551155 -0.437723 178.424 11.3925 13 58 1 0 1
1.03029 0.201821 2938.78 -4.32342 0.645957 181.146 11.3475 13 59 1 0 1
2.74258 0.313121 2938.78 -4.14419 0.512146 176.199 11.4292 13 60 1 0 1
3.08354 0.0685279 2938.78 -5.39626 -0.269555 183.413 11.3117 13 61 1 0 1
0.596394 3.18168 2938.78 -0.419245 1.65051 181.233 11.3468 13 62 1 0 1
2.36774 -0.141408 2938.78 -7.16898 0.496735 178.225 11.3934 13 63 1 0 1
1.49594 0.862395 2938.78 -3.52717 0.587732 179.613 11.3724 13 64 1 0 1
0.289735 0.822377 2938.78 -1.84071 0.645903 178.454 11.3919 13 65 1 0 1
3.25337 0.652609 2938.78 -1.91295 0.865214 175.32 11.445 13 66 1 0 1
2.1267 1.36807 2938.78 -4.83838 1.2549 179.809 11.3687 13 67 1 0 1
-0.222457 0.790289 2938.78 -4.79767 0.771822 178.67 11.3874 13 68 1 0 1
3.82869 -0.895513 2938.78 -6.07236 -1.08251 180.419 11.3583 13 69 1 0 1
1.01828 -2.65229 2938.78 -4.13296 -0.472638 181.82 11.3369 13 70 1 0 1
-0.75352 0.946143 2938.78 -1.62493 1.35541 183.266 11.315 13 71 1 0 1
0.971898 1.96133 2938.78 -5.24987 -0.0484857 178.576 11.3887 13 72 1 0 1
1.73199 -0.638626 2938.78 -3.59009 -0.538438 180.789 11.3535 13 73 1 0 1
2.11871 0.466055 2938.78 -4.40994 0.115554 181.367 11.344 13 74 1 0 1
0.529559 -0.633139 2938.78 -3.86761 -0.448968 179.761 11.3699 13 75 1 0 1
1.37656 0.283507 2938.78 -3.96226 0.110196 177.691 11.404 13 76 1 0 1
2.53909 0.588565 2938.78 -4.44839 0.29268 180.749 11.3538 13 77 1 0 1
-1.12719 0.791542 2938.78 -2.07591 -0.0593454 181.32 11.3454 13 78 1 0 1
-1.89315 -2.29215 2938.78 -1.88576 -0.571863 179.302 11.3779 13 79 1 0 1
-0.317044 0.136652 2938.78 -1.23035 0.429147 180.313 11.3616 13 80 1 0 1
2.89011 -0.490139 2938.78 -6.53426 0.0509405 182.862 11.3196 13 81 1 0 1
2.86197 -0.979134 2938.78 -5.4927 -0.799312 181.229 11.3457 13 82 1 0 1
2.09516 -0.110305 2938.78 -3.08616 0.526344 179.59 11.3729 13 83 1 0 1
4.07135 -0.289202 2938.78 -8.57878 -0.148414 184.472 11.2937 13 84 1 0 1
1.88173 0.987 2938.78 -2.98444 0.696527 177.873 11.4013 13 85 1 0 1
1.73531 0.527931 2938.78 -4.04466 0.896854 179.996 11.366 13 86 1 0 1
2.33063 0.165119 2938.78 -5.25606 0.153569 179.485 11.3738 13 87 1 0 1
0.721052 -0.64011 2938.78 -4.99782 -0.444183 177.294 11.4102 13 88 1 0 1
-0.895179 -1.13777 2938.78 -3.07163 -0.430671 180.993 11.3504 13 89 1 0 1
1.02319 -2.87021 2938.78 -3.6548 -0.821811 180.89 11.3518 13 90 1 0 1
1.1431 1.24246 2938.78 -5.86199 -0.334311 181.31 11.3442 13 91 1 0 1
0.0851289 -0.548121 2938.78 -5.49667 0.0308879 176.743 11.4193 13 92 1 0 1
-0.892613 0.46573 2938.78 -0.401424 -0.605403 180.055 11.3658 13 93 1 0 1
2.03384 -0.470502 2938.78 -4.18762 0.675993 182.046 11.3333 13 94 1 0 1
-0.037155 -0.226737 2938.78 -1.31563 -0.878293 179.847 11.3691 13 95 1 0 1
1.74255 -0.633256 2938.78 -3.69484 -1.27436 179.916 11.3674 13 96 1 0 1
0.856045 0.533106 2938.78 -3.39585 -0.129311 181.23 11.3465 13 97 1 0 1
1.42024 -0.543225 2938.78 -4.26643 -0.487897 175.048 11.4491 13 98 1 0 1
0.685525 -1.67888 2938.78 -1.89556 -1.05988 180.252 11.3624 13 99 1 0 1
0.161177 -0.678986 2938.78 -1.18347 -0.176192 181.097 11.3491 13 100 1 0 1
0.451124 -0.0945796 2938.78 -3.74167 -0.111554 181.283 11.3455 13 101 1 0 1
0.783547 -1.07738 2938.78 -4.28787 -1.00567 178.613 11.3885 13 102 1 0 1
0.457682 -0.579803 2938.78 -1.66955 -0.342923 180.934 11.3516 13 103 1 0 1
3.20423 -1.19113 2938.78 -2.7892 -0.110592 180.197 11.3632 13 104 1 0 1
-0.250401 -0.954606 2938.78 -6.00181 -0.515498 180.984 11.3493 13 105 1 0 1
3.07249 0.692816 2938.78 -8.11421 1.01139 181.521 11.3395 13 106 1 0 1
1.45529 1.3625 2938.78 -4.73562 0.250656 182.065 11.3329 13 107 1 0 1
0.862344 2.32172 2938.78 -1.81109 1.49884 180.02 11.3662 13 108 1 0 1
2.04402 -1.02018 2938.78 -5.91495 -0.554729 180.95 11.3499 13 109 1 0 1
1.00187 0.463579 2938.78 -5.09708 1.44041 179.955 11.3662 13 110 1 0 1
1.04432 1.98504 2938.78 -4.27957 0.944601 181.16 11.3473 13 111 1 0 1
0.316333 -0.320965 2938.78 -2.87814 0.661749 179.958 11.367 13 112 1 0 1
1.6093 -0.294222 2938.78 -2.43912 -0.00163185 182.725 11.3233 13 113 1 0 1
1.50918 2.30827 2938.78 -5.90735 1.65233 181.311 11.3441 13 114 1 0 1
0.821422 -3.17503 2938.78 -2.55432 -1.07591 182.437 11.3277 13 115 1 0 1
-0.917982 -2.56445 2938.78 -1.56097 -1.03089 179.163 11.3802 13 116 1 0 1
0.943318 0.73257 2938.78 -3.63154 -0.205948 180.007 11.366 13 117 1 0 1
0.291402 -0.055046 2938.78 -1.04846 0.272204 179.58 11.3735 13 118 1 0 1
0.850296 -1.721 2938.78 -2.04395 -0.178275 181.37 11.3446 13 119 1 0 1
0.759115 0.0254613 2938.78 -3.52787 -0.604819 179.329 11.3771 13 120 1 0 1
1.95096 -1.07365 2938.78 -4.20204 0.633234 178.681 11.3875 13 121 1 0 1
3.91952 -1.47957 2938.78 -3.5502 -1.39994 180.265 11.3618 13 122 1 0 1
1.75985 -0.529292 2938.78 -3.98071 -0.131458 180.051 11.3652 13 123 1 0 1
-0.0148913 -0.893878 2938.78 -5.23594 -0.629021 178.065 11.3972 13 124 1 0 1
1.20165 -1.15672 2938.78 -1.74544 -0.400355 181.334 11.3452 13 125 1 0 1
1.9514 1.00154 2938.78 -4.25295 -0.228989 179.895 11.3676 13 126 1 0 1
1.06772 -0.689526 2938.78 -4.56292 0.0103049 178.361 11.3926 13 127 1 0 1
3.44123 -0.676341 2938.78 -4.76988 -0.381552 179.665 11.3711 13 128 1 0 1
2.55832 1.45078 2938.78 -6.55945 0.568837 179.85 11.3672 13 129 1 0 1
-0.403636 0.751217 2938.78 -3.76288 1.11296 176.808 11.4189 13 130 1 0 1
1.62836 0.165787 2938.78 -5.03738 0.35652 177.23 11.4113 13 131 1 0 1
2.5485 0.222091 2938.78 -3.17552 -0.517419 177.524 11.4071 13 132 1 0 1
0.813513 1.37534 2938.78 -1.42866 1.26554 180.432 11.3596 13 133 1 0 1
2.21309 -1.09743 2938.78 -7.95097 -0.428269 180.812 11.3509 13 134 1 0 1
-0.473926 0.100078 2938.78 -1.89225 0.232945 177.637 11.4055 13 135 1 0 1
0.636123 0.557316 2938.78 -3.3807 0.317311 179.813 11.3692 13 136 1 0 1
2.04431 1.69579 2938.78 -3.01298 0.966671 181.495 11.3424 13 137 1 0 1
0.861005 -0.431125 2938.78 -2.29763 0.701298 179.295 11.3779 13 138 1 0 1
1.41465 -1.52852 2938.78 -3.54477 -1.06668 178.745 11.3866 13 139 1 0 1
0.44874 -2.03059 2938.78 -4.50416 -1.41876 180.407 11.3592 13 140 1 0 1
1.76427 0.19956 2938.78 -2.64861 -0.263612 180.84 11.3529 13 141 1 0 1
-0.362962 -0.688153 2938.78 -0.850766 0.0777321 179.705 11.3715 13 142 1 0 1
0.855801 -1.00196 2938.78 -4.3116 0.395641 178.712 11.3869 13 143 1 0 1
2.18045 -0.118858 2938.78 -8.24607 0.0315363 181.657 11.3373 13 144 1 0 1
-1.49308 -0.0118643 2938.78 -1.58033 0.525391 181.115 11.3487 13 145 1 0 1
3.14932 -0.473342 2938.78 -8.62357 0.284618 180.458 11.356 13 146 1 0 1
1.17161 2.32724 2938.78 -6.95725 -0.650845 181.328 11.3433 13 147 1 0 1
1.91007 2.18455 2938.78 -2.95423 1.54221 179.511 11.3742 13 148 1 0 1
0.168007 -1.14029 2938.78 -2.85283 -0.38294 180.043 11.3657 13 149 1 0 1
1.15577 0.537094 2938.78 -3.85098 0.709487 179.702 11.3709 13 150 1 0 1
0.488381 -0.0481167 3000 -3.25647 -0.194461 178.296 11.6315 13 1 1 0 1
1.0618 -0.24156 3000 -3.37563 0.429463 180.416 11.5962 13 2 1 0 1
0.176974 -2.71914 3000 -4.53539 -1.02257 180.852 11.5886 13 3 1 0 1
-1.61513 -1.51772 3000 -4.68638 -1.29965 179.091 11.6175 13 4 1 0 1
-0.0438425 1.12923 3000 -4.3578 0.2684 180.503 11.5944 13 5 1 0 1
-0.63134 1.73263 3000 -4.56535 1.25782 182.093 11.5685 13 6 1 0 1
-0.706186 -0.35085 3000 -2.61677 -0.249922 181.119 11.5849 13 7 1 0 1
-0.427192 -0.808668 3000 -4.28871 -0.729744 182.146 11.5678 13 8 1 0 1
0.233727 1.64196 3000 -2.24788 0.0890283 180.073 11.6021 13 9 1 0 1
-1.92358 -0.322994 3000 -6.17748 -0.231025 178.422 11.6281 13 10 1 0 1
-0.0594729 -2.44698 3000 -4.7373 -0.890068 181.141 11.5838 13 11 1 0 1
1.37567 0.36403 3000 -5.47803 0.258957 177.577 11.6429 13 12 1 0 1
-0.584187 0.375497 3000 -4.88044 -0.473852 178.191 11.6327 13 13 1 0 1
1.23075 -1.45478 3000 -2.77496 -1.58229 180.403 11.5964 13 14 1 0 1
0.552424 -0.500622 3000 -6.50926 -1.63696 180.519 11.593 13 15 1 0 1
-1.06932 0.401661 3000 -2.3856 0.814724 180.265 11.5989 13 16 1 0 1
0.414786 1.53177 3000 -4.25388 1.17348 180.88 11.5882 13 17 1 0 1
-1.49763 0.89129 3000 -4.82601 1.00567 180.886 11.5879 13 18 1 0 1
-0.60512 2.40096 3000 -0.0491529 0.327795 179.668 11.609 13 19 1 0 1
-1.25209 1.60181 3000 -5.68017 1.1673 179.636 11.608 13 20 1 0 1
0.620543 -0.702216 3000 -4.35199 0.234918 178.756 11.6234 13 21 1 0 1
0.994735 0.688823 3000 -3.01602 -0.101573 181.679 11.5758 13 22 1 0 1
-0.424778 -1.6247 3000 -6.51819 -0.95476 179.611 11.608 13 23 1 0 1
1.34146 -2.22192 3000 -3.16699 -0.521531 177.688 11.6419 13 24 1 0 1
0.603058 0.771513 3000 -2.29406 0.88664 180.605 11.5933 13 25 1 0 1
0.145609 0.850243 3000 -4.04842 0.368431 180.454 11.5953 13 26 1 0 1
0.000801641 0.533798 3000 -4.94516 0.607795 183.552 11.5454 13 27 1 0 1
-0.408321 -0.455935 3000 -4.42158 -0.25745 181.609 11.5764 13 28 1 0 1
0.368437 4.2055 3000 -3.09975 0.893153 177.948 11.6375 13 29 1 0 1
0.380382 0.61912 3000 -4.25618 0.104719 181.129 11.5842 13 30 1 0 1
-0.498522 2.77324 3000 -4.27646 1.69082 178.943 11.6201 13 31 1 0 1
-0.215428 1.95207 3000 -3.5643 -0.408884 179.088 11.6181 13 32 1 0 1
-1.11589 -0.793064 3000 -5.71674 0.0840274 181.451 11.5784 13 33 1 0 1
-1.62473 -0.187953 3000 -6.61706 -0.287978 181.001 11.5852 13 34 1 0 1
-2.56191 2.43825 3000 -5.8646 0.548508 181.134 11.5834 13 35 1 0 1
0.167927 1.60446 3000 -0.959103 0.793911 180.34 11.5979 13 36 1 0 1
0.135005 -1.2518 3000 -5.32545 0.148282 181.809 11.5728 13 37 1 0 1
2.62159 -2.11429 3000 -3.207 -0.654725 179.492 11.6115 13 38 1 0 1
0.673231 -0.197562 3000 -3.95704 0.233683 177.206 11.6499 13 39 1 0 1
0.587227 -0.43982 3000 -0.910937 -0.782027 177.35 11.6481 13 40 1 0 1
0.71291 2.5393 3000 -6.15337 0.87484 179.894 11.6035 13 41 1 0 1
0.731512 2.64936 3000 -1.64568 0.975845 182.799 11.5581 13 42 1 0 1
-0.16982 -3.51191 3000 -5.62401 -1.14969 179.735 11.6064 13 43 1 0 1
0.381585 -0.602568 3000 -2.60645 0.47613 178.144 11.6343 13 44 1 0 1
1.42032 1.94973 3000 -5.86444 0.955693 178.562 11.6259 13 45 1 0 1
0.109994 -0.904798 3000 -5.67205 0.275872 179.436 11.6114 13 46 1 0 1
-0.36974 -2.92682 3000 0.561073 -1.15407 180.566 11.5942 13 47 1 0 1
-0.00916665 0.982022 3000 -2.65224 0.584576 182.368 11.5648 13 48 1 0 1
0.993447 0.666117 3000 -3.62901 1.22325 178.75 11.6237 13 49 1 0 1
-1.79144 0.106707 3000 -5.48394 -1.01208 181.839 11.5722 13 50 1 0 1
-0.0121888 -0.218983 3000 -1.43916 -0.133799 178.929 11.6213 13 51 1 0 1
1.71053 -0.339871 3000 -4.25132 0.102783 181.751 11.5742 13 52 1 0 1
-1.20292 -1.49331 3000 -3.34027 -0.228957 177.005 11.6536 13 53 1 0 1
0.962006 0.985251 3000 -2.66398 0.544517 181.429 11.5799 13 54 1 0 1
-1.12578 -1.47936 3000 -4.1193 -1.1603 181.61 11.5764 13 55 1 0 1
-0.861689 0.176384 3000 -2.70039 -0.730231 179.767 11.607 13 56 1 0 1
0.347734 -3.19409 3000 -1.53637 -1.5509 178.832 11.6228 13 57 1 0 1
0.692047 1.31542 3000 -0.108094 -0.484173 178.424 11.6299 13 58 1 0 1
-0.437914 0.418577 3000 -4.34597 0.635466 181.146 11.5839 13 59 1 0 1
1.27359 0.488954 3000 -4.2929 0.498945 176.196 11.6673 13 60 1 0 1
1.25041 -0.021671 3000 -5.56325 -0.27035 183.408 11.5473 13 61 1 0 1
0.447725 3.72005 3000 -0.459035 1.53377 181.234 11.5832 13 62 1 0 1
-0.114793 0.0297144 3000 -7.25327 0.498584 178.221 11.6308 13 63 1 0 1
0.279605 1.05743 3000 -3.5942 0.555542 179.612 11.6094 13 64 1 0 1
-0.342796 1.03886 3000 -1.83872 0.614901 178.454 11.6292 13 65 1 0 1
2.54649 0.950458 3000 -2.12673 0.83897 175.318 11.6835 13 66 1 0 1
0.459028 1.78674 3000 -4.93607 1.20194 179.807 11.6055 13 67 1 0 1
-1.85658 1.04976 3000 -4.71963 0.741145 178.672 11.6246 13 68 1 0 1
1.72779 -1.25705 3000 -6.2829 -1.04622 180.412 11.5949 13 69 1 0 1
-0.380521 -2.79601 3000 -4.15734 -0.380175 181.819 11.5731 13 70 1 0 1
-1.28439 1.39269 3000 -1.54641 1.31541 183.267 11.5507 13 71 1 0 1
-0.832771 1.93355 3000 -5.25509 -0.113406 178.576 11.626 13 72 1 0 1
0.499194 -0.81698 3000 -3.67487 -0.51387 180.787 11.59 13 73 1 0 1
0.609242 0.50233 3000 -4.51391 0.0991588 181.364 11.5803 13 74 1 0 1
-0.788863 -0.782151 3000 -3.85782 -0.425222 179.761 11.6068 13 75 1 0 1
-0.000473535 0.319787 3000 -4.01365 0.10019 177.689 11.6416 13 76 1 0 1
1.0062 0.684158 3000 -4.58304 0.271203 180.745 11.5903 13 77 1 0 1
-1.81069 0.767027 3000 -1.96392 -0.0857236 181.321 11.5818 13 78 1 0 1
-2.51004 -2.47397 3000 -1.71977 -0.492103 179.304 11.6149 13 79 1 0 1
-0.728952 0.28131 3000 -1.19069 0.422113 180.314 11.5983 13 80 1 0 1
0.67466 -0.47032 3000 -6.67115 0.0673319 182.857 11.5554 13 81 1 0 1
0.977619 -1.24307 3000 -5.63888 -0.761704 181.224 11.5821 13 82 1 0 1
1.02069 0.0694198 3000 -3.20379 0.527023 179.588 11.6099 13 83 1 0 1
1.18413 -0.336715 3000 -8.78217 -0.137629 184.462 11.529 13 84 1 0 1
0.834743 1.22066 3000 -3.08601 0.659869 177.871 11.6388 13 85 1 0 1
0.343182 0.829399 3000 -4.12328 0.874042 179.995 11.6028 13 86 1 0 1
0.515512 0.216462 3000 -5.36338 0.147174 179.482 11.6108 13 87 1 0 1
-1.0067 -0.789556 3000 -4.98718 -0.420526 177.294 11.648 13 88 1 0 1
-1.9183 -1.27669 3000 -2.96459 -0.389885 180.995 11.5868 13 89 1 0 1
-0.221652 -3.13146 3000 -3.68528 -0.720477 180.89 11.5883 13 90 1 0 1
-0.84256 1.1227 3000 -5.87343 -0.374337 181.309 11.5806 13 91 1 0 1
-1.81189 -0.534315 3000 -5.43256 0.0487454 176.745 11.6572 13 92 1 0 1
-1.01708 0.257609 3000 -0.329125 -0.61756 180.056 11.6026 13 93 1 0 1
0.605436 -0.240906 3000 -4.28859 0.688072 182.044 11.5695 13 94 1 0 1
-0.482638 -0.523869 3000 -1.29598 -0.865694 179.847 11.606 13 95 1 0 1
0.468256 -1.06248 3000 -3.77844 -1.24587 179.914 11.6042 13 96 1 0 1
-0.29723 0.486464 3000 -3.41713 -0.146558 181.23 11.5829 13 97 1 0 1
-0.0838008 -0.710447 3000 -4.31559 -0.467411 175.047 11.6876 13 98 1 0 1
0.0356457 -2.02862 3000 -1.92289 -0.997508 180.252 11.5992 13 99 1 0 1
-0.23928 -0.734566 3000 -1.1805 -0.152298 181.097 11.5855 13 100 1 0 1
-0.812921 -0.131643 3000 -3.72788 -0.107726 181.284 11.5819 13 101 1 0 1
-0.689995 -1.4153 3000 -4.29139 -0.964118 178.613 11.6258 13 102 1 0 1
-0.110713 -0.692314 3000 -1.68275 -0.321439 180.934 11.5881 13 103 1 0 1
2.21954 -1.22184 3000 -2.99465 -0.0700062 180.194 11.5999 13 104 1 0 1
-2.26884 -1.12322 3000 -5.90604 -0.480407 180.987 11.5858 13 105 1 0 1
0.308002 1.02934 3000 -8.24298 0.982186 181.516 11.5757 13 106 1 0 1
-0.149039 1.43886 3000 -4.78559 0.203049 182.063 11.569 13 107 1 0 1
0.237974 2.81726 3000 -1.85274 1.4125 180.02 11.603 13 108 1 0 1
0.0250594 -1.2017 3000 -5.99359 -0.517195 180.948 11.5864 13 109 1 0 1
-0.737695 0.950062 3000 -5.10708 1.41667 179.955 11.603 13 110 1 0 1
-0.409195 2.29235 3000 -4.30376 0.872273 181.16 11.5837 13 111 1 0 1
-0.662726 -0.0944248 3000 -2.86504 0.668727 179.958 11.6038 13 112 1 0 1
0.774909 -0.293089 3000 -2.53071 0.0083849 182.724 11.5592 13 113 1 0 1
-0.496408 2.85199 3000 -5.94595 1.565 181.311 11.5804 13 114 1 0 1
-0.0426495 -3.5173 3000 -2.58419 -0.96195 182.438 11.5637 13 115 1 0 1
-1.43736 -2.90144 3000 -1.47226 -0.939496 179.164 11.6173 13 116 1 0 1
-0.298665 0.658477 3000 -3.65593 -0.229319 180.006 11.6028 13 117 1 0 1
-0.0682569 0.0378945 3000 -1.05688 0.272491 179.58 11.6104 13 118 1 0 1
0.15238 -1.77125 3000 -2.08218 -0.119154 181.37 11.5809 13 119 1 0 1
-0.449911 -0.180782 3000 -3.53953 -0.602218 179.329 11.6141 13 120 1 0 1
0.49229 -0.850964 3000 -4.29378 0.665324 178.678 11.6247 13 121 1 0 1
2.66866 -1.94569 3000 -3.79981 -1.34227 180.26 11.5985 13 122 1 0 1
0.389484 -0.570889 3000 -4.06204 -0.112967 180.049 11.602 13 123 1 0 1
-1.80729 -1.10465 3000 -5.16778 -0.595812 178.067 11.6347 13 124 1 0 1
0.599451 -1.28504 3000 -1.8141 -0.359026 181.333 11.5816 13 125 1 0 1
0.485157 0.918045 3000 -4.34506 -0.261219 179.893 11.6044 13 126 1 0 1
-0.505543 -0.682063 3000 -4.58399 0.0331391 178.361 11.63 13 127 1 0 1
1.77864 -0.802257 3000 -4.96693 -0.356746 179.66 11.608 13 128 1 0 1
0.302118 1.63578 3000 -6.66748 0.517012 179.847 11.604 13 129 1 0 1
-1.69589 1.13159 3000 -3.68487 1.0819 176.81 11.6568 13 130 1 0 1
-0.125248 0.287768 3000 -5.09334 0.349014 177.228 11.649 13 131 1 0 1
1.42534 0.0427157 3000 -3.3238 -0.521799 177.521 11.6447 13 132 1 0 1
0.320383 1.7961 3000 -1.47168 1.21213 180.432 11.5963 13 133 1 0 1
-0.496028 -1.23591 3000 -8.01612 -0.388884 180.809 11.5873 13 134 1 0 1
-1.11725 0.179641 3000 -1.83283 0.228308 177.638 11.6431 13 135 1 0 1
-0.518203 0.661973 3000 -3.38516 0.296847 179.813 11.6061 13 136 1 0 1
1.00607 2.01159 3000 -3.12936 0.903857 181.494 11.5787 13 137 1 0 1
0.0687446 -0.189647 3000 -2.33268 0.711685 179.295 11.615 13 138 1 0 1
0.187542 -1.88447 3000 -3.60497 -1.00973 178.744 11.6238 13 139 1 0 1
-1.07904 -2.49958 3000 -4.48028 -1.34248 180.408 11.5958 13 140 1 0 1
0.848786 0.109345 3000 -2.74795 -0.268824 180.839 11.5894 13 141 1 0 1
-0.646922 -0.657795 3000 -0.812608 0.100308 179.705 11.6084 13 142 1 0 1
-0.625952 -0.860957 3000 -4.32023 0.426715 178.712 11.6241 13 143 1 0 1
-0.614818 -0.107571 3000 -8.30574 0.0353751 181.654 11.5735 13 144 1 0 1
-2.00587 0.16547 3000 -1.44709 0.522797 181.116 11.5851 13 145 1 0 1
0.195714 -0.374263 3000 -8.7502 0.298885 180.452 11.5926 13 146 1 0 1
-1.18245 2.09463 3000 -6.95683 -0.725684 181.327 11.5796 13 147 1 0 1
0.882319 2.69708 3000 -3.05961 1.46041 179.51 11.6111 13 148 1 0 1
-0.800116 -1.26376 3000 -2.82891 -0.34254 180.044 11.6024 13 149 1 0 1
-0.165463 0.775293 3000 -3.88838 0.687471 179.701 11.6078 13 150 1 0 1
