#BLTrackFile example Gaussian beam in a uniform focusing channel
#x y z Px Py Pz t PDGid EventID TrackID ParentID Weight
#mm mm mm MeV/c MeV/c MeV/c ns - - - - -
28.9765 -0.56524 0 0.226238 22.1519 176.945 0 13 1 1 0 1
29.1468 1.06037 0 0.497596 22.7728 179.005 0 13 2 1 0 1
31.5791 -4.16516 0 0.083152 22.7832 179.471 0 13 3 1 0 1
31.9953 -4.35972 0 -0.751756 22.1041 177.787 0 13 4 1 0 1
31.2218 1.30244 0 -0.0205648 22.3423 179.168 0 13 5 1 0 1
31.5766 4.29383 0 -0.298692 22.8601 180.714 0 13 6 1 0 1
27.5187 -0.860117 0 -0.332278 22.5565 179.727 0 13 7 1 0 1
30.9937 -2.39228 0 -0.202197 22.578 180.793 0 13 8 1 0 1
26.7682 1.0663 0 0.109365 22.0606 178.731 0 13 9 1 0 1
35.225 -0.803985 0 -0.892046 22.2315 177.137 0 13 10 1 0 1
31.9896 -3.66164 0 -0.0279891 22.8129 179.763 0 13 11 1 0 1
33.7834 0.905609 0 0.634836 22.1823 176.27 0 13 12 1 0 1
32.4618 -1.13175 0 -0.270563 21.8953 176.908 0 13 13 1 0 1
27.8755 -5.07948 0 0.57698 22.111 179.07 0 13 14 1 0 1
35.7734 -4.74986 0 0.259334 21.8562 179.316 0 13 15 1 0 1
27.055 2.44343 0 -0.500653 22.7691 178.839 0 13 16 1 0 1
30.9831 3.98501 0 0.194921 22.7234 179.501 0 13 17 1 0 1
32.191 3.20433 0 -0.70381 22.8148 179.508 0 13 18 1 0 1
22.1045 2.10576 0 -0.282504 21.9246 178.326 0 13 19 1 0 1
34.0781 4.02527 0 -0.584488 22.5545 178.308 0 13 20 1 0 1
31.2995 0.300984 0 0.288161 22.5945 177.376 0 13 21 1 0 1
28.3411 0.0669974 0 0.469577 22.4208 180.314 0 13 22 1 0 1
35.862 -3.44998 0 -0.198319 22.374 178.334 0 13 23 1 0 1
28.808 -2.56734 0 0.619109 22.4863 176.288 0 13 24 1 0 1
26.8518 2.82173 0 0.282895 22.7477 179.183 0 13 25 1 0 1
30.5694 1.4382 0 0.0682725 22.4586 179.097 0 13 26 1 0 1
32.2909 1.90996 0 0.000382312 23.0464 182.167 0 13 27 1 0 1
31.2998 -0.931378 0 -0.192679 22.6468 180.246 0 13 28 1 0 1
28.6537 4.59325 0 0.170411 21.5215 176.671 0 13 29 1 0 1
30.9756 0.596433 0 0.179032 22.4755 179.78 0 13 30 1 0 1
31.1285 6.07513 0 -0.231783 22.4117 177.594 0 13 31 1 0 1
29.6022 -0.156854 0 -0.100285 21.6172 177.814 0 13 32 1 0 1
34.0343 -0.16675 0 -0.526121 22.8886 180.092 0 13 33 1 0 1
35.9642 -0.88344 0 -0.764438 22.4922 179.718 0 13 34 1 0 1
34.3672 2.7217 0 -1.20633 22.2113 179.859 0 13 35 1 0 1
24.0314 2.98664 0 0.0786684 22.4464 178.942 0 13 36 1 0 1
33.1885 -0.221203 0 0.0637668 23.0867 180.416 0 13 37 1 0 1
28.8247 -2.8671 0 1.22226 22.6233 178.086 0 13 38 1 0 1
30.5295 0.555555 0 0.309932 22.266 175.846 0 13 39 1 0 1
23.962 -2.4079 0 0.270579 21.8461 176.003 0 13 40 1 0 1
35.0655 3.68269 0 0.33339 22.1958 178.628 0 13 41 1 0 1
25.4388 3.97356 0 0.34742 22.5546 181.412 0 13 42 1 0 1
33.9521 -4.92993 0 -0.0793038 22.7918 178.377 0 13 43 1 0 1
27.5887 1.02491 0 0.176545 22.6049 176.724 0 13 44 1 0 1
34.5449 3.63059 0 0.659166 22.2285 177.271 0 13 45 1 0 1
34.0743 0.310474 0 0.0512798 22.7583 178.077 0 13 46 1 0 1
20.8131 -4.63481 0 -0.173398 22.7307 179.134 0 13 47 1 0 1
27.5552 2.08156 0 -0.00434277 22.7618 180.962 0 13 48 1 0 1
29.7549 3.7287 0 0.461236 22.7136 177.341 0 13 49 1 0 1
33.5196 -2.70837 0 -0.84686 22.1592 180.568 0 13 50 1 0 1
25.0723 -0.480535 0 -0.00566532 22.3027 177.54 0 13 51 1 0 1
30.9347 0.110671 0 0.807694 22.8087 180.363 0 13 52 1 0 1
29.2082 -1.38849 0 -0.553065 22.3518 175.619 0 13 53 1 0 1
27.6086 1.98184 0 0.453417 22.6256 180.033 0 13 54 1 0 1
30.6639 -3.90986 0 -0.53129 22.4799 180.264 0 13 55 1 0 1
27.7378 -1.9274 0 -0.402533 22.0129 178.436 0 13 56 1 0 1
25.2816 -5.90024 0 0.161534 22.3848 177.439 0 13 57 1 0 1
22.2314 -0.688771 0 0.320873 21.6632 177.105 0 13 58 1 0 1
31.1641 1.94996 0 -0.206087 22.7909 179.76 0 13 59 1 0 1
31.3065 1.64959 0 0.583018 22.0916 174.858 0 13 60 1 0 1
33.5862 -0.742245 0 0.596036 22.7521 182.076 0 13 61 1 0 1
22.9675 6.05929 0 0.210819 22.3513 179.858 0 13 62 1 0 1
37.5455 1.40299 0 -0.0531776 22.4755 176.948 0 13 63 1 0 1
29.6436 2.06346 0 0.130478 22.39 178.248 0 13 64 1 0 1
25.9357 2.22918 0 -0.158908 22.2781 177.069 0 13 65 1 0 1
26.6336 2.84974 0 1.15961 22.0243 173.94 0 13 66 1 0 1
32.4859 4.21024 0 0.214462 22.5405 178.461 0 13 67 1 0 1
32.0898 2.58313 0 -0.86191 22.3702 177.329 0 13 68 1 0 1
35.3023 -3.506 0 0.810294 22.3318 179.136 0 13 69 1 0 1
30.7339 -2.43553 0 -0.179691 23.2405 180.376 0 13 70 1 0 1
25.2231 4.25782 0 -0.61135 23.1171 181.813 0 13 71 1 0 1
33.2406 0.651664 0 -0.386611 21.7093 177.329 0 13 72 1 0 1
29.7644 -1.81888 0 0.234479 22.5129 179.418 0 13 73 1 0 1
31.5068 0.522454 0 0.287123 22.5339 180.015 0 13 74 1 0 1
30.1974 -1.56482 0 -0.368437 22.4182 178.399 0 13 75 1 0 1
30.628 0.439673 0 -0.000218626 22.1256 176.352 0 13 76 1 0 1
31.6854 1.08661 0 0.472576 22.4929 179.398 0 13 77 1 0 1
26.1372 0.148926 0 -0.853011 22.3615 179.946 0 13 78 1 0 1
25.6636 -2.59881 0 -1.16875 22.7712 177.857 0 13 79 1 0 1
24.5223 1.30225 0 -0.3414 22.6138 178.894 0 13 80 1 0 1
35.9355 -0.0524498 0 0.320628 22.9742 181.53 0 13 81 1 0 1
33.8852 -2.70709 0 0.460444 22.5673 179.903 0 13 82 1 0 1
28.8142 1.49085 0 0.476139 22.6342 178.185 0 13 83 1 0 1
40.1855 -0.538575 0 0.568009 23.0498 183.226 0 13 84 1 0 1
28.6271 2.45113 0 0.385737 22.1827 176.51 0 13 85 1 0 1
30.7501 2.8242 0 0.160474 22.6549 178.613 0 13 86 1 0 1
33.4143 0.515109 0 0.240444 22.4028 178.159 0 13 87 1 0 1
32.7446 -1.57171 0 -0.463799 22.1156 175.98 0 13 88 1 0 1
28.2565 -1.70721 0 -0.901897 22.7205 179.586 0 13 89 1 0 1
29.7819 -3.54206 0 -0.104135 23.043 179.455 0 13 90 1 0 1
34.3738 -0.463111 0 -0.397155 22.1342 180.049 0 13 91 1 0 1
33.7406 -0.130309 0 -0.832135 22.2105 175.426 0 13 92 1 0 1
22.6982 -1.57306 0 -0.475821 22.0797 178.697 0 13 93 1 0 1
30.9985 1.75502 0 0.286294 23.105 180.624 0 13 94 1 0 1
24.7525 -2.65038 0 -0.225524 22.1409 178.485 0 13 95 1 0 1
30.0219 -3.9673 0 0.218938 22.1113 178.595 0 13 96 1 0 1
29.2022 -0.158034 0 -0.139968 22.3985 179.873 0 13 97 1 0 1
31.4171 -1.68016 0 -0.0381169 21.7875 173.74 0 13 98 1 0 1
26.0748 -3.76023 0 0.0166905 22.5287 178.852 0 13 99 1 0 1
24.4899 -0.784569 0 -0.112553 22.7023 179.673 0 13 100 1 0 1
29.8548 -0.360681 0 -0.382886 22.5904 179.909 0 13 101 1 0 1
31.1773 -3.38602 0 -0.320248 22.1791 177.285 0 13 102 1 0 1
25.5525 -1.22768 0 -0.0520349 22.5884 179.526 0 13 103 1 0 1
28.348 -0.803696 0 1.0388 22.7607 178.773 0 13 104 1 0 1
34.4646 -1.87869 0 -1.06715 22.6433 179.66 0 13 105 1 0 1
39.3461 3.1996 0 0.145353 22.8596 180.262 0 13 106 1 0 1
32.0402 1.27282 0 -0.0705219 22.4203 180.741 0 13 107 1 0 1
25.9312 5.30194 0 0.111294 22.3884 178.638 0 13 108 1 0 1
34.6522 -2.0191 0 0.0117845 22.6421 179.626 0 13 109 1 0 1
32.8403 4.38127 0 -0.344872 22.8865 178.572 0 13 110 1 0 1
31.0744 3.53532 0 -0.192638 22.407 179.823 0 13 111 1 0 1
28.0812 1.79666 0 -0.309756 22.7923 178.533 0 13 112 1 0 1
27.2903 -0.123775 0 0.367813 22.8679 181.304 0 13 113 1 0 1
34.5265 5.70895 0 -0.233925 22.6202 179.999 0 13 114 1 0 1
27.4106 -4.37497 0 -0.0202068 23.2269 180.974 0 13 115 1 0 1
25.1388 -4.05265 0 -0.668814 22.6482 177.734 0 13 116 1 0 1
29.7579 -0.302892 0 -0.139706 22.1612 178.674 0 13 117 1 0 1
24.248 0.771867 0 -0.0318376 22.514 178.166 0 13 118 1 0 1
26.3851 -1.21161 0 0.0717731 23.0312 179.914 0 13 119 1 0 1
29.5392 -1.75671 0 -0.209655 22.1174 177.996 0 13 120 1 0 1
28.0864 7.01874 61.2245 -5.34133 21.4446 176.951 0.237379 13 1 1 0 1
28.346 8.759 61.2245 -5.15143 22.003 179.027 0.236656 13 2 1 0 1
30.6059 3.54663 61.2245 -5.75646 22.1814 179.454 0.236502 13 3 1 0 1
30.7308 3.19324 61.2245 -6.5556 21.5134 177.74 0.237093 13 4 1 0 1
30.218 8.84578 61.2245 -5.8228 21.5636 179.169 0.23662 13 5 1 0 1
30.4745 11.93 61.2245 -6.17437 21.9727 180.719 0.236092 13 6 1 0 1
26.4566 6.74467 61.2245 -5.87027 21.8459 179.72 0.236427 13 7 1 0 1
29.9316 5.18328 61.2245 -6.03685 21.9139 180.774 0.236078 13 8 1 0 1
25.8658 8.5333 61.2245 -5.34816 21.2944 178.744 0.236777 13 9 1 0 1
33.8698 6.80051 61.2245 -6.91184 21.5247 177.092 0.237308 13 10 1 0 1
30.9734 4.04476 61.2245 -5.90641 22.193 179.744 0.236404 13 11 1 0 1
32.9733 8.52101 61.2245 -5.27105 21.4298 176.286 0.23761 13 12 1 0 1
31.3558 6.3684 61.2245 -6.08734 21.205 176.888 0.237402 13 13 1 0 1
27.118 2.42551 61.2245 -4.97936 21.5467 179.07 0.236662 13 14 1 0 1
34.8064 2.65604 61.2245 -5.8914 21.2784 179.289 0.236591 13 15 1 0 1
25.9409 10.1401 61.2245 -5.97479 21.9515 178.842 0.236712 13 16 1 0 1
30.0556 11.6287 61.2245 -5.60358 21.8541 179.521 0.236494 13 17 1 0 1
30.9427 10.8832 61.2245 -6.58047 21.9669 179.494 0.236488 13 18 1 0 1
21.128 9.53737 61.2245 -5.37522 21.1264 178.341 0.236919 13 19 1 0 1
32.8448 11.6625 61.2245 -6.56398 21.6857 178.296 0.236898 13 20 1 0 1
30.4007 8.01392 61.2245 -5.46599 21.8549 177.384 0.237212 13 21 1 0 1
27.5399 7.59555 61.2245 -5.1595 21.681 180.332 0.23624 13 22 1 0 1
34.7379 4.16698 61.2245 -6.31576 21.7516 178.299 0.236897 13 23 1 0 1
28.0562 5.17249 61.2245 -4.92059 21.8457 176.301 0.23759 13 24 1 0 1
26.0073 10.494 61.2245 -5.19734 21.9193 179.211 0.236598 13 25 1 0 1
29.6042 9.02348 61.2245 -5.68415 21.6756 179.103 0.236639 13 26 1 0 1
31.2805 9.56057 61.2245 -5.9807 22.2325 182.17 0.23562 13 27 1 0 1
30.2368 6.68237 61.2245 -6.03302 21.9357 180.233 0.236253 13 28 1 0 1
27.7487 11.9416 61.2245 -5.36449 20.6508 176.693 0.2375 13 29 1 0 1
30.0426 8.16315 61.2245 -5.62722 21.718 179.785 0.236413 13 30 1 0 1
30.0533 13.6827 61.2245 -5.97387 21.4822 177.608 0.237146 13 31 1 0 1
28.5918 7.20362 61.2245 -5.73711 20.895 177.808 0.237104 13 32 1 0 1
32.8233 7.53124 61.2245 -6.56244 22.1493 180.065 0.236293 13 33 1 0 1
34.6473 6.69998 61.2245 -6.92936 21.7783 179.674 0.236432 13 34 1 0 1
32.9211 10.1831 61.2245 -7.25045 21.3783 179.818 0.236396 13 35 1 0 1
23.1536 10.5656 61.2245 -5.18067 21.615 178.969 0.236691 13 36 1 0 1
32.188 7.53024 61.2245 -5.92806 22.3497 180.412 0.23618 13 37 1 0 1
28.2771 4.84273 61.2245 -4.38322 21.9887 178.116 0.236969 13 38 1 0 1
29.649 8.22056 61.2245 -5.33843 21.5255 175.858 0.237754 13 39 1 0 1
23.1519 5.12137 61.2245 -4.89927 21.2045 176.013 0.237717 13 40 1 0 1
34.1332 11.1854 61.2245 -5.74313 21.3421 178.64 0.236806 13 41 1 0 1
24.6328 11.4789 61.2245 -5.09481 21.6805 181.447 0.23588 13 42 1 0 1
32.8932 2.83676 61.2245 -6.0576 22.2165 178.346 0.236865 13 43 1 0 1
26.6993 8.76602 61.2245 -5.28127 21.8447 176.741 0.237435 13 44 1 0 1
33.7322 11.203 61.2245 -5.33723 21.3834 177.296 0.237263 13 45 1 0 1
33.0585 8.04889 61.2245 -5.92861 22.0133 178.072 0.236967 13 46 1 0 1
19.8907 3.07632 61.2245 -5.19343 22.1475 179.132 0.236615 13 47 1 0 1
26.6039 9.68656 61.2245 -5.58805 21.9495 180.976 0.236016 13 48 1 0 1
28.9354 11.4646 61.2245 -5.18023 21.8632 177.373 0.237218 13 49 1 0 1
32.2074 4.7368 61.2245 -6.85531 21.5053 180.519 0.236168 13 50 1 0 1
24.1523 7.12922 61.2245 -5.29943 21.5901 177.549 0.237169 13 51 1 0 1
30.2145 7.76835 61.2245 -5.02286 22.0659 180.387 0.236208 13 52 1 0 1
28.0452 6.32748 61.2245 -6.0851 21.6714 175.6 0.237829 13 53 1 0 1
26.8117 9.58087 61.2245 -5.11185 21.8226 180.06 0.236324 13 54 1 0 1
29.4946 3.66351 61.2245 -6.31922 21.867 180.229 0.236254 13 55 1 0 1
26.6481 5.55282 61.2245 -5.91584 21.344 178.419 0.236878 13 56 1 0 1
24.4164 1.7731 61.2245 -5.14638 21.849 177.431 0.2372 13 57 1 0 1
21.4603 6.72039 61.2245 -4.75416 20.9639 177.125 0.237344 13 58 1 0 1
30.0981 9.617 61.2245 -6.02075 21.9857 179.76 0.236406 13 59 1 0 1
30.5119 9.29117 61.2245 -5.09419 21.3214 174.88 0.238109 13 60 1 0 1
32.7587 6.82859 61.2245 -5.48833 22.0305 182.083 0.23566 13 61 1 0 1
22.1479 13.5493 61.2245 -4.99762 21.416 179.902 0.236392 13 62 1 0 1
36.4493 9.08736 61.2245 -6.25014 21.699 176.934 0.237363 13 63 1 0 1
28.7117 9.65816 61.2245 -5.52673 21.5906 178.261 0.236926 13 64 1 0 1
24.9519 9.83543 61.2245 -5.50068 21.4784 177.082 0.237331 13 65 1 0 1
26.102 10.5015 61.2245 -4.15625 21.2227 173.994 0.238438 13 66 1 0 1
31.5462 11.8351 61.2245 -5.66269 21.6688 178.479 0.236848 13 67 1 0 1
30.7855 10.2078 61.2245 -6.65727 21.553 177.307 0.237237 13 68 1 0 1
34.5289 4.06255 61.2245 -5.30693 21.7134 179.135 0.236631 13 69 1 0 1
29.6826 5.38237 61.2245 -5.98173 22.5758 180.361 0.236186 13 70 1 0 1
24.0982 11.9338 61.2245 -6.03634 22.2257 181.825 0.235729 13 71 1 0 1
32.085 8.05959 61.2245 -6.27343 20.9598 177.309 0.237266 13 72 1 0 1
28.8659 5.78975 61.2245 -5.46986 21.8365 179.419 0.23653 13 73 1 0 1
30.6035 8.09942 61.2245 -5.56813 21.7779 180.023 0.236333 13 74 1 0 1
29.0879 6.05371 61.2245 -6.06432 21.7348 178.381 0.236873 13 75 1 0 1
29.6387 8.03449 61.2245 -5.66775 21.3866 176.352 0.237584 13 76 1 0 1
30.8432 8.6727 61.2245 -5.37862 21.7215 179.413 0.236538 13 77 1 0 1
24.9166 7.67242 61.2245 -6.28686 21.6164 179.929 0.236362 13 78 1 0 1
24.3375 5.17031 61.2245 -6.49955 22.1198 177.824 0.23704 13 79 1 0 1
23.4951 8.95 61.2245 -5.63013 21.8355 178.903 0.2367 13 80 1 0 1
34.9859 7.61218 61.2245 -5.91987 22.2286 181.527 0.235825 13 81 1 0 1
33.0103 4.90438 61.2245 -5.57179 21.9181 179.898 0.236368 13 82 1 0 1
28.0112 9.17524 61.2245 -5.12207 21.854 178.21 0.236936 13 83 1 0 1
39.2628 7.08244 61.2245 -6.05915 22.314 183.218 0.235286 13 84 1 0 1
27.7968 10.0474 61.2245 -5.14496 21.3797 176.535 0.237527 13 85 1 0 1
29.8141 10.4895 61.2245 -5.59137 21.8276 178.628 0.236792 13 86 1 0 1
32.4717 8.12687 61.2245 -5.6957 21.6537 178.161 0.236955 13 87 1 0 1
31.5676 6.04735 61.2245 -6.26808 21.4405 175.953 0.237713 13 88 1 0 1
26.9915 5.96427 61.2245 -6.48278 22.0351 179.556 0.236466 13 89 1 0 1
28.7682 4.25532 61.2245 -5.80614 22.4192 179.44 0.236496 13 90 1 0 1
33.2021 6.98239 61.2245 -6.4592 21.4093 180.021 0.236338 13 91 1 0 1
32.4223 7.53785 61.2245 -6.68602 21.4885 175.39 0.237903 13 92 1 0 1
21.6483 5.91696 61.2245 -5.62039 21.3992 178.692 0.236788 13 93 1 0 1
30.1012 9.49238 61.2245 -5.55063 22.3032 180.639 0.236111 13 94 1 0 1
23.7616 4.87569 61.2245 -5.52035 21.4963 178.479 0.236856 13 95 1 0 1
29.1152 3.55153 61.2245 -5.47792 21.5098 178.584 0.236821 13 96 1 0 1
28.1838 7.38286 61.2245 -5.81157 21.6652 179.869 0.236385 13 97 1 0 1
30.4044 5.92309 61.2245 -5.67814 21.1267 173.729 0.238522 13 98 1 0 1
25.1496 3.88914 61.2245 -5.39097 21.9179 178.847 0.236718 13 99 1 0 1
23.5412 6.8717 61.2245 -5.42476 21.9902 179.68 0.236439 13 100 1 0 1
28.7458 7.24502 61.2245 -6.10125 21.8616 179.896 0.236366 13 101 1 0 1
30.0709 4.20873 61.2245 -6.05344 21.5595 177.258 0.237261 13 102 1 0 1
24.6107 6.39863 61.2245 -5.44031 21.8919 179.53 0.236492 13 103 1 0 1
27.7423 6.91151 61.2245 -4.55038 22.0552 178.806 0.236733 13 104 1 0 1
33.0641 5.7643 61.2245 -7.11321 21.9609 179.607 0.236444 13 105 1 0 1
38.2943 10.8612 61.2245 -6.30616 22.0096 180.257 0.236239 13 106 1 0 1
31.0092 8.77637 61.2245 -5.98474 21.6359 180.738 0.236101 13 107 1 0 1
25.0402 12.8609 61.2245 -5.28152 21.4823 178.671 0.236795 13 108 1 0 1
33.6154 5.62571 61.2245 -6.06252 21.9687 179.608 0.236456 13 109 1 0 1
31.705 12.1187 61.2245 -6.24445 22.0046 178.574 0.236796 13 110 1 0 1
30.0141 11.0602 61.2245 -6.00292 21.5513 179.827 0.236402 13 111 1 0 1
27.0189 9.51831 61.2245 -5.85354 21.9973 178.537 0.236813 13 112 1 0 1
26.4675 7.51504 61.2245 -5.21123 22.1285 181.322 0.235902 13 113 1 0 1
33.4081 13.2863 61.2245 -6.309 21.6897 180.003 0.236335 13 114 1 0 1
26.4558 3.42339 61.2245 -5.5924 22.6264 180.964 0.235993 13 115 1 0 1
23.9906 3.68787 61.2245 -5.96377 22.0472 177.711 0.237088 13 116 1 0 1
28.7321 7.20873 61.2245 -5.81491 21.4379 178.668 0.236792 13 117 1 0 1
23.3297 8.41996 61.2245 -5.28277 21.7573 178.182 0.236948 13 118 1 0 1
25.4746 6.54847 61.2245 -5.39241 22.3309 179.921 0.236346 13 119 1 0 1
28.4922 5.77704 61.2245 -5.8459 21.4438 177.982 0.237022 13 120 1 0 1
25.3221 14.1117 122.449 -10.5482 19.3313 176.961 0.474757 13 1 1 0 1
25.6644 15.9468 122.449 -10.443 19.807 179.053 0.473313 13 2 1 0 1
27.694 10.807 122.449 -11.2198 20.1486 179.436 0.473003 13 3 1 0 1
27.5242 10.2988 122.449 -11.9628 19.5108 177.689 0.474186 13 4 1 0 1
27.2853 15.8773 122.449 -11.2482 19.3619 179.162 0.473241 13 5 1 0 1
27.4369 19.0191 122.449 -11.6624 19.6474 180.716 0.472184 13 6 1 0 1
23.5621 13.8616 122.449 -11.0302 19.7078 179.724 0.472853 13 7 1 0 1
26.948 12.2888 122.449 -11.4862 19.8133 180.753 0.472156 13 8 1 0 1
23.1461 15.492 122.449 -10.4432 19.1126 178.765 0.473555 13 9 1 0 1
30.4922 13.9165 122.449 -12.5256 19.4085 177.028 0.474617 13 10 1 0 1
28.009 11.2941 122.449 -11.4041 20.1399 179.721 0.472809 13 11 1 0 1
30.1637 15.6283 122.449 -10.8181 19.2733 176.281 0.475219 13 12 1 0 1
28.2918 13.385 122.449 -11.5218 19.1107 176.856 0.474804 13 13 1 0 1
24.5111 9.4919 122.449 -10.1815 19.5619 179.078 0.473324 13 14 1 0 1
31.7929 9.62071 122.449 -11.6601 19.2783 179.233 0.473182 13 15 1 0 1
23.0076 17.3102 122.449 -11.0701 19.711 178.86 0.473423 13 16 1 0 1
27.2033 18.7287 122.449 -11.0317 19.5559 179.535 0.472989 13 17 1 0 1
27.747 18.0271 122.449 -12.0596 19.6896 179.474 0.472976 13 18 1 0 1
18.4556 16.4492 122.449 -10.1064 18.9191 178.384 0.473838 13 19 1 0 1
29.6154 18.7558 122.449 -12.1472 19.3976 178.267 0.473796 13 20 1 0 1
27.5684 15.2245 122.449 -10.8554 19.701 177.389 0.474424 13 21 1 0 1
24.8786 14.6265 122.449 -10.4289 19.51 180.352 0.47248 13 22 1 0 1
31.5691 11.3255 122.449 -12.0414 19.7087 178.242 0.473795 13 23 1 0 1
25.431 12.4424 122.449 -10.1118 19.7993 176.321 0.47518 13 24 1 0 1
23.3418 17.6356 122.449 -10.3195 19.6652 179.251 0.473197 13 25 1 0 1
26.7259 16.0949 122.449 -11.0639 19.4691 179.105 0.473278 13 26 1 0 1
28.314 16.6912 122.449 -11.577 19.9679 182.163 0.471239 13 27 1 0 1
27.2445 13.8089 122.449 -11.4891 19.7911 180.216 0.472507 13 28 1 0 1
24.978 18.7428 122.449 -10.5389 18.3838 176.711 0.474999 13 29 1 0 1
27.1853 15.2258 122.449 -11.0612 19.5317 179.783 0.472826 13 30 1 0 1
27.0535 20.7232 122.449 -11.338 19.1406 177.615 0.474292 13 31 1 0 1
25.6941 14.071 122.449 -11.0008 18.7669 177.798 0.474209 13 32 1 0 1
29.6167 14.7324 122.449 -12.1997 19.9744 180.026 0.472587 13 33 1 0 1
31.288 13.796 122.449 -12.6843 19.6347 179.607 0.472864 13 34 1 0 1
29.4769 17.1175 122.449 -12.8767 19.1197 179.758 0.472792 13 35 1 0 1
20.528 17.613 122.449 -10.0831 19.3641 179.018 0.473382 13 36 1 0 1
29.2082 14.7848 122.449 -11.5382 20.1724 180.397 0.472359 13 37 1 0 1
25.8503 12.0864 122.449 -9.65257 19.9341 178.15 0.473937 13 38 1 0 1
26.8542 15.3809 122.449 -10.6275 19.3847 175.867 0.475507 13 39 1 0 1
20.5942 12.1813 122.449 -9.72222 19.1679 176.047 0.475435 13 40 1 0 1
31.1717 18.1495 122.449 -11.4449 19.0689 178.623 0.473613 13 41 1 0 1
22.0412 18.4424 122.449 -10.1791 19.3686 181.494 0.47176 13 42 1 0 1
29.8368 10.1602 122.449 -11.6519 20.2164 178.306 0.473731 13 43 1 0 1
23.9713 15.9962 122.449 -10.3813 19.6762 176.769 0.474869 13 44 1 0 1
30.9005 18.2366 122.449 -10.972 19.1273 177.295 0.474526 13 45 1 0 1
30.041 15.2845 122.449 -11.5295 19.8468 178.053 0.473935 13 46 1 0 1
17.3042 10.3414 122.449 -9.85547 20.1407 179.173 0.473231 13 47 1 0 1
23.8164 16.7701 122.449 -10.8004 19.6996 180.999 0.472033 13 48 1 0 1
26.22 18.6588 122.449 -10.466 19.5984 177.405 0.474437 13 49 1 0 1
28.9154 11.717 122.449 -12.455 19.4203 180.455 0.472335 13 50 1 0 1
21.459 14.2467 122.449 -10.2339 19.4678 177.578 0.474338 13 51 1 0 1
27.5656 14.9265 122.449 -10.4971 19.8861 180.405 0.472416 13 52 1 0 1
25.0091 13.5603 122.449 -11.2379 19.5925 175.59 0.475658 13 53 1 0 1
24.1731 16.6597 122.449 -10.3198 19.5889 180.094 0.472647 13 54 1 0 1
26.4149 10.7842 122.449 -11.7146 19.8222 180.196 0.472508 13 55 1 0 1
23.7211 12.5588 122.449 -11.0509 19.2616 178.412 0.473756 13 56 1 0 1
21.7711 9.01526 122.449 -10.0983 19.9021 177.447 0.474399 13 57 1 0 1
18.9848 13.6419 122.449 -9.48524 18.865 177.171 0.474689 13 58 1 0 1
27.1064 16.7634 122.449 -11.4529 19.7492 179.755 0.472812 13 59 1 0 1
27.7808 16.4158 122.449 -10.42 19.1586 174.894 0.476217 13 60 1 0 1
29.9371 13.9106 122.449 -11.2004 19.8602 182.07 0.47132 13 61 1 0 1
19.6064 20.4739 122.449 -9.85346 19.0568 179.967 0.472785 13 62 1 0 1
33.2645 16.2571 122.449 -12.0594 19.5103 176.889 0.474727 13 63 1 0 1
25.8894 16.7318 122.449 -10.817 19.3744 178.273 0.473851 13 64 1 0 1
22.1743 16.9185 122.449 -10.4786 19.2727 177.111 0.474661 13 65 1 0 1
23.7471 17.6226 122.449 -9.14859 19.037 174.056 0.476876 13 66 1 0 1
28.6435 18.914 122.449 -11.1687 19.3764 178.483 0.473696 13 67 1 0 1
27.5379 17.3051 122.449 -12.0554 19.3257 177.279 0.474474 13 68 1 0 1
31.7162 11.1738 122.449 -11.0593 19.6687 179.108 0.473262 13 69 1 0 1
26.7161 12.7279 122.449 -11.4011 20.4704 180.352 0.472372 13 70 1 0 1
21.2013 19.0628 122.449 -11.0781 19.8893 181.858 0.471458 13 71 1 0 1
28.9526 14.9646 122.449 -11.7721 18.8058 177.27 0.474531 13 72 1 0 1
26.0732 12.9214 122.449 -10.8066 19.7334 179.42 0.473061 13 73 1 0 1
27.7615 15.173 122.449 -11.0523 19.5907 180.021 0.472666 13 74 1 0 1
26.0784 13.1922 122.449 -11.3776 19.633 178.365 0.473747 13 75 1 0 1
26.7354 15.1267 122.449 -10.9662 19.2456 176.349 0.475168 13 76 1 0 1
28.0562 15.7489 122.449 -10.8648 19.5231 179.418 0.473075 13 77 1 0 1
21.903 14.6975 122.449 -11.3315 19.4457 179.93 0.472725 13 78 1 0 1
21.2332 12.4695 122.449 -11.4382 20.0525 177.82 0.47408 13 79 1 0 1
20.7113 16.0847 122.449 -10.5496 19.6362 178.935 0.4734 13 80 1 0 1
31.9852 14.779 122.449 -11.7765 20.0349 181.496 0.47165 13 81 1 0 1
30.1349 12.049 122.449 -11.2317 19.8362 179.875 0.472737 13 82 1 0 1
25.3358 16.344 122.449 -10.3647 19.6548 178.238 0.473872 13 83 1 0 1
36.1793 14.2117 122.449 -12.2948 20.1156 183.16 0.470573 13 84 1 0 1
25.0996 17.1181 122.449 -10.3216 19.1738 176.561 0.475053 13 85 1 0 1
26.9596 17.6242 122.449 -10.9741 19.5781 178.639 0.473584 13 86 1 0 1
29.5424 15.235 122.449 -11.259 19.4862 178.146 0.47391 13 87 1 0 1
28.4272 13.1865 122.449 -11.6863 19.3653 175.917 0.475427 13 88 1 0 1
23.8804 13.1568 122.449 -11.669 19.9216 179.541 0.472932 13 89 1 0 1
25.8628 11.5932 122.449 -11.1314 20.3629 179.434 0.472992 13 90 1 0 1
30.025 13.9373 122.449 -12.1242 19.2565 179.972 0.472677 13 91 1 0 1
29.1186 14.7091 122.449 -12.1431 19.3695 175.344 0.475805 13 92 1 0 1
18.8893 12.9285 122.449 -10.3958 19.3048 178.717 0.473575 13 93 1 0 1
27.278 16.7105 122.449 -11.017 20.0607 180.652 0.472223 13 94 1 0 1
21.0073 11.9352 122.449 -10.4483 19.4374 178.495 0.473713 13 95 1 0 1
26.3079 10.6189 122.449 -10.8072 19.4908 178.573 0.473642 13 96 1 0 1
25.2887 14.4286 122.449 -11.106 19.5044 179.867 0.472771 13 97 1 0 1
27.458 13.0478 122.449 -10.9513 19.0841 173.713 0.477044 13 98 1 0 1
22.4255 11.0832 122.449 -10.4345 19.8853 178.861 0.473435 13 99 1 0 1
20.8348 14.0386 122.449 -10.3719 19.8505 179.711 0.472877 13 100 1 0 1
25.7456 14.3571 122.449 -11.4345 19.703 179.885 0.472731 13 101 1 0 1
27.0395 11.3445 122.449 -11.4049 19.5307 177.23 0.474522 13 102 1 0 1
21.8837 13.541 122.449 -10.4629 19.7693 179.554 0.472983 13 103 1 0 1
25.2711 14.1369 122.449 -9.79859 19.9244 178.846 0.473466 13 104 1 0 1
29.6618 12.9306 122.449 -12.7449 19.8484 179.542 0.472889 13 105 1 0 1
35.1066 17.988 122.449 -12.3641 19.7206 180.208 0.472479 13 106 1 0 1
28.0289 15.7689 122.449 -11.5154 19.417 180.722 0.472203 13 107 1 0 1
22.353 19.8621 122.449 -10.315 19.1588 178.715 0.47359 13 108 1 0 1
30.5626 12.7954 122.449 -11.7513 19.8639 179.571 0.472913 13 109 1 0 1
28.6027 19.3069 122.449 -11.757 19.6984 178.565 0.473592 13 110 1 0 1
27.0303 18.0479 122.449 -11.4311 19.2682 179.823 0.472803 13 111 1 0 1
24.1097 16.7204 122.449 -11.0218 19.7805 178.552 0.473626 13 112 1 0 1
23.8121 14.6572 122.449 -10.4284 19.9474 181.35 0.471803 13 113 1 0 1
30.279 20.3012 122.449 -11.9928 19.3274 179.983 0.47267 13 114 1 0 1
23.6686 10.7718 122.449 -10.7923 20.5823 180.972 0.471987 13 115 1 0 1
21.0731 10.9754 122.449 -10.881 20.0317 177.717 0.474175 13 116 1 0 1
25.8157 14.2272 122.449 -11.1141 19.2972 178.661 0.473585 13 117 1 0 1
20.6591 15.5611 122.449 -10.1746 19.5853 178.222 0.473896 13 118 1 0 1
22.7569 13.8229 122.449 -10.4918 20.1969 179.948 0.472692 13 119 1 0 1
25.5605 12.8339 122.449 -11.1059 19.3578 177.971 0.474044 13 120 1 0 1
20.8689 20.2487 183.673 -15.0513 15.951 176.972 0.712136 13 1 1 0 1
21.2852 22.1576 183.673 -15.029 16.3254 179.078 0.709969 13 2 1 0 1
23.0323 17.1491 183.673 -15.9546 16.8257 179.419 0.709505 13 3 1 0 1
22.5724 16.4919 183.673 -16.6252 16.2369 177.644 0.711278 13 4 1 0 1
22.6134 21.9326 183.673 -15.9447 15.8796 179.148 0.709861 13 5 1 0 1
22.6563 25.0963 183.673 -16.4074 16.0287 180.705 0.708277 13 6 1 0 1
19.0239 20.0254 183.673 -15.4678 16.283 179.74 0.70928 13 7 1 0 1
22.2339 18.4591 183.673 -16.1967 16.4186 180.732 0.708235 13 8 1 0 1
18.7933 21.479 183.673 -14.8336 15.6555 178.791 0.710332 13 9 1 0 1
25.2932 20.0787 183.673 -17.3796 16.0255 176.957 0.711925 13 10 1 0 1
23.2869 17.6196 183.673 -16.1674 16.7952 179.699 0.709213 13 11 1 0 1
25.5411 21.7623 183.673 -15.6536 15.8531 176.259 0.712829 13 12 1 0 1
23.4629 19.4539 183.673 -16.2247 15.7531 176.818 0.712206 13 13 1 0 1
20.2362 15.655 183.673 -14.6843 16.2954 179.092 0.709986 13 14 1 0 1
26.9247 15.6806 183.673 -16.6852 15.9984 179.158 0.709773 13 15 1 0 1
18.4448 23.4878 183.673 -15.4449 16.1886 178.889 0.710135 13 16 1 0 1
22.614 24.8201 183.673 -15.7365 15.9718 179.539 0.709483 13 17 1 0 1
22.8003 24.1702 183.673 -16.7878 16.1268 179.45 0.709463 13 18 1 0 1
14.2704 22.3785 183.673 -14.1445 15.4415 178.444 0.710756 13 19 1 0 1
24.587 24.8402 183.673 -16.9788 15.8339 178.224 0.710695 13 20 1 0 1
22.9896 21.4664 183.673 -15.5313 16.2729 177.389 0.711636 13 21 1 0 1
20.5398 20.6956 183.673 -14.9897 16.0495 180.372 0.70872 13 22 1 0 1
26.5512 17.5598 183.673 -17.0166 16.3876 178.172 0.710692 13 23 1 0 1
21.1141 18.7753 183.673 -14.6129 16.4843 176.346 0.71277 13 24 1 0 1
19.0383 23.7811 183.673 -14.7399 16.1261 179.295 0.709795 13 25 1 0 1
22.1227 22.1877 183.673 -15.7204 15.981 179.102 0.709917 13 26 1 0 1
23.582 22.8364 183.673 -16.4285 16.3978 182.146 0.706859 13 27 1 0 1
22.514 19.983 183.673 -16.2076 16.3555 180.198 0.70876 13 28 1 0 1
20.5273 24.5352 183.673 -15.0099 14.8609 176.719 0.712499 13 29 1 0 1
22.5914 21.3198 183.673 -15.77 16.0591 179.776 0.709239 13 30 1 0 1
22.3204 26.7323 183.673 -15.9753 15.5294 177.61 0.711437 13 31 1 0 1
21.0982 19.9828 183.673 -15.5455 15.3735 177.784 0.711313 13 32 1 0 1
24.6111 20.9704 183.673 -17.0797 16.5077 179.98 0.70888 13 33 1 0 1
26.0868 19.9397 183.673 -17.6683 16.2062 179.528 0.709296 13 34 1 0 1
24.2374 23.0615 183.673 -17.7273 15.5811 179.686 0.709188 13 35 1 0 1
16.3364 23.6645 183.673 -14.2913 15.8333 179.078 0.710074 13 36 1 0 1
24.4398 21.0758 183.673 -16.4086 16.6981 180.374 0.708539 13 37 1 0 1
21.7211 18.3971 183.673 -14.2394 16.5978 178.185 0.710906 13 38 1 0 1
22.3313 21.5707 183.673 -15.213 15.9822 175.872 0.713261 13 39 1 0 1
16.4688 18.3072 183.673 -13.8672 15.8722 176.097 0.713152 13 40 1 0 1
26.3713 24.1116 183.673 -16.4116 15.5203 178.579 0.710419 13 41 1 0 1
17.8449 24.4005 183.673 -14.5601 15.7613 181.545 0.70764 13 42 1 0 1
24.9759 16.5726 183.673 -16.5077 16.9324 178.265 0.710596 13 43 1 0 1
19.5891 22.2489 183.673 -14.7838 16.2377 176.805 0.712304 13 44 1 0 1
26.237 24.2672 183.673 -15.8883 15.6025 177.268 0.711789 13 45 1 0 1
25.2136 21.5508 183.673 -16.3959 16.4006 178.022 0.710902 13 46 1 0 1
13.2344 16.6935 183.673 -13.8302 16.8468 179.25 0.709846 13 47 1 0 1
19.3787 22.8674 183.673 -15.2936 16.1544 181.026 0.708049 13 48 1 0 1
21.7926 24.8452 183.673 -15.0496 16.0596 177.431 0.711655 13 49 1 0 1
23.8424 17.7685 183.673 -17.2888 16.0484 180.388 0.708503 13 50 1 0 1
17.1759 20.4067 183.673 -14.4733 16.0738 177.623 0.711506 13 51 1 0 1
23.1703 21.1193 183.673 -15.2601 16.4115 180.414 0.708624 13 52 1 0 1
20.2921 19.8435 183.673 -15.6724 16.2531 175.591 0.713487 13 53 1 0 1
19.8752 22.7534 183.673 -14.8233 16.0658 180.128 0.708971 13 54 1 0 1
21.6184 16.9868 183.673 -16.3664 16.4875 180.169 0.708762 13 55 1 0 1
19.1463 18.6264 183.673 -15.4655 15.9057 178.415 0.710634 13 56 1 0 1
17.528 15.3596 183.673 -14.3588 16.6805 177.486 0.711599 13 57 1 0 1
14.983 19.6129 183.673 -13.5422 15.5034 177.233 0.712033 13 58 1 0 1
22.38 22.9235 183.673 -16.15 16.2244 179.747 0.709219 13 59 1 0 1
23.2979 22.5582 183.673 -15.0496 15.7418 174.898 0.714326 13 60 1 0 1
25.3084 20.0389 183.673 -16.1767 16.3857 182.042 0.70698 13 61 1 0 1
15.5225 26.3699 183.673 -14.0191 15.4145 180.04 0.709177 13 62 1 0 1
28.1872 22.4464 183.673 -17.1206 16.0523 176.819 0.71209 13 63 1 0 1
21.3638 22.8195 183.673 -15.3931 15.8825 178.282 0.710777 13 64 1 0 1
17.7885 23.0136 183.673 -14.7559 15.7999 177.15 0.711992 13 65 1 0 1
19.7437 23.7477 183.673 -13.4826 15.6026 174.116 0.715314 13 66 1 0 1
23.9668 24.9821 183.673 -15.9494 15.8061 178.471 0.710544 13 67 1 0 1
22.5445 23.41 183.673 -16.7078 15.8304 177.248 0.711711 13 68 1 0 1
27.0507 17.3626 183.673 -16.0856 16.3394 179.062 0.709892 13 69 1 0 1
22.0251 19.1333 183.673 -16.086 17.0662 180.349 0.708559 13 70 1 0 1
16.7212 25.1793 183.673 -15.3926 16.2509 181.906 0.707187 13 71 1 0 1
24.0384 20.904 183.673 -16.5309 15.3893 177.22 0.711797 13 72 1 0 1
21.5725 19.1106 183.673 -15.4265 16.3444 179.423 0.709591 13 73 1 0 1
23.1682 21.2786 183.673 -15.8108 16.1149 180.01 0.708999 13 74 1 0 1
21.3606 19.3853 183.673 -15.9613 16.2535 178.354 0.71062 13 75 1 0 1
22.107 21.2514 183.673 -15.5506 15.8422 176.343 0.712752 13 76 1 0 1
23.5102 21.8505 183.673 -15.6316 16.04 179.411 0.709613 13 77 1 0 1
17.2882 20.7598 183.673 -15.6459 15.9907 179.946 0.709087 13 78 1 0 1
16.5449 18.8314 183.673 -15.6499 16.7079 177.845 0.711119 13 79 1 0 1
16.3568 22.2409 183.673 -14.7629 16.1555 178.985 0.7101 13 80 1 0 1
27.1249 20.9823 183.673 -16.8823 16.5385 181.446 0.707475 13 81 1 0 1
25.4473 18.2611 183.673 -16.16 16.464 179.84 0.709105 13 82 1 0 1
20.9713 22.5314 183.673 -14.906 16.1765 178.266 0.710808 13 83 1 0 1
31.1286 20.3839 183.673 -17.7586 16.6031 183.064 0.705859 13 84 1 0 1
20.7194 23.1985 183.673 -14.8017 15.7041 176.585 0.71258 13 85 1 0 1
22.3743 23.7628 183.673 -15.6374 16.0479 178.644 0.710376 13 86 1 0 1
24.816 21.3743 183.673 -16.0948 16.0423 178.118 0.710865 13 87 1 0 1
23.5182 19.3802 183.673 -16.3712 16.0299 175.879 0.71314 13 88 1 0 1
19.1174 19.4042 183.673 -16.1163 16.5212 179.542 0.709397 13 89 1 0 1
21.2546 18.0039 183.673 -15.7318 17.0145 179.439 0.709488 13 90 1 0 1
25.0386 19.9382 183.673 -17.0327 15.8203 179.909 0.709015 13 91 1 0 1
24.0288 20.9175 183.673 -16.8559 15.9938 175.295 0.713708 13 92 1 0 1
14.6063 18.9976 183.673 -14.4695 15.9349 178.766 0.710363 13 93 1 0 1
22.7158 22.943 183.673 -15.7581 16.5202 180.659 0.708334 13 94 1 0 1
16.6748 18.0636 183.673 -14.673 16.1025 178.529 0.710569 13 95 1 0 1
21.7865 16.7701 183.673 -15.4211 16.194 178.564 0.710463 13 96 1 0 1
20.7056 20.5147 183.673 -15.6747 16.0578 179.868 0.709156 13 97 1 0 1
22.7681 19.2287 183.673 -15.5166 15.797 173.695 0.715567 13 98 1 0 1
18.0869 17.3558 183.673 -14.7741 16.5695 178.893 0.710153 13 99 1 0 1
16.5546 20.2504 183.673 -14.6156 16.4225 179.762 0.709316 13 100 1 0 1
21.0457 20.5105 183.673 -16.0331 16.2567 179.879 0.709097 13 101 1 0 1
22.2751 17.5559 183.673 -16.0281 16.2322 177.205 0.711782 13 102 1 0 1
17.5561 19.7339 183.673 -14.7794 16.3602 179.594 0.709475 13 103 1 0 1
21.1124 20.4061 183.673 -14.3591 16.5077 178.886 0.7102 13 104 1 0 1
24.4594 19.1544 183.673 -17.6055 16.4498 179.474 0.709333 13 105 1 0 1
29.9792 24.1146 183.673 -17.6566 16.1394 180.124 0.708718 13 106 1 0 1
23.2904 21.7865 183.673 -16.3058 15.9077 180.696 0.708304 13 107 1 0 1
18.0532 25.8418 183.673 -14.6483 15.5589 178.762 0.710385 13 108 1 0 1
25.6867 19.0241 183.673 -16.6951 16.4709 179.522 0.709369 13 109 1 0 1
23.7275 25.4799 183.673 -16.5288 16.111 178.547 0.710387 13 110 1 0 1
22.3137 24.0348 183.673 -16.1241 15.7015 179.81 0.709205 13 111 1 0 1
19.5428 22.9368 183.673 -15.4712 16.2827 178.575 0.710439 13 112 1 0 1
19.5065 20.8371 183.673 -14.9355 16.4662 181.384 0.707705 13 113 1 0 1
25.3341 26.2895 183.673 -16.9245 15.6793 179.942 0.709005 13 114 1 0 1
19.235 17.2022 183.673 -15.2737 17.2347 180.999 0.70798 13 115 1 0 1
16.5757 17.3427 183.673 -15.086 16.7393 177.75 0.711263 13 116 1 0 1
21.1977 20.2883 183.673 -15.6898 15.8802 178.654 0.710377 13 117 1 0 1
16.4192 21.7297 183.673 -14.3719 16.1362 178.278 0.710844 13 118 1 0 1
18.416 20.1446 183.673 -14.8836 16.769 179.991 0.709038 13 119 1 0 1
20.9339 18.9494 183.673 -15.6445 15.9993 177.963 0.711066 13 120 1 0 1
15.0236 25.0276 244.898 -18.5537 11.5255 176.983 0.949514 13 1 1 0 1
15.5031 26.9887 244.898 -18.6078 11.7832 179.099 0.946625 13 2 1 0 1
16.9231 22.1685 244.898 -19.6565 12.4374 179.41 0.946007 13 3 1 0 1
16.1848 21.3698 244.898 -20.2429 11.9147 177.611 0.948371 13 4 1 0 1
16.5047 26.6107 244.898 -19.6084 11.3432 179.129 0.946481 13 5 1 0 1
16.4377 29.7601 244.898 -20.102 11.3464 180.686 0.944369 13 6 1 0 1
13.1408 24.8336 244.898 -18.8854 11.7961 179.764 0.945706 13 7 1 0 1
16.0926 23.2918 244.898 -19.863 11.9568 180.717 0.944313 13 8 1 0 1
13.1016 26.0939 244.898 -18.223 11.147 178.816 0.94711 13 9 1 0 1
18.5886 24.8848 244.898 -21.1697 11.6004 176.889 0.949234 13 10 1 0 1
17.1107 22.617 244.898 -19.8911 12.3842 179.683 0.945618 13 11 1 0 1
19.4066 26.5209 244.898 -19.4724 11.393 176.223 0.950438 13 12 1 0 1
17.1753 24.1737 244.898 -19.895 11.3556 176.78 0.949608 13 13 1 0 1
14.5853 20.5125 244.898 -18.1891 11.9698 179.112 0.946648 13 14 1 0 1
20.5091 20.4346 244.898 -20.6553 11.6656 179.079 0.946364 13 15 1 0 1
12.552 28.2704 244.898 -18.8035 11.6084 178.924 0.946847 13 16 1 0 1
16.5877 29.5013 244.898 -19.4127 11.3294 179.532 0.945977 13 17 1 0 1
16.4119 28.9106 244.898 -20.4603 11.5062 179.424 0.945951 13 18 1 0 1
8.86229 26.9253 244.898 -17.2024 10.9154 178.51 0.947675 13 19 1 0 1
18.0711 29.5141 244.898 -20.7525 11.2222 178.175 0.947593 13 20 1 0 1
16.9643 26.3363 244.898 -19.1918 11.7942 177.385 0.948848 13 21 1 0 1
14.8172 25.4016 244.898 -18.5395 11.5255 180.388 0.94496 13 22 1 0 1
19.9956 22.4667 244.898 -20.9327 12.014 178.104 0.94759 13 23 1 0 1
15.3988 23.767 244.898 -18.1276 12.1207 176.374 0.950361 13 24 1 0 1
13.3895 28.5282 244.898 -18.1606 11.5267 179.336 0.946393 13 25 1 0 1
16.0952 26.9003 244.898 -19.3505 11.4373 179.094 0.946557 13 26 1 0 1
17.3882 27.594 244.898 -20.224 11.7531 182.123 0.942478 13 27 1 0 1
16.3492 24.802 244.898 -19.8835 11.8558 180.182 0.945013 13 28 1 0 1
14.6932 28.9206 244.898 -18.4807 10.3058 176.715 0.949998 13 29 1 0 1
16.5611 26.0435 244.898 -19.4486 11.527 179.763 0.945651 13 30 1 0 1
16.158 31.3094 244.898 -19.584 10.8746 177.595 0.948583 13 31 1 0 1
15.1041 24.5396 244.898 -19.0728 10.9386 177.769 0.948417 13 32 1 0 1
18.1175 25.8422 244.898 -20.894 11.9775 179.937 0.945173 13 33 1 0 1
19.3598 24.7289 244.898 -21.5714 11.7211 179.45 0.945727 13 34 1 0 1
17.5194 27.6154 244.898 -21.4951 10.992 179.614 0.945585 13 35 1 0 1
10.8689 28.319 244.898 -17.513 11.2461 179.139 0.946765 13 36 1 0 1
18.1878 25.9992 244.898 -20.2298 12.1549 180.35 0.944719 13 37 1 0 1
16.1779 23.371 244.898 -17.8429 12.2017 178.216 0.947875 13 38 1 0 1
16.3788 26.3874 244.898 -18.7968 11.5396 175.873 0.951014 13 39 1 0 1
11.064 23.0973 244.898 -17.0472 11.5353 176.155 0.950869 13 40 1 0 1
20.0378 28.6716 244.898 -20.3323 10.9249 178.516 0.947225 13 41 1 0 1
12.3339 28.9532 244.898 -17.9379 11.0865 181.588 0.94352 13 42 1 0 1
18.6175 21.669 244.898 -20.3193 12.5885 178.231 0.947461 13 43 1 0 1
13.8475 27.1207 244.898 -18.1943 11.7506 176.842 0.949739 13 44 1 0 1
20.0437 28.8939 244.898 -19.7772 11.0354 177.219 0.949052 13 45 1 0 1
18.8828 26.4442 244.898 -20.2209 11.9006 177.986 0.947869 13 46 1 0 1
7.96812 21.7281 244.898 -16.8322 12.4853 179.35 0.946461 13 47 1 0 1
13.587 27.5767 244.898 -18.7663 11.5412 181.052 0.944065 13 48 1 0 1
15.9495 29.6211 244.898 -18.6306 11.4707 177.447 0.948873 13 49 1 0 1
17.301 22.4903 244.898 -21.0498 11.6174 180.328 0.94467 13 50 1 0 1
11.5953 25.2068 244.898 -17.7266 11.6291 177.675 0.948675 13 51 1 0 1
17.3239 25.9442 244.898 -19.004 11.8691 180.415 0.944832 13 52 1 0 1
14.1977 24.7732 244.898 -19.0958 11.8731 175.603 0.951316 13 53 1 0 1
14.2107 27.4605 244.898 -18.3215 11.4795 180.157 0.945294 13 54 1 0 1
15.4105 21.8685 244.898 -19.9723 12.0883 180.155 0.945016 13 55 1 0 1
13.2234 23.3546 244.898 -18.8643 11.499 178.426 0.947513 13 56 1 0 1
11.9783 20.4016 244.898 -17.6373 12.4029 177.541 0.948799 13 57 1 0 1
9.73984 24.233 244.898 -16.6386 11.0985 177.3 0.949377 13 58 1 0 1
16.2228 27.6951 244.898 -19.8074 11.6385 179.737 0.945625 13 59 1 0 1
17.3606 27.3162 244.898 -18.6844 11.292 174.892 0.952434 13 60 1 0 1
19.1737 24.8115 244.898 -20.1027 11.8374 182.003 0.94264 13 61 1 0 1
10.1836 30.838 244.898 -17.2016 10.715 180.105 0.945569 13 62 1 0 1
21.5302 27.2526 244.898 -21.123 11.5516 176.737 0.949454 13 63 1 0 1
15.4334 27.5198 244.898 -18.9545 11.3395 178.285 0.947703 13 64 1 0 1
12.0896 27.7192 244.898 -18.0409 11.2816 177.192 0.949323 13 65 1 0 1
14.377 28.4747 244.898 -16.8671 11.138 174.164 0.953753 13 66 1 0 1
17.8186 29.6381 244.898 -19.6987 11.1852 178.446 0.947391 13 67 1 0 1
16.1161 28.1208 244.898 -20.3142 11.292 177.219 0.948948 13 68 1 0 1
20.8345 22.2263 244.898 -20.0734 11.9523 179.006 0.946523 13 69 1 0 1
15.9123 24.1933 244.898 -19.7322 12.5887 180.355 0.944745 13 70 1 0 1
10.9553 29.8814 244.898 -18.6825 11.5385 181.958 0.942915 13 71 1 0 1
17.6507 25.4778 244.898 -20.2468 10.9352 177.165 0.949062 13 72 1 0 1
15.6615 23.9548 244.898 -19.0272 11.8942 179.428 0.946121 13 73 1 0 1
17.1237 26.0143 244.898 -19.5368 11.5777 179.994 0.945332 13 74 1 0 1
15.2382 24.2301 244.898 -19.5158 11.8201 178.349 0.947494 13 75 1 0 1
16.0548 26.0066 244.898 -19.1226 11.3986 176.335 0.950336 13 76 1 0 1
17.5043 26.5757 244.898 -19.3725 11.499 179.395 0.94615 13 77 1 0 1
11.3731 25.4583 244.898 -18.9353 11.4761 179.975 0.94545 13 78 1 0 1
10.5753 23.8515 244.898 -18.8455 12.3063 177.895 0.948159 13 79 1 0 1
10.7259 27.0164 244.898 -17.9782 11.6162 179.043 0.9468 13 80 1 0 1
20.7121 25.8191 244.898 -20.9206 11.9705 181.384 0.943301 13 81 1 0 1
19.2502 23.1379 244.898 -20.0465 12.0285 179.8 0.945473 13 82 1 0 1
15.212 27.3346 244.898 -18.4461 11.643 178.288 0.947745 13 83 1 0 1
24.4228 25.1964 244.898 -22.1229 12.0117 182.948 0.941145 13 84 1 0 1
14.9508 27.8872 244.898 -18.2888 11.1928 176.602 0.950107 13 85 1 0 1
16.3582 28.5033 244.898 -19.2781 11.4632 178.641 0.947168 13 86 1 0 1
18.5964 26.1427 244.898 -19.8963 11.5479 178.082 0.94782 13 87 1 0 1
17.1493 24.2257 244.898 -20.0235 11.6562 175.845 0.950854 13 88 1 0 1
13.0071 24.3032 244.898 -19.5279 12.0581 179.559 0.945863 13 89 1 0 1
15.2445 23.0821 244.898 -19.3064 12.5978 179.454 0.945984 13 90 1 0 1
18.5531 24.5846 244.898 -20.8756 11.3291 179.843 0.945353 13 91 1 0 1
17.4658 25.7603 244.898 -20.5252 11.5837 175.251 0.95161 13 92 1 0 1
9.09169 23.723 244.898 -17.554 11.5106 178.829 0.947151 13 93 1 0 1
16.7141 27.7868 244.898 -19.4668 11.9099 180.66 0.944446 13 94 1 0 1
11.0577 22.8588 244.898 -17.9034 11.713 178.577 0.947425 13 95 1 0 1
15.8494 21.603 244.898 -19.0187 11.8427 178.558 0.947284 13 96 1 0 1
14.7346 25.2398 244.898 -19.2164 11.5513 179.87 0.945541 13 97 1 0 1
16.6373 24.0632 244.898 -19.0796 11.4838 173.679 0.954089 13 98 1 0 1
12.4274 22.3034 244.898 -18.1156 12.1921 178.938 0.94687 13 99 1 0 1
10.9928 25.1041 244.898 -17.8626 11.9292 179.823 0.945755 13 100 1 0 1
14.9492 25.3027 244.898 -19.5955 11.7486 179.877 0.945462 13 101 1 0 1
16.0826 22.44 244.898 -19.6239 11.8864 177.188 0.949043 13 102 1 0 1
11.9213 24.5746 244.898 -18.0951 11.8879 179.642 0.945966 13 103 1 0 1
15.5554 25.3154 244.898 -17.9309 12.0286 178.921 0.946933 13 104 1 0 1
17.7728 24.0326 244.898 -21.3885 11.9921 179.417 0.945777 13 105 1 0 1
23.2261 28.8391 244.898 -21.863 11.4986 180.018 0.944957 13 106 1 0 1
17.0977 26.4285 244.898 -20.0479 11.3368 180.664 0.944406 13 107 1 0 1
12.4333 30.3996 244.898 -17.9857 10.9073 178.802 0.94718 13 108 1 0 1
19.2951 23.9088 244.898 -20.5841 12.0168 179.472 0.945826 13 109 1 0 1
17.3868 30.2352 244.898 -20.2543 11.4698 178.522 0.947183 13 110 1 0 1
16.168 28.6204 244.898 -19.7771 11.0792 179.79 0.945606 13 111 1 0 1
13.6177 27.7645 244.898 -18.9043 11.7277 178.602 0.947252 13 112 1 0 1
13.8436 25.6523 244.898 -18.4306 11.9114 181.419 0.943607 13 113 1 0 1
18.8825 30.8508 244.898 -20.7928 10.9761 179.885 0.94534 13 114 1 0 1
13.4511 22.3094 244.898 -18.7369 12.8082 181.041 0.943973 13 115 1 0 1
10.7962 22.3851 244.898 -18.2898 12.3895 177.806 0.94835 13 116 1 0 1
15.1791 24.991 244.898 -19.2418 11.4115 178.648 0.947169 13 117 1 0 1
10.9012 26.5233 244.898 -17.5839 11.6319 178.341 0.947792 13 118 1 0 1
12.7459 25.1095 244.898 -18.2707 12.2711 180.042 0.945383 13 119 1 0 1
14.9134 23.7217 244.898 -19.1633 11.5914 177.961 0.948088 13 120 1 0 1
8.17461 28.1357 306.122 -20.8241 6.34525 176.992 1.18689 13 1 1 0 1
8.70501 30.1264 306.122 -20.9437 6.47505 179.111 1.18328 13 2 1 0 1
9.76149 25.5497 306.122 -22.0885 7.27702 179.41 1.18251 13 3 1 0 1
8.76367 24.6186 306.122 -22.5839 6.83412 177.597 1.18546 13 4 1 0 1
9.35431 29.5999 306.122 -22.0029 6.04814 179.108 1.1831 13 5 1 0 1
9.17913 32.699 306.122 -22.5078 5.89992 180.662 1.18046 13 6 1 0 1
6.30232 27.9732 306.122 -21.0517 6.54114 179.791 1.18213 13 7 1 0 1
8.92026 26.4733 306.122 -22.2483 6.72399 180.709 1.18039 13 8 1 0 1
6.45543 29.0257 306.122 -20.381 5.88075 178.834 1.18389 13 9 1 0 1
10.789 28.0216 306.122 -23.6607 6.42491 176.837 1.18654 13 10 1 0 1
9.87721 25.971 306.122 -22.3376 7.20113 179.678 1.18202 13 11 1 0 1
12.1561 29.5916 306.122 -22.0366 6.18464 176.181 1.18805 13 12 1 0 1
9.82879 27.2325 306.122 -22.2993 6.20882 176.749 1.18701 13 13 1 0 1
7.94197 23.7505 306.122 -20.4631 6.87652 179.135 1.18331 13 14 1 0 1
12.9491 23.5701 306.122 -23.3288 6.57421 179.01 1.18296 13 15 1 0 1
5.71887 31.3451 306.122 -20.9162 6.26445 178.956 1.18356 13 16 1 0 1
9.51772 32.4606 306.122 -21.8224 5.92618 179.515 1.18247 13 17 1 0 1
8.98421 31.9358 306.122 -22.841 6.12474 179.401 1.18244 13 18 1 0 1
2.60838 29.7796 306.122 -19.0572 5.63289 178.566 1.18459 13 19 1 0 1
10.4735 32.4659 306.122 -23.2311 5.85853 178.126 1.18449 13 20 1 0 1
9.88561 29.5205 306.122 -21.6017 6.55702 177.378 1.18606 13 21 1 0 1
8.0963 28.4324 306.122 -20.8427 6.23425 180.397 1.1812 13 22 1 0 1
12.3088 25.7319 306.122 -23.5502 6.88108 178.049 1.18449 13 23 1 0 1
8.67021 27.1022 306.122 -20.4245 6.99674 176.401 1.18795 13 24 1 0 1
6.77892 31.5644 306.122 -20.3492 6.16226 179.366 1.18299 13 25 1 0 1
9.03657 29.9207 306.122 -21.7184 6.13343 179.083 1.1832 13 26 1 0 1
10.1301 30.6515 306.122 -22.7215 6.33478 182.098 1.1781 13 27 1 0 1
9.14674 27.9527 306.122 -22.2796 6.58807 180.171 1.18127 13 28 1 0 1
7.86393 31.5907 306.122 -20.7206 5.01137 176.696 1.1875 13 29 1 0 1
9.48777 29.0847 306.122 -21.8594 6.23151 179.748 1.18206 13 30 1 0 1
8.96281 34.1439 306.122 -21.9299 5.47161 177.57 1.18573 13 31 1 0 1
8.10434 27.4311 306.122 -21.3507 5.7543 177.753 1.18552 13 32 1 0 1
10.5408 29.0338 306.122 -23.4033 6.68048 179.902 1.18147 13 33 1 0 1
11.5179 27.8505 306.122 -24.1537 6.47585 179.387 1.18216 13 34 1 0 1
9.73363 30.4689 306.122 -23.9431 5.64999 179.552 1.18198 13 35 1 0 1
4.50424 31.2651 306.122 -19.5205 5.89663 179.187 1.18346 13 36 1 0 1
10.851 29.2407 306.122 -22.761 6.83997 180.328 1.1809 13 37 1 0 1
9.60144 26.6928 306.122 -20.2275 7.03756 178.24 1.18484 13 38 1 0 1
9.38778 29.5177 306.122 -21.1465 6.34637 175.87 1.18877 13 39 1 0 1
4.7571 26.2384 306.122 -19.0387 6.44395 176.211 1.18859 13 40 1 0 1
12.5719 31.5191 306.122 -22.9653 5.58014 178.444 1.18403 13 41 1 0 1
5.88814 31.7902 306.122 -20.0792 5.6435 181.615 1.1794 13 42 1 0 1
11.1633 25.1328 306.122 -22.8489 7.47641 178.212 1.18433 13 43 1 0 1
7.13243 30.2977 306.122 -20.383 6.50506 176.874 1.18717 13 44 1 0 1
12.718 31.8056 306.122 -22.3982 5.72132 177.159 1.18632 13 45 1 0 1
11.4493 29.6505 306.122 -22.7658 6.64074 177.953 1.18484 13 46 1 0 1
1.87906 25.1295 306.122 -18.6393 7.34532 179.456 1.18308 13 47 1 0 1
6.82842 30.586 306.122 -20.9842 6.15766 181.072 1.18008 13 48 1 0 1
9.07893 32.6736 306.122 -20.9745 6.12544 177.45 1.18609 13 49 1 0 1
9.69748 25.5701 306.122 -23.5005 6.42322 180.286 1.18084 13 50 1 0 1
5.09893 28.334 306.122 -19.7673 6.42383 177.724 1.18584 13 51 1 0 1
10.4148 29.0877 306.122 -21.4887 6.55635 180.407 1.18104 13 52 1 0 1
7.12088 28.0349 306.122 -21.2806 6.73953 175.624 1.18914 13 53 1 0 1
7.56324 30.469 306.122 -20.5796 6.12651 180.174 1.18162 13 54 1 0 1
8.189 25.1154 306.122 -22.2975 6.91881 180.154 1.18127 13 55 1 0 1
6.34307 26.4309 306.122 -21.018 6.33304 178.444 1.18439 13 56 1 0 1
5.50309 23.8255 306.122 -19.7074 7.35668 177.604 1.186 13 57 1 0 1
3.62849 27.1913 306.122 -18.5516 5.93939 177.358 1.18672 13 58 1 0 1
9.03109 30.7654 306.122 -22.1883 6.28802 179.726 1.18203 13 59 1 0 1
10.3596 30.3772 306.122 -21.0913 6.09814 174.876 1.19054 13 60 1 0 1
11.9289 27.9158 306.122 -22.7338 6.51577 181.962 1.1783 13 61 1 0 1
3.96504 33.5689 306.122 -19.1729 5.25527 180.148 1.18196 13 62 1 0 1
13.7027 30.3625 306.122 -23.8258 6.30196 176.659 1.18682 13 63 1 0 1
8.48875 30.5208 306.122 -21.2674 6.03956 178.283 1.18463 13 64 1 0 1
5.46211 30.7231 306.122 -20.1065 6.00885 177.226 1.18665 13 65 1 0 1
8.02314 31.4916 306.122 -19.0741 5.93032 174.191 1.19219 13 66 1 0 1
10.595 32.5707 306.122 -22.1781 5.80999 178.411 1.18424 13 67 1 0 1
8.65597 31.1254 306.122 -22.6422 6.00307 177.195 1.18619 13 68 1 0 1
13.4657 25.451 306.122 -22.7796 6.80208 178.952 1.18315 13 69 1 0 1
8.77301 27.592 306.122 -22.1031 7.33328 180.37 1.18093 13 70 1 0 1
4.28997 32.8574 306.122 -20.7165 6.05114 182.003 1.17864 13 71 1 0 1
10.192 28.3755 306.122 -22.685 5.73622 177.114 1.18633 13 72 1 0 1
8.7305 27.1403 306.122 -21.3737 6.6769 179.434 1.18265 13 73 1 0 1
10.0217 29.0679 306.122 -21.9916 6.27608 179.973 1.18167 13 74 1 0 1
8.1065 27.4131 306.122 -21.8085 6.62491 178.352 1.18437 13 75 1 0 1
8.97236 29.0797 306.122 -21.4504 6.20505 176.327 1.18792 13 76 1 0 1
10.4311 29.6124 306.122 -21.8487 6.19635 179.372 1.18269 13 77 1 0 1
4.54783 28.481 306.122 -20.9715 6.1961 180.008 1.18181 13 78 1 0 1
3.71601 27.2141 306.122 -20.801 7.13648 177.959 1.1852 13 79 1 0 1
4.20147 30.0982 306.122 -19.9687 6.3112 179.098 1.1835 13 80 1 0 1
13.1497 28.976 306.122 -23.6451 6.63128 181.323 1.17913 13 81 1 0 1
11.941 26.3653 306.122 -22.6495 6.82548 179.764 1.18184 13 82 1 0 1
8.44412 30.4406 306.122 -20.7509 6.34796 178.302 1.18468 13 83 1 0 1
16.4723 28.3362 306.122 -25.1336 6.64603 182.832 1.17643 13 84 1 0 1
8.18035 30.8724 306.122 -20.5515 5.93136 176.609 1.18763 13 85 1 0 1
9.30422 31.5333 306.122 -21.66 6.11909 178.631 1.18396 13 86 1 0 1
11.2814 29.2275 306.122 -22.4251 6.29713 178.045 1.18478 13 87 1 0 1
9.72207 27.4095 306.122 -22.4111 6.53321 175.822 1.18857 13 88 1 0 1
5.94488 27.5395 306.122 -21.6735 6.8254 179.588 1.18233 13 89 1 0 1
8.22491 26.5116 306.122 -21.6207 7.40577 179.48 1.18248 13 90 1 0 1
10.9734 27.5652 306.122 -23.4133 6.07987 179.785 1.18169 13 91 1 0 1
9.8365 28.9238 306.122 -22.9194 6.42779 175.219 1.18951 13 92 1 0 1
2.72548 26.7922 306.122 -19.4262 6.32245 178.894 1.18394 13 93 1 0 1
9.66538 30.9281 306.122 -21.9036 6.52797 180.656 1.18056 13 94 1 0 1
4.53852 26.0079 306.122 -19.9134 6.55929 178.627 1.18428 13 95 1 0 1
8.88744 24.804 306.122 -21.366 6.72864 178.559 1.1841 13 96 1 0 1
7.76727 28.2915 306.122 -21.4968 6.28018 179.873 1.18193 13 97 1 0 1
9.46146 27.2378 306.122 -21.4111 6.42975 173.668 1.19261 13 98 1 0 1
5.83073 25.6112 306.122 -20.2298 7.04396 178.988 1.18359 13 99 1 0 1
4.53067 28.2861 306.122 -19.8848 6.6639 179.883 1.18219 13 100 1 0 1
7.85085 28.421 306.122 -21.8873 6.47403 179.88 1.18183 13 101 1 0 1
8.85921 25.6826 306.122 -21.9601 6.783 177.183 1.1863 13 102 1 0 1
5.36224 27.7496 306.122 -20.1805 6.64531 179.69 1.18246 13 103 1 0 1
8.98096 28.5505 306.122 -20.2783 6.78051 178.946 1.18367 13 104 1 0 1
10.012 27.2513 306.122 -23.857 6.77035 179.378 1.18222 13 105 1 0 1
15.259 31.8492 306.122 -24.7351 6.09906 179.91 1.1812 13 106 1 0 1
9.84813 29.3836 306.122 -22.5027 6.00269 180.631 1.18051 13 107 1 0 1
5.87619 33.2253 306.122 -20.0972 5.49963 178.825 1.18398 13 108 1 0 1
11.7903 27.1353 306.122 -23.1775 6.79725 179.429 1.18228 13 109 1 0 1
9.98184 33.2602 306.122 -22.6963 6.07102 178.493 1.18398 13 110 1 0 1
8.9893 31.4941 306.122 -22.1533 5.69899 179.764 1.18201 13 111 1 0 1
6.7249 30.89 306.122 -21.0902 6.40911 178.627 1.18407 13 112 1 0 1
7.20737 28.7895 306.122 -20.6783 6.58036 181.448 1.17951 13 113 1 0 1
11.3282 33.6748 306.122 -23.3562 5.51782 179.82 1.18168 13 114 1 0 1
6.70376 25.7767 306.122 -20.9484 7.59676 181.093 1.17997 13 115 1 0 1
4.12145 25.7868 306.122 -20.268 7.27052 177.874 1.18544 13 116 1 0 1
8.15283 28.0231 306.122 -21.537 6.1845 178.644 1.18396 13 117 1 0 1
4.48525 29.629 306.122 -19.584 6.36391 178.398 1.18474 13 118 1 0 1
6.1305 28.4026 306.122 -20.4214 6.99715 180.093 1.18173 13 119 1 0 1
7.89208 26.838 306.122 -21.4309 6.42559 177.964 1.18511 13 120 1 0 1
0.77653 29.3696 367.347 -21.7123 0.750297 176.998 1.42427 13 1 1 0 1
1.34427 31.3674 367.347 -21.8836 0.746417 179.115 1.41994 13 2 1 0 1
2.01011 27.0862 367.347 -23.0962 1.68727 179.423 1.41901 13 3 1 0 1
0.778388 26.0334 367.347 -23.4975 1.33371 177.605 1.42256 13 4 1 0 1
1.62459 30.6982 367.347 -22.9748 0.339561 179.088 1.41972 13 5 1 0 1
1.34575 33.7118 367.347 -23.4701 0.0387478 180.636 1.41655 13 6 1 0 1
-1.03726 29.2406 367.347 -21.817 0.862702 179.817 1.41856 13 7 1 0 1
1.17969 27.7998 367.347 -23.1984 1.06606 180.712 1.41647 13 8 1 0 1
-0.695714 30.0733 367.347 -21.1585 0.200973 178.84 1.42066 13 9 1 0 1
2.37318 29.2857 367.347 -24.7002 0.837975 176.81 1.42385 13 10 1 0 1
2.05103 27.4756 367.347 -23.3521 1.58938 179.687 1.41843 13 11 1 0 1
4.25436 30.7717 367.347 -23.1911 0.568183 176.14 1.42566 13 12 1 0 1
1.89083 28.4274 367.347 -23.2859 0.651908 176.73 1.42441 13 13 1 0 1
0.755521 25.1645 367.347 -21.3545 1.35763 179.158 1.41997 13 14 1 0 1
4.71769 24.8835 367.347 -24.5483 1.06643 178.964 1.41955 13 15 1 0 1
-1.60039 32.5091 367.347 -21.6345 0.501412 178.98 1.42027 13 16 1 0 1
1.86419 33.4964 367.347 -22.8111 0.109833 179.49 1.41897 13 17 1 0 1
0.986715 33.0435 367.347 -23.7768 0.328428 179.384 1.41893 13 18 1 0 1
-4.0519 30.7411 367.347 -19.566 -0.0621134 178.6 1.42151 13 19 1 0 1
2.26777 33.4942 367.347 -24.2607 0.0871321 178.085 1.42139 13 20 1 0 1
2.21395 30.8147 367.347 -22.6078 0.902955 177.372 1.42327 13 21 1 0 1
0.828292 29.5857 367.347 -21.7463 0.523035 180.397 1.41744 13 22 1 0 1
3.9669 27.1505 367.347 -24.7131 1.3293 178.02 1.42138 13 23 1 0 1
1.37981 28.5751 367.347 -21.3526 1.45076 176.424 1.42554 13 24 1 0 1
-0.344954 32.6875 367.347 -21.1551 0.379338 179.378 1.41959 13 25 1 0 1
1.40675 31.0466 367.347 -22.6709 0.414469 179.07 1.41983 13 26 1 0 1
2.27287 31.8061 367.347 -23.7638 0.494181 182.074 1.41372 13 27 1 0 1
1.37027 29.2314 367.347 -23.2419 0.897997 180.168 1.41752 13 28 1 0 1
0.493514 32.3473 367.347 -21.5805 -0.680191 176.662 1.425 13 29 1 0 1
1.83168 30.2409 367.347 -22.8483 0.518852 179.732 1.41848 13 30 1 0 1
1.19832 35.0358 367.347 -22.8612 -0.335046 177.536 1.42287 13 31 1 0 1
0.557275 28.4565 367.347 -22.2294 0.162093 177.739 1.42263 13 32 1 0 1
2.3544 30.3411 367.347 -24.4522 0.962024 179.884 1.41776 13 33 1 0 1
3.04121 29.1013 367.347 -25.2595 0.814264 179.35 1.41859 13 34 1 0 1
1.35886 31.4217 367.347 -24.9182 -0.0993726 179.508 1.41838 13 35 1 0 1
-2.31543 32.3014 367.347 -20.1672 0.13091 179.213 1.42015 13 36 1 0 1
2.89647 30.5955 367.347 -23.8453 1.10024 180.314 1.41708 13 37 1 0 1
2.43932 28.157 367.347 -21.2389 1.44746 178.255 1.42181 13 38 1 0 1
1.81663 30.7581 367.347 -22.1111 0.741359 175.865 1.42652 13 39 1 0 1
-2.01129 27.5271 367.347 -19.6972 0.93541 176.254 1.4263 13 40 1 0 1
4.44433 32.4539 367.347 -24.1533 -0.168369 178.374 1.42084 13 41 1 0 1
-1.04804 32.7114 367.347 -20.8333 -0.216203 181.617 1.41528 13 42 1 0 1
3.08334 26.7567 367.347 -23.9414 1.93631 178.215 1.42119 13 43 1 0 1
-0.105039 31.576 367.347 -21.201 0.841795 176.896 1.42461 13 44 1 0 1
4.7267 32.8013 367.347 -23.5946 0.00365089 177.096 1.42358 13 45 1 0 1
3.38273 30.9655 367.347 -23.8749 0.963607 177.929 1.4218 13 46 1 0 1
-4.59768 26.6911 367.347 -19.1087 1.7686 179.548 1.41969 13 47 1 0 1
-0.444698 31.6934 367.347 -21.7954 0.353049 181.08 1.4161 13 48 1 0 1
1.6361 33.8004 367.347 -21.9289 0.367411 177.44 1.42331 13 49 1 0 1
1.50589 26.8051 367.347 -24.4874 0.810386 180.267 1.41701 13 50 1 0 1
-1.86769 29.5848 367.347 -20.449 0.799032 177.761 1.42301 13 51 1 0 1
2.89921 30.3462 367.347 -22.5572 0.820883 180.394 1.41725 13 52 1 0 1
-0.478048 29.4237 367.347 -22.0794 1.18876 175.651 1.42697 13 53 1 0 1
0.382408 31.5768 367.347 -21.4453 0.354595 180.177 1.41794 13 54 1 0 1
0.418051 26.5227 367.347 -23.1898 1.32265 180.17 1.41752 13 55 1 0 1
-1.03942 27.6526 367.347 -21.7783 0.749255 178.463 1.42127 13 56 1 0 1
-1.45274 25.4245 367.347 -20.4221 1.87988 177.665 1.4232 13 57 1 0 1
-2.9154 28.2863 367.347 -19.1377 0.36649 177.395 1.42407 13 58 1 0 1
1.26838 31.9316 367.347 -23.1391 0.519522 179.715 1.41844 13 59 1 0 1
2.75358 31.5385 367.347 -22.1186 0.49801 174.855 1.42865 13 60 1 0 1
4.03884 29.1484 367.347 -23.91 0.771031 181.926 1.41396 13 61 1 0 1
-2.69467 34.3638 367.347 -19.7863 -0.614814 180.157 1.41835 13 62 1 0 1
5.18432 31.5729 367.347 -25.0721 0.644253 176.598 1.42418 13 63 1 0 1
0.986979 31.6205 367.347 -22.1799 0.326625 178.274 1.42155 13 64 1 0 1
-1.64486 31.8234 367.347 -20.8063 0.323119 177.247 1.42398 13 65 1 0 1
1.12413 32.596 367.347 -19.955 0.316876 174.193 1.43063 13 66 1 0 1
2.76027 33.5786 367.347 -23.2328 0.0261973 178.372 1.42109 13 67 1 0 1
0.634426 32.2217 367.347 -23.5413 0.305056 177.179 1.42342 13 68 1 0 1
5.41216 26.8323 367.347 -24.0451 1.2321 178.912 1.41978 13 69 1 0 1
1.06931 29.1227 367.347 -23.0444 1.64505 180.394 1.41712 13 70 1 0 1
-2.82482 33.9053 367.347 -21.346 0.140538 182.03 1.41437 13 71 1 0 1
2.13252 29.3965 367.347 -23.6935 0.132947 177.075 1.42359 13 72 1 0 1
1.23616 28.4631 367.347 -22.3126 1.03665 179.44 1.41918 13 73 1 0 1
2.32327 30.2368 367.347 -23.02 0.556581 179.953 1.418 13 74 1 0 1
0.427501 28.7303 367.347 -22.6886 1.00968 178.363 1.42124 13 75 1 0 1
1.32044 30.2679 367.347 -22.3834 0.600773 176.319 1.4255 13 76 1 0 1
2.75106 30.7581 367.347 -22.9045 0.478122 179.346 1.41923 13 77 1 0 1
-2.73351 29.6256 367.347 -21.6077 0.495771 180.039 1.41817 13 78 1 0 1
-3.57803 28.7131 367.347 -21.3718 1.53775 178.028 1.42224 13 79 1 0 1
-2.77018 31.2836 367.347 -20.5882 0.584992 179.138 1.4202 13 80 1 0 1
4.91066 30.2493 367.347 -24.8951 0.870071 181.275 1.41495 13 81 1 0 1
3.98616 27.7388 367.347 -23.8114 1.1998 179.739 1.41821 13 82 1 0 1
1.12029 31.6463 367.347 -21.6684 0.635344 178.305 1.42162 13 83 1 0 1
7.76003 29.5995 367.347 -26.6245 0.858667 182.74 1.41172 13 84 1 0 1
0.860715 31.9523 367.347 -21.4397 0.260825 176.602 1.42516 13 85 1 0 1
1.67219 32.6504 367.347 -22.6299 0.360923 178.616 1.42075 13 86 1 0 1
3.33774 30.4258 367.347 -23.5259 0.63308 178.013 1.42173 13 87 1 0 1
1.70614 28.7276 367.347 -23.3833 0.997639 175.814 1.42628 13 88 1 0 1
-1.60929 28.9086 367.347 -22.4043 1.16634 179.624 1.41879 13 89 1 0 1
0.655003 28.0855 367.347 -22.5222 1.78122 179.513 1.41898 13 90 1 0 1
2.77283 28.6781 367.347 -24.4905 0.417703 179.744 1.41803 13 91 1 0 1
1.61552 30.2042 367.347 -23.8883 0.862272 175.205 1.42742 13 92 1 0 1
-4.05011 28.0028 367.347 -19.9427 0.712826 178.948 1.42073 13 93 1 0 1
2.02937 32.1635 367.347 -22.9126 0.722954 180.647 1.41667 13 94 1 0 1
-2.43649 27.3071 367.347 -20.5571 0.982738 178.672 1.42114 13 95 1 0 1
1.35813 26.1689 367.347 -22.3109 1.19307 178.566 1.42093 13 96 1 0 1
0.261314 29.4674 367.347 -22.3642 0.589882 179.876 1.41831 13 97 1 0 1
1.70355 28.5485 367.347 -22.3623 0.967706 173.665 1.43113 13 98 1 0 1
-1.2549 27.0736 367.347 -20.9682 1.46682 179.036 1.42031 13 99 1 0 1
-2.38712 29.5922 367.347 -20.5348 0.971546 179.931 1.41863 13 100 1 0 1
0.211737 29.6619 367.347 -22.7566 0.778115 179.887 1.41819 13 101 1 0 1
1.06919 27.0792 367.347 -22.8861 1.26051 177.191 1.42356 13 102 1 0 1
-1.67375 29.0549 367.347 -20.8873 0.977017 179.73 1.41895 13 103 1 0 1
1.83681 29.9068 367.347 -21.2473 1.10795 178.959 1.4204 13 104 1 0 1
1.655 28.606 367.347 -24.8573 1.12747 179.367 1.41867 13 105 1 0 1
6.56122 32.9428 367.347 -26.1108 0.289331 179.819 1.41744 13 106 1 0 1
2.00657 30.4504 367.347 -23.5149 0.253381 180.602 1.41661 13 107 1 0 1
-1.1711 34.1188 367.347 -20.8342 -0.317514 178.825 1.42077 13 108 1 0 1
3.64368 28.4992 367.347 -24.3183 1.1564 179.403 1.41874 13 109 1 0 1
1.98148 34.3526 367.347 -23.7007 0.260164 178.466 1.42077 13 110 1 0 1
1.2406 32.4555 367.347 -23.0994 -0.0917067 179.735 1.41841 13 111 1 0 1
-0.679763 32.1101 367.347 -21.8791 0.670922 178.646 1.42088 13 112 1 0 1
0.0468274 30.0451 367.347 -21.5257 0.822109 181.467 1.41541 13 113 1 0 1
3.14409 34.5615 367.347 -24.4582 -0.346546 179.758 1.41801 13 114 1 0 1
-0.554894 27.3968 367.347 -21.7562 1.94597 181.146 1.41596 13 115 1 0 1
-2.99851 27.3411 367.347 -20.8754 1.72102 177.944 1.42253 13 116 1 0 1
0.578062 29.1825 367.347 -22.4242 0.542316 178.641 1.42075 13 117 1 0 1
-2.38524 30.8435 367.347 -20.2262 0.675229 178.439 1.42169 13 118 1 0 1
-0.981593 29.8185 367.347 -21.1856 1.29245 180.136 1.41808 13 119 1 0 1
0.328925 28.095 367.347 -22.2969 0.842675 177.971 1.42213 13 120 1 0 1
-6.6797 28.6493 428.571 -21.1591 -4.89193 176.999 1.66165 13 1 1 0 1
-6.08917 30.6313 428.571 -21.3666 -5.02961 179.108 1.65659 13 2 1 0 1
-5.83104 26.6945 428.571 -22.6171 -3.96183 179.448 1.65551 13 3 1 0 1
-7.2651 25.5319 428.571 -22.9244 -4.22156 177.634 1.65965 13 4 1 0 1
-6.18502 29.8272 428.571 -22.4635 -5.41066 179.071 1.65634 13 5 1 0 1
-6.56038 32.7208 428.571 -22.9284 -5.86047 180.611 1.65265 13 6 1 0 1
-8.38849 28.5551 428.571 -21.124 -4.86614 179.836 1.65499 13 7 1 0 1
-6.62936 27.1899 428.571 -22.6524 -4.64377 180.724 1.65255 13 8 1 0 1
-7.86727 29.1586 428.571 -20.4985 -5.51995 178.832 1.65744 13 9 1 0 1
-6.14168 28.5964 428.571 -24.2273 -4.79605 176.812 1.66116 13 10 1 0 1
-5.86597 27.0476 428.571 -22.8722 -4.08042 179.709 1.65483 13 11 1 0 1
-3.79465 29.9814 428.571 -22.8721 -5.09075 176.11 1.66327 13 12 1 0 1
-6.13384 27.6789 428.571 -22.7946 -4.95008 176.726 1.66181 13 13 1 0 1
-6.48854 24.6722 428.571 -20.8033 -4.21708 179.178 1.65663 13 14 1 0 1
-3.67293 24.2939 428.571 -24.2486 -4.49047 178.952 1.65614 13 15 1 0 1
-8.91686 31.6831 428.571 -20.9025 -5.30736 178.989 1.65698 13 16 1 0 1
-5.87537 32.5309 428.571 -22.3178 -5.74502 179.46 1.65546 13 17 1 0 1
-7.07432 32.1551 428.571 -23.2078 -5.50976 179.374 1.65541 13 18 1 0 1
-10.6466 29.7327 428.571 -18.6776 -5.79636 178.601 1.65843 13 19 1 0 1
-6.0343 32.5212 428.571 -23.7804 -5.72177 178.058 1.65829 13 20 1 0 1
-5.55272 30.1382 428.571 -22.1484 -4.79962 177.367 1.66048 13 21 1 0 1
-6.49919 28.7823 428.571 -21.1902 -5.23314 180.388 1.65368 13 22 1 0 1
-4.51492 26.6401 428.571 -24.3574 -4.27528 178.022 1.65828 13 23 1 0 1
-5.98421 28.1027 428.571 -20.8514 -4.15146 176.441 1.66313 13 24 1 0 1
-7.49823 31.8185 428.571 -20.5203 -5.44709 179.369 1.65619 13 25 1 0 1
-6.29737 30.1991 428.571 -22.1475 -5.34729 179.056 1.65647 13 26 1 0 1
-5.68092 30.9787 428.571 -23.2879 -5.39032 182.057 1.64934 13 27 1 0 1
-6.47956 28.5574 428.571 -22.7095 -4.84152 180.173 1.65377 13 28 1 0 1
-6.9278 31.1157 428.571 -21.0032 -6.39984 176.617 1.6625 13 29 1 0 1
-5.90962 29.433 428.571 -22.3538 -5.23789 179.719 1.65489 13 30 1 0 1
-6.63513 33.9088 428.571 -22.3188 -6.17414 177.498 1.66002 13 31 1 0 1
-7.04232 27.5381 428.571 -21.6505 -5.46976 177.726 1.65973 13 32 1 0 1
-5.93061 29.683 428.571 -23.9782 -4.80592 179.886 1.65405 13 33 1 0 1
-5.55169 28.4009 428.571 -24.8262 -4.89415 179.346 1.65502 13 34 1 0 1
-7.089 30.3968 428.571 -24.3609 -5.88462 179.488 1.65477 13 35 1 0 1
-9.11399 31.3499 428.571 -19.3982 -5.67596 179.208 1.65684 13 36 1 0 1
-5.17056 29.982 428.571 -23.419 -4.69069 180.312 1.65326 13 37 1 0 1
-4.82358 27.6808 428.571 -20.8144 -4.19869 178.262 1.65878 13 38 1 0 1
-5.83934 30.0284 428.571 -21.63 -4.90996 175.858 1.66427 13 39 1 0 1
-8.76636 26.8826 428.571 -18.968 -4.62428 176.276 1.66402 13 40 1 0 1
-3.83547 31.3993 428.571 -23.8324 -5.94971 178.318 1.65764 13 41 1 0 1
-7.9956 31.6403 428.571 -20.1429 -6.11219 181.593 1.65116 13 42 1 0 1
-5.11387 26.4562 428.571 -23.533 -3.66532 178.243 1.65806 13 43 1 0 1
-7.37806 30.8749 428.571 -20.5901 -4.87053 176.903 1.66204 13 44 1 0 1
-3.42398 31.8037 428.571 -23.3022 -5.74878 177.041 1.66084 13 45 1 0 1
-4.80876 30.308 428.571 -23.485 -4.76207 177.919 1.65877 13 46 1 0 1
-10.9948 26.3289 428.571 -18.188 -3.87247 179.611 1.65631 13 47 1 0 1
-7.74466 30.8199 428.571 -21.1417 -5.49509 181.075 1.65211 13 48 1 0 1
-5.88693 32.9223 428.571 -21.4333 -5.43238 177.418 1.66053 13 49 1 0 1
-6.76256 26.1151 428.571 -23.9496 -4.85047 180.276 1.65317 13 50 1 0 1
-8.82468 28.8789 428.571 -19.7163 -4.87537 177.779 1.66018 13 51 1 0 1
-4.72896 29.6394 428.571 -22.1459 -4.96228 180.379 1.65346 13 52 1 0 1
-8.10296 28.8576 428.571 -21.4349 -4.41551 175.679 1.6648 13 53 1 0 1
-6.84647 30.7051 428.571 -20.8593 -5.46024 180.164 1.65426 13 54 1 0 1
-7.40186 26.0082 428.571 -22.5894 -4.32908 180.199 1.65378 13 55 1 0 1
-8.43351 26.9395 428.571 -21.0886 -4.88307 178.481 1.65815 13 56 1 0 1
-8.40958 25.1143 428.571 -19.7245 -3.66061 177.716 1.6604 13 57 1 0 1
-9.42278 27.4393 428.571 -18.3439 -5.2506 177.402 1.66141 13 58 1 0 1
-6.56509 31.1143 428.571 -22.5992 -5.29337 179.706 1.65484 13 59 1 0 1
-4.9613 30.7208 428.571 -21.705 -5.14441 174.832 1.66676 13 60 1 0 1
-3.99304 28.4293 428.571 -23.5659 -5.02017 181.904 1.64962 13 61 1 0 1
-9.32354 33.1474 428.571 -18.9883 -6.51622 180.126 1.65475 13 62 1 0 1
-3.50517 30.8039 428.571 -24.797 -5.0561 176.565 1.66154 13 63 1 0 1
-6.57834 30.7403 428.571 -21.6325 -5.42804 178.259 1.65848 13 64 1 0 1
-8.74791 30.9414 428.571 -20.085 -5.40559 177.248 1.66131 13 65 1 0 1
-5.84195 31.7094 428.571 -19.4512 -5.33739 174.169 1.66907 13 66 1 0 1
-5.18345 32.5842 428.571 -22.8009 -5.79415 178.333 1.65794 13 67 1 0 1
-7.44163 31.3313 428.571 -22.953 -5.43426 177.173 1.66066 13 68 1 0 1
-2.81836 26.2882 428.571 -23.8032 -4.38889 178.894 1.65642 13 69 1 0 1
-6.70006 28.702 428.571 -22.4946 -4.10283 180.424 1.6533 13 70 1 0 1
-9.90545 32.9473 428.571 -20.516 -5.81227 182.033 1.6501 13 71 1 0 1
-6.0199 28.4628 428.571 -23.2122 -5.50841 177.053 1.66086 13 72 1 0 1
-6.32811 27.8419 428.571 -21.7833 -4.65491 179.448 1.65571 13 73 1 0 1
-5.47296 29.4415 428.571 -22.5596 -5.20724 179.937 1.65433 13 74 1 0 1
-7.3007 28.1005 428.571 -22.0967 -4.65668 178.379 1.65811 13 75 1 0 1
-6.40359 29.4916 428.571 -21.8619 -5.04826 176.313 1.66309 13 76 1 0 1
-5.0378 29.9338 428.571 -22.4774 -5.28301 179.323 1.65576 13 77 1 0 1
-9.98301 28.8131 428.571 -20.7894 -5.25103 180.06 1.65454 13 78 1 0 1
-10.8186 28.2653 428.571 -20.5044 -4.12141 178.089 1.65928 13 79 1 0 1
-9.70906 30.4929 428.571 -19.7824 -5.18874 179.155 1.6569 13 80 1 0 1
-3.49248 29.5582 428.571 -24.604 -4.93804 181.249 1.65078 13 81 1 0 1
-4.10909 27.1766 428.571 -23.4671 -4.47757 179.733 1.65458 13 82 1 0 1
-6.27051 30.8716 428.571 -21.1382 -5.12315 178.296 1.65855 13 83 1 0 1
-1.18944 28.906 428.571 -26.5251 -4.97349 182.689 1.647 13 84 1 0 1
-6.51923 31.0485 428.571 -20.8945 -5.45032 176.584 1.66269 13 85 1 0 1
-6.04096 31.7758 428.571 -22.1268 -5.43908 178.596 1.65754 13 86 1 0 1
-4.72976 29.6577 428.571 -23.1357 -5.07522 177.993 1.65869 13 87 1 0 1
-6.39177 28.0986 428.571 -22.8799 -4.58749 175.823 1.66399 13 88 1 0 1
-9.16044 28.3286 428.571 -21.6634 -4.54742 179.661 1.65526 13 89 1 0 1
-6.96994 27.7198 428.571 -21.9501 -3.90487 179.55 1.65547 13 90 1 0 1
-5.53703 27.8447 428.571 -24.045 -5.28643 179.727 1.65437 13 91 1 0 1
-6.68511 29.5208 428.571 -23.3723 -4.75089 175.213 1.66532 13 92 1 0 1
-10.7601 27.2746 428.571 -19.0514 -4.94658 178.978 1.65751 13 93 1 0 1
-5.69692 31.4128 428.571 -22.4315 -5.12897 180.636 1.65278 13 94 1 0 1
-9.38728 26.6756 428.571 -19.7795 -4.64631 178.702 1.65799 13 95 1 0 1
-6.24424 25.6161 428.571 -21.7926 -4.39557 178.58 1.65775 13 96 1 0 1
-7.28959 28.6879 428.571 -21.7596 -5.14642 179.878 1.6547 13 97 1 0 1
-6.13628 27.9144 428.571 -21.8739 -4.54317 173.67 1.66966 13 98 1 0 1
-8.3466 26.608 428.571 -20.2736 -4.16874 179.073 1.65702 13 99 1 0 1
-9.28195 28.9415 428.571 -19.7571 -4.7735 179.957 1.65507 13 100 1 0 1
-7.47105 28.9452 428.571 -22.1441 -4.96632 179.896 1.65456 13 101 1 0 1
-6.78648 26.5476 428.571 -22.3418 -4.31573 177.212 1.66083 13 102 1 0 1
-8.70508 28.4095 428.571 -20.159 -4.74358 179.753 1.65544 13 103 1 0 1
-5.39267 29.3027 428.571 -20.7762 -4.61663 178.958 1.65713 13 104 1 0 1
-6.78265 28.0151 428.571 -24.3283 -4.5673 179.385 1.65511 13 105 1 0 1
-2.34301 32.0413 428.571 -25.923 -5.55791 179.761 1.65368 13 106 1 0 1
-5.92468 29.5506 428.571 -23.0231 -5.53647 180.581 1.65271 13 107 1 0 1
-8.2266 33.0038 428.571 -20.1409 -6.16901 178.799 1.65757 13 108 1 0 1
-4.63455 27.9186 428.571 -23.9424 -4.5356 179.4 1.65519 13 109 1 0 1
-6.10792 33.4339 428.571 -23.2066 -5.59084 178.443 1.65757 13 110 1 0 1
-6.57815 31.4273 428.571 -22.5554 -5.91861 179.707 1.65481 13 111 1 0 1
-8.10525 31.3446 428.571 -21.2134 -5.11469 178.654 1.65769 13 112 1 0 1
-7.15316 29.3387 428.571 -20.9131 -4.98582 181.472 1.65131 13 113 1 0 1
-5.15891 33.4347 428.571 -24.0365 -6.24237 179.707 1.65435 13 114 1 0 1
-7.83757 27.0852 428.571 -21.1008 -3.76968 181.195 1.65195 13 115 1 0 1
-10.0798 26.9643 428.571 -20.0574 -3.89098 178.004 1.65961 13 116 1 0 1
-7.04977 28.3897 428.571 -21.8442 -5.14477 178.639 1.65755 13 117 1 0 1
-9.23281 30.087 428.571 -19.4556 -5.06184 178.454 1.65864 13 118 1 0 1
-8.10676 29.275 428.571 -20.5051 -4.46855 180.164 1.65442 13 119 1 0 1
-7.28091 27.4122 428.571 -21.7027 -4.78914 177.982 1.65915 13 120 1 0 1
-13.6992 26.0227 489.796 -19.2005 -10.2109 176.995 1.89903 13 1 1 0 1
-13.101 27.9663 489.796 -19.4282 -10.4769 179.093 1.89325 13 2 1 0 1
-13.2572 24.4188 489.796 -20.6846 -9.29686 179.484 1.89201 13 3 1 0 1
-14.8568 23.1597 489.796 -20.8997 -9.46321 177.682 1.89674 13 4 1 0 1
-13.5705 27.0364 489.796 -20.5047 -10.8281 179.06 1.89296 13 5 1 0 1
-14.0328 29.7771 489.796 -20.9195 -11.4187 180.589 1.88874 13 6 1 0 1
-15.2592 25.9645 489.796 -19.0117 -10.2685 179.844 1.89141 13 7 1 0 1
-14.0029 24.6903 489.796 -20.6458 -10.029 180.746 1.88863 13 8 1 0 1
-14.5716 26.3318 489.796 -18.4402 -10.9064 178.808 1.89422 13 9 1 0 1
-14.2336 26.0015 489.796 -22.2754 -10.1102 176.845 1.89847 13 10 1 0 1
-13.3671 24.7315 489.796 -20.9314 -9.43435 179.744 1.89124 13 11 1 0 1
-11.4809 27.2697 489.796 -21.1109 -10.4247 176.094 1.90088 13 12 1 0 1
-13.7357 25.0351 489.796 -20.8598 -10.2294 176.738 1.89922 13 13 1 0 1
-13.3007 22.319 489.796 -18.8448 -9.47409 179.194 1.8933 13 14 1 0 1
-11.7039 21.8476 489.796 -22.4602 -9.72721 178.977 1.89273 13 15 1 0 1
-15.7392 28.9161 489.796 -18.7604 -10.7848 178.98 1.89369 13 16 1 0 1
-13.1988 29.6148 489.796 -20.3781 -11.2614 179.429 1.89195 13 17 1 0 1
-14.6885 29.3204 489.796 -21.171 -11.0141 179.373 1.8919 13 18 1 0 1
-16.7027 26.8056 489.796 -16.4366 -11.1925 178.565 1.89535 13 19 1 0 1
-13.9162 29.5978 489.796 -21.8253 -11.1959 178.048 1.89519 13 20 1 0 1
-12.9115 27.5384 489.796 -20.2574 -10.1795 177.366 1.8977 13 21 1 0 1
-13.3945 26.071 489.796 -19.2111 -10.6562 180.371 1.88992 13 22 1 0 1
-12.6155 24.2463 489.796 -22.5142 -9.56428 178.059 1.89518 13 23 1 0 1
-12.9293 25.7304 489.796 -18.9548 -9.44057 176.451 1.90072 13 24 1 0 1
-14.1938 29.007 489.796 -18.4833 -10.9387 179.34 1.89279 13 25 1 0 1
-13.5745 27.4277 489.796 -20.1843 -10.7769 179.043 1.89311 13 26 1 0 1
-13.2236 28.2185 489.796 -21.3292 -10.9378 182.048 1.88496 13 27 1 0 1
-13.8978 25.9782 489.796 -20.7177 -10.2545 180.186 1.89003 13 28 1 0 1
-13.906 27.9497 489.796 -19.0266 -11.7764 176.565 1.9 13 29 1 0 1
-13.2339 26.7099 489.796 -20.4112 -10.6629 179.71 1.8913 13 30 1 0 1
-14.033 30.8155 489.796 -20.3399 -11.6723 177.46 1.89717 13 31 1 0 1
-14.1959 24.7261 489.796 -19.6511 -10.7702 177.716 1.89683 13 32 1 0 1
-13.7981 27.1068 489.796 -22.0155 -10.2487 179.91 1.89035 13 33 1 0 1
-13.7367 25.7971 489.796 -22.887 -10.2776 179.376 1.89145 13 34 1 0 1
-15.0896 27.4457 489.796 -22.3079 -11.3321 179.494 1.89117 13 35 1 0 1
-15.4134 28.4614 489.796 -17.2556 -11.1451 179.17 1.89353 13 36 1 0 1
-12.8395 27.447 489.796 -21.5155 -10.1565 180.324 1.88944 13 37 1 0 1
-11.6973 25.3093 489.796 -18.9867 -9.52774 178.26 1.89575 13 38 1 0 1
-13.0801 27.3767 489.796 -19.7376 -10.2393 175.851 1.90203 13 39 1 0 1
-15.0312 24.3519 489.796 -16.8907 -9.86492 176.272 1.90174 13 40 1 0 1
-11.7514 28.407 489.796 -22.0352 -11.3918 178.284 1.89445 13 41 1 0 1
-14.4727 28.6287 489.796 -18.049 -11.661 181.541 1.88704 13 42 1 0 1
-12.9145 24.2744 489.796 -21.6553 -8.95882 178.293 1.89492 13 43 1 0 1
-14.1964 28.2421 489.796 -18.5876 -10.2597 176.894 1.89948 13 44 1 0 1
-11.2214 28.8637 489.796 -21.5524 -11.1659 177.004 1.8981 13 45 1 0 1
-12.6115 27.7252 489.796 -21.6284 -10.1652 177.928 1.89574 13 46 1 0 1
-16.8445 24.0869 489.796 -15.9211 -9.19986 179.632 1.89292 13 47 1 0 1
-14.5806 28.0154 489.796 -19.0622 -11.0059 181.055 1.88813 13 48 1 0 1
-12.9935 30.0891 489.796 -19.5229 -10.9003 177.387 1.89775 13 49 1 0 1
-14.5921 23.5477 489.796 -21.9224 -10.1858 180.311 1.88934 13 50 1 0 1
-15.2899 26.264 489.796 -17.6093 -10.2254 177.773 1.89735 13 51 1 0 1
-11.9704 27.0149 489.796 -20.2883 -10.4156 180.365 1.88966 13 52 1 0 1
-15.2546 26.3828 489.796 -19.3841 -9.70573 175.705 1.90263 13 53 1 0 1
-13.6343 27.9037 489.796 -18.8592 -10.939 180.135 1.89059 13 54 1 0 1
-14.7665 23.6175 489.796 -20.5324 -9.66162 180.238 1.89003 13 55 1 0 1
-15.3459 24.3397 489.796 -18.9876 -10.1909 178.493 1.89503 13 56 1 0 1
-14.8853 22.938 489.796 -17.6527 -8.89318 177.749 1.8976 13 57 1 0 1
-15.4231 24.6999 489.796 -16.2121 -10.5383 177.374 1.89875 13 58 1 0 1
-13.9647 28.3625 489.796 -20.6048 -10.7742 179.701 1.89125 13 59 1 0 1
-12.2835 27.9732 489.796 -19.8836 -10.4628 174.811 1.90487 13 60 1 0 1
-11.657 25.8064 489.796 -21.7338 -10.4791 181.899 1.88528 13 61 1 0 1
-15.4479 29.9734 489.796 -16.8225 -12.0666 180.055 1.89114 13 62 1 0 1
-11.8393 28.1041 489.796 -23.031 -10.4322 176.569 1.89891 13 63 1 0 1
-13.7095 27.9299 489.796 -19.6617 -10.8504 178.239 1.89541 13 64 1 0 1
-15.3612 28.127 489.796 -17.9829 -10.8037 177.227 1.89865 13 65 1 0 1
-12.3927 28.8816 489.796 -17.598 -10.6648 174.121 1.90751 13 66 1 0 1
-12.7288 29.6386 489.796 -20.9167 -11.2771 178.302 1.89478 13 67 1 0 1
-15.0614 28.504 489.796 -20.9142 -10.8443 177.177 1.8979 13 68 1 0 1
-10.7111 23.8648 489.796 -22.0831 -9.6902 178.906 1.89305 13 69 1 0 1
-14.0321 26.3744 489.796 -20.4889 -9.53351 180.458 1.88949 13 70 1 0 1
-16.4666 30.0339 489.796 -18.27 -11.4222 182.007 1.88583 13 71 1 0 1
-13.7525 25.625 489.796 -21.2757 -10.8194 177.052 1.89812 13 72 1 0 1
-13.4646 25.3236 489.796 -19.8209 -10.0229 179.456 1.89224 13 73 1 0 1
-12.8634 26.7308 489.796 -20.6451 -10.6393 179.928 1.89066 13 74 1 0 1
-14.5762 25.5707 489.796 -20.0693 -10.0018 178.399 1.89499 13 75 1 0 1
-13.6979 26.7995 489.796 -19.9212 -10.3733 176.31 1.90067 13 76 1 0 1
-12.432 27.1884 489.796 -20.6012 -10.712 179.306 1.8923 13 77 1 0 1
-16.7111 26.0924 489.796 -18.5587 -10.6663 180.064 1.8909 13 78 1 0 1
-17.5163 25.9156 489.796 -18.2406 -9.46741 178.131 1.89632 13 79 1 0 1
-16.1335 27.7749 489.796 -17.5933 -10.6321 179.143 1.8936 13 80 1 0 1
-11.5406 26.9504 489.796 -22.803 -10.4162 181.253 1.8866 13 81 1 0 1
-11.8335 24.725 489.796 -21.6482 -9.83324 179.748 1.89095 13 82 1 0 1
-13.235 28.1654 489.796 -19.1963 -10.5528 178.277 1.89549 13 83 1 0 1
-9.84291 26.3032 489.796 -24.8632 -10.4729 182.69 1.88229 13 84 1 0 1
-13.4665 28.211 489.796 -18.9524 -10.8308 176.555 1.90021 13 85 1 0 1
-13.3337 28.9592 489.796 -20.1863 -10.9061 178.576 1.89434 13 86 1 0 1
-12.4105 26.9719 489.796 -21.2872 -10.4565 177.989 1.89564 13 87 1 0 1
-14.0603 25.5696 489.796 -20.9351 -9.85629 175.849 1.90171 13 88 1 0 1
-16.2112 25.8461 489.796 -19.4906 -9.93997 179.692 1.89173 13 89 1 0 1
-14.1507 25.4584 489.796 -19.9398 -9.27758 179.587 1.89197 13 90 1 0 1
-13.4394 25.1142 489.796 -22.1109 -10.6594 179.737 1.89071 13 91 1 0 1
-14.5489 26.9212 489.796 -21.4058 -10.0469 175.24 1.90322 13 92 1 0 1
-16.9288 24.6559 489.796 -16.7961 -10.2794 178.977 1.8943 13 93 1 0 1
-13.0116 28.7242 489.796 -20.4952 -10.6489 180.625 1.88889 13 94 1 0 1
-15.8319 24.1604 489.796 -17.6214 -9.95318 178.711 1.89485 13 95 1 0 1
-13.421 23.1916 489.796 -19.8459 -9.66554 178.599 1.89457 13 96 1 0 1
-14.3881 26.0016 489.796 -19.7204 -10.5523 179.877 1.89108 13 97 1 0 1
-13.5533 25.3823 489.796 -19.9793 -9.7408 173.685 1.90818 13 98 1 0 1
-14.9588 24.2594 489.796 -18.1844 -9.48778 179.095 1.89374 13 99 1 0 1
-15.6733 26.3812 489.796 -17.593 -10.1924 179.956 1.89151 13 100 1 0 1
-14.6968 26.3188 489.796 -20.0874 -10.3831 179.907 1.89092 13 101 1 0 1
-14.2026 24.1337 489.796 -20.3622 -9.57704 177.245 1.89809 13 102 1 0 1
-15.2477 25.8606 489.796 -18.0355 -10.1389 179.755 1.89193 13 103 1 0 1
-12.2184 26.7849 489.796 -18.8991 -10.0176 178.945 1.89387 13 104 1 0 1
-14.7809 25.5251 489.796 -22.3047 -9.94173 179.43 1.89155 13 105 1 0 1
-10.9217 29.1949 489.796 -24.2011 -11.0693 179.746 1.88991 13 106 1 0 1
-13.4385 26.7343 489.796 -21.0626 -10.9898 180.57 1.88881 13 107 1 0 1
-14.8057 29.9329 489.796 -18.0577 -11.6768 178.746 1.89436 13 108 1 0 1
-12.5285 25.4402 489.796 -22.0817 -9.90618 179.423 1.89165 13 109 1 0 1
-13.7752 30.5543 489.796 -21.2493 -11.1077 178.429 1.89437 13 110 1 0 1
-13.9627 28.4612 489.796 -20.5582 -11.4051 179.682 1.89121 13 111 1 0 1
-15.0574 28.6421 489.796 -19.1318 -10.5719 178.65 1.8945 13 112 1 0 1
-13.9043 26.7182 489.796 -18.8785 -10.4623 181.462 1.88721 13 113 1 0 1
-13.0641 30.3471 489.796 -22.1257 -11.7935 179.674 1.89068 13 114 1 0 1
-14.6538 24.8851 489.796 -19.0197 -9.17114 181.232 1.88795 13 115 1 0 1
-16.6372 24.7005 489.796 -17.8548 -9.19243 178.044 1.8967 13 116 1 0 1
-14.2314 25.6936 489.796 -19.834 -10.5034 178.639 1.89434 13 117 1 0 1
-15.5782 27.4078 489.796 -17.3136 -10.4709 178.439 1.89558 13 118 1 0 1
-14.7586 26.8181 489.796 -18.4185 -9.90717 180.172 1.89077 13 119 1 0 1
-14.4386 24.8373 489.796 -19.6848 -10.0983 177.995 1.89618 13 120 1 0 1
-19.8155 21.6629 551.02 -15.9651 -14.8572 176.987 2.13641 13 1 1 0 1
-19.225 23.5459 551.02 -16.198 -15.2412 179.072 2.12991 13 2 1 0 1
-19.7916 20.4282 551.02 -17.4262 -13.965 179.528 2.12852 13 3 1 0 1
-21.5158 19.087 551.02 -17.5515 -14.0427 177.742 2.13384 13 4 1 0 1
-20.0563 22.5008 551.02 -17.2276 -15.5599 179.057 2.12958 13 5 1 0 1
-20.5936 25.0573 551.02 -17.5753 -16.2791 180.572 2.12483 13 6 1 0 1
-21.1867 21.6412 551.02 -15.6137 -14.9886 179.84 2.12784 13 7 1 0 1
-20.4656 20.4727 551.02 -17.309 -14.7342 180.774 2.1247 13 8 1 0 1
-20.3505 21.7683 551.02 -15.1163 -15.6048 178.772 2.131 13 9 1 0 1
-21.4087 21.6736 551.02 -18.9706 -14.758 176.904 2.13578 13 10 1 0 1
-19.9736 20.697 551.02 -17.6574 -14.1192 179.789 2.12764 13 11 1 0 1
-18.3208 22.8105 551.02 -18.0306 -15.0878 176.099 2.13849 13 12 1 0 1
-20.4336 20.6693 551.02 -17.6082 -14.8392 176.765 2.13662 13 13 1 0 1
-19.2201 18.2748 551.02 -15.6082 -14.061 179.204 2.12996 13 14 1 0 1
-18.8829 17.7158 551.02 -19.3061 -14.2955 179.039 2.12932 13 15 1 0 1
-21.6062 24.3829 551.02 -15.3429 -15.5753 178.952 2.1304 13 16 1 0 1
-19.6319 24.9246 551.02 -17.1221 -16.0846 179.402 2.12845 13 17 1 0 1
-21.3742 24.7148 551.02 -17.7973 -15.8304 179.379 2.12839 13 18 1 0 1
-21.7788 22.1364 551.02 -12.9814 -15.8952 178.493 2.13227 13 19 1 0 1
-20.8893 24.9003 551.02 -18.5239 -15.9845 178.057 2.13208 13 20 1 0 1
-19.3874 23.1881 551.02 -17.0616 -14.8869 177.37 2.13491 13 21 1 0 1
-19.3946 21.626 551.02 -15.9401 -15.39 180.348 2.12616 13 22 1 0 1
-19.8407 20.1396 551.02 -19.307 -14.1898 178.127 2.13208 13 23 1 0 1
-18.991 21.6281 551.02 -15.7895 -14.0682 176.454 2.13831 13 24 1 0 1
-19.9735 24.4282 551.02 -15.1772 -15.7394 179.293 2.12939 13 25 1 0 1
-19.9518 22.907 551.02 -16.9108 -15.5211 179.034 2.12975 13 26 1 0 1
-19.8753 23.6999 551.02 -18.0182 -15.7896 182.05 2.12058 13 27 1 0 1
-20.4078 21.6662 551.02 -17.3966 -14.9862 180.206 2.12628 13 28 1 0 1
-19.9758 23.0284 551.02 -15.7813 -16.4613 176.51 2.1375 13 29 1 0 1
-19.667 22.2457 551.02 -17.1498 -15.4023 179.707 2.12772 13 30 1 0 1
-20.5191 25.9344 551.02 -17.0546 -16.4784 177.425 2.13431 13 31 1 0 1
-20.4336 20.1956 551.02 -16.3609 -15.3897 177.71 2.13394 13 32 1 0 1
-20.7599 22.7851 551.02 -18.6924 -15.0128 179.951 2.12664 13 33 1 0 1
-21.0177 21.4626 551.02 -19.5687 -14.9851 179.437 2.12789 13 34 1 0 1
-22.1514 22.7451 551.02 -18.89 -16.0892 179.523 2.12757 13 35 1 0 1
-20.7657 23.8118 551.02 -13.8756 -15.92 179.103 2.13022 13 36 1 0 1
-19.6274 23.1626 551.02 -18.2622 -14.9423 180.35 2.12562 13 37 1 0 1
-17.7192 21.2127 551.02 -15.8819 -14.1881 178.254 2.13272 13 38 1 0 1
-19.4336 22.9764 551.02 -16.5603 -14.8996 175.845 2.13978 13 39 1 0 1
-20.3587 20.1071 551.02 -13.5973 -14.4373 176.241 2.13946 13 40 1 0 1
-18.8142 23.6543 551.02 -18.8868 -16.145 178.279 2.13126 13 41 1 0 1
-20.0268 23.8542 551.02 -14.6877 -16.502 181.469 2.12292 13 42 1 0 1
-19.8321 20.3794 551.02 -18.4328 -13.5947 178.362 2.13179 13 43 1 0 1
-20.0989 23.8507 551.02 -15.3236 -14.9748 176.871 2.13691 13 44 1 0 1
-18.1792 24.1581 551.02 -18.4693 -15.9001 176.991 2.13537 13 45 1 0 1
-19.5389 23.3899 551.02 -18.4305 -14.8959 177.955 2.13271 13 46 1 0 1
-21.7105 20.1338 551.02 -12.4461 -13.8561 179.608 2.12954 13 47 1 0 1
-20.4908 23.4549 551.02 -15.6912 -15.8205 181.022 2.12415 13 48 1 0 1
-19.2151 25.4764 551.02 -16.3264 -15.6849 177.351 2.13497 13 49 1 0 1
-21.4957 19.2753 551.02 -18.5354 -14.8427 180.368 2.12551 13 50 1 0 1
-20.8113 21.9133 551.02 -14.2612 -14.8985 177.743 2.13452 13 51 1 0 1
-18.353 22.6459 551.02 -17.1122 -15.1835 180.356 2.12587 13 52 1 0 1
-21.4633 22.1707 551.02 -16.0564 -14.3346 175.723 2.14046 13 53 1 0 1
-19.5207 23.3476 551.02 -15.5772 -15.7248 180.094 2.12691 13 54 1 0 1
-21.2007 19.5211 551.02 -17.1496 -14.3207 180.282 2.12629 13 55 1 0 1
-21.3129 20.0259 551.02 -15.6078 -14.8222 178.496 2.1319 13 56 1 0 1
-20.4275 19.0638 551.02 -14.3378 -13.4665 177.76 2.1348 13 57 1 0 1
-20.4761 20.2424 551.02 -12.8771 -15.1447 177.314 2.1361 13 58 1 0 1
-20.4545 23.8509 551.02 -17.2863 -15.568 179.7 2.12766 13 59 1 0 1
-18.7388 23.4702 551.02 -16.779 -15.1125 174.796 2.14298 13 60 1 0 1
-18.4703 21.4527 551.02 -18.5407 -15.2489 181.915 2.12094 13 61 1 0 1
-20.6243 25.0211 551.02 -13.4272 -16.907 179.951 2.12753 13 62 1 0 1
-19.318 23.6472 551.02 -19.8961 -15.1385 176.609 2.13627 13 63 1 0 1
-19.9373 23.3645 551.02 -16.3973 -15.5882 178.218 2.13233 13 64 1 0 1
-21.0287 23.5554 551.02 -14.6334 -15.5192 177.185 2.13598 13 65 1 0 1
-18.0739 24.288 551.02 -14.5221 -15.3199 174.057 2.14594 13 66 1 0 1
-19.3959 24.9186 551.02 -17.7082 -16.071 178.282 2.13163 13 67 1 0 1
-21.7431 23.9152 551.02 -17.5548 -15.5754 177.189 2.13513 13 68 1 0 1
-17.7774 19.7328 551.02 -19.007 -14.3225 178.949 2.12968 13 69 1 0 1
-20.4526 22.3096 551.02 -17.1573 -14.2909 180.491 2.12568 13 70 1 0 1
-22.0537 25.3415 551.02 -14.7478 -16.3266 181.952 2.12156 13 71 1 0 1
-20.5806 21.0586 551.02 -18.0114 -15.453 177.07 2.13539 13 72 1 0 1
-19.7041 21.0802 551.02 -16.555 -14.7137 179.464 2.12877 13 73 1 0 1
-19.3721 22.2789 551.02 -17.4051 -15.3855 179.927 2.127 13 74 1 0 1
-20.9262 21.3128 551.02 -16.7363 -14.674 178.42 2.13186 13 75 1 0 1
-20.0892 22.3652 551.02 -16.689 -15.0267 176.31 2.13826 13 76 1 0 1
-18.9556 22.6966 551.02 -17.4037 -15.4559 179.299 2.12884 13 77 1 0 1
-22.4588 21.6376 551.02 -15.0526 -15.3934 180.049 2.12726 13 78 1 0 1
-23.213 21.8339 551.02 -14.7162 -14.1466 178.147 2.13336 13 79 1 0 1
-21.5925 23.3036 551.02 -14.1575 -15.3887 179.102 2.1303 13 80 1 0 1
-18.7409 22.5989 551.02 -19.6173 -15.2094 181.287 2.12243 13 81 1 0 1
-18.7026 20.5549 551.02 -18.4795 -14.5151 179.785 2.12732 13 82 1 0 1
-19.3084 23.7015 551.02 -15.9722 -15.3008 178.251 2.13243 13 83 1 0 1
-17.6921 21.9641 551.02 -21.7608 -15.284 182.747 2.11758 13 84 1 0 1
-19.5167 23.6153 551.02 -15.7423 -15.5314 176.519 2.13774 13 85 1 0 1
-19.7327 24.376 551.02 -16.9378 -15.6871 178.558 2.13113 13 86 1 0 1
-19.2211 22.542 551.02 -18.1062 -15.1611 178.002 2.1326 13 87 1 0 1
-20.8165 21.3126 551.02 -17.6749 -14.4632 175.888 2.13942 13 88 1 0 1
-22.2945 21.6323 551.02 -16.0198 -14.656 179.713 2.12819 13 89 1 0 1
-20.4167 21.4703 551.02 -16.621 -13.9825 179.62 2.12846 13 90 1 0 1
-20.4454 20.6608 551.02 -18.8158 -15.3494 179.772 2.12704 13 91 1 0 1
-21.4877 22.5781 551.02 -18.1148 -14.6812 175.284 2.14112 13 92 1 0 1
-22.1115 20.3195 551.02 -13.3146 -14.9302 178.942 2.13109 13 93 1 0 1
-19.4409 24.2716 551.02 -17.2337 -15.48 180.616 2.125 13 94 1 0 1
-21.3187 19.9331 551.02 -14.2176 -14.5841 178.697 2.13171 13 95 1 0 1
-19.7018 19.0662 551.02 -16.5987 -14.266 178.622 2.13139 13 96 1 0 1
-20.5658 21.5824 551.02 -16.3782 -15.273 179.874 2.12747 13 97 1 0 1
-20.0709 21.1243 551.02 -16.8033 -14.2836 173.707 2.1467 13 98 1 0 1
-20.6356 20.1977 551.02 -14.8332 -14.1361 179.097 2.13046 13 99 1 0 1
-21.111 22.0836 551.02 -14.1781 -14.9279 179.927 2.12795 13 100 1 0 1
-20.9938 21.9559 551.02 -16.718 -15.1172 179.916 2.12729 13 101 1 0 1
-20.7028 20.0081 551.02 -17.0749 -14.1751 177.284 2.13535 13 102 1 0 1
-20.8476 21.5803 551.02 -14.6511 -14.8526 179.735 2.12842 13 103 1 0 1
-18.179 22.5251 551.02 -15.7441 -14.7412 178.924 2.1306 13 104 1 0 1
-21.8483 21.3076 551.02 -18.9151 -14.6439 179.497 2.128 13 105 1 0 1
-18.6684 24.5791 551.02 -21.0683 -15.8935 179.779 2.12615 13 106 1 0 1
-20.0559 22.1766 551.02 -17.7635 -15.7515 180.572 2.12491 13 107 1 0 1
-20.4533 25.0842 551.02 -14.7194 -16.4853 178.673 2.13116 13 108 1 0 1
-19.5493 21.2351 551.02 -18.8617 -14.6038 179.469 2.12811 13 109 1 0 1
-20.5375 25.8898 551.02 -17.958 -15.9378 178.425 2.13116 13 110 1 0 1
-20.4375 23.734 551.02 -17.2391 -16.1965 179.663 2.12761 13 111 1 0 1
-21.0717 24.1764 551.02 -15.7671 -15.3464 178.632 2.13132 13 112 1 0 1
-19.747 22.3565 551.02 -15.5549 -15.2481 181.438 2.12312 13 113 1 0 1
-20.0825 25.4769 551.02 -18.8548 -16.6463 179.663 2.12702 13 114 1 0 1
-20.5425 20.9647 551.02 -15.6453 -13.9 181.254 2.12394 13 115 1 0 1
-22.2162 20.7185 551.02 -14.4021 -13.8303 178.057 2.13379 13 116 1 0 1
-20.4962 21.268 551.02 -16.5237 -15.1815 178.64 2.13113 13 117 1 0 1
-20.9723 22.9795 551.02 -13.9352 -15.197 178.395 2.13253 13 118 1 0 1
-20.4802 22.6189 551.02 -15.0594 -14.666 180.16 2.12711 13 119 1 0 1
-20.6742 20.5427 551.02 -16.3731 -14.7343 178.007 2.1332 13 120 1 0 1
-24.6217 15.8566 612.245 -11.6657 -18.526 176.977 2.37379 13 1 1 0 1
-24.054 17.6576 612.245 -11.8907 -19.0134 179.049 2.36656 13 2 1 0 1
-25.0164 15.0053 612.245 -13.0551 -17.6571 179.574 2.36502 13 3 1 0 1
-26.8209 13.5972 612.245 -13.0934 -17.6542 177.804 2.37093 13 4 1 0 1
-25.2256 16.5092 612.245 -12.8471 -19.298 179.061 2.3662 13 5 1 0 1
-25.8242 18.8523 612.245 -13.1137 -20.1299 180.563 2.36092 13 6 1 0 1
-25.7689 15.8718 612.245 -11.1494 -18.7157 179.823 2.36427 13 7 1 0 1
-25.6015 14.8223 612.245 -12.8585 -18.4481 180.805 2.36078 13 8 1 0 1
-24.8055 15.7571 612.245 -10.7445 -19.3068 178.727 2.36777 13 9 1 0 1
-27.2327 15.8991 612.245 -14.5237 -18.4349 176.98 2.37308 13 10 1 0 1
-25.2659 15.227 612.245 -13.2639 -17.8251 179.837 2.36404 13 11 1 0 1
-23.8889 16.8918 612.245 -13.8379 -18.7777 176.124 2.3761 13 12 1 0 1
-25.8054 14.8685 612.245 -13.2507 -18.4757 176.802 2.37402 13 13 1 0 1
-23.8444 12.8228 612.245 -11.3076 -17.6697 179.207 2.36662 13 14 1 0 1
-24.7755 12.1826 612.245 -14.9944 -17.8895 179.129 2.36591 13 15 1 0 1
-26.117 18.3722 612.245 -10.8702 -19.3687 178.91 2.36712 13 16 1 0 1
-24.7596 18.7507 612.245 -12.765 -19.9054 179.382 2.36494 13 17 1 0 1
-26.7097 18.628 612.245 -13.3038 -19.6486 179.391 2.36488 13 18 1 0 1
-25.4944 16.0153 612.245 -8.53492 -19.5958 178.393 2.36919 13 19 1 0 1
-26.5248 18.7195 612.245 -14.0898 -19.7807 178.081 2.36898 13 20 1 0 1
-24.5641 17.374 612.245 -12.7723 -18.6159 177.378 2.37212 13 21 1 0 1
-24.0952 15.735 612.245 -11.5941 -19.1241 180.322 2.3624 13 22 1 0 1
-25.7551 14.6038 612.245 -14.9448 -17.8462 178.218 2.36897 13 23 1 0 1
-23.7637 16.0798 612.245 -11.566 -17.7298 176.452 2.3759 13 24 1 0 1
-24.439 18.3715 612.245 -10.8199 -19.5391 179.235 2.36598 13 25 1 0 1
-25.0154 16.9256 612.245 -12.5421 -19.2715 179.029 2.36639 13 26 1 0 1
-25.2153 17.7117 612.245 -13.5724 -19.6318 182.061 2.3562 13 27 1 0 1
-25.5924 15.9078 612.245 -12.9622 -18.7262 180.23 2.36253 13 28 1 0 1
-24.7312 16.6452 612.245 -11.4808 -20.1509 176.459 2.375 13 29 1 0 1
-24.7937 16.3284 612.245 -12.7844 -19.1465 179.711 2.36413 13 30 1 0 1
-25.6771 19.558 612.245 -12.6777 -20.2861 177.397 2.37146 13 31 1 0 1
-25.3452 14.2355 612.245 -11.9943 -19.023 177.706 2.37104 13 32 1 0 1
-26.3873 17.0041 612.245 -14.2234 -18.7878 180.005 2.36293 13 33 1 0 1
-26.9577 15.6839 612.245 -15.084 -18.7082 179.521 2.36432 13 34 1 0 1
-27.8432 16.5858 612.245 -14.3236 -19.8471 179.569 2.36396 13 35 1 0 1
-24.7835 17.6913 612.245 -9.47892 -19.6906 179.015 2.36691 13 36 1 0 1
-25.1099 17.4146 612.245 -13.8733 -18.7371 180.387 2.3618 13 37 1 0 1
-22.4847 15.6749 612.245 -11.7105 -17.8728 178.246 2.36969 13 38 1 0 1
-24.4867 17.1146 612.245 -12.3083 -18.5877 175.843 2.37754 13 39 1 0 1
-24.3622 14.4336 612.245 -9.30343 -18.0373 176.189 2.37717 13 40 1 0 1
-24.5925 17.4324 612.245 -14.5973 -19.9035 178.301 2.36806 13 41 1 0 1
-24.2653 17.6082 612.245 -10.2809 -20.3221 181.384 2.3588 13 42 1 0 1
-25.439 15.0525 612.245 -14.0757 -17.266 178.442 2.36865 13 43 1 0 1
-24.684 17.9879 612.245 -11.0127 -18.7099 176.836 2.37435 13 44 1 0 1
-23.8687 17.9777 612.245 -14.2604 -19.6477 177.004 2.37263 13 45 1 0 1
-25.1633 17.5884 612.245 -14.1017 -18.6476 177.997 2.36967 13 46 1 0 1
-25.2177 14.7517 612.245 -7.98667 -17.5295 179.54 2.36615 13 47 1 0 1
-25.0734 17.4275 612.245 -11.2489 -19.6262 180.979 2.36016 13 48 1 0 1
-24.1418 19.3737 612.245 -12.0568 -19.4799 177.317 2.37218 13 49 1 0 1
-27.046 13.5837 612.245 -14.0043 -18.5113 180.437 2.36168 13 50 1 0 1
-24.9969 16.1132 612.245 -9.89013 -18.5871 177.692 2.37169 13 51 1 0 1
-23.4629 16.8193 612.245 -12.831 -18.9558 180.354 2.36208 13 52 1 0 1
-26.3196 16.5064 612.245 -11.6653 -17.9982 175.733 2.37829 13 53 1 0 1
-24.1045 17.3258 612.245 -11.2309 -19.507 180.048 2.36324 13 54 1 0 1
-26.2891 14.0026 612.245 -12.6581 -17.9958 180.324 2.36254 13 55 1 0 1
-25.9314 14.2843 612.245 -11.1667 -18.4691 178.489 2.36878 13 56 1 0 1
-24.6439 13.7727 612.245 -9.99592 -17.0734 177.747 2.372 13 57 1 0 1
-24.202 14.3546 612.245 -8.55738 -18.7639 177.229 2.37344 13 58 1 0 1
-25.6176 17.8679 612.245 -12.86 -19.3648 179.702 2.36406 13 59 1 0 1
-23.9116 17.5 612.245 -12.5988 -18.7926 174.791 2.38109 13 60 1 0 1
-24.0078 15.6551 612.245 -14.2 -19.0177 181.951 2.3566 13 61 1 0 1
-24.4697 18.5841 612.245 -9.02544 -20.7261 179.826 2.36392 13 62 1 0 1
-25.4992 17.7213 612.245 -15.5989 -18.8716 176.681 2.37363 13 63 1 0 1
-24.8518 17.3333 612.245 -12.0542 -19.3343 178.198 2.36926 13 64 1 0 1
-25.355 17.5158 612.245 -10.254 -19.2456 177.127 2.37331 13 65 1 0 1
-22.4896 18.218 612.245 -10.4321 -19.0023 173.988 2.38438 13 66 1 0 1
-24.7635 18.715 612.245 -13.388 -19.8687 178.276 2.36848 13 67 1 0 1
-27.0653 17.8543 612.245 -13.0896 -19.3216 177.206 2.37237 13 68 1 0 1
-23.5857 14.1764 612.245 -14.782 -17.9796 179.017 2.36631 13 69 1 0 1
-25.5465 16.791 612.245 -12.7163 -18.063 180.521 2.36186 13 70 1 0 1
-26.2733 19.1608 612.245 -10.1753 -20.2094 181.876 2.35729 13 71 1 0 1
-26.0789 15.0526 612.245 -13.6306 -19.105 177.105 2.37266 13 72 1 0 1
-24.6362 15.3969 612.245 -12.2003 -18.4181 179.471 2.3653 13 73 1 0 1
-24.582 16.3735 612.245 -13.0539 -19.1362 179.936 2.36333 13 74 1 0 1
-25.9374 15.6125 612.245 -12.313 -18.3655 178.438 2.36873 13 75 1 0 1
-25.1632 16.4765 612.245 -12.3767 -18.7046 176.314 2.37584 13 76 1 0 1
-24.191 16.7466 612.245 -13.0978 -19.2062 179.303 2.36538 13 77 1 0 1
-26.8286 15.7368 612.245 -10.4939 -19.1207 180.015 2.36362 13 78 1 0 1
-27.5124 16.3038 612.245 -10.153 -17.8493 178.133 2.3704 13 79 1 0 1
-25.6957 17.3672 612.245 -9.69653 -19.148 179.036 2.367 13 80 1 0 1
-24.6586 16.7903 612.245 -15.2589 -19.0064 181.348 2.35825 13 81 1 0 1
-24.2901 14.9511 612.245 -14.1717 -18.2147 179.839 2.36368 13 82 1 0 1
-24.0845 17.7679 612.245 -11.6801 -19.0594 178.221 2.36936 13 83 1 0 1
-24.2856 16.175 612.245 -17.4268 -19.095 182.853 2.35286 13 84 1 0 1
-24.2643 17.5509 612.245 -11.4769 -19.2475 176.482 2.37527 13 85 1 0 1
-24.8237 18.3153 612.245 -12.5955 -19.4742 178.544 2.36792 13 86 1 0 1
-24.7368 16.6556 612.245 -13.803 -18.883 178.032 2.36955 13 87 1 0 1
-26.2368 15.6132 612.245 -13.3097 -18.1054 175.936 2.37713 13 88 1 0 1
-27.0041 15.9724 612.245 -11.4715 -18.3843 179.718 2.36466 13 89 1 0 1
-25.3572 16.0379 612.245 -12.2096 -17.7092 179.646 2.36496 13 90 1 0 1
-26.125 14.7725 612.245 -14.3733 -19.0479 179.829 2.36338 13 91 1 0 1
-27.0735 16.7782 612.245 -13.7096 -18.3514 175.338 2.37903 13 92 1 0 1
-25.9252 14.552 612.245 -8.82979 -18.5896 178.877 2.36788 13 93 1 0 1
-24.5695 18.3428 612.245 -12.8627 -19.3105 180.612 2.36111 13 94 1 0 1
-25.4568 14.2792 612.245 -9.78742 -18.2304 178.659 2.36856 13 95 1 0 1
-24.6753 13.5239 612.245 -12.2642 -17.89 178.646 2.36821 13 96 1 0 1
-25.4141 15.7176 612.245 -11.9506 -18.9983 179.867 2.36385 13 97 1 0 1
-25.2718 15.426 612.245 -12.5531 -17.8725 173.734 2.38522 13 98 1 0 1
-24.9812 14.7063 612.245 -10.4379 -17.8043 179.08 2.36718 13 99 1 0 1
-25.2052 16.3348 612.245 -9.73401 -18.6682 179.873 2.36439 13 100 1 0 1
-25.9505 16.1431 612.245 -12.2537 -18.8581 179.922 2.36366 13 101 1 0 1
-25.87 14.455 612.245 -12.6923 -17.8046 177.324 2.37261 13 102 1 0 1
-25.1107 15.8545 612.245 -10.2259 -18.5739 179.695 2.36492 13 103 1 0 1
-22.8713 16.8091 612.245 -11.5242 -18.4788 178.898 2.36733 13 104 1 0 1
-27.5534 15.6478 612.245 -14.3744 -18.3644 179.576 2.36444 13 105 1 0 1
-25.1344 18.4836 612.245 -16.7329 -19.7227 179.855 2.36239 13 106 1 0 1
-25.357 16.1666 612.245 -13.3417 -19.5111 180.586 2.36101 13 107 1 0 1
-24.7744 18.75 612.245 -10.3452 -20.2859 178.589 2.36795 13 108 1 0 1
-25.2667 15.5886 612.245 -14.4937 -18.3201 179.534 2.36456 13 109 1 0 1
-25.971 19.7307 612.245 -13.5471 -19.773 178.43 2.36796 13 110 1 0 1
-25.5861 17.5368 612.245 -12.8147 -19.9835 179.652 2.36402 13 111 1 0 1
-25.7435 18.2357 612.245 -11.3373 -19.1289 178.603 2.36813 13 112 1 0 1
-24.2813 16.5405 612.245 -11.1616 -19.03 181.405 2.35902 13 113 1 0 1
-25.7839 19.1167 612.245 -14.438 -20.4916 179.675 2.36335 13 114 1 0 1
-25.1023 15.6059 612.245 -11.1972 -17.6426 181.258 2.35993 13 115 1 0 1
-26.4235 15.3009 612.245 -9.91922 -17.4958 178.04 2.37088 13 116 1 0 1
-25.4334 15.4005 612.245 -12.1288 -18.8715 178.64 2.36792 13 117 1 0 1
-25.0265 17.0899 612.245 -9.54003 -18.9313 178.327 2.36948 13 118 1 0 1
-24.8745 16.9624 612.245 -10.647 -18.4331 180.128 2.36346 13 119 1 0 1
-25.5776 14.8144 612.245 -11.9824 -18.3903 178.017 2.37022 13 120 1 0 1
-27.7966 8.98565 673.469 -6.58522 -20.9763 176.965 2.61116 13 1 1 0 1
-27.2664 10.684 673.469 -6.7917 -21.5497 179.028 2.60322 13 2 1 0 1
-28.5998 8.52737 673.469 -7.85715 -20.1277 179.617 2.60152 13 3 1 0 1
-30.4384 7.06852 673.469 -7.81101 -20.0544 177.86 2.60802 13 4 1 0 1
-28.7483 9.4455 673.469 -7.64911 -21.7985 179.072 2.60282 13 5 1 0 1
-29.3928 11.5485 673.469 -7.82433 -22.7249 180.562 2.59701 13 6 1 0 1
-28.6905 9.03757 673.469 -5.9095 -21.2047 179.795 2.60069 13 7 1 0 1
-29.0809 8.11896 673.469 -7.58368 -20.9241 180.833 2.59686 13 8 1 0 1
-27.6245 8.68236 673.469 -5.61227 -21.7702 178.678 2.60455 13 9 1 0 1
-31.3586 9.05941 673.469 -9.21814 -20.8983 177.062 2.61039 13 10 1 0 1
-28.9104 8.69956 673.469 -8.03731 -20.3064 179.884 2.60045 13 11 1 0 1
-27.8446 9.89664 673.469 -8.80973 -21.2546 176.165 2.6137 13 12 1 0 1
-29.5157 8.0142 673.469 -8.06968 -20.8977 176.845 2.61142 13 13 1 0 1
-26.8575 6.34073 673.469 -6.22812 -20.057 179.204 2.60328 13 14 1 0 1
-29.0331 5.62654 673.469 -9.80597 -20.2654 179.235 2.6025 13 15 1 0 1
-28.9583 11.2682 673.469 -5.63302 -21.9208 178.857 2.60383 13 16 1 0 1
-28.2525 11.479 673.469 -7.59306 -22.4793 179.371 2.60144 13 17 1 0 1
-30.3605 11.4449 673.469 -7.97968 -22.2233 179.406 2.60137 13 18 1 0 1
-27.5563 8.82774 673.469 -3.38829 -22.053 178.278 2.60611 13 19 1 0 1
-30.4802 11.4414 673.469 -8.80806 -22.3407 178.118 2.60588 13 20 1 0 1
-28.111 10.4778 673.469 -7.67172 -21.1246 177.391 2.60933 13 21 1 0 1
-27.1782 8.78072 673.469 -6.46052 -21.6138 180.298 2.59864 13 22 1 0 1
-30.0092 8.01761 673.469 -9.70923 -20.2896 178.319 2.60587 13 23 1 0 1
-26.9271 9.46425 673.469 -6.56479 -20.185 176.445 2.61349 13 24 1 0 1
-27.2779 11.2213 673.469 -5.69946 -22.0941 179.174 2.60258 13 25 1 0 1
-28.4376 9.86742 673.469 -7.36413 -21.7842 179.029 2.60303 13 26 1 0 1
-28.9088 10.6377 673.469 -8.28201 -22.2161 182.082 2.59182 13 27 1 0 1
-29.1209 9.08413 673.469 -7.70285 -21.2283 180.254 2.59879 13 28 1 0 1
-27.8527 9.1882 673.469 -6.40799 -22.6067 176.419 2.6125 13 29 1 0 1
-28.2848 9.341 673.469 -7.60127 -21.6512 179.72 2.60054 13 30 1 0 1
-29.1767 12.0748 673.469 -7.49395 -22.8539 177.379 2.6086 13 31 1 0 1
-28.6071 7.2291 673.469 -6.83592 -21.4287 177.706 2.60815 13 32 1 0 1
-30.3382 10.1453 673.469 -8.89629 -21.3273 180.064 2.59923 13 33 1 0 1
-31.2066 8.84257 673.469 -9.71908 -21.2009 179.614 2.60075 13 34 1 0 1
-31.8212 9.35341 673.469 -8.89823 -22.36 179.625 2.60036 13 35 1 0 1
-27.1659 10.4851 673.469 -4.35561 -22.2142 178.918 2.6036 13 36 1 0 1
-28.9487 10.5841 673.469 -8.63515 -21.2943 180.43 2.59798 13 37 1 0 1
-25.6738 9.07439 673.469 -6.75335 -20.3397 178.238 2.60666 13 38 1 0 1
-27.9121 10.1738 673.469 -7.26154 -21.0641 175.845 2.61529 13 39 1 0 1
-26.7411 7.71157 673.469 -4.29304 -20.426 176.121 2.61489 13 40 1 0 1
-28.7402 10.1279 673.469 -9.44742 -22.4248 178.349 2.60487 13 41 1 0 1
-26.8817 10.2776 673.469 -5.12038 -22.8757 181.299 2.59468 13 42 1 0 1
-29.3938 8.67013 673.469 -8.86688 -19.7281 178.521 2.60552 13 43 1 0 1
-27.6362 11.0362 673.469 -5.93895 -21.2238 176.795 2.61178 13 44 1 0 1
-27.9463 10.7083 673.469 -9.20396 -22.168 177.041 2.60989 13 45 1 0 1
-29.1425 10.7024 673.469 -8.92425 -21.177 178.049 2.60664 13 46 1 0 1
-27.0784 8.31755 673.469 -2.83603 -19.9759 179.44 2.60277 13 47 1 0 1
-28.0133 10.3176 673.469 -6.02702 -22.1769 180.934 2.59618 13 48 1 0 1
-27.4497 12.1662 673.469 -6.99668 -22.0436 177.289 2.6094 13 49 1 0 1
-30.9029 6.85336 673.469 -8.61849 -20.9451 180.509 2.59784 13 50 1 0 1
-27.5417 9.24549 673.469 -4.7833 -21.0497 177.628 2.60886 13 51 1 0 1
-26.9713 9.91701 673.469 -7.72947 -21.487 180.361 2.59829 13 52 1 0 1
-29.501 9.76997 673.469 -6.49519 -20.456 175.731 2.61612 13 53 1 0 1
-27.0703 10.2226 673.469 -6.10818 -22.0412 180.002 2.59956 13 54 1 0 1
-29.7036 7.44059 673.469 -7.34783 -20.4406 180.358 2.59879 13 55 1 0 1
-28.885 7.49601 673.469 -5.95263 -20.8888 178.472 2.60566 13 56 1 0 1
-27.2284 7.44074 673.469 -4.9132 -19.472 177.714 2.6092 13 57 1 0 1
-26.3074 7.41925 673.469 -3.53924 -21.1566 177.131 2.61079 13 58 1 0 1
-29.124 10.7972 673.469 -7.61419 -21.919 179.707 2.60047 13 59 1 0 1
-27.4713 10.4465 673.469 -7.61974 -21.2653 174.795 2.61919 13 60 1 0 1
-27.9299 8.79499 673.469 -8.99799 -21.5377 182.002 2.59226 13 61 1 0 1
-26.6879 11.0513 673.469 -3.90844 -23.2811 179.697 2.60032 13 62 1 0 1
-30.0267 10.7095 673.469 -10.4174 -21.3899 176.776 2.611 13 63 1 0 1
-28.1291 10.2206 673.469 -6.9173 -21.8459 178.181 2.60618 13 64 1 0 1
-28.0312 10.3925 673.469 -5.13158 -21.7419 177.061 2.61064 13 65 1 0 1
-25.3286 11.0564 673.469 -5.604 -21.4765 173.922 2.62282 13 66 1 0 1
-28.4963 11.4141 673.469 -8.23951 -22.4275 178.285 2.60533 13 67 1 0 1
-30.6935 10.7058 673.469 -7.80476 -21.8403 177.225 2.60961 13 68 1 0 1
-27.7893 7.57442 673.469 -9.68733 -20.4178 179.104 2.60294 13 69 1 0 1
-28.9855 10.197 673.469 -7.45516 -20.6024 180.543 2.59805 13 70 1 0 1
-28.8192 11.8777 673.469 -4.84999 -22.823 181.786 2.59302 13 71 1 0 1
-29.9085 7.99101 673.469 -8.41613 -21.5344 177.151 2.60992 13 72 1 0 1
-27.9366 8.65418 673.469 -7.043 -20.8918 179.476 2.60183 13 73 1 0 1
-28.1617 9.39755 673.469 -7.87731 -21.6465 179.952 2.59966 13 74 1 0 1
-29.2837 8.85028 673.469 -7.08634 -20.8327 178.451 2.60561 13 75 1 0 1
-28.5922 9.51608 673.469 -7.26636 -21.1668 176.32 2.61342 13 76 1 0 1
-27.8062 9.72166 673.469 -7.96748 -21.7192 179.317 2.60191 13 77 1 0 1
-29.5106 8.7726 673.469 -5.17675 -21.603 179.966 2.59999 13 78 1 0 1
-30.1065 9.70396 673.469 -4.84376 -20.3316 178.091 2.60744 13 79 1 0 1
-28.1401 10.3489 673.469 -4.50194 -21.6665 178.955 2.6037 13 80 1 0 1
-28.9441 9.90628 673.469 -10.0126 -21.5595 181.428 2.59408 13 81 1 0 1
-28.2548 8.29288 673.469 -9.00796 -20.6867 179.904 2.60005 13 82 1 0 1
-27.2431 10.7478 673.469 -6.6041 -21.5861 178.194 2.6063 13 83 1 0 1
-29.2564 9.31767 673.469 -12.1443 -21.656 182.995 2.58815 13 84 1 0 1
-27.3899 10.4025 673.469 -6.43815 -21.7395 176.448 2.61279 13 85 1 0 1
-28.2782 11.1619 673.469 -7.44445 -22.024 178.537 2.60471 13 86 1 0 1
-28.6183 9.69543 673.469 -8.65965 -21.3795 178.074 2.60651 13 87 1 0 1
-29.9845 8.85185 673.469 -8.1211 -20.5422 175.984 2.61485 13 88 1 0 1
-30.0213 9.24656 673.469 -6.13829 -20.879 179.707 2.60112 13 89 1 0 1
-28.6476 9.53872 673.469 -6.99353 -20.2119 179.66 2.60146 13 90 1 0 1
-30.1348 7.83176 673.469 -9.06957 -21.5097 179.897 2.59972 13 91 1 0 1
-30.9652 9.90301 673.469 -8.47208 -20.8172 175.394 2.61693 13 92 1 0 1
-28.0742 7.73472 673.469 -3.63392 -21.0147 178.789 2.60466 13 93 1 0 1
-28.0683 11.321 673.469 -7.66996 -21.8939 180.612 2.59723 13 94 1 0 1
-27.9423 7.57855 673.469 -4.62077 -20.6494 178.605 2.60542 13 95 1 0 1
-28.0162 6.94362 673.469 -7.12678 -20.2944 178.668 2.60503 13 96 1 0 1
-28.6109 8.78979 673.469 -6.72649 -21.4835 179.859 2.60024 13 97 1 0 1
-28.8248 8.66799 673.469 -7.50603 -20.2704 173.762 2.62374 13 98 1 0 1
-27.6863 8.16324 673.469 -5.28703 -20.2484 179.047 2.60389 13 99 1 0 1
-27.6532 9.51581 673.469 -4.55234 -21.1686 179.802 2.60083 13 100 1 0 1
-29.2418 9.26244 673.469 -6.98423 -21.3603 179.924 2.60002 13 101 1 0 1
-29.374 7.85319 673.469 -7.4984 -20.2233 177.361 2.60987 13 102 1 0 1
-27.7302 9.06403 673.469 -5.05033 -21.0582 179.641 2.60141 13 103 1 0 1
-25.9773 10.0175 673.469 -6.52233 -20.9874 178.874 2.60406 13 104 1 0 1
-31.5521 8.9256 673.469 -8.97111 -20.8568 179.655 2.60089 13 105 1 0 1
-29.9559 11.2935 673.469 -11.4761 -22.3107 179.965 2.59863 13 106 1 0 1
-29.008 9.08837 673.469 -8.08514 -22.0226 180.609 2.59712 13 107 1 0 1
-27.4603 11.3181 673.469 -5.22324 -22.8362 178.505 2.60475 13 108 1 0 1
-29.3364 8.88034 673.469 -9.26154 -20.8096 179.609 2.60102 13 109 1 0 1
-29.7387 12.4627 673.469 -8.30253 -22.3691 178.445 2.60475 13 110 1 0 1
-29.0787 10.2558 673.469 -7.57287 -22.5214 179.649 2.60042 13 111 1 0 1
-28.7554 11.2031 673.469 -6.13114 -21.6753 178.567 2.60494 13 112 1 0 1
-27.1931 9.65195 673.469 -5.98911 -21.5613 181.366 2.59492 13 113 1 0 1
-29.8242 11.6547 673.469 -9.16163 -23.0843 179.707 2.59969 13 114 1 0 1
-28.0185 9.1853 673.469 -5.96695 -20.1512 181.244 2.59593 13 115 1 0 1
-28.9533 8.8249 673.469 -4.69671 -19.9455 177.997 2.60796 13 116 1 0 1
-28.7185 8.47352 673.469 -6.93591 -21.3302 178.641 2.60471 13 117 1 0 1
-27.4391 10.1214 673.469 -4.41736 -21.4313 178.245 2.60643 13 118 1 0 1
-27.6311 10.2285 673.469 -5.47179 -20.9627 180.083 2.5998 13 119 1 0 1
-28.8252 8.0333 673.469 -6.79838 -20.8239 178.022 2.60724 13 120 1 0 1
-29.1265 1.50169 734.694 -1.05787 -22.0475 176.955 2.84854 13 1 1 0 1
-28.6472 3.07811 734.694 -1.23788 -22.6875 179.012 2.83988 13 2 1 0 1
-30.3176 1.44166 734.694 -2.17215 -21.2116 179.651 2.83802 13 3 1 0 1
-32.1432 -0.0513209 734.694 -2.04464 -21.0796 177.901 2.84511 13 4 1 0 1
-30.4015 1.76354 734.694 -1.97237 -22.8979 179.087 2.83944 13 5 1 0 1
-31.0754 3.60242 734.694 -2.05019 -23.8987 180.568 2.83311 13 6 1 0 1
-29.7441 1.5897 734.694 -0.236637 -22.2924 179.761 2.83712 13 7 1 0 1
-30.6825 0.812515 734.694 -1.82782 -21.9966 180.856 2.83294 13 8 1 0 1
-28.6029 0.998077 734.694 -0.0575987 -22.8339 178.634 2.84133 13 9 1 0 1
-33.5481 1.6059 734.694 -3.39207 -21.9838 177.138 2.8477 13 10 1 0 1
-30.6813 1.56234 734.694 -2.31842 -21.3973 179.922 2.83685 13 11 1 0 1
-29.954 2.27805 734.694 -3.276 -22.3568 176.219 2.85131 13 12 1 0 1
-31.3368 0.558014 734.694 -2.4006 -21.943 176.886 2.84882 13 13 1 0 1
-28.0496 -0.72417 734.694 -0.706829 -21.0607 179.196 2.83995 13 14 1 0 1
-31.4139 -1.50417 734.694 -4.07742 -21.2579 179.342 2.83909 13 15 1 0 1
-29.9248 3.52511 734.694 0.0270415 -23.0695 178.801 2.84054 13 16 1 0 1
-29.8886 3.56598 734.694 -1.9447 -23.6428 179.372 2.83793 13 17 1 0 1
-32.1005 3.62075 734.694 -2.16745 -23.3894 179.422 2.83785 13 18 1 0 1
-27.7794 1.02897 734.694 2.11914 -23.1082 178.164 2.84303 13 19 1 0 1
-32.5218 3.52218 734.694 -3.01782 -23.5003 178.161 2.84278 13 20 1 0 1
-29.8048 2.95167 734.694 -2.0943 -22.2504 177.407 2.84654 13 21 1 0 1
-28.4319 1.21574 734.694 -0.878828 -22.6959 180.278 2.83488 13 22 1 0 1
-32.3615 0.82947 734.694 -3.93755 -21.3546 178.415 2.84277 13 23 1 0 1
-28.2678 2.23024 734.694 -1.11782 -21.2732 176.436 2.85108 13 24 1 0 1
-28.2851 3.43271 734.694 -0.154373 -23.2426 179.12 2.83918 13 25 1 0 1
-29.9984 2.18614 734.694 -1.71549 -22.896 179.033 2.83967 13 26 1 0 1
-30.7288 2.93178 734.694 -2.49134 -23.3754 182.108 2.82744 13 27 1 0 1
-30.7705 1.64631 734.694 -1.96058 -22.3275 180.275 2.83504 13 28 1 0 1
-29.1276 1.11594 734.694 -0.895517 -23.6695 176.394 2.84999 13 29 1 0 1
-29.9183 1.73658 734.694 -1.93972 -22.7521 179.735 2.83695 13 30 1 0 1
-30.796 3.94325 734.694 -1.83994 -24.0198 177.374 2.84575 13 31 1 0 1
-30.0031 -0.370231 734.694 -1.22248 -22.4458 177.707 2.84525 13 32 1 0 1
-32.3789 2.66027 734.694 -3.05379 -22.4645 180.12 2.83552 13 33 1 0 1
-33.5229 1.38983 734.694 -3.81615 -22.2964 179.704 2.83718 13 34 1 0 1
-33.8509 1.50385 734.694 -2.95836 -23.4621 179.68 2.83675 13 35 1 0 1
-27.7194 2.64886 734.694 1.15539 -23.3306 178.825 2.84029 13 36 1 0 1
-30.9129 3.12244 734.694 -2.88888 -22.4475 180.474 2.83416 13 37 1 0 1
-27.0722 1.8599 734.694 -1.34284 -21.4269 178.233 2.84362 13 38 1 0 1
-29.4894 2.60637 734.694 -1.75162 -22.1681 175.85 2.85304 13 39 1 0 1
-27.3019 0.391123 734.694 1.10077 -21.4454 176.049 2.85261 13 40 1 0 1
-31.0188 2.19732 734.694 -3.77195 -23.545 178.415 2.84168 13 41 1 0 1
-27.6766 2.31923 734.694 0.451939 -24.0004 181.226 2.83056 13 42 1 0 1
-31.4627 1.67835 734.694 -3.14457 -20.8158 178.59 2.84238 13 43 1 0 1
-28.7475 3.44802 734.694 -0.43693 -22.3562 176.755 2.84922 13 44 1 0 1
-30.1751 2.80629 734.694 -3.63086 -23.2985 177.098 2.84716 13 45 1 0 1
-31.2423 3.18388 734.694 -3.23452 -22.3194 178.104 2.84361 13 46 1 0 1
-27.1125 1.27798 734.694 2.6637 -21.0346 179.322 2.83938 13 47 1 0 1
-29.1026 2.57941 734.694 -0.36835 -23.3088 180.892 2.8322 13 48 1 0 1
-28.9214 4.30944 734.694 -1.47973 -23.2149 177.271 2.84662 13 49 1 0 1
-32.8351 -0.465672 734.694 -2.72282 -21.9776 180.571 2.83401 13 50 1 0 1
-28.2479 1.76182 734.694 0.722086 -22.1265 177.56 2.84603 13 51 1 0 1
-28.6559 2.39108 734.694 -2.14544 -22.6127 180.376 2.8345 13 52 1 0 1
-30.7938 2.41159 734.694 -0.88181 -21.5473 175.718 2.85395 13 53 1 0 1
-28.2096 2.49227 734.694 -0.548118 -23.1646 179.964 2.83588 13 54 1 0 1
-31.2242 0.283203 734.694 -1.56291 -21.4896 180.379 2.83505 13 55 1 0 1
-29.9658 0.111663 734.694 -0.3059 -21.9195 178.447 2.84254 13 56 1 0 1
-27.9824 0.513389 734.694 0.573329 -20.5014 177.665 2.8464 13 57 1 0 1
-26.6059 -0.111227 734.694 1.84286 -22.1654 177.033 2.84813 13 58 1 0 1
-30.7514 3.09285 734.694 -1.88978 -23.0663 179.715 2.83687 13 59 1 0 1
-29.1944 2.76322 734.694 -2.16988 -22.3709 174.81 2.8573 13 60 1 0 1
-30.0034 1.32408 734.694 -3.2758 -22.6418 182.061 2.82792 13 61 1 0 1
-27.0894 2.88188 734.694 1.5843 -24.4124 179.583 2.83671 13 62 1 0 1
-32.6521 3.06494 734.694 -4.68485 -22.5287 176.879 2.84836 13 63 1 0 1
-29.5529 2.48077 734.694 -1.32354 -22.9613 178.17 2.84311 13 64 1 0 1
-28.8564 2.6402 734.694 0.397222 -22.8487 176.995 2.84797 13 65 1 0 1
-26.3859 3.25809 734.694 -0.362137 -22.5862 173.872 2.86126 13 66 1 0 1
-30.3661 3.47247 734.694 -2.59865 -23.5842 178.307 2.84217 13 67 1 0 1
-32.4024 2.92476 734.694 -2.03954 -22.9687 177.243 2.84684 13 68 1 0 1
-30.1481 0.37555 734.694 -4.05715 -21.472 179.197 2.83957 13 69 1 0 1
-30.5489 2.97622 734.694 -1.71712 -21.7434 180.555 2.83423 13 70 1 0 1
-29.4939 3.94855 734.694 0.88058 -24.0035 181.697 2.82875 13 71 1 0 1
-31.8391 0.327817 734.694 -2.7041 -22.5785 177.2 2.84719 13 72 1 0 1
-29.3885 1.30224 734.694 -1.42215 -21.9711 179.48 2.83836 13 73 1 0 1
-29.887 1.80386 734.694 -2.21443 -22.752 179.975 2.836 13 74 1 0 1
-30.7469 1.47658 734.694 -1.39609 -21.9123 178.457 2.84248 13 75 1 0 1
-30.1557 1.93656 734.694 -1.69165 -22.2524 176.328 2.85101 13 76 1 0 1
-29.5762 2.07535 734.694 -2.34972 -22.8309 179.341 2.83845 13 77 1 0 1
-30.3036 1.19783 734.694 0.553467 -22.6776 179.907 2.83635 13 78 1 0 1
-30.7963 2.48289 734.694 0.867378 -21.4313 178.025 2.84448 13 79 1 0 1
-28.7307 2.70201 734.694 1.08501 -22.7831 178.87 2.8404 13 80 1 0 1
-31.3551 2.39879 734.694 -4.21918 -22.7009 181.516 2.8299 13 81 1 0 1
-30.3627 1.02957 734.694 -3.32603 -21.7657 179.972 2.83642 13 82 1 0 1
-28.571 3.09462 734.694 -1.07987 -22.7191 178.172 2.84323 13 83 1 0 1
-32.3448 1.84351 734.694 -6.25406 -22.7962 183.152 2.82344 13 84 1 0 1
-28.6808 2.62494 734.694 -0.958496 -22.8475 176.423 2.85032 13 85 1 0 1
-29.8754 3.3707 734.694 -1.8219 -23.1735 178.537 2.84151 13 86 1 0 1
-30.6338 2.11416 734.694 -3.01135 -22.4869 178.123 2.84346 13 87 1 0 1
-31.831 1.47901 734.694 -2.44402 -21.6114 176.026 2.85256 13 88 1 0 1
-31.1365 1.9047 734.694 -0.36532 -21.976 179.68 2.83759 13 89 1 0 1
-30.0711 2.42026 734.694 -1.31426 -21.3258 179.663 2.83795 13 90 1 0 1
-32.2396 0.291213 734.694 -3.24578 -22.5691 179.966 2.83606 13 91 1 0 1
-32.9306 2.40438 734.694 -2.73749 -21.9161 175.444 2.85483 13 92 1 0 1
-28.3711 0.31869 734.694 1.93132 -22.0456 178.692 2.84145 13 93 1 0 1
-29.715 3.65952 734.694 -1.99618 -23.0651 180.618 2.83334 13 94 1 0 1
-28.579 0.280961 734.694 0.942283 -21.6802 178.54 2.84228 13 95 1 0 1
-29.5065 -0.226411 734.694 -1.52392 -21.3163 178.685 2.84185 13 96 1 0 1
-29.9418 1.25117 734.694 -1.04715 -22.5648 179.849 2.83662 13 97 1 0 1
-30.5064 1.30055 734.694 -1.99111 -21.3182 173.787 2.86227 13 98 1 0 1
-28.5493 1.01661 734.694 0.279303 -21.3063 179.002 2.84061 13 99 1 0 1
-28.2599 2.07777 734.694 1.02493 -22.2672 179.724 2.83726 13 100 1 0 1
-30.6511 1.76558 734.694 -1.25217 -22.4596 179.921 2.83639 13 101 1 0 1
-30.9925 0.651279 734.694 -1.83063 -21.2686 177.387 2.84713 13 102 1 0 1
-28.5062 1.65967 734.694 0.53442 -22.1435 179.581 2.8379 13 103 1 0 1
-27.2848 2.60115 734.694 -1.07301 -22.1048 178.855 2.8408 13 104 1 0 1
-33.6095 1.59111 734.694 -3.04973 -21.9543 179.723 2.83733 13 105 1 0 1
-32.8771 3.46396 734.694 -5.6355 -23.4898 180.092 2.83487 13 106 1 0 1
-30.7829 1.39597 734.694 -2.33551 -23.1208 180.638 2.83322 13 107 1 0 1
-28.3098 3.24658 734.694 0.308716 -23.9762 178.431 2.84154 13 108 1 0 1
-31.5215 1.56032 734.694 -3.50452 -21.9065 179.683 2.83748 13 109 1 0 1
-31.6116 4.54198 734.694 -2.56323 -23.5619 178.466 2.84155 13 110 1 0 1
-30.6934 2.34719 734.694 -1.8542 -23.6464 179.654 2.83682 13 111 1 0 1
-29.8976 3.53226 734.694 -0.488783 -22.8235 178.528 2.84176 13 112 1 0 1
-28.2753 2.14282 734.694 -0.379776 -22.678 181.328 2.83082 13 113 1 0 1
-31.9675 3.54921 734.694 -3.36565 -24.2589 179.754 2.83602 13 114 1 0 1
-29.0841 2.14937 734.694 -0.299138 -21.2607 181.215 2.83192 13 115 1 0 1
-29.6084 1.73774 734.694 0.923798 -21.018 177.933 2.84505 13 116 1 0 1
-30.135 0.939362 734.694 -1.28378 -22.3949 178.641 2.84151 13 117 1 0 1
-28.0159 2.52699 734.694 1.09434 -22.5368 178.16 2.84338 13 118 1 0 1
-28.5469 2.86748 734.694 0.124631 -22.0917 180.031 2.83615 13 119 1 0 1
-30.2015 0.650082 734.694 -1.15936 -21.8729 178.022 2.84427 13 120 1 0 1
-28.519 -6.1032 795.918 4.55265 -21.6691 176.946 3.08592 13 1 1 0 1
-28.1029 -4.66672 795.918 4.40418 -22.355 179.004 3.07653 13 2 1 0 1
-30.0675 -5.76429 795.918 3.62797 -20.8355 179.671 3.07452 13 3 1 0 1
-31.8332 -7.27437 795.918 3.83335 -20.6573 177.921 3.08221 13 4 1 0 1
-30.0845 -6.04234 795.918 3.81332 -22.5235 179.105 3.07606 13 5 1 0 1
-30.7705 -4.48854 795.918 3.83489 -23.5779 180.582 3.0692 13 6 1 0 1
-28.8445 -5.9801 795.918 5.4976 -21.9081 179.724 3.07355 13 7 1 0 1
-30.3066 -6.607 795.918 4.03405 -21.5923 180.869 3.06902 13 8 1 0 1
-27.6572 -6.8014 795.918 5.55326 -22.4285 178.599 3.07811 13 9 1 0 1
-33.6868 -5.96973 795.918 2.5825 -21.6171 177.197 3.08501 13 10 1 0 1
-30.4749 -5.69649 795.918 3.5197 -21.0243 179.947 3.07326 13 11 1 0 1
-30.1047 -5.47033 795.918 2.40161 -22.0114 176.276 3.08892 13 12 1 0 1
-31.1638 -7.00834 795.918 3.38919 -21.5393 176.92 3.08623 13 13 1 0 1
-27.3319 -7.88461 795.918 4.88932 -20.61 179.183 3.07661 13 14 1 0 1
-31.7985 -8.72152 795.918 1.81986 -20.7919 179.434 3.07568 13 15 1 0 1
-28.9333 -4.362 795.918 5.74029 -22.7446 178.75 3.07725 13 16 1 0 1
-29.5678 -4.49157 795.918 3.81123 -23.3233 179.384 3.07443 13 17 1 0 1
-31.8268 -4.34852 795.918 3.75883 -23.0735 179.437 3.07434 13 18 1 0 1
-26.0996 -6.88534 795.918 7.62295 -22.6949 178.067 3.07994 13 19 1 0 1
-32.5389 -4.54098 795.918 2.90966 -23.1855 178.204 3.07968 13 20 1 0 1
-29.5438 -4.71196 795.918 3.59466 -21.9212 177.424 3.08376 13 21 1 0 1
-27.766 -6.46691 795.918 4.78212 -22.299 180.267 3.07112 13 22 1 0 1
-32.6935 -6.47193 795.918 1.99834 -20.966 178.494 3.07967 13 23 1 0 1
-27.693 -5.133 795.918 4.41372 -20.9237 176.426 3.08867 13 24 1 0 1
-27.3765 -4.49888 795.918 5.44906 -22.9145 179.079 3.07578 13 25 1 0 1
-29.5993 -5.62387 795.918 4.03483 -22.5347 179.042 3.07631 13 26 1 0 1
-30.5703 -4.91137 795.918 3.42323 -23.0351 182.136 3.06305 13 27 1 0 1
-30.4404 -5.9141 795.918 3.8909 -21.9505 180.29 3.07129 13 28 1 0 1
-28.4651 -7.07286 795.918 4.69529 -23.27 176.387 3.08749 13 29 1 0 1
-29.5941 -5.99146 795.918 3.83007 -22.3767 179.751 3.07337 13 30 1 0 1
-30.4349 -4.33704 795.918 3.91798 -23.7122 177.382 3.0829 13 31 1 0 1
-29.4393 -8.06913 795.918 4.47935 -22.0035 177.711 3.08236 13 32 1 0 1
-32.3988 -4.95889 795.918 2.92815 -22.1245 180.164 3.07181 13 33 1 0 1
-33.7892 -6.18256 795.918 2.24793 -21.9188 179.777 3.07361 13 34 1 0 1
-33.8221 -6.46666 795.918 3.11845 -23.0789 179.727 3.07315 13 35 1 0 1
-26.3716 -5.32141 795.918 6.68898 -22.9718 178.75 3.07699 13 36 1 0 1
-30.8938 -4.47867 795.918 2.99198 -22.122 180.512 3.07034 13 37 1 0 1
-26.5858 -5.47961 795.918 4.15901 -21.063 178.233 3.08059 13 38 1 0 1
-29.12 -5.09455 795.918 3.85994 -21.8289 175.859 3.0908 13 39 1 0 1
-25.9721 -7.03759 795.918 6.5185 -21.0283 175.982 3.09033 13 40 1 0 1
-31.3113 -5.86211 795.918 2.06171 -23.1898 178.49 3.07848 13 41 1 0 1
-26.5711 -5.7694 795.918 6.06689 -23.6266 181.174 3.06644 13 42 1 0 1
-31.5341 -5.43638 795.918 2.71972 -20.4546 178.639 3.07925 13 43 1 0 1
-27.931 -4.28327 795.918 5.13056 -22.0371 176.721 3.08665 13 44 1 0 1
-30.4395 -5.23154 795.918 2.09579 -22.9656 177.166 3.08442 13 45 1 0 1
-31.3503 -4.47479 795.918 2.59864 -22.0008 178.154 3.08058 13 46 1 0 1
-25.2608 -5.87997 795.918 8.14529 -20.6384 179.202 3.076 13 47 1 0 1
-28.255 -5.29197 795.918 5.3553 -22.9506 180.859 3.06821 13 48 1 0 1
-28.4609 -3.7003 795.918 4.13114 -22.9226 177.267 3.08384 13 49 1 0 1
-32.7348 -7.88319 795.918 3.30427 -21.5345 180.615 3.07018 13 50 1 0 1
-27.0393 -5.84575 795.918 6.26179 -21.7487 177.498 3.08319 13 51 1 0 1
-28.415 -5.26593 795.918 3.55242 -22.2598 180.398 3.0707 13 52 1 0 1
-30.1064 -5.0781 795.918 4.80939 -21.2017 175.697 3.09178 13 53 1 0 1
-27.4351 -5.37028 795.918 5.08162 -22.8066 179.939 3.07221 13 54 1 0 1
-30.7535 -6.98121 795.918 4.32081 -21.0702 180.383 3.0713 13 55 1 0 1
-29.0875 -7.37776 795.918 5.4041 -21.491 178.418 3.07942 13 56 1 0 1
-26.8284 -6.52362 795.918 6.09875 -20.0927 177.608 3.0836 13 57 1 0 1
-25.0316 -7.74423 795.918 7.22904 -21.7238 176.95 3.08548 13 58 1 0 1
-30.3996 -4.75057 795.918 3.94115 -22.7335 179.724 3.07328 13 59 1 0 1
-28.9782 -5.05533 795.918 3.39267 -22.0387 174.833 3.09541 13 60 1 0 1
-30.1171 -6.26572 795.918 2.59243 -22.2549 182.119 3.06358 13 61 1 0 1
-25.6057 -5.42419 795.918 7.08811 -24.0526 179.498 3.0731 13 62 1 0 1
-33.2495 -4.71835 795.918 1.23123 -22.2124 176.977 3.08572 13 63 1 0 1
-29.0283 -5.39117 795.918 4.36071 -22.609 178.167 3.08003 13 64 1 0 1
-27.751 -5.24603 795.918 5.96876 -22.4971 176.94 3.0853 13 65 1 0 1
-25.576 -4.68114 795.918 4.94226 -22.2633 173.843 3.0997 13 66 1 0 1
-30.2667 -4.61256 795.918 3.16754 -23.2658 178.339 3.07902 13 67 1 0 1
-32.0899 -4.99347 795.918 3.83579 -22.6343 177.256 3.08408 13 68 1 0 1
-30.5432 -6.9314 795.918 1.74028 -21.0672 179.282 3.0762 13 69 1 0 1
-30.1384 -4.38234 795.918 4.12326 -21.4122 180.555 3.07042 13 70 1 0 1
-28.2218 -4.12942 795.918 6.64155 -23.681 181.62 3.06447 13 71 1 0 1
-31.7626 -7.44292 795.918 3.13715 -22.1646 177.245 3.08445 13 72 1 0 1
-28.8962 -6.16836 795.918 4.29281 -21.584 179.481 3.07489 13 73 1 0 1
-29.6553 -5.91419 795.918 3.56434 -22.3795 180 3.07233 13 74 1 0 1
-30.231 -6.01775 795.918 4.38727 -21.5324 178.455 3.07936 13 75 1 0 1
-29.7553 -5.76884 795.918 3.98342 -21.89 176.337 3.08859 13 76 1 0 1
-29.3971 -5.69842 795.918 3.3873 -22.4684 179.37 3.07499 13 77 1 0 1
-29.1289 -6.4944 795.918 6.32332 -22.2748 179.847 3.07271 13 78 1 0 1
-29.5059 -4.8703 795.918 6.6086 -21.0791 177.947 3.08152 13 79 1 0 1
-27.3939 -5.0795 795.918 6.69637 -22.429 178.792 3.0771 13 80 1 0 1
-31.7716 -5.23987 795.918 1.74618 -22.3539 181.599 3.06573 13 81 1 0 1
-30.5015 -6.34929 795.918 2.50301 -21.3769 180.032 3.07279 13 82 1 0 1
-27.9755 -4.69768 795.918 4.52798 -22.3874 178.16 3.08017 13 83 1 0 1
-33.4132 -5.75548 795.918 -0.134503 -22.4358 183.303 3.05872 13 84 1 0 1
-28.0457 -5.28637 795.918 4.60097 -22.5015 176.41 3.08785 13 85 1 0 1
-29.5159 -4.56277 795.918 3.90472 -22.8506 178.545 3.0783 13 86 1 0 1
-30.6731 -5.59503 795.918 2.77431 -22.1317 178.171 3.08042 13 87 1 0 1
-31.6708 -6.0145 795.918 3.35461 -21.2407 176.056 3.09027 13 88 1 0 1
-30.2626 -5.56269 795.918 5.4725 -21.6041 179.642 3.07406 13 89 1 0 1
-29.5329 -4.82962 795.918 4.45609 -20.9782 179.653 3.07445 13 90 1 0 1
-32.3272 -7.35645 795.918 2.72327 -22.1513 180.027 3.0724 13 91 1 0 1
-32.8611 -5.22547 795.918 3.12648 -21.5755 175.479 3.09273 13 92 1 0 1
-26.7499 -7.20478 795.918 7.49833 -21.615 178.598 3.07824 13 93 1 0 1
-29.4092 -4.14751 795.918 3.78711 -22.7506 180.629 3.06945 13 94 1 0 1
-27.2923 -7.12363 795.918 6.53426 -21.2542 178.474 3.07913 13 95 1 0 1
-29.0495 -7.49766 795.918 4.1761 -20.8842 178.694 3.07867 13 96 1 0 1
-29.3142 -6.40553 795.918 4.71602 -22.1708 179.839 3.07301 13 97 1 0 1
-30.2152 -6.18552 795.918 3.632 -20.9452 173.806 3.10079 13 98 1 0 1
-27.4895 -6.24542 795.918 5.89283 -20.9083 178.952 3.07733 13 99 1 0 1
-26.9514 -5.48777 795.918 6.62879 -21.8949 179.651 3.0737 13 100 1 0 1
-30.0838 -5.85522 795.918 4.56933 -22.0836 179.914 3.07275 13 101 1 0 1
-30.6257 -6.66186 795.918 3.94229 -20.8685 177.401 3.08439 13 102 1 0 1
-27.3608 -5.86742 795.918 6.15929 -21.7601 179.523 3.07439 13 103 1 0 1
-26.7022 -4.94868 795.918 4.46015 -21.7597 178.845 3.07753 13 104 1 0 1
-33.6145 -5.86534 795.918 3.01151 -21.582 179.769 3.07378 13 105 1 0 1
-33.7647 -4.50885 795.918 0.415688 -23.1819 180.22 3.07111 13 106 1 0 1
-30.5778 -6.41615 795.918 3.53371 -22.7322 180.668 3.06932 13 107 1 0 1
-27.2428 -4.96577 795.918 5.88605 -23.6368 178.38 3.07834 13 108 1 0 1
-31.7078 -5.88131 795.918 2.40454 -21.5355 179.746 3.07393 13 109 1 0 1
-31.4833 -3.53433 795.918 3.30038 -23.278 178.491 3.07835 13 110 1 0 1
-30.3305 -5.69196 795.918 3.97004 -23.286 179.667 3.07322 13 111 1 0 1
-29.0826 -4.2827 795.918 5.22093 -22.5025 178.493 3.07857 13 112 1 0 1
-27.4419 -5.49454 795.918 5.29521 -22.3085 181.297 3.06672 13 113 1 0 1
-32.1005 -4.70057 795.918 2.5774 -23.9408 179.81 3.07236 13 114 1 0 1
-28.2133 -5.01487 795.918 5.43225 -20.899 181.176 3.06791 13 115 1 0 1
-28.3137 -5.47305 795.918 6.57314 -20.6442 177.858 3.08214 13 116 1 0 1
-29.5882 -6.70931 795.918 4.45843 -21.9943 178.639 3.0783 13 117 1 0 1
-26.6837 -5.20005 795.918 6.63014 -22.1795 178.085 3.08032 13 118 1 0 1
-27.5401 -4.63005 795.918 5.77231 -21.7493 179.981 3.0725 13 119 1 0 1
-29.6127 -6.84436 795.918 4.56627 -21.4661 178.017 3.08129 13 120 1 0 1
-26.0091 -13.3288 857.143 9.87704 -19.8652 176.941 3.3233 13 1 1 0 1
-25.6669 -12.0486 857.143 9.76233 -20.5763 179.005 3.31319 13 2 1 0 1
-27.8752 -12.5948 857.143 9.16387 -19.0229 179.675 3.31102 13 3 1 0 1
-29.5359 -14.1047 857.143 9.44307 -18.8113 177.917 3.3193 13 4 1 0 1
-27.8251 -13.4696 857.143 9.33124 -20.699 179.122 3.31268 13 5 1 0 1
-28.5057 -12.2186 857.143 9.45024 -21.7858 180.6 3.30529 13 6 1 0 1
-26.0341 -13.172 857.143 10.9171 -20.0775 179.69 3.30997 13 7 1 0 1
-27.9826 -13.6415 857.143 9.61989 -19.7354 180.87 3.30509 13 8 1 0 1
-24.8313 -14.2136 857.143 10.8498 -20.5797 178.578 3.31488 13 9 1 0 1
-31.7907 -13.1676 857.143 8.32425 -19.8199 177.23 3.32232 13 10 1 0 1
-28.316 -12.5807 857.143 9.09635 -19.2107 179.954 3.30966 13 11 1 0 1
-28.3124 -12.8466 857.143 7.85269 -20.2395 176.33 3.32653 13 12 1 0 1
-29.0207 -14.1851 857.143 8.92455 -19.7096 176.94 3.32363 13 13 1 0 1
-24.7422 -14.6454 857.143 10.1879 -18.7304 179.167 3.31327 13 14 1 0 1
-30.1968 -15.5297 857.143 7.50376 -18.8892 179.496 3.31227 13 15 1 0 1
-26.0289 -11.8896 857.143 11.1332 -20.9716 178.713 3.31396 13 16 1 0 1
-27.3177 -12.1882 857.143 9.29933 -21.544 179.406 3.31092 13 17 1 0 1
-29.566 -11.9585 857.143 9.41809 -21.2986 179.449 3.31083 13 18 1 0 1
-22.5794 -14.4114 857.143 12.7576 -20.8414 177.999 3.31686 13 19 1 0 1
-30.5507 -12.2427 857.143 8.59483 -21.4181 178.242 3.31657 13 20 1 0 1
-27.3541 -12.0122 857.143 9.02295 -20.1597 177.44 3.32097 13 21 1 0 1
-25.217 -13.7661 857.143 10.148 -20.4481 180.264 3.30736 13 22 1 0 1
-31.0161 -13.3898 857.143 7.7163 -19.1451 178.543 3.31656 13 23 1 0 1
-25.2371 -12.128 857.143 9.66298 -19.1605 176.417 3.32626 13 24 1 0 1
-24.5947 -12.0695 857.143 10.7404 -21.135 179.059 3.31238 13 25 1 0 1
-27.2703 -13.06 857.143 9.51135 -20.724 179.053 3.31295 13 26 1 0 1
-28.4568 -12.3888 857.143 9.07774 -21.2183 182.163 3.29867 13 27 1 0 1
-28.1587 -13.0973 857.143 9.47089 -20.121 180.296 3.30755 13 28 1 0 1
-25.9016 -14.8713 857.143 9.99785 -21.4326 176.399 3.32499 13 29 1 0 1
-27.3399 -13.3415 857.143 9.33099 -20.5485 179.768 3.30978 13 30 1 0 1
-28.1224 -12.2582 857.143 9.40713 -21.954 177.402 3.32004 13 31 1 0 1
-26.9495 -15.3663 857.143 9.89676 -20.1264 177.714 3.31946 13 32 1 0 1
-30.4168 -12.2118 857.143 8.66492 -20.3295 180.191 3.30811 13 33 1 0 1
-32.018 -13.3747 857.143 8.08622 -20.0897 179.823 3.31005 13 34 1 0 1
-31.7549 -14.0537 857.143 8.94597 -21.2328 179.759 3.30955 13 35 1 0 1
-23.1764 -12.9213 857.143 11.8777 -21.1646 178.703 3.31368 13 36 1 0 1
-28.9115 -11.719 857.143 8.62564 -20.3401 180.54 3.30652 13 37 1 0 1
-24.2467 -12.4469 857.143 9.38416 -19.2722 178.237 3.31756 13 38 1 0 1
-26.8328 -12.4277 857.143 9.20519 -20.0693 175.87 3.32855 13 39 1 0 1
-22.8053 -14.0763 857.143 11.5979 -19.2015 175.929 3.32804 13 40 1 0 1
-29.63 -13.545 857.143 7.67668 -21.38 178.563 3.31529 13 41 1 0 1
-23.6133 -13.4825 857.143 11.3519 -21.7806 181.151 3.30232 13 42 1 0 1
-29.6259 -12.1794 857.143 8.34547 -18.6666 178.66 3.31612 13 43 1 0 1
-25.2273 -11.656 857.143 10.3963 -20.2912 176.699 3.32409 13 44 1 0 1
-28.7523 -12.9 857.143 7.60386 -21.1901 177.237 3.32168 13 45 1 0 1
-29.4833 -11.7727 857.143 8.19766 -20.2426 178.192 3.31754 13 46 1 0 1
-21.5902 -12.6611 857.143 13.241 -18.8162 179.099 3.31261 13 47 1 0 1
-25.5119 -12.7933 857.143 10.7676 -21.128 180.84 3.30423 13 48 1 0 1
-26.0995 -11.3581 857.143 9.46728 -21.1897 177.278 3.32106 13 49 1 0 1
-30.6241 -14.9011 857.143 9.07565 -19.6394 180.633 3.30635 13 50 1 0 1
-23.9662 -13.0769 857.143 11.4685 -19.9429 177.45 3.32036 13 51 1 0 1
-26.2745 -12.5532 857.143 8.98837 -20.4514 180.423 3.30691 13 52 1 0 1
-27.4759 -12.2002 857.143 10.2077 -19.4435 175.67 3.3296 13 53 1 0 1
-24.7859 -12.8619 857.143 10.4086 -20.992 179.93 3.30853 13 54 1 0 1
-28.3232 -13.8563 857.143 9.92074 -19.2069 180.37 3.30756 13 55 1 0 1
-26.2923 -14.4733 857.143 10.8032 -19.6291 178.387 3.31629 13 56 1 0 1
-23.8153 -13.1765 857.143 11.2946 -18.2723 177.55 3.3208 13 57 1 0 1
-21.6444 -14.9792 857.143 12.2577 -19.8597 176.892 3.32282 13 58 1 0 1
-28.0972 -12.2301 857.143 9.49993 -20.9442 179.734 3.30969 13 59 1 0 1
-26.8479 -12.5065 857.143 8.70288 -20.2907 174.861 3.33352 13 60 1 0 1
-28.2874 -13.4744 857.143 8.2235 -20.3993 182.17 3.29924 13 61 1 0 1
-22.2943 -13.3587 857.143 12.2366 -22.2291 179.456 3.30949 13 62 1 0 1
-31.8234 -12.1381 857.143 6.95235 -20.4605 177.056 3.32309 13 63 1 0 1
-26.5883 -12.8919 857.143 9.76317 -20.813 178.171 3.31696 13 64 1 0 1
-24.763 -12.7627 857.143 11.216 -20.7132 176.903 3.32263 13 65 1 0 1
-22.9392 -12.2573 857.143 9.95371 -20.532 173.842 3.33813 13 66 1 0 1
-28.2201 -12.3353 857.143 8.68451 -21.4944 178.378 3.31587 13 67 1 0 1
-29.7836 -12.545 857.143 9.44398 -20.8601 177.263 3.32132 13 68 1 0 1
-28.9841 -13.8496 857.143 7.32642 -19.2246 179.348 3.31283 13 69 1 0 1
-27.7841 -11.3812 857.143 9.68488 -19.6329 180.545 3.30661 13 70 1 0 1
-25.0549 -11.8506 857.143 12.0556 -21.8822 181.567 3.3002 13 71 1 0 1
-29.7006 -14.8191 857.143 8.731 -20.3154 177.28 3.32172 13 72 1 0 1
-26.4919 -13.2589 857.143 9.72617 -19.7549 179.48 3.31142 13 73 1 0 1
-27.4922 -13.2551 857.143 9.08128 -20.5523 180.024 3.30866 13 74 1 0 1
-27.7689 -13.1337 857.143 9.88708 -19.7174 178.445 3.31623 13 75 1 0 1
-27.421 -13.0987 857.143 9.38838 -20.1032 176.345 3.32618 13 76 1 0 1
-27.2932 -13.0975 857.143 8.86801 -20.6547 179.401 3.31153 13 77 1 0 1
-26.0363 -13.8029 857.143 11.7559 -20.4215 179.794 3.30907 13 78 1 0 1
-26.2878 -11.8582 857.143 12.0053 -19.3019 177.866 3.31856 13 79 1 0 1
-24.1837 -12.4934 857.143 11.9618 -20.6313 178.734 3.3138 13 80 1 0 1
-30.2023 -12.5091 857.143 7.49801 -20.5395 181.667 3.30155 13 81 1 0 1
-28.6871 -13.346 857.143 8.09895 -19.5425 180.075 3.30916 13 82 1 0 1
-25.4917 -12.1267 857.143 9.84941 -20.6151 178.159 3.31711 13 83 1 0 1
-32.4538 -12.9791 857.143 5.82245 -20.5937 183.427 3.29401 13 84 1 0 1
-25.5204 -12.8277 857.143 9.87394 -20.7256 176.412 3.32537 13 85 1 0 1
-27.2285 -12.1345 857.143 9.36154 -21.0785 178.56 3.31509 13 86 1 0 1
-28.7548 -12.9307 857.143 8.32136 -20.3357 178.213 3.31737 13 87 1 0 1
-29.5274 -13.1297 857.143 8.90014 -19.4528 176.07 3.32799 13 88 1 0 1
-27.4418 -12.6569 857.143 10.9956 -19.7889 179.598 3.31052 13 89 1 0 1
-27.0664 -11.7147 857.143 9.93937 -19.1937 179.633 3.31094 13 90 1 0 1
-30.4148 -14.6105 857.143 8.4536 -20.2789 180.07 3.30874 13 91 1 0 1
-30.7779 -12.486 857.143 8.74406 -19.8174 175.497 3.33064 13 92 1 0 1
-23.2717 -14.3364 857.143 12.6979 -19.7511 178.519 3.31503 13 93 1 0 1
-27.1783 -11.5975 857.143 9.30165 -20.9738 180.645 3.30556 13 94 1 0 1
-24.1346 -14.1373 857.143 11.7847 -19.3986 178.416 3.31599 13 95 1 0 1
-26.6766 -14.3737 857.143 9.59834 -19.0224 178.693 3.31549 13 96 1 0 1
-26.764 -13.6795 857.143 10.1859 -20.3261 179.831 3.3094 13 97 1 0 1
-27.9781 -13.2913 857.143 8.99664 -19.1743 173.815 3.33931 13 98 1 0 1
-24.5539 -13.1265 857.143 11.1814 -19.0805 178.904 3.31405 13 99 1 0 1
-23.7807 -12.681 857.143 11.8876 -20.0787 179.592 3.31014 13 100 1 0 1
-27.5741 -13.0995 857.143 10.1012 -20.2569 179.904 3.30912 13 101 1 0 1
-28.3026 -13.5893 857.143 9.44466 -19.0468 177.398 3.32165 13 102 1 0 1
-24.3426 -13.0179 857.143 11.4519 -19.9344 179.476 3.31088 13 103 1 0 1
-24.2638 -12.1324 857.143 9.70805 -19.9764 178.845 3.31426 13 104 1 0 1
-31.5866 -12.9452 857.143 8.82544 -19.7624 179.786 3.31022 13 105 1 0 1
-32.6155 -12.1205 857.143 6.29187 -21.4056 180.33 3.30735 13 106 1 0 1
-28.4177 -13.8454 857.143 9.14146 -20.8802 180.694 3.30542 13 107 1 0 1
-24.3062 -12.8118 857.143 11.1408 -21.8438 178.357 3.31513 13 108 1 0 1
-29.91 -12.9461 857.143 8.08338 -19.7186 179.789 3.31039 13 109 1 0 1
-29.3767 -11.2606 857.143 8.91052 -21.5395 178.517 3.31514 13 110 1 0 1
-28.0188 -13.3565 857.143 9.52196 -21.4637 179.686 3.30962 13 111 1 0 1
-26.3509 -11.7391 857.143 10.6246 -20.7373 178.467 3.31538 13 112 1 0 1
-24.7337 -12.7595 857.143 10.66 -20.4786 181.277 3.30262 13 113 1 0 1
-30.2394 -12.587 857.143 8.28623 -22.1514 179.867 3.30869 13 114 1 0 1
-25.4479 -11.8122 857.143 10.8486 -19.0921 181.132 3.30391 13 115 1 0 1
-25.1219 -12.3117 857.143 11.8793 -18.8509 177.782 3.31923 13 116 1 0 1
-27.1116 -13.9718 857.143 9.91552 -20.1527 178.637 3.31509 13 117 1 0 1
-23.4961 -12.5581 857.143 11.8226 -20.3862 178.03 3.31727 13 118 1 0 1
-24.6561 -11.7651 857.143 11.0975 -19.9614 179.938 3.30884 13 119 1 0 1
-27.0935 -13.951 857.143 10.0041 -19.6282 178.007 3.31831 13 120 1 0 1
-21.7573 -19.6994 918.367 14.5645 -16.7534 176.939 3.56068 13 1 1 0 1
-21.4979 -18.5902 918.367 14.4828 -17.4694 179.016 3.54985 13 2 1 0 1
-23.8934 -18.5787 918.367 14.0741 -15.8931 179.662 3.54753 13 3 1 0 1
-25.4063 -20.0713 918.367 14.4226 -15.6609 177.888 3.55639 13 4 1 0 1
-23.7773 -20.0403 918.367 14.2223 -17.5425 179.138 3.5493 13 5 1 0 1
-24.435 -19.1064 918.367 14.4331 -18.6408 180.623 3.54138 13 6 1 0 1
-21.4813 -19.5107 918.367 15.6658 -16.9209 179.664 3.5464 13 7 1 0 1
-23.8662 -19.8174 918.367 14.566 -16.5464 180.859 3.54117 13 8 1 0 1
-20.2938 -20.7607 918.367 15.4813 -17.4065 178.574 3.55166 13 9 1 0 1
-28.0045 -19.5123 918.367 13.4681 -16.7094 177.234 3.55963 13 10 1 0 1
-24.3562 -18.6184 918.367 14.0485 -16.0758 179.943 3.54607 13 11 1 0 1
-24.7193 -19.3734 918.367 12.7224 -17.1561 176.373 3.56414 13 12 1 0 1
-25.0585 -20.497 918.367 13.8474 -16.5711 176.945 3.56103 13 13 1 0 1
-20.4432 -20.5362 918.367 14.8357 -15.5419 179.147 3.54993 13 14 1 0 1
-26.7459 -21.4578 918.367 12.6071 -15.6684 179.52 3.54887 13 15 1 0 1
-21.3821 -18.5787 918.367 15.8527 -17.8696 178.693 3.55067 13 16 1 0 1
-23.2923 -19.0428 918.367 14.1619 -18.4222 179.435 3.54742 13 17 1 0 1
-25.4721 -18.7291 918.367 14.4472 -18.1829 179.457 3.54732 13 18 1 0 1
-17.4053 -21.0702 918.367 17.1792 -17.6676 177.971 3.55378 13 19 1 0 1
-26.7041 -19.1017 918.367 13.6747 -18.3145 178.27 3.55347 13 20 1 0 1
-23.3882 -18.4724 918.367 13.8358 -17.0827 177.453 3.55818 13 21 1 0 1
-20.9465 -20.2053 918.367 14.8634 -17.2628 180.27 3.5436 13 22 1 0 1
-27.4685 -19.452 918.367 12.8497 -16.0095 178.556 3.55346 13 23 1 0 1
-21.0591 -18.2817 918.367 14.2815 -16.1005 176.409 3.56385 13 24 1 0 1
-20.1074 -18.7994 918.367 15.369 -18.0225 179.062 3.54898 13 25 1 0 1
-23.167 -19.6443 918.367 14.3565 -17.5819 179.066 3.54959 13 26 1 0 1
-24.5387 -19.022 918.367 14.1057 -18.0445 182.185 3.53429 13 27 1 0 1
-24.0801 -19.4283 918.367 14.4167 -16.9586 180.294 3.5438 13 28 1 0 1
-21.5991 -21.7971 918.367 14.6637 -18.2736 176.428 3.56249 13 29 1 0 1
-23.3099 -19.8363 918.367 14.2037 -17.3861 179.783 3.54619 13 30 1 0 1
-24.014 -19.3365 918.367 14.2725 -18.8613 177.433 3.55719 13 31 1 0 1
-22.6937 -21.7852 918.367 14.6752 -16.9331 177.717 3.55656 13 32 1 0 1
-26.5801 -18.6225 918.367 13.7889 -17.1983 180.198 3.5444 13 33 1 0 1
-28.3509 -19.7114 918.367 13.3277 -16.9277 179.836 3.54648 13 34 1 0 1
-27.7987 -20.7775 918.367 14.1548 -18.0428 179.773 3.54594 13 35 1 0 1
-18.3121 -19.6708 918.367 16.3751 -18.028 178.692 3.55037 13 36 1 0 1
-25.113 -18.1227 918.367 13.6473 -17.2203 180.555 3.54269 13 37 1 0 1
-20.2109 -18.5693 918.367 13.9826 -16.1719 178.244 3.55453 13 38 1 0 1
-22.7827 -18.9161 918.367 13.9338 -17.0053 175.882 3.5663 13 39 1 0 1
-17.9788 -20.2516 918.367 15.9975 -16.0834 175.897 3.56576 13 40 1 0 1
-26.114 -20.3704 918.367 12.7112 -18.2313 178.624 3.55209 13 41 1 0 1
-18.975 -20.3389 918.367 15.9547 -18.5825 181.16 3.5382 13 42 1 0 1
-25.8832 -18.0806 918.367 13.3689 -15.5702 178.652 3.55298 13 43 1 0 1
-20.8018 -18.1928 918.367 15.0123 -17.2356 176.692 3.56152 13 44 1 0 1
-25.253 -19.7184 918.367 12.5363 -18.0865 177.3 3.55895 13 45 1 0 1
-25.7855 -18.2334 918.367 13.2012 -17.1615 178.215 3.55451 13 46 1 0 1
-16.2911 -18.595 918.367 17.6061 -15.6897 179.024 3.54923 13 47 1 0 1
-21.0397 -19.4458 918.367 15.5121 -17.9609 180.837 3.54024 13 48 1 0 1
-21.994 -18.1835 918.367 14.178 -18.1324 177.303 3.55828 13 49 1 0 1
-26.6533 -21.0461 918.367 14.2215 -16.4127 180.623 3.54251 13 50 1 0 1
-19.2037 -19.456 918.367 15.9956 -16.8279 177.423 3.55753 13 51 1 0 1
-22.3853 -18.9943 918.367 13.804 -17.3058 180.448 3.54312 13 52 1 0 1
-23.066 -18.4801 918.367 14.9617 -16.39 175.64 3.56743 13 53 1 0 1
-20.4263 -19.5038 918.367 15.0795 -17.8399 179.94 3.54485 13 54 1 0 1
-24.0917 -19.8704 918.367 14.8731 -16.0206 180.341 3.54381 13 55 1 0 1
-21.7481 -20.7009 918.367 15.5369 -16.4537 178.359 3.55317 13 56 1 0 1
-19.1166 -18.9762 918.367 15.8133 -15.16 177.498 3.558 13 57 1 0 1
-16.6272 -21.3404 918.367 16.5884 -16.6922 176.866 3.56017 13 58 1 0 1
-23.9995 -18.8672 918.367 14.4259 -17.8168 179.743 3.54609 13 59 1 0 1
-22.9543 -19.1121 918.367 13.4125 -17.2416 174.89 3.57163 13 60 1 0 1
-24.6575 -19.8264 918.367 13.2505 -17.1944 182.204 3.5349 13 61 1 0 1
-17.3363 -20.4379 918.367 16.6844 -19.061 179.462 3.54588 13 62 1 0 1
-28.5063 -18.7165 918.367 12.1142 -17.3878 177.106 3.56045 13 63 1 0 1
-22.3916 -19.5427 918.367 14.5298 -17.6908 178.184 3.55389 13 64 1 0 1
-20.0651 -19.4309 918.367 15.7921 -17.6146 176.89 3.55996 13 65 1 0 1
-18.6393 -18.9907 918.367 14.3351 -17.5063 173.867 3.57657 13 66 1 0 1
-24.3751 -19.2144 918.367 13.5944 -18.3863 178.419 3.55272 13 67 1 0 1
-25.6386 -19.2506 918.367 14.4256 -17.7634 177.265 3.55856 13 68 1 0 1
-25.607 -19.9069 918.367 12.3377 -16.0618 179.385 3.54946 13 69 1 0 1
-23.6425 -17.5473 918.367 14.6053 -16.5252 180.525 3.54279 13 70 1 0 1
-20.1706 -18.7336 918.367 16.7668 -18.7285 181.546 3.53593 13 71 1 0 1
-25.8022 -21.3232 918.367 13.7174 -17.1482 177.299 3.55898 13 72 1 0 1
-22.3333 -19.4953 918.367 14.5206 -16.6027 179.475 3.54796 13 73 1 0 1
-23.5492 -19.7419 918.367 13.9761 -17.389 180.044 3.545 13 74 1 0 1
-23.5199 -19.397 918.367 14.7453 -16.586 178.428 3.5531 13 75 1 0 1
-23.3086 -19.5763 918.367 14.1706 -17.0084 176.351 3.56376 13 76 1 0 1
-23.4146 -19.6442 918.367 13.7339 -17.5074 179.429 3.54806 13 77 1 0 1
-21.2012 -20.2509 918.367 16.4956 -17.2387 179.755 3.54544 13 78 1 0 1
-21.3208 -18.008 918.367 16.7048 -16.2199 177.795 3.5556 13 79 1 0 1
-19.2785 -19.0618 918.367 16.5323 -17.5096 178.703 3.5505 13 80 1 0 1
-26.7837 -18.9326 918.367 12.666 -17.3758 181.71 3.53738 13 81 1 0 1
-25.0623 -19.4876 918.367 13.0977 -16.381 180.097 3.54553 13 82 1 0 1
-21.2794 -18.7145 918.367 14.5329 -17.5195 178.17 3.55404 13 83 1 0 1
-29.5874 -19.3518 918.367 11.2374 -17.3875 183.507 3.5293 13 84 1 0 1
-21.2658 -19.5198 918.367 14.5124 -17.636 176.427 3.5629 13 85 1 0 1
-23.168 -18.8649 918.367 14.1925 -17.9743 178.581 3.55188 13 86 1 0 1
-25.0243 -19.4159 918.367 13.2701 -17.2159 178.241 3.55433 13 87 1 0 1
-25.552 -19.3922 918.367 13.8351 -16.3643 176.066 3.5657 13 88 1 0 1
-22.8424 -18.9039 918.367 15.8448 -16.651 179.554 3.54699 13 89 1 0 1
-22.831 -17.7632 918.367 14.7765 -16.0917 179.605 3.54744 13 90 1 0 1
-26.6477 -20.995 918.367 13.5775 -17.0708 180.089 3.54507 13 91 1 0 1
-26.8306 -18.9012 918.367 13.7564 -16.7578 175.494 3.56854 13 92 1 0 1
-18.1218 -20.6015 918.367 17.1831 -16.5751 178.467 3.55182 13 93 1 0 1
-23.1755 -18.2123 918.367 14.187 -17.853 180.662 3.54167 13 94 1 0 1
-19.2832 -20.2867 918.367 16.3443 -16.2338 178.372 3.55284 13 95 1 0 1
-22.5448 -20.3828 918.367 14.3861 -15.8501 178.681 3.55231 13 96 1 0 1
-22.4526 -20.0944 918.367 15.0044 -17.1505 179.824 3.54578 13 97 1 0 1
-23.9487 -19.5426 918.367 13.7534 -16.1207 173.814 3.57783 13 98 1 0 1
-19.9137 -19.1549 918.367 15.7933 -15.9432 178.863 3.55076 13 99 1 0 1
-18.9253 -19.0267 918.367 16.451 -16.9392 179.555 3.54658 13 100 1 0 1
-23.2824 -19.4915 918.367 14.9831 -17.0993 179.891 3.54548 13 101 1 0 1
-24.1788 -19.6588 918.367 14.3188 -15.9218 177.379 3.55891 13 102 1 0 1
-19.6254 -19.3169 918.367 16.0605 -16.7869 179.444 3.54737 13 103 1 0 1
-20.1282 -18.4747 918.367 14.32 -16.8727 178.855 3.551 13 104 1 0 1
-27.6738 -19.1744 918.367 14.022 -16.6149 179.775 3.54666 13 105 1 0 1
-29.555 -18.891 918.367 11.6206 -18.2763 180.41 3.54359 13 106 1 0 1
-24.4539 -20.4138 918.367 14.1241 -17.6838 180.715 3.54152 13 107 1 0 1
-19.6714 -19.8087 918.367 15.7247 -18.7151 178.368 3.55193 13 108 1 0 1
-26.2704 -19.1604 918.367 13.1658 -16.5739 179.806 3.54685 13 109 1 0 1
-25.4419 -18.1555 918.367 13.9066 -18.463 178.543 3.55194 13 110 1 0 1
-23.9138 -20.1657 918.367 14.4415 -18.2977 179.708 3.54602 13 111 1 0 1
-21.8685 -18.3587 918.367 15.3685 -17.6463 178.454 3.5522 13 112 1 0 1
-20.3165 -19.1761 918.367 15.3583 -17.3086 181.27 3.53853 13 113 1 0 1
-26.528 -19.627 918.367 13.3956 -19.0075 179.918 3.54503 13 114 1 0 1
-20.9551 -17.7719 918.367 15.5916 -15.9612 181.089 3.5399 13 115 1 0 1
-20.2111 -18.307 918.367 16.492 -15.7585 177.715 3.55631 13 116 1 0 1
-22.8649 -20.3719 918.367 14.7308 -16.989 178.634 3.55188 13 117 1 0 1
-18.6312 -19.0699 918.367 16.3255 -17.2761 178.003 3.55422 13 118 1 0 1
-20.0649 -18.063 918.367 15.7468 -16.8482 179.91 3.54519 13 119 1 0 1
-22.8048 -20.1956 918.367 14.7986 -16.4779 177.992 3.55533 13 120 1 0 1
-16.0393 -24.7951 979.592 18.3056 -12.5365 176.94 3.79806 13 1 1 0 1
-15.8692 -23.8694 979.592 18.2533 -13.2382 179.034 3.7865 13 2 1 0 1
-18.3904 -23.3005 979.592 18.0391 -11.6532 179.632 3.78403 13 3 1 0 1
-19.7168 -24.7587 979.592 18.4525 -11.4126 177.839 3.79349 13 4 1 0 1
-18.2114 -25.3322 979.592 18.1688 -13.2592 179.149 3.78593 13 5 1 0 1
-18.8293 -24.726 979.592 18.4621 -14.3492 180.648 3.77748 13 6 1 0 1
-15.4692 -24.5767 979.592 19.4306 -12.6446 179.648 3.78283 13 7 1 0 1
-18.2294 -24.717 979.592 18.551 -12.2338 180.837 3.77725 13 8 1 0 1
-14.3275 -26.0208 979.592 19.1389 -13.1133 178.587 3.78844 13 9 1 0 1
-22.5919 -24.5842 979.592 17.6899 -12.4903 177.211 3.79694 13 10 1 0 1
-18.8634 -23.3935 979.592 18.0553 -11.8271 179.915 3.78247 13 11 1 0 1
-19.5838 -24.629 979.592 16.6952 -12.9626 176.4 3.80175 13 12 1 0 1
-19.5454 -25.525 979.592 17.8406 -12.328 176.934 3.79843 13 13 1 0 1
-14.7116 -25.1426 979.592 18.5214 -11.2511 179.125 3.78659 13 14 1 0 1
-21.7008 -26.0909 979.592 16.8029 -11.3376 179.502 3.78546 13 15 1 0 1
-15.2786 -24.0057 979.592 19.5883 -13.6428 178.696 3.78739 13 16 1 0 1
-17.7611 -24.6301 979.592 18.0819 -14.1622 179.47 3.78391 13 17 1 0 1
-19.8167 -24.2359 979.592 18.5246 -13.9319 179.463 3.7838 13 18 1 0 1
-10.8765 -26.4384 979.592 20.5873 -13.3769 177.983 3.7907 13 19 1 0 1
-21.2644 -24.6927 979.592 17.8268 -14.0788 178.288 3.79037 13 20 1 0 1
-17.914 -23.6717 979.592 17.7192 -12.893 177.461 3.79539 13 21 1 0 1
-15.2305 -25.3639 979.592 18.6147 -12.9492 180.283 3.77984 13 22 1 0 1
-22.3081 -24.2421 979.592 17.0722 -11.7658 178.532 3.79036 13 23 1 0 1
-15.4327 -23.1767 979.592 17.9622 -11.9457 176.403 3.80144 13 24 1 0 1
-14.1961 -24.2647 979.592 19.026 -13.7808 179.087 3.78557 13 25 1 0 1
-17.5613 -24.9543 979.592 18.2542 -13.3134 179.08 3.78623 13 26 1 0 1
-19.083 -24.388 979.592 18.1822 -13.7221 182.201 3.76991 13 27 1 0 1
-18.4756 -24.4874 979.592 18.4079 -12.6706 180.283 3.78005 13 28 1 0 1
-15.8342 -27.4241 979.592 18.3848 -13.9943 176.471 3.79999 13 29 1 0 1
-17.7736 -25.0547 979.592 18.13 -13.0954 179.794 3.78261 13 30 1 0 1
-18.3813 -25.1441 979.592 18.1994 -14.636 177.472 3.79433 13 31 1 0 1
-16.9476 -26.9055 979.592 18.5016 -12.628 177.717 3.79367 13 32 1 0 1
-21.1533 -23.7705 979.592 17.9739 -12.938 180.185 3.78069 13 33 1 0 1
-23.0484 -24.773 979.592 17.6423 -12.6405 179.817 3.78291 13 34 1 0 1
-22.2212 -26.2141 979.592 18.4173 -13.716 179.769 3.78234 13 35 1 0 1
-12.0697 -25.1458 979.592 19.8771 -13.7657 178.716 3.78706 13 36 1 0 1
-19.7621 -23.2695 979.592 17.7334 -12.9694 180.556 3.77887 13 37 1 0 1
-14.7484 -23.4297 979.592 17.6455 -11.9657 178.251 3.7915 13 38 1 0 1
-17.24 -24.1385 979.592 17.7358 -12.838 175.893 3.80406 13 39 1 0 1
-11.7827 -25.1456 979.592 19.4181 -11.8757 175.887 3.80348 13 40 1 0 1
-21.0199 -25.9133 979.592 16.8426 -13.9478 178.669 3.7889 13 41 1 0 1
-12.9417 -25.9131 979.592 19.5651 -14.2383 181.2 3.77408 13 42 1 0 1
-20.5684 -22.7253 979.592 17.4675 -11.3715 178.615 3.78985 13 43 1 0 1
-14.9344 -23.472 979.592 18.6723 -13.0717 176.7 3.79896 13 44 1 0 1
-20.1977 -25.2616 979.592 16.5748 -13.8567 177.35 3.79621 13 45 1 0 1
-20.5181 -23.4359 979.592 17.2884 -12.9614 178.221 3.79148 13 46 1 0 1
-9.66577 -23.2665 979.592 20.9409 -11.4646 178.985 3.78585 13 47 1 0 1
-15.1195 -24.8262 979.592 19.2747 -13.6559 180.852 3.77626 13 48 1 0 1
-16.4161 -23.7512 979.592 17.9531 -13.9519 177.339 3.79549 13 49 1 0 1
-21.0905 -25.9008 979.592 18.4144 -12.0642 180.587 3.77868 13 50 1 0 1
-13.0403 -24.563 979.592 19.5391 -12.6069 177.418 3.7947 13 51 1 0 1
-17.0137 -24.1685 979.592 17.682 -13.0291 180.469 3.77933 13 52 1 0 1
-17.1561 -23.4991 979.592 18.7619 -12.2433 175.614 3.80526 13 53 1 0 1
-14.6345 -24.8731 979.592 18.783 -13.5552 179.965 3.78118 13 54 1 0 1
-18.3341 -24.6076 979.592 18.8571 -11.72 180.299 3.78006 13 55 1 0 1
-15.7377 -25.6421 979.592 19.2937 -12.1705 178.336 3.79005 13 56 1 0 1
-13.0193 -23.5092 979.592 19.3502 -10.9604 177.457 3.79519 13 57 1 0 1
-10.2752 -26.4079 979.592 19.9235 -12.4237 176.873 3.79751 13 58 1 0 1
-18.378 -24.2389 979.592 18.4002 -13.5569 179.752 3.7825 13 59 1 0 1
-17.5637 -24.4495 979.592 17.2128 -13.0907 174.917 3.80974 13 60 1 0 1
-19.4869 -24.902 979.592 17.3473 -12.8489 182.218 3.77056 13 61 1 0 1
-11.0254 -26.2337 979.592 20.1286 -14.7517 179.515 3.78228 13 62 1 0 1
-23.5499 -24.0312 979.592 16.3913 -13.1969 177.124 3.79782 13 63 1 0 1
-16.7123 -24.9203 979.592 18.348 -13.4461 178.202 3.79081 13 64 1 0 1
-13.9443 -24.8272 979.592 19.3923 -13.4035 176.901 3.79729 13 65 1 0 1
-12.9529 -24.4572 979.592 17.789 -13.3831 173.914 3.81501 13 66 1 0 1
-18.9965 -24.8241 979.592 17.5796 -14.1447 178.458 3.78957 13 67 1 0 1
-19.9277 -24.6863 979.592 18.4628 -13.5477 177.263 3.79579 13 68 1 0 1
-20.6647 -24.6869 979.592 16.4501 -11.7849 179.387 3.78609 13 69 1 0 1
-17.9861 -22.4631 979.592 18.5648 -12.2965 180.499 3.77898 13 70 1 0 1
-13.8607 -24.3528 979.592 20.4629 -14.4266 181.56 3.77166 13 71 1 0 1
-20.3337 -26.534 979.592 17.777 -12.8671 177.3 3.79625 13 72 1 0 1
-16.6937 -24.459 979.592 18.3608 -12.3338 179.467 3.78449 13 73 1 0 1
-18.0939 -24.9532 979.592 17.9295 -13.0955 180.057 3.78133 13 74 1 0 1
-17.7593 -24.3888 979.592 18.6461 -12.3439 178.407 3.78998 13 75 1 0 1
-17.6901 -24.7803 979.592 18.0182 -12.808 176.355 3.80134 13 76 1 0 1
-18.0271 -24.9167 979.592 17.6672 -13.2315 179.451 3.7846 13 77 1 0 1
-14.9139 -25.4178 979.592 20.2302 -12.9335 179.735 3.7818 13 78 1 0 1
-14.8986 -22.9021 979.592 20.3988 -12.0384 177.741 3.79264 13 79 1 0 1
-12.9704 -24.3626 979.592 20.1019 -13.2684 178.702 3.7872 13 80 1 0 1
-21.7699 -24.09 979.592 16.9201 -13.071 181.725 3.7732 13 81 1 0 1
-19.8863 -24.3567 979.592 17.1758 -12.0994 180.092 3.78189 13 82 1 0 1
-15.6129 -24.0385 979.592 18.2681 -13.3037 178.19 3.79098 13 83 1 0 1
-25.0539 -24.4535 979.592 15.7695 -13.0277 183.535 3.76458 13 84 1 0 1
-15.5575 -24.939 979.592 18.2092 -13.4339 176.454 3.80043 13 85 1 0 1
-17.605 -24.3299 979.592 18.0823 -13.7417 178.606 3.78867 13 86 1 0 1
-19.7438 -24.6295 979.592 17.3011 -12.9763 178.255 3.79128 13 87 1 0 1
-20.0129 -24.3833 979.592 17.8429 -12.1785 176.044 3.80341 13 88 1 0 1
-16.7488 -23.8849 979.592 19.7046 -12.3976 179.516 3.78345 13 89 1 0 1
-17.1017 -22.5589 979.592 18.651 -11.879 179.572 3.78394 13 90 1 0 1
-21.2888 -26.0897 979.592 17.7684 -12.7347 180.083 3.78141 13 91 1 0 1
-21.2869 -24.0506 979.592 17.8455 -12.599 175.474 3.80644 13 92 1 0 1
-11.5988 -25.5814 979.592 20.6508 -12.292 178.446 3.7886 13 93 1 0 1
-17.67 -23.5692 979.592 18.1244 -13.5944 180.681 3.77778 13 94 1 0 1
-13.0289 -25.1545 979.592 19.9071 -11.9652 178.348 3.7897 13 95 1 0 1
-16.9264 -25.1093 979.592 18.2245 -11.5735 178.659 3.78913 13 96 1 0 1
-16.657 -25.23 979.592 18.8555 -12.8506 179.82 3.78217 13 97 1 0 1
-18.3968 -24.5208 979.592 17.5933 -11.9844 173.802 3.81636 13 98 1 0 1
-13.8544 -23.9147 979.592 19.4202 -11.7022 178.834 3.78748 13 99 1 0 1
-12.6761 -24.1051 979.592 20.0122 -12.6819 179.545 3.78302 13 100 1 0 1
-17.4853 -24.6109 979.592 18.8975 -12.8176 179.878 3.78185 13 101 1 0 1
-18.5266 -24.4539 979.592 18.2488 -11.6986 177.347 3.79617 13 102 1 0 1
-13.4965 -24.3454 979.592 19.6767 -12.5233 179.432 3.78387 13 103 1 0 1
-14.5681 -23.5562 979.592 17.9866 -12.6523 178.872 3.78773 13 104 1 0 1
-22.143 -24.1348 979.592 18.2734 -12.3476 179.736 3.78311 13 105 1 0 1
-24.8283 -24.3958 979.592 16.0677 -14.0001 180.451 3.77983 13 106 1 0 1
-18.9547 -25.6991 979.592 18.1592 -13.3503 180.726 3.77762 13 107 1 0 1
-13.6237 -25.5295 979.592 19.3316 -14.4534 178.41 3.78872 13 108 1 0 1
-21.0488 -24.1059 979.592 17.3263 -12.3085 179.796 3.7833 13 109 1 0 1
-19.9463 -23.7931 979.592 17.9687 -14.252 178.566 3.78873 13 110 1 0 1
-18.2871 -25.6947 979.592 18.4098 -13.9937 179.732 3.78242 13 111 1 0 1
-15.9169 -23.7187 979.592 19.1413 -13.4336 178.456 3.78901 13 112 1 0 1
-14.4698 -24.3236 979.592 19.0768 -13.0057 181.277 3.77443 13 113 1 0 1
-21.2279 -25.3928 979.592 17.5804 -14.7141 179.96 3.78136 13 114 1 0 1
-15.0166 -22.4786 979.592 19.3467 -11.7146 181.051 3.77589 13 115 1 0 1
-13.8735 -23.0433 979.592 20.105 -11.5719 177.665 3.7934 13 116 1 0 1
-17.1235 -25.4894 979.592 18.5895 -12.7086 178.63 3.78868 13 117 1 0 1
-12.3801 -24.314 979.592 19.8354 -13.0524 178.006 3.79117 13 118 1 0 1
-14.0508 -23.1046 979.592 19.41 -12.6154 179.899 3.78153 13 119 1 0 1
-17.0228 -25.1596 979.592 18.6359 -12.2203 177.975 3.79235 13 120 1 0 1
-9.22734 -28.2792 1040.82 20.8523 -7.48969 176.944 4.03544 13 1 1 0 1
-9.15097 -27.5477 1040.82 20.8232 -8.16021 179.057 4.02316 13 2 1 0 1
-11.7332 -26.4277 1040.82 20.8028 -6.58395 179.591 4.02053 13 3 1 0 1
-12.8392 -27.8349 1040.82 21.2769 -6.34566 177.776 4.03058 13 4 1 0 1
-11.4959 -29.0063 1040.82 20.915 -8.12836 179.156 4.02255 13 5 1 0 1
-12.0582 -28.7348 1040.82 21.2783 -9.19123 180.674 4.01357 13 6 1 0 1
-8.37784 -28.0335 1040.82 21.9617 -7.52796 179.644 4.01925 13 7 1 0 1
-11.4425 -28.006 1040.82 21.3174 -7.08043 180.808 4.01333 13 8 1 0 1
-7.31116 -29.6554 1040.82 21.5757 -7.97704 178.612 4.02522 13 9 1 0 1
-15.9174 -28.0469 1040.82 20.7282 -7.44096 177.165 4.03424 13 10 1 0 1
-12.2043 -26.5731 1040.82 20.8591 -6.74585 179.874 4.01887 13 11 1 0 1
-13.2637 -28.275 1040.82 19.5158 -7.93421 176.408 4.03936 13 12 1 0 1
-12.8485 -28.933 1040.82 20.6491 -7.25724 176.909 4.03583 13 13 1 0 1
-7.92011 -28.1334 1040.82 20.997 -6.13755 179.1 4.02326 13 14 1 0 1
-15.4166 -29.0976 1040.82 19.8271 -6.18008 179.446 4.02205 13 15 1 0 1
-8.1008 -27.8301 1040.82 22.0919 -8.56751 178.719 4.0241 13 16 1 0 1
-11.092 -28.6076 1040.82 20.8041 -9.04206 179.506 4.0204 13 17 1 0 1
-12.9706 -28.1375 1040.82 21.3916 -8.82496 179.468 4.02029 13 18 1 0 1
-3.38615 -30.1762 1040.82 22.7432 -8.24356 178.033 4.02762 13 19 1 0 1
-14.5969 -28.6733 1040.82 20.7907 -8.98894 178.297 4.02727 13 20 1 0 1
-11.298 -27.2722 1040.82 20.4207 -7.86658 177.465 4.0326 13 21 1 0 1
-8.44134 -28.9043 1040.82 21.1507 -7.78752 180.3 4.01608 13 22 1 0 1
-15.8932 -27.427 1040.82 20.1208 -6.6947 178.476 4.02726 13 23 1 0 1
-8.72797 -26.4786 1040.82 20.4592 -6.97013 176.398 4.03903 13 24 1 0 1
-7.23813 -28.1245 1040.82 21.4642 -8.6861 179.131 4.02217 13 25 1 0 1
-10.8227 -28.6509 1040.82 20.9501 -8.19708 179.092 4.02287 13 26 1 0 1
-12.4555 -28.147 1040.82 21.0455 -8.53463 182.209 4.00553 13 27 1 0 1
-11.7148 -27.9384 1040.82 21.1869 -7.53841 180.266 4.01631 13 28 1 0 1
-8.98078 -31.4096 1040.82 20.9136 -8.86838 176.521 4.03749 13 29 1 0 1
-11.0991 -28.6586 1040.82 20.8544 -7.9565 179.799 4.01902 13 30 1 0 1
-11.5947 -29.3361 1040.82 20.9344 -9.5529 177.517 4.03148 13 31 1 0 1
-10.0844 -30.3901 1040.82 21.1248 -7.48871 177.716 4.03077 13 32 1 0 1
-14.5016 -27.3186 1040.82 20.9573 -7.83064 180.157 4.01699 13 33 1 0 1
-16.4724 -28.2233 1040.82 20.7636 -7.51081 179.771 4.01934 13 34 1 0 1
-15.3913 -30.0229 1040.82 21.4688 -8.53441 179.751 4.01873 13 35 1 0 1
-4.83526 -29.0052 1040.82 22.1415 -8.65273 178.77 4.02375 13 36 1 0 1
-13.2219 -26.8221 1040.82 20.6233 -7.86895 180.543 4.01505 13 37 1 0 1
-8.2251 -26.694 1040.82 20.1252 -6.93057 178.255 4.02847 13 38 1 0 1
-10.5726 -27.7568 1040.82 20.3623 -7.84058 175.903 4.04181 13 39 1 0 1
-4.60199 -28.424 1040.82 21.6221 -6.85101 175.897 4.04119 13 40 1 0 1
-14.7044 -29.8318 1040.82 19.8092 -8.80806 178.692 4.02571 13 41 1 0 1
-5.894 -29.8629 1040.82 21.9354 -9.02722 181.263 4.00996 13 42 1 0 1
-14.0436 -25.782 1040.82 20.382 -6.35074 178.555 4.02671 13 43 1 0 1
-8.00156 -27.1546 1040.82 21.1312 -8.07295 176.722 4.03639 13 44 1 0 1
-13.942 -29.188 1040.82 19.4613 -8.77681 177.381 4.03347 13 45 1 0 1
-14.042 -27.0424 1040.82 20.2002 -7.92057 178.21 4.02844 13 46 1 0 1
-2.11 -26.3438 1040.82 23.0087 -6.41701 178.984 4.02246 13 47 1 0 1
-8.12908 -28.5947 1040.82 21.8041 -8.49279 180.88 4.01228 13 48 1 0 1
-9.73466 -27.7192 1040.82 20.5432 -8.92227 177.382 4.03271 13 49 1 0 1
-14.3045 -29.1313 1040.82 21.3912 -6.87798 180.531 4.01485 13 50 1 0 1
-5.8599 -28.061 1040.82 21.8569 -7.55444 177.435 4.03187 13 51 1 0 1
-10.5232 -27.7383 1040.82 20.3669 -7.90175 180.484 4.01554 13 52 1 0 1
-10.1238 -26.9213 1040.82 21.3609 -7.27676 175.593 4.04309 13 53 1 0 1
-7.78484 -28.6299 1040.82 21.2695 -8.41646 180.002 4.0175 13 54 1 0 1
-11.4237 -27.7354 1040.82 21.6161 -6.58773 180.25 4.01632 13 55 1 0 1
-8.64118 -28.962 1040.82 21.8248 -7.05753 178.32 4.02693 13 56 1 0 1
-5.9056 -26.4453 1040.82 21.6639 -5.94936 177.428 4.03239 13 57 1 0 1
-2.97712 -29.8455 1040.82 22.0264 -7.32754 176.908 4.03485 13 58 1 0 1
-11.6027 -28.0053 1040.82 21.1661 -8.44402 179.761 4.01891 13 59 1 0 1
-11.0401 -28.1793 1040.82 19.8552 -8.10966 174.939 4.04785 13 60 1 0 1
-13.1341 -28.3648 1040.82 20.2505 -7.64776 182.211 4.00622 13 61 1 0 1
-3.74909 -30.4016 1040.82 22.3272 -9.57639 179.606 4.01867 13 62 1 0 1
-17.3071 -27.743 1040.82 19.5193 -8.16555 177.11 4.03518 13 63 1 0 1
-9.92189 -28.6849 1040.82 20.9663 -8.35527 178.225 4.02774 13 64 1 0 1
-6.78326 -28.6116 1040.82 21.7734 -8.3532 176.934 4.03462 13 65 1 0 1
-6.25188 -28.3161 1040.82 20.0772 -8.43028 173.975 4.05345 13 66 1 0 1
-12.4483 -28.8218 1040.82 20.3833 -9.04652 178.491 4.02641 13 67 1 0 1
-13.0234 -28.5117 1040.82 21.2997 -8.4892 177.259 4.03303 13 68 1 0 1
-14.5101 -27.8565 1040.82 19.4019 -6.67583 179.354 4.02272 13 69 1 0 1
-11.186 -25.7938 1040.82 21.3071 -7.22795 180.47 4.01517 13 70 1 0 1
-6.51278 -28.3654 1040.82 22.8948 -9.25627 181.606 4.00739 13 71 1 0 1
-13.6613 -30.1133 1040.82 20.6522 -7.75002 177.286 4.03351 13 72 1 0 1
-9.94342 -27.8151 1040.82 20.994 -7.2277 179.457 4.02102 13 73 1 0 1
-11.4921 -28.5512 1040.82 20.6848 -7.95263 180.062 4.01766 13 74 1 0 1
-10.8608 -27.7736 1040.82 21.3367 -7.26928 178.384 4.02685 13 75 1 0 1
-10.9354 -28.373 1040.82 20.6808 -7.77645 176.356 4.03893 13 76 1 0 1
-11.4948 -28.5762 1040.82 20.4117 -8.10647 179.465 4.02114 13 77 1 0 1
-7.56169 -28.966 1040.82 22.7113 -7.78477 179.735 4.01816 13 78 1 0 1
-7.41175 -26.2062 1040.82 22.8424 -7.03322 177.713 4.02968 13 79 1 0 1
-5.64717 -28.0567 1040.82 22.4274 -8.18332 178.731 4.0239 13 80 1 0 1
-15.5153 -27.6439 1040.82 19.993 -7.90965 181.711 4.00903 13 81 1 0 1
-13.5179 -27.6191 1040.82 20.0724 -6.9798 180.064 4.01826 13 82 1 0 1
-8.86351 -27.7597 1040.82 20.806 -8.24351 178.218 4.02791 13 83 1 0 1
-19.1954 -27.9475 1040.82 19.1407 -7.8031 183.511 3.99987 13 84 1 0 1
-8.76765 -28.7449 1040.82 20.7177 -8.39237 176.489 4.03795 13 85 1 0 1
-10.908 -28.1886 1040.82 20.7775 -8.65765 178.631 4.02547 13 86 1 0 1
-13.2744 -28.2334 1040.82 20.1566 -7.89515 178.252 4.02824 13 87 1 0 1
-13.2782 -27.7675 1040.82 20.6694 -7.17083 176.01 4.04113 13 88 1 0 1
-9.54315 -27.2648 1040.82 22.3233 -7.30829 179.489 4.01992 13 89 1 0 1
-10.2513 -25.7686 1040.82 21.3101 -6.83518 179.539 4.02043 13 90 1 0 1
-14.7015 -29.5581 1040.82 20.7627 -7.55361 180.054 4.01775 13 91 1 0 1
-14.5148 -27.5969 1040.82 20.7555 -7.61576 175.441 4.04434 13 92 1 0 1
-4.0958 -28.9408 1040.82 22.8609 -7.17835 178.455 4.02539 13 93 1 0 1
-11.0289 -27.3284 1040.82 20.8569 -8.47825 180.699 4.01389 13 94 1 0 1
-5.75792 -28.4067 1040.82 22.23 -6.86977 178.342 4.02656 13 95 1 0 1
-10.1914 -28.2205 1040.82 20.8615 -6.47205 178.628 4.02596 13 96 1 0 1
-9.75172 -28.7489 1040.82 21.4863 -7.70616 179.819 4.01855 13 97 1 0 1
-11.6907 -27.8905 1040.82 20.2682 -7.03676 173.782 4.05488 13 98 1 0 1
-6.75726 -27.0728 1040.82 21.8167 -6.63538 178.817 4.0242 13 99 1 0 1
-5.41931 -27.5798 1040.82 22.3271 -7.58451 179.56 4.01946 13 100 1 0 1
-10.5572 -28.1208 1040.82 21.5898 -7.69211 179.868 4.01822 13 101 1 0 1
-11.7168 -27.6413 1040.82 20.9816 -6.65458 177.306 4.03343 13 102 1 0 1
-6.3389 -27.7675 1040.82 22.0548 -7.42162 179.439 4.02036 13 103 1 0 1
-7.9519 -27.0401 1040.82 20.4597 -7.59246 178.893 4.02446 13 104 1 0 1
-15.3619 -27.491 1040.82 21.3157 -7.24281 179.68 4.01955 13 105 1 0 1
-18.7825 -28.2936 1040.82 19.3608 -8.85957 180.454 4.01607 13 106 1 0 1
-12.2869 -29.3625 1040.82 20.9874 -8.16192 180.729 4.01372 13 107 1 0 1
-6.54407 -29.6303 1040.82 21.7159 -9.33324 178.477 4.02552 13 108 1 0 1
-14.6048 -27.4476 1040.82 20.3025 -7.20412 179.762 4.01976 13 109 1 0 1
-13.2567 -27.8306 1040.82 20.8388 -9.18384 178.587 4.02553 13 110 1 0 1
-11.509 -29.6019 1040.82 21.1703 -8.83094 179.756 4.01883 13 111 1 0 1
-8.87466 -27.4793 1040.82 21.6936 -8.37542 178.473 4.02582 13 112 1 0 1
-7.56948 -27.865 1040.82 21.5646 -7.85072 181.294 4.01033 13 113 1 0 1
-14.701 -29.5403 1040.82 20.5771 -9.55133 179.991 4.0177 13 114 1 0 1
-8.0104 -25.6002 1040.82 21.8634 -6.63367 181.022 4.01189 13 115 1 0 1
-6.49762 -26.1879 1040.82 22.4752 -6.56691 177.636 4.03049 13 116 1 0 1
-10.2604 -28.9875 1040.82 21.2391 -7.58977 178.625 4.02547 13 117 1 0 1
-5.1289 -27.952 1040.82 22.1105 -7.98982 178.037 4.02812 13 118 1 0 1
-6.9938 -26.554 1040.82 21.8399 -7.54162 179.904 4.01788 13 119 1 0 1
-10.1217 -28.5079 1040.82 21.2653 -7.1332 177.957 4.02938 13 120 1 0 1
-1.76676 -29.9203 1102.04 22.0347 -1.94247 176.949 4.27281 13 1 1 0 1
-1.78606 -29.3913 1102.04 22.0199 -2.56813 179.081 4.25981 13 2 1 0 1
-4.36324 -27.7331 1102.04 22.189 -1.02113 179.543 4.25703 13 3 1 0 1
-5.22039 -29.0732 1102.04 22.7198 -0.793436 177.709 4.26767 13 4 1 0 1
-4.07364 -30.8292 1102.04 22.2842 -2.48442 179.158 4.25917 13 5 1 0 1
-4.56589 -30.8954 1102.04 22.7023 -3.50341 180.7 4.24966 13 6 1 0 1
-0.659639 -29.6502 1102.04 23.0885 -1.90477 179.65 4.25568 13 7 1 0 1
-3.95026 -29.455 1102.04 22.688 -1.42423 180.774 4.24941 13 8 1 0 1
0.304685 -31.4312 1102.04 22.6232 -2.32978 178.645 4.26199 13 9 1 0 1
-8.42271 -29.6693 1102.04 22.4014 -1.89412 177.108 4.27155 13 10 1 0 1
-4.82027 -27.9291 1102.04 22.2826 -1.1685 179.826 4.25528 13 11 1 0 1
-6.19138 -30.0779 1102.04 21.0068 -2.40109 176.399 4.27697 13 12 1 0 1
-5.41013 -30.4906 1102.04 22.0966 -1.69051 176.875 4.27324 13 13 1 0 1
-0.513503 -29.2828 1102.04 22.0934 -0.53571 179.072 4.25992 13 14 1 0 1
-8.32515 -30.252 1102.04 21.4962 -0.534862 179.359 4.25864 13 15 1 0 1
-0.303198 -29.8166 1102.04 23.1935 -2.97449 178.76 4.26081 13 16 1 0 1
-3.72643 -30.7384 1102.04 22.1516 -3.39591 179.54 4.2569 13 17 1 0 1
-5.37987 -30.1977 1102.04 22.8687 -3.19641 179.474 4.25678 13 18 1 0 1
4.6031 -32.0495 1102.04 23.4851 -2.59636 178.108 4.26454 13 19 1 0 1
-7.14303 -30.8064 1102.04 22.3846 -3.37798 178.298 4.26417 13 20 1 0 1
-3.98026 -29.0413 1102.04 21.7657 -2.33421 177.464 4.26982 13 21 1 0 1
-1.02368 -30.5947 1102.04 22.2991 -2.11336 180.318 4.25232 13 22 1 0 1
-8.65871 -28.7786 1102.04 21.8122 -1.13212 178.4 4.26415 13 23 1 0 1
-1.38741 -27.958 1102.04 21.6041 -1.5019 176.393 4.27662 13 24 1 0 1
0.317475 -30.1431 1102.04 22.5141 -3.07008 179.186 4.25877 13 25 1 0 1
-3.39456 -30.5002 1102.04 22.2689 -2.56671 179.102 4.2595 13 26 1 0 1
-5.09647 -30.0646 1102.04 22.514 -2.82212 182.212 4.24115 13 27 1 0 1
-4.24152 -29.5503 1102.04 22.5763 -1.89875 180.245 4.25256 13 28 1 0 1
-1.48501 -33.5163 1102.04 22.0794 -3.22447 176.573 4.27499 13 29 1 0 1
-3.72789 -30.4151 1102.04 22.2002 -2.30506 179.799 4.25543 13 30 1 0 1
-4.09876 -31.6731 1102.04 22.3013 -3.94215 177.564 4.26862 13 31 1 0 1
-2.55055 -32.0076 1102.04 22.3726 -1.84756 177.711 4.26788 13 32 1 0 1
-7.06608 -29.0347 1102.04 22.5565 -2.21322 180.121 4.25328 13 33 1 0 1
-9.06196 -29.8313 1102.04 22.5061 -1.87669 179.708 4.25577 13 34 1 0 1
-7.75485 -31.9689 1102.04 23.1254 -2.83512 179.726 4.25513 13 35 1 0 1
2.93526 -31.0133 1102.04 23.0033 -3.01912 178.845 4.26044 13 36 1 0 1
-5.93066 -28.5483 1102.04 22.1362 -2.25626 180.521 4.25123 13 37 1 0 1
-1.07889 -28.1335 1102.04 21.2522 -1.39828 178.254 4.26544 13 38 1 0 1
-3.22207 -29.5381 1102.04 21.6415 -2.3409 175.909 4.27956 13 39 1 0 1
3.10883 -29.8578 1102.04 22.4487 -1.33539 175.922 4.27891 13 40 1 0 1
-7.59971 -31.8896 1102.04 21.4279 -3.14731 178.694 4.26251 13 41 1 0 1
1.71691 -31.9517 1102.04 22.8958 -3.28476 181.339 4.24584 13 42 1 0 1
-6.74663 -27.0242 1102.04 21.9334 -0.842508 178.482 4.26358 13 43 1 0 1
-0.451449 -29.007 1102.04 22.2211 -2.56672 176.754 4.27382 13 44 1 0 1
-6.91673 -31.2609 1102.04 21.0153 -3.17881 177.392 4.27073 13 45 1 0 1
-6.79383 -28.8199 1102.04 21.7564 -2.37219 178.187 4.26541 13 46 1 0 1
5.91196 -27.6003 1102.04 23.6512 -0.87703 179.013 4.25908 13 47 1 0 1
-0.518146 -30.5166 1102.04 22.9278 -2.80732 180.919 4.24829 13 48 1 0 1
-2.39158 -29.8507 1102.04 21.7757 -3.37254 177.428 4.26993 13 49 1 0 1
-6.73961 -30.5091 1102.04 22.9699 -1.19353 180.464 4.25102 13 50 1 0 1
1.88279 -29.7185 1102.04 22.7844 -1.99912 177.467 4.26904 13 51 1 0 1
-3.35089 -29.4713 1102.04 21.6823 -2.26026 180.489 4.25174 13 52 1 0 1
-2.41992 -28.5159 1102.04 22.5893 -1.817 175.58 4.28092 13 53 1 0 1
-0.323501 -30.5397 1102.04 22.3678 -2.75768 180.044 4.25382 13 54 1 0 1
-3.80845 -29.0264 1102.04 22.9742 -0.960736 180.2 4.25257 13 55 1 0 1
-0.911066 -30.4312 1102.04 22.9606 -1.44719 178.311 4.26381 13 56 1 0 1
1.77162 -27.5593 1102.04 22.5909 -0.456338 177.412 4.26959 13 57 1 0 1
4.80937 -31.4221 1102.04 22.7377 -1.73125 176.962 4.2722 13 58 1 0 1
-4.11779 -29.9319 1102.04 22.5464 -2.81299 179.769 4.25531 13 59 1 0 1
-3.82141 -30.0672 1102.04 21.1677 -2.6247 174.953 4.28595 13 60 1 0 1
-6.03245 -29.9837 1102.04 21.7775 -1.93256 182.185 4.24188 13 61 1 0 1
4.03541 -32.7022 1102.04 23.1154 -3.86591 179.72 4.25506 13 62 1 0 1
-10.2086 -29.6179 1102.04 21.3129 -2.62637 177.072 4.27254 13 63 1 0 1
-2.46504 -30.6019 1102.04 22.2119 -2.75012 178.249 4.26466 13 64 1 0 1
0.963738 -30.5492 1102.04 22.769 -2.79114 176.984 4.27195 13 65 1 0 1
1.02156 -30.3315 1102.04 21.0363 -2.96992 174.041 4.29189 13 66 1 0 1
-5.16888 -30.9704 1102.04 21.8272 -3.42472 178.516 4.26326 13 67 1 0 1
-5.37305 -30.4915 1102.04 22.7593 -2.91871 177.257 4.27027 13 68 1 0 1
-7.57131 -29.188 1102.04 21.0109 -1.07197 179.294 4.25935 13 69 1 0 1
-3.68707 -27.31 1102.04 22.6563 -1.65572 180.443 4.25135 13 70 1 0 1
1.4142 -30.5341 1102.04 23.8922 -3.55238 181.679 4.24312 13 71 1 0 1
-6.22652 -31.8286 1102.04 22.1646 -2.12978 177.26 4.27078 13 72 1 0 1
-2.52614 -29.3334 1102.04 22.2467 -1.61914 179.444 4.25755 13 73 1 0 1
-4.18363 -30.3031 1102.04 22.0644 -2.29657 180.059 4.254 13 74 1 0 1
-3.27177 -29.3212 1102.04 22.6431 -1.69505 178.363 4.26372 13 75 1 0 1
-3.48825 -30.1215 1102.04 21.9857 -2.24275 176.356 4.27651 13 76 1 0 1
-4.25576 -30.3893 1102.04 21.7903 -2.4674 179.469 4.25768 13 77 1 0 1
0.396489 -30.6633 1102.04 23.7696 -2.12623 179.755 4.25452 13 78 1 0 1
0.677167 -27.691 1102.04 23.8699 -1.53319 177.71 4.26672 13 79 1 0 1
2.23293 -29.9104 1102.04 23.343 -2.58465 178.782 4.2606 13 80 1 0 1
-8.4509 -29.362 1102.04 21.6978 -2.23273 181.674 4.24485 13 81 1 0 1
-6.39087 -29.0462 1102.04 21.6069 -1.36014 180.017 4.25463 13 82 1 0 1
-1.4748 -29.6437 1102.04 21.9755 -2.66999 178.248 4.26485 13 83 1 0 1
-12.4327 -29.6023 1102.04 21.1549 -2.06033 183.444 4.23515 13 84 1 0 1
-1.34094 -30.7026 1102.04 21.8683 -2.8394 176.527 4.27548 13 85 1 0 1
-3.51925 -30.2053 1102.04 22.1026 -3.05467 178.656 4.26226 13 86 1 0 1
-6.05257 -29.9947 1102.04 21.6575 -2.30618 178.236 4.26519 13 87 1 0 1
-5.79092 -29.3145 1102.04 22.1387 -1.6708 175.97 4.27884 13 88 1 0 1
-1.68077 -28.8133 1102.04 23.529 -1.71664 179.476 4.25638 13 89 1 0 1
-2.72599 -27.1638 1102.04 22.5803 -1.29459 179.51 4.25693 13 90 1 0 1
-7.32517 -31.169 1102.04 22.3774 -1.86588 180.01 4.25409 13 91 1 0 1
-6.95851 -29.308 1102.04 22.309 -2.13635 175.402 4.28225 13 92 1 0 1
3.92431 -30.4496 1102.04 23.6513 -1.56416 178.49 4.26218 13 93 1 0 1
-3.69296 -29.2555 1102.04 22.2074 -2.84077 180.714 4.25001 13 94 1 0 1
2.07278 -29.8144 1102.04 23.1484 -1.27839 178.353 4.26341 13 95 1 0 1
-2.78311 -29.4894 1102.04 22.1243 -0.879967 178.591 4.26278 13 96 1 0 1
-2.18435 -30.4196 1102.04 22.7231 -2.0525 179.821 4.25494 13 97 1 0 1
-4.27268 -29.4216 1102.04 21.6072 -1.60279 173.755 4.2934 13 98 1 0 1
0.925187 -28.4018 1102.04 22.8163 -1.07483 178.812 4.26092 13 99 1 0 1
2.38849 -29.2195 1102.04 23.2302 -1.97909 179.594 4.2559 13 100 1 0 1
-2.94643 -29.7896 1102.04 22.8851 -2.05795 179.86 4.25458 13 101 1 0 1
-4.19452 -28.9929 1102.04 22.3435 -1.12157 177.261 4.27069 13 102 1 0 1
1.39329 -29.3523 1102.04 23.0279 -1.81442 179.461 4.25685 13 103 1 0 1
-0.719719 -28.6952 1102.04 21.5695 -2.02545 178.912 4.2612 13 104 1 0 1
-7.77481 -29.0133 1102.04 22.9662 -1.63762 179.615 4.256 13 105 1 0 1
-11.843 -30.3482 1102.04 21.3074 -3.19429 180.423 4.25231 13 106 1 0 1
-4.89202 -31.1705 1102.04 22.4288 -2.45655 180.723 4.24983 13 107 1 0 1
1.11539 -31.8727 1102.04 22.7096 -3.68459 178.559 4.26231 13 108 1 0 1
-7.37435 -28.9558 1102.04 21.9121 -1.59819 179.71 4.25622 13 109 1 0 1
-5.81519 -30.0302 1102.04 22.3373 -3.5911 178.606 4.26232 13 110 1 0 1
-4.02372 -31.6509 1102.04 22.5452 -3.14468 179.778 4.25523 13 111 1 0 1
-1.19278 -29.4061 1102.04 22.8547 -2.80257 178.503 4.26263 13 112 1 0 1
-0.0630289 -29.5681 1102.04 22.6504 -2.18032 181.319 4.24623 13 113 1 0 1
-7.38506 -31.8304 1102.04 22.2014 -3.85567 180.01 4.25403 13 114 1 0 1
-0.386758 -26.9094 1102.04 22.9713 -1.05457 181.003 4.24788 13 115 1 0 1
1.45693 -27.5134 1102.04 23.4385 -1.07248 177.63 4.26758 13 116 1 0 1
-2.72223 -30.6344 1102.04 22.5062 -1.96603 178.62 4.26226 13 117 1 0 1
2.66585 -29.7508 1102.04 22.987 -2.41723 178.089 4.26506 13 118 1 0 1
0.654591 -28.18 1102.04 22.8679 -1.95996 179.924 4.25423 13 119 1 0 1
-2.54911 -30.0106 1102.04 22.5144 -1.54873 177.939 4.2664 13 120 1 0 1
5.85368 -29.6075 1163.27 21.7718 3.74249 176.952 4.51019 13 1 1 0 1
5.73922 -29.287 1163.27 21.7611 3.17145 179.103 4.49647 13 2 1 0 1
3.23321 -27.1095 1163.27 22.1128 4.66731 179.494 4.49353 13 3 1 0 1
2.64685 -28.3672 1163.27 22.6962 4.87954 177.647 4.50476 13 4 1 0 1
3.56765 -30.6878 1163.27 22.1903 3.30467 179.156 4.49579 13 5 1 0 1
3.15804 -31.091 1163.27 22.6453 2.3438 180.726 4.48575 13 6 1 0 1
7.19005 -29.316 1163.27 22.7306 3.85779 179.664 4.49211 13 7 1 0 1
3.75786 -28.9555 1163.27 22.5775 4.36389 180.741 4.48549 13 8 1 0 1
8.02729 -31.2359 1163.27 22.2021 3.46262 178.68 4.49877 13 9 1 0 1
-0.597541 -29.3407 1163.27 22.6185 3.78607 177.05 4.50886 13 10 1 0 1
2.80192 -27.3539 1163.27 22.2399 4.53635 179.778 4.49168 13 11 1 0 1
1.15421 -29.9252 1163.27 21.0799 3.27353 176.376 4.51458 13 12 1 0 1
2.2815 -30.0878 1163.27 22.097 4.00851 176.838 4.51064 13 13 1 0 1
7.02084 -28.4856 1163.27 21.7321 5.18712 179.042 4.49658 13 14 1 0 1
-0.905679 -29.4487 1163.27 21.7191 5.22737 179.257 4.49523 13 15 1 0 1
7.61676 -29.8504 1163.27 22.8128 2.77172 178.812 4.49752 13 16 1 0 1
3.84926 -30.9059 1163.27 22.0377 2.4081 179.57 4.49339 13 17 1 0 1
2.46336 -30.3008 1163.27 22.8671 2.586 179.484 4.49327 13 18 1 0 1
12.5889 -31.9445 1163.27 22.7403 3.20158 178.195 4.50146 13 19 1 0 1
0.608501 -30.9754 1163.27 22.5173 2.38776 178.298 4.50107 13 20 1 0 1
3.55412 -28.8664 1163.27 21.6695 3.34032 177.46 4.50703 13 21 1 0 1
6.53479 -30.3234 1163.27 21.9784 3.70344 180.331 4.48856 13 22 1 0 1
-1.08769 -28.1892 1163.27 22.0551 4.5546 178.315 4.50105 13 23 1 0 1
6.1033 -27.5058 1163.27 21.3175 4.09806 176.386 4.51421 13 24 1 0 1
7.97951 -30.2052 1163.27 22.096 2.70129 179.244 4.49537 13 25 1 0 1
4.23518 -30.389 1163.27 22.1254 3.21024 179.109 4.49614 13 26 1 0 1
2.50775 -30.0266 1163.27 22.4984 3.0414 182.21 4.47677 13 27 1 0 1
3.45502 -29.2125 1163.27 22.4901 3.8787 180.224 4.48881 13 28 1 0 1
6.16341 -33.6281 1163.27 21.8002 2.57452 176.618 4.51249 13 29 1 0 1
3.85344 -30.2121 1163.27 22.0817 3.48977 179.795 4.49184 13 30 1 0 1
3.61682 -32.0361 1163.27 22.2133 1.83227 177.609 4.50577 13 31 1 0 1
5.16327 -31.6473 1163.27 22.1622 3.93011 177.704 4.50498 13 32 1 0 1
0.665209 -28.807 1163.27 22.681 3.54449 180.084 4.48957 13 33 1 0 1
-1.30466 -29.4863 1163.27 22.7764 3.89189 179.642 4.49221 13 34 1 0 1
0.195024 -31.9375 1163.27 23.2949 3.01202 179.701 4.49153 13 35 1 0 1
10.7451 -31.055 1163.27 22.3867 2.77038 178.928 4.49713 13 36 1 0 1
1.6272 -28.3363 1163.27 22.1828 3.49836 180.496 4.48741 13 37 1 0 1
6.20956 -27.6394 1163.27 20.9467 4.26584 178.244 4.50241 13 38 1 0 1
4.32563 -29.3699 1163.27 21.4904 3.30047 175.912 4.51732 13 39 1 0 1
10.8545 -29.3384 1163.27 21.8253 4.31182 175.953 4.51663 13 40 1 0 1
-0.18566 -31.971 1163.27 21.6064 2.66571 178.68 4.49932 13 41 1 0 1
9.39839 -32.0634 1163.27 22.3674 2.61824 181.416 4.48172 13 42 1 0 1
0.837835 -26.3456 1163.27 22.0337 4.78705 178.408 4.50044 13 43 1 0 1
7.22481 -28.916 1163.27 21.8627 3.08606 176.79 4.51126 13 44 1 0 1
0.400433 -31.3647 1163.27 21.1461 2.57152 177.386 4.508 13 45 1 0 1
0.743095 -28.6561 1163.27 21.8675 3.31781 178.158 4.50238 13 46 1 0 1
13.8969 -26.9293 1163.27 22.7992 4.79195 179.061 4.49569 13 47 1 0 1
7.22065 -30.4778 1163.27 22.5643 3.03059 180.961 4.48431 13 48 1 0 1
5.1274 -30.029 1163.27 21.5671 2.33411 177.47 4.50715 13 49 1 0 1
1.11262 -29.9263 1163.27 23.0614 4.61788 180.397 4.48718 13 50 1 0 1
9.69179 -29.4244 1163.27 22.246 3.69691 177.509 4.50621 13 51 1 0 1
4.02191 -29.2555 1163.27 21.5429 3.52481 180.486 4.48795 13 52 1 0 1
5.46062 -28.1727 1163.27 22.3662 3.77733 175.578 4.51875 13 53 1 0 1
7.2607 -30.4885 1163.27 21.9969 3.05256 180.085 4.49015 13 54 1 0 1
4.01905 -28.3737 1163.27 22.8472 4.79161 180.155 4.48882 13 55 1 0 1
6.95698 -29.9406 1163.27 22.6215 4.29544 178.308 4.50068 13 56 1 0 1
9.51801 -26.7463 1163.27 22.0573 5.15674 177.405 4.50679 13 57 1 0 1
12.5871 -31.0278 1163.27 21.9863 4.00363 177.02 4.50954 13 58 1 0 1
3.58723 -29.9044 1163.27 22.4545 2.96783 179.778 4.49172 13 59 1 0 1
3.60983 -29.9994 1163.27 21.0661 3.00498 174.96 4.52406 13 60 1 0 1
1.33841 -29.6479 1163.27 21.838 3.92149 182.146 4.47754 13 61 1 0 1
11.831 -33.0172 1163.27 22.4176 2.01318 179.838 4.49145 13 62 1 0 1
-2.73368 -29.5424 1163.27 21.6772 3.05552 177.021 4.50991 13 63 1 0 1
5.16958 -30.5572 1163.27 22.0011 3.00404 178.271 4.50159 13 64 1 0 1
8.8006 -30.5257 1163.27 22.3016 2.92138 177.042 4.50928 13 65 1 0 1
8.38338 -30.3883 1163.27 20.5896 2.64179 174.1 4.53032 13 66 1 0 1
2.35764 -31.1531 1163.27 21.8226 2.35402 178.534 4.50011 13 67 1 0 1
2.5296 -30.5108 1163.27 22.7541 2.80053 177.26 4.5075 13 68 1 0 1
-0.323883 -28.5739 1163.27 21.1865 4.65669 179.216 4.49599 13 69 1 0 1
4.02099 -26.9019 1163.27 22.5274 4.0514 180.421 4.48754 13 70 1 0 1
9.41951 -30.7418 1163.27 23.3753 2.31522 181.766 4.47885 13 71 1 0 1
1.48243 -31.5683 1163.27 22.2259 3.62848 177.228 4.50805 13 72 1 0 1
5.07048 -28.9045 1163.27 22.0361 4.124 179.43 4.49408 13 73 1 0 1
3.34671 -30.0967 1163.27 21.9817 3.50271 180.05 4.49033 13 74 1 0 1
4.51572 -28.9217 1163.27 22.4822 4.01351 178.346 4.5006 13 75 1 0 1
4.16288 -29.9139 1163.27 21.8495 3.43139 176.353 4.51409 13 76 1 0 1
3.20699 -30.2431 1163.27 21.7164 3.31686 179.464 4.49421 13 77 1 0 1
8.45908 -30.3983 1163.27 23.3261 3.67521 179.788 4.49089 13 78 1 0 1
8.8633 -27.2473 1163.27 23.4044 4.10052 177.731 4.50376 13 79 1 0 1
10.1704 -29.8102 1163.27 22.7724 3.16348 178.846 4.4973 13 80 1 0 1
-1.05525 -29.1326 1163.27 21.9405 3.58542 181.623 4.48068 13 81 1 0 1
1.0146 -28.5292 1163.27 21.6901 4.38907 179.958 4.491 13 82 1 0 1
6.0663 -29.577 1163.27 21.6947 3.05202 178.277 4.50179 13 83 1 0 1
-5.23674 -29.3068 1163.27 21.71 3.82069 183.351 4.47044 13 84 1 0 1
6.23472 -30.6974 1163.27 21.5799 2.86335 176.562 4.51301 13 85 1 0 1
4.07427 -30.2649 1163.27 21.972 2.70111 178.678 4.49905 13 86 1 0 1
1.43897 -29.8014 1163.27 21.7153 3.42404 178.211 4.50215 13 87 1 0 1
1.95937 -28.9146 1163.27 22.1648 3.9604 175.93 4.51656 13 88 1 0 1
6.33926 -28.4205 1163.27 23.2404 4.01101 179.477 4.49285 13 89 1 0 1
4.98376 -26.6366 1163.27 22.3793 4.37602 179.486 4.49342 13 90 1 0 1
0.3535 -30.8116 1163.27 22.5216 3.95741 179.958 4.49043 13 91 1 0 1
0.890738 -29.0721 1163.27 22.4179 3.47936 175.367 4.52015 13 92 1 0 1
11.9584 -29.9984 1163.27 22.9493 4.18673 178.539 4.49897 13 93 1 0 1
3.85225 -29.2363 1163.27 22.0892 2.94782 180.727 4.48612 13 94 1 0 1
9.96492 -29.2694 1163.27 22.5875 4.44475 178.374 4.50027 13 95 1 0 1
4.81115 -28.8094 1163.27 21.931 4.83612 178.552 4.4996 13 96 1 0 1
5.5536 -30.1306 1163.27 22.483 3.74187 179.824 4.49132 13 97 1 0 1
3.36942 -29.0045 1163.27 21.5275 3.961 173.728 4.53192 13 98 1 0 1
8.69849 -27.7941 1163.27 22.3425 4.61441 178.816 4.49763 13 99 1 0 1
10.2496 -28.9133 1163.27 22.6458 3.76837 179.64 4.49233 13 100 1 0 1
4.85447 -29.5059 1163.27 22.6994 3.71651 179.857 4.49095 13 101 1 0 1
3.54987 -28.4012 1163.27 22.2506 4.53695 177.218 4.50795 13 102 1 0 1
9.20433 -28.9898 1163.27 22.519 3.932 179.492 4.49334 13 103 1 0 1
6.64549 -28.4104 1163.27 21.2357 3.68233 178.926 4.49793 13 104 1 0 1
0.12613 -28.592 1163.27 23.1342 4.09929 179.554 4.49244 13 105 1 0 1
-4.48534 -30.444 1163.27 21.8072 2.62278 180.373 4.48855 13 106 1 0 1
2.74287 -31.0104 1163.27 22.3954 3.39415 180.712 4.48593 13 107 1 0 1
8.86084 -32.1389 1163.27 22.2333 2.12777 178.644 4.49911 13 108 1 0 1
0.159739 -28.5211 1163.27 22.0644 4.13963 179.651 4.49267 13 109 1 0 1
1.89001 -30.2746 1163.27 22.3747 2.16019 178.624 4.49912 13 110 1 0 1
3.6793 -31.7263 1163.27 22.4476 2.69598 179.797 4.49163 13 111 1 0 1
6.63427 -29.3848 1163.27 22.5429 2.92058 178.541 4.49945 13 112 1 0 1
7.55961 -29.3213 1163.27 22.2537 3.63467 181.345 4.48213 13 113 1 0 1
0.234756 -32.1447 1163.27 22.3601 2.00239 180.02 4.49037 13 114 1 0 1
7.36138 -26.2989 1163.27 22.5908 4.65358 180.995 4.48387 13 115 1 0 1
9.48872 -26.9125 1163.27 22.9195 4.55002 177.643 4.50466 13 116 1 0 1
5.00033 -30.3193 1163.27 22.3077 3.79623 178.616 4.49905 13 117 1 0 1
10.5068 -29.5976 1163.27 22.3895 3.30246 178.151 4.50201 13 118 1 0 1
8.40078 -27.872 1163.27 22.4157 3.76273 179.952 4.49057 13 119 1 0 1
5.20344 -29.5583 1163.27 22.3012 4.1683 177.924 4.50342 13 120 1 0 1
13.1336 -27.3576 1224.49 20.0773 9.1932 176.953 4.74757 13 1 1 0 1
12.9269 -27.2493 1224.49 20.0598 8.68197 179.119 4.73313 13 2 1 0 1
10.5563 -24.5773 1224.49 20.5851 10.1055 179.452 4.73003 13 3 1 0 1
10.2558 -25.7384 1224.49 21.2164 10.3013 177.598 4.74186 13 4 1 0 1
10.927 -28.597 1224.49 20.6434 8.86182 179.153 4.73241 13 5 1 0 1
10.6106 -29.3325 1224.49 21.1158 7.97013 180.751 4.72184 13 6 1 0 1
14.665 -27.0481 1224.49 20.9038 9.38286 179.683 4.72853 13 7 1 0 1
11.1792 -26.5264 1224.49 20.9972 9.90467 180.712 4.72156 13 8 1 0 1
15.3537 -29.0849 1224.49 20.3291 9.0239 178.708 4.73555 13 9 1 0 1
7.05251 -27.078 1224.49 21.3838 9.22826 177.003 4.74617 13 10 1 0 1
10.1618 -24.8673 1224.49 20.7411 9.99213 179.736 4.72809 13 11 1 0 1
8.27977 -27.8318 1224.49 19.7417 8.71797 176.346 4.75219 13 12 1 0 1
9.72421 -27.7424 1224.49 20.6591 9.46809 176.804 4.74804 13 13 1 0 1
14.1848 -25.7642 1224.49 19.9304 10.6548 179.01 4.73324 13 14 1 0 1
6.34657 -26.7102 1224.49 20.5014 10.7294 179.155 4.73182 13 15 1 0 1
15.151 -27.9443 1224.49 20.9648 8.29607 178.868 4.73423 13 16 1 0 1
11.1358 -29.1216 1224.49 20.4719 7.99177 179.594 4.72989 13 17 1 0 1
10.053 -28.459 1224.49 21.3943 8.1454 179.499 4.72976 13 18 1 0 1
20.0616 -29.8758 1224.49 20.5312 8.77525 178.276 4.73838 13 19 1 0 1
8.15399 -29.1918 1224.49 21.1933 7.93322 178.299 4.73796 13 20 1 0 1
10.8069 -26.763 1224.49 20.1419 8.78418 177.454 4.74424 13 21 1 0 1
13.7353 -28.1069 1224.49 20.2035 9.28318 180.338 4.7248 13 22 1 0 1
6.32077 -25.679 1224.49 20.8541 9.99136 178.238 4.73795 13 23 1 0 1
13.2471 -25.1406 1224.49 19.6139 9.45972 176.378 4.7518 13 24 1 0 1
15.2466 -28.3234 1224.49 20.2254 8.25106 179.296 4.73197 13 25 1 0 1
11.5659 -28.3318 1224.49 20.5307 8.75691 179.114 4.73278 13 26 1 0 1
9.85725 -28.0468 1224.49 21.0068 8.67272 182.207 4.71239 13 27 1 0 1
10.8726 -26.9422 1224.49 20.9388 9.41558 180.206 4.72507 13 28 1 0 1
13.4634 -31.7569 1224.49 20.0888 8.15522 176.651 4.74999 13 29 1 0 1
11.1455 -28.0651 1224.49 20.5098 9.0496 179.787 4.72826 13 30 1 0 1
11.0492 -30.4344 1224.49 20.6785 7.39613 177.65 4.74292 13 31 1 0 1
12.5543 -29.3268 1224.49 20.5067 9.46987 177.694 4.74209 13 32 1 0 1
8.18901 -26.6514 1224.49 21.3366 9.06482 180.055 4.72587 13 33 1 0 1
6.29564 -27.2056 1224.49 21.5778 9.41783 179.585 4.72864 13 34 1 0 1
7.94947 -29.9425 1224.49 21.9816 8.62899 179.685 4.72792 13 35 1 0 1
18.089 -29.1431 1224.49 20.3112 8.33935 179.002 4.73382 13 36 1 0 1
8.95291 -26.2017 1224.49 20.7707 9.0161 180.472 4.72359 13 37 1 0 1
13.1484 -25.2307 1224.49 19.2239 9.68718 178.226 4.73937 13 38 1 0 1
11.572 -27.2673 1224.49 19.92 8.7137 175.912 4.75507 13 39 1 0 1
18.1315 -26.885 1224.49 19.7733 9.72099 175.98 4.75435 13 40 1 0 1
7.04271 -30.0884 1224.49 20.3483 8.25349 178.657 4.73613 13 41 1 0 1
16.6485 -30.21 1224.49 20.368 8.29923 181.481 4.7176 13 42 1 0 1
8.21038 -23.7671 1224.49 20.6905 10.1647 178.343 4.73731 13 43 1 0 1
14.5254 -26.8958 1224.49 20.0709 8.51435 176.825 4.74869 13 44 1 0 1
7.51689 -29.5114 1224.49 19.8582 8.0995 177.369 4.74526 13 45 1 0 1
8.07053 -26.566 1224.49 20.5393 8.77528 178.131 4.73935 13 46 1 0 1
21.3352 -24.3518 1224.49 20.4788 10.2156 179.115 4.73231 13 47 1 0 1
14.5839 -28.492 1224.49 20.7285 8.64044 181 4.72033 13 48 1 0 1
12.3245 -28.2654 1224.49 19.9287 7.82424 177.504 4.74437 13 49 1 0 1
8.74589 -27.4027 1224.49 21.6733 10.1776 180.342 4.72335 13 50 1 0 1
17.0619 -27.1953 1224.49 20.2607 9.16102 177.548 4.74338 13 51 1 0 1
11.1012 -27.1067 1224.49 19.9598 9.07355 180.474 4.72416 13 52 1 0 1
13.0107 -25.9088 1224.49 20.7046 9.13873 175.584 4.75658 13 53 1 0 1
14.4683 -28.4902 1224.49 20.1721 8.63512 180.118 4.72647 13 54 1 0 1
11.5531 -25.798 1224.49 21.2472 10.292 180.12 4.72508 13 55 1 0 1
14.4562 -27.5092 1224.49 20.8231 9.79602 178.31 4.73756 13 56 1 0 1
16.83 -24.0289 1224.49 20.0835 10.5187 177.402 4.74399 13 57 1 0 1
19.8518 -28.6802 1224.49 19.7958 9.50429 177.068 4.74689 13 58 1 0 1
11.0099 -27.9365 1224.49 20.9 8.52069 179.788 4.72812 13 59 1 0 1
10.7581 -27.9902 1224.49 19.5603 8.41091 174.958 4.76217 13 60 1 0 1
8.48453 -27.3746 1224.49 20.4396 9.53076 182.101 4.7132 13 61 1 0 1
19.1329 -31.3562 1224.49 20.2541 7.68152 179.942 4.72785 13 62 1 0 1
4.62083 -27.5306 1224.49 20.6124 8.50763 176.97 4.74727 13 63 1 0 1
12.4812 -28.5646 1224.49 20.346 8.53204 178.288 4.73851 13 64 1 0 1
16.2214 -28.5547 1224.49 20.3878 8.41235 177.096 4.74661 13 65 1 0 1
15.3398 -28.4991 1224.49 18.7534 8.03775 174.142 4.76876 13 66 1 0 1
9.63327 -29.3811 1224.49 20.3767 7.91337 178.545 4.73696 13 67 1 0 1
10.177 -28.5827 1224.49 21.2918 8.29632 177.27 4.74474 13 68 1 0 1
6.74141 -26.0345 1224.49 19.9347 10.133 179.134 4.73262 13 69 1 0 1
11.4355 -24.5877 1224.49 20.932 9.51599 180.408 4.72372 13 70 1 0 1
16.9929 -28.9995 1224.49 21.3611 7.96512 181.854 4.71458 13 71 1 0 1
8.96294 -29.3486 1224.49 20.8433 9.15139 177.197 4.74531 13 72 1 0 1
12.3467 -26.5466 1224.49 20.3753 9.62484 179.416 4.73061 13 73 1 0 1
10.6008 -27.9476 1224.49 20.4467 9.06624 180.036 4.72666 13 74 1 0 1
11.997 -26.593 1224.49 20.8658 9.4824 178.336 4.73747 13 75 1 0 1
11.5168 -27.7657 1224.49 20.283 8.87521 176.351 4.75168 13 76 1 0 1
10.3971 -28.1526 1224.49 20.1996 8.86828 179.453 4.73075 13 77 1 0 1
16.1144 -28.1871 1224.49 21.3979 9.24243 179.827 4.72725 13 78 1 0 1
16.6318 -24.8935 1224.49 21.4638 9.4972 177.77 4.7408 13 79 1 0 1
17.6566 -27.7707 1224.49 20.7348 8.68591 178.911 4.734 13 80 1 0 1
6.17701 -26.9715 1224.49 20.7246 9.16267 181.57 4.7165 13 81 1 0 1
8.20363 -26.0875 1224.49 20.3296 9.8896 179.899 4.72737 13 82 1 0 1
13.2614 -27.5736 1224.49 19.9771 8.5476 178.299 4.73872 13 83 1 0 1
1.90305 -27.0777 1224.49 20.8034 9.45341 183.252 4.70573 13 84 1 0 1
13.4601 -28.7428 1224.49 19.8658 8.34406 176.589 4.75053 13 85 1 0 1
11.3729 -28.3799 1224.49 20.3959 8.23373 178.695 4.73584 13 86 1 0 1
8.70318 -27.6687 1224.49 20.3368 8.92048 178.183 4.7391 13 87 1 0 1
9.469 -26.5855 1224.49 20.7557 9.35379 175.898 4.75427 13 88 1 0 1
14.0063 -26.1041 1224.49 21.472 9.49926 179.49 4.72932 13 89 1 0 1
12.3753 -24.2063 1224.49 20.7201 9.80133 179.471 4.72992 13 90 1 0 1
7.83267 -28.5035 1224.49 21.2011 9.53753 179.909 4.72677 13 91 1 0 1
8.52671 -26.9053 1224.49 21.0884 8.86377 175.342 4.75805 13 92 1 0 1
19.4955 -27.6058 1224.49 20.7774 9.69972 178.591 4.73575 13 93 1 0 1
11.1083 -27.2842 1224.49 20.5126 8.5077 180.737 4.72223 13 94 1 0 1
17.4112 -26.7911 1224.49 20.5674 9.92546 178.398 4.73713 13 95 1 0 1
12.0916 -26.2013 1224.49 20.295 10.3013 178.513 4.73642 13 96 1 0 1
12.9587 -27.8986 1224.49 20.7792 9.299 179.827 4.72771 13 97 1 0 1
10.7347 -26.6572 1224.49 20.0392 9.28984 173.702 4.77044 13 98 1 0 1
16.0584 -25.2701 1224.49 20.4139 10.0578 178.823 4.73435 13 99 1 0 1
17.6576 -26.6779 1224.49 20.5938 9.2812 179.687 4.72877 13 100 1 0 1
12.3405 -27.2863 1224.49 21.0449 9.25381 179.859 4.72731 13 101 1 0 1
11.0128 -25.8862 1224.49 20.7143 9.94953 177.183 4.74522 13 102 1 0 1
16.589 -26.6972 1224.49 20.5468 9.44112 179.523 4.72983 13 103 1 0 1
13.6499 -26.2021 1224.49 19.4734 9.15469 178.93 4.73466 13 104 1 0 1
7.8334 -26.2452 1224.49 21.8255 9.59198 179.508 4.72889 13 105 1 0 1
2.79687 -28.5933 1224.49 20.8576 8.21116 180.317 4.72479 13 106 1 0 1
10.117 -28.8972 1224.49 20.8961 9.0096 180.699 4.72203 13 107 1 0 1
16.1887 -30.4392 1224.49 20.3033 7.72739 178.72 4.7359 13 108 1 0 1
7.49929 -26.1618 1224.49 20.7654 9.63214 179.595 4.72913 13 109 1 0 1
9.35632 -28.5743 1224.49 20.957 7.69457 178.643 4.73592 13 110 1 0 1
11.0976 -29.8405 1224.49 20.8867 8.31225 179.814 4.72803 13 111 1 0 1
14.1008 -27.429 1224.49 20.7722 8.41953 178.581 4.73626 13 112 1 0 1
14.798 -27.1407 1224.49 20.3909 9.21319 181.366 4.71803 13 113 1 0 1
7.65811 -30.4931 1224.49 21.0567 7.64312 180.026 4.7267 13 114 1 0 1
14.7304 -23.7892 1224.49 20.7392 10.1125 180.994 4.71987 13 115 1 0 1
17.0868 -24.4052 1224.49 20.9379 9.92971 177.668 4.74175 13 116 1 0 1
12.4043 -28.0591 1224.49 20.6561 9.32146 178.611 4.73585 13 117 1 0 1
17.888 -27.5074 1224.49 20.3378 8.7953 178.211 4.73896 13 118 1 0 1
15.7412 -25.6467 1224.49 20.5007 9.24943 179.982 4.72692 13 119 1 0 1
12.6322 -27.1695 1224.49 20.639 9.6443 177.912 4.74044 13 120 1 0 1
19.5939 -23.3142 1285.71 17.059 14.0527 176.951 4.98495 13 1 1 0 1
19.3002 -23.4194 1285.71 17.0244 13.6018 179.127 4.96978 13 2 1 0 1
17.1258 -20.2833 1285.71 17.7118 14.934 179.422 4.96654 13 3 1 0 1
17.1188 -21.3345 1285.71 18.3842 15.1167 177.569 4.97895 13 4 1 0 1
17.5233 -24.6985 1285.71 17.7485 13.8255 179.149 4.96903 13 5 1 0 1
17.3081 -25.7581 1285.71 18.218 13.0103 180.774 4.95794 13 6 1 0 1
21.281 -22.9902 1285.71 17.7193 14.3083 179.7 4.96496 13 7 1 0 1
17.831 -22.3132 1285.71 18.0543 14.8351 180.693 4.95764 13 8 1 0 1
21.8034 -25.1208 1285.71 17.1163 13.9921 178.725 4.97233 13 9 1 0 1
14.0388 -23.025 1285.71 18.7953 14.0779 176.978 4.98348 13 10 1 0 1
16.7783 -20.6157 1285.71 17.8915 14.8389 179.708 4.96449 13 11 1 0 1
14.7101 -23.9394 1285.71 17.0921 13.5768 176.315 4.9898 13 12 1 0 1
16.4346 -23.5992 1285.71 17.8852 14.3327 176.779 4.98544 13 13 1 0 1
20.502 -21.2674 1285.71 16.8003 15.5073 178.976 4.9699 13 14 1 0 1
12.9531 -22.1855 1285.71 17.9431 15.6126 179.071 4.96841 13 15 1 0 1
21.8138 -24.2381 1285.71 17.7596 13.2373 178.917 4.97094 13 16 1 0 1
17.6539 -25.5236 1285.71 17.559 12.9918 179.61 4.96638 13 17 1 0 1
16.9019 -24.811 1285.71 18.5529 13.1202 179.521 4.96624 13 18 1 0 1
26.5369 -25.9849 1285.71 16.9762 13.7622 178.335 4.9753 13 19 1 0 1
15.0074 -25.5938 1285.71 18.5118 12.899 178.308 4.97486 13 20 1 0 1
17.2997 -22.8728 1285.71 17.2872 13.6401 177.448 4.98145 13 21 1 0 1
20.1007 -24.0883 1285.71 17.0854 14.2613 180.336 4.96104 13 22 1 0 1
13.0842 -21.3945 1285.71 18.3076 14.8218 178.182 4.97485 13 23 1 0 1
19.5683 -21.0072 1285.71 16.6013 14.2283 176.367 4.98939 13 24 1 0 1
21.6397 -24.6371 1285.71 17.0141 13.2161 179.332 4.96857 13 25 1 0 1
18.1171 -24.47 1285.71 17.5906 13.7118 179.116 4.96942 13 26 1 0 1
16.471 -24.2655 1285.71 18.1441 13.7045 182.206 4.94801 13 27 1 0 1
17.5284 -22.883 1285.71 18.0281 14.3496 180.196 4.96132 13 28 1 0 1
19.9352 -28.0421 1285.71 17.0526 13.1584 176.669 4.98749 13 29 1 0 1
17.6689 -24.1165 1285.71 17.5904 14.0118 179.778 4.96467 13 30 1 0 1
17.7154 -27.0041 1285.71 17.7999 12.3895 177.684 4.98006 13 31 1 0 1
19.1405 -25.1902 1285.71 17.5134 14.4127 177.682 4.97919 13 32 1 0 1
15.0199 -22.7103 1285.71 18.6245 13.9866 180.041 4.96216 13 33 1 0 1
13.2516 -23.1332 1285.71 19.0088 14.3414 179.55 4.96507 13 34 1 0 1
15.0171 -26.1246 1285.71 19.2855 13.6541 179.683 4.96432 13 35 1 0 1
24.4862 -25.4174 1285.71 16.8925 13.3243 179.056 4.97052 13 36 1 0 1
15.5661 -22.2868 1285.71 18.0025 13.9345 180.457 4.95977 13 37 1 0 1
19.2671 -21.0528 1285.71 16.1934 14.5068 178.2 4.97634 13 38 1 0 1
18.0387 -23.3722 1285.71 17.0347 13.5441 175.91 4.99282 13 39 1 0 1
24.4607 -22.6435 1285.71 16.4082 14.5364 175.994 4.99206 13 40 1 0 1
13.6075 -26.3812 1285.71 17.7524 13.2549 178.633 4.97293 13 41 1 0 1
22.9888 -26.5306 1285.71 17.0129 13.3892 181.522 4.95348 13 42 1 0 1
14.8895 -19.436 1285.71 18.0052 14.9346 178.299 4.97417 13 43 1 0 1
20.9706 -23.0873 1285.71 16.9546 13.3612 176.851 4.98613 13 44 1 0 1
13.9576 -25.8399 1285.71 17.2506 13.0465 177.347 4.98252 13 45 1 0 1
14.7081 -22.6915 1285.71 17.8719 13.6424 178.112 4.97631 13 46 1 0 1
27.7435 -20.015 1285.71 16.812 15.0328 179.157 4.96892 13 47 1 0 1
21.0903 -24.6997 1285.71 17.5321 13.6561 181.029 4.95634 13 48 1 0 1
18.7226 -24.698 1285.71 16.9662 12.7387 177.527 4.98159 13 49 1 0 1
15.672 -23.0852 1285.71 18.9088 15.1243 180.306 4.95952 13 50 1 0 1
23.5116 -23.1746 1285.71 16.9424 14.0344 177.578 4.98054 13 51 1 0 1
17.4128 -23.1672 1285.71 17.0399 14.0219 180.457 4.96037 13 52 1 0 1
19.7443 -21.8679 1285.71 17.7103 13.9145 175.598 4.99441 13 53 1 0 1
20.8221 -24.6855 1285.71 17.0047 13.6253 180.136 4.96279 13 54 1 0 1
18.3079 -21.4465 1285.71 18.2816 15.1793 180.1 4.96133 13 55 1 0 1
21.1019 -23.2825 1285.71 17.6761 14.6953 178.313 4.97444 13 56 1 0 1
23.2274 -19.556 1285.71 16.784 15.2732 177.4 4.98119 13 57 1 0 1
26.1245 -24.5239 1285.71 16.2849 14.4112 177.095 4.98423 13 58 1 0 1
17.6672 -24.1684 1285.71 17.9878 13.4832 179.799 4.96453 13 59 1 0 1
17.1475 -24.1803 1285.71 16.753 13.2398 174.951 5.00028 13 60 1 0 1
14.9301 -23.3076 1285.71 17.6863 14.5287 182.059 4.94886 13 61 1 0 1
25.4613 -27.8561 1285.71 16.7428 12.7719 180.014 4.96424 13 62 1 0 1
11.3739 -23.7232 1285.71 18.2128 13.3746 176.933 4.98463 13 63 1 0 1
18.9899 -24.7647 1285.71 17.3533 13.4735 178.3 4.97544 13 64 1 0 1
22.7434 -24.7765 1285.71 17.1391 13.3232 177.139 4.98394 13 65 1 0 1
21.4201 -24.8034 1285.71 15.6373 12.8644 174.16 5.0072 13 66 1 0 1
16.179 -25.7926 1285.71 17.5917 12.8923 178.551 4.97381 13 67 1 0 1
17.0804 -24.8472 1285.71 18.474 13.2117 177.287 4.98198 13 68 1 0 1
13.1509 -21.7167 1285.71 17.3558 14.9977 179.061 4.96925 13 69 1 0 1
18.0739 -20.5116 1285.71 17.9767 14.3765 180.405 4.95991 13 70 1 0 1
23.6476 -25.445 1285.71 17.9643 13.0289 181.929 4.95031 13 71 1 0 1
15.7307 -25.3127 1285.71 18.118 14.0819 177.174 4.98258 13 72 1 0 1
18.8233 -22.4044 1285.71 17.3727 14.5223 179.402 4.96714 13 73 1 0 1
17.1001 -23.9984 1285.71 17.5649 14.0309 180.022 4.963 13 74 1 0 1
18.6877 -22.4795 1285.71 17.9004 14.3532 178.333 4.97434 13 75 1 0 1
18.0926 -23.8193 1285.71 17.3905 13.7332 176.348 4.98926 13 76 1 0 1
16.8376 -24.2596 1285.71 17.3447 13.8247 179.438 4.96729 13 77 1 0 1
22.8736 -24.173 1285.71 18.0979 14.2125 179.866 4.96361 13 78 1 0 1
23.4909 -20.7742 1285.71 18.1601 14.3001 177.817 4.97784 13 79 1 0 1
24.2072 -23.933 1285.71 17.3448 13.6207 178.964 4.9707 13 80 1 0 1
12.7679 -23.0213 1285.71 18.1497 14.1343 181.526 4.95233 13 81 1 0 1
14.6993 -21.8668 1285.71 17.628 14.7805 179.848 4.96374 13 82 1 0 1
19.6336 -23.7742 1285.71 16.931 13.4565 178.311 4.97566 13 83 1 0 1
8.51107 -23.0583 1285.71 18.5292 14.4704 183.169 4.94101 13 84 1 0 1
19.8574 -24.9788 1285.71 16.8335 13.2452 176.605 4.98806 13 85 1 0 1
17.897 -24.6898 1285.71 17.4792 13.1822 178.708 4.97263 13 86 1 0 1
15.2613 -23.739 1285.71 17.6237 13.8244 178.159 4.97606 13 87 1 0 1
16.2529 -22.4717 1285.71 18.0129 14.1565 175.879 4.99198 13 88 1 0 1
20.8314 -22.0086 1285.71 18.3334 14.3876 179.513 4.96578 13 89 1 0 1
18.9666 -20.0183 1285.71 17.7108 14.6217 179.465 4.96642 13 90 1 0 1
14.628 -24.3888 1285.71 18.5172 14.5128 179.873 4.9631 13 91 1 0 1
15.4611 -22.9501 1285.71 18.4192 13.6653 175.335 4.99595 13 92 1 0 1
26.0497 -23.4168 1285.71 17.254 14.6136 178.632 4.97254 13 93 1 0 1
17.5965 -23.5395 1285.71 17.5835 13.4744 180.743 4.95834 13 94 1 0 1
23.928 -22.5259 1285.71 17.2033 14.8038 178.416 4.97398 13 95 1 0 1
18.5791 -21.813 1285.71 17.3243 15.1567 178.48 4.97324 13 96 1 0 1
19.5487 -23.8669 1285.71 17.7207 14.2562 179.83 4.96409 13 97 1 0 1
17.3418 -22.5244 1285.71 17.2446 14.0346 173.684 5.00897 13 98 1 0 1
22.5236 -20.9764 1285.71 17.1444 14.8955 178.829 4.97107 13 99 1 0 1
24.1299 -22.6568 1285.71 17.1903 14.1965 179.724 4.96521 13 100 1 0 1
19.0272 -23.274 1285.71 18.0293 14.1919 179.864 4.96368 13 101 1 0 1
17.7104 -21.5945 1285.71 17.8392 14.7609 177.161 4.98248 13 102 1 0 1
23.0653 -22.6187 1285.71 17.2257 14.3506 179.548 4.96632 13 103 1 0 1
19.8214 -22.2136 1285.71 16.393 14.0305 178.923 4.9714 13 104 1 0 1
14.8569 -22.1176 1285.71 19.1404 14.4815 179.487 4.96533 13 105 1 0 1
9.52438 -24.9349 1285.71 18.5512 13.2081 180.273 4.96103 13 106 1 0 1
16.7488 -24.973 1285.71 18.0357 14.0253 180.688 4.95813 13 107 1 0 1
22.6185 -26.9108 1285.71 17.0318 12.7509 178.774 4.9727 13 108 1 0 1
14.1636 -22.0226 1285.71 18.1158 14.5193 179.553 4.96558 13 109 1 0 1
16.0998 -25.0667 1285.71 18.1854 12.6517 178.665 4.97271 13 110 1 0 1
17.7483 -26.1329 1285.71 17.9679 13.3404 179.826 4.96443 13 111 1 0 1
20.7228 -23.6789 1285.71 17.6512 13.3339 178.617 4.97307 13 112 1 0 1
21.174 -23.169 1285.71 17.175 14.1889 181.378 4.95394 13 113 1 0 1
14.4022 -27.0122 1285.71 18.3907 12.7025 180.033 4.96304 13 114 1 0 1
21.2387 -19.5267 1285.71 17.5293 14.9592 180.997 4.95586 13 115 1 0 1
23.7639 -20.1381 1285.71 17.6071 14.7099 177.698 4.97884 13 116 1 0 1
19.0072 -23.9973 1285.71 17.6588 14.2495 178.608 4.97264 13 117 1 0 1
24.3276 -23.622 1285.71 16.947 13.7006 178.256 4.97591 13 118 1 0 1
22.195 -21.6474 1285.71 17.2362 14.1375 180.007 4.96326 13 119 1 0 1
19.254 -22.9894 1285.71 17.6352 14.5212 177.904 4.97746 13 120 1 0 1
24.8079 -17.7383 1346.94 12.9117 18.0027 176.944 5.22233 13 1 1 0 1
24.4348 -18.0556 1346.94 12.8516 17.608 179.126 5.20644 13 2 1 0 1
22.5123 -14.4914 1346.94 13.6857 18.8331 179.407 5.20304 13 3 1 0 1
22.7991 -15.4206 1346.94 14.3898 19.0093 177.564 5.21604 13 4 1 0 1
22.9264 -19.2517 1346.94 13.6988 17.8734 179.146 5.20565 13 5 1 0 1
22.8179 -20.6232 1346.94 14.1456 17.1382 180.794 5.19403 13 6 1 0 1
26.6074 -17.4034 1346.94 13.3772 18.3106 179.713 5.20139 13 7 1 0 1
23.2816 -16.5788 1346.94 13.9441 18.832 180.685 5.19372 13 8 1 0 1
26.9503 -19.6034 1346.94 12.7643 18.0437 178.726 5.2091 13 9 1 0 1
19.9211 -17.4427 1346.94 15.0365 18.0197 176.98 5.22079 13 10 1 0 1
22.2206 -14.8622 1346.94 13.8833 18.7564 179.696 5.2009 13 11 1 0 1
20.0193 -18.5074 1346.94 13.317 17.5338 176.292 5.22741 13 12 1 0 1
21.9798 -17.9201 1346.94 13.9641 18.2861 176.767 5.22284 13 13 1 0 1
25.5498 -15.2614 1346.94 12.5416 19.424 178.943 5.20657 13 14 1 0 1
18.4836 -16.1412 1346.94 14.2304 19.5591 179.017 5.205 13 15 1 0 1
27.1735 -18.9887 1346.94 13.3968 17.2716 178.953 5.20766 13 16 1 0 1
22.9755 -20.3679 1346.94 13.493 17.0838 179.619 5.20288 13 17 1 0 1
22.5736 -19.6135 1346.94 14.534 17.1873 179.548 5.20273 13 18 1 0 1
31.588 -20.5309 1346.94 12.284 17.8371 178.359 5.21221 13 19 1 0 1
20.7322 -20.4371 1346.94 14.6594 16.9645 178.326 5.21176 13 20 1 0 1
22.605 -17.4551 1346.94 13.2962 17.5895 177.445 5.21866 13 21 1 0 1
25.2068 -18.5284 1346.94 12.824 18.3126 180.323 5.19728 13 22 1 0 1
18.7682 -15.5992 1346.94 14.6 18.7297 178.156 5.21174 13 23 1 0 1
24.6439 -15.3675 1346.94 12.4743 18.0875 176.354 5.22698 13 24 1 0 1
26.7342 -19.4031 1346.94 12.6627 17.2714 179.347 5.20516 13 25 1 0 1
23.46 -19.0625 1346.94 13.4994 17.7522 179.116 5.20606 13 26 1 0 1
21.9186 -18.9409 1346.94 14.1047 17.8094 182.208 5.18363 13 27 1 0 1
22.9909 -17.2963 1346.94 13.9521 18.3578 180.194 5.19757 13 28 1 0 1
25.152 -22.7407 1346.94 12.8869 17.2632 176.668 5.22499 13 29 1 0 1
22.9954 -18.6262 1346.94 13.518 18.0531 179.77 5.20108 13 30 1 0 1
23.1834 -21.9991 1346.94 13.7687 16.4907 177.709 5.21721 13 31 1 0 1
24.492 -19.4997 1346.94 13.3772 18.4387 177.669 5.2163 13 32 1 0 1
20.7217 -17.2435 1346.94 14.7335 17.9883 180.046 5.19845 13 33 1 0 1
19.1238 -17.5303 1346.94 15.2546 18.343 179.544 5.2015 13 34 1 0 1
20.9558 -20.7419 1346.94 15.3945 17.7648 179.699 5.20072 13 35 1 0 1
29.5117 -20.1351 1346.94 12.3366 17.3993 179.078 5.20721 13 36 1 0 1
21.0363 -16.851 1346.94 14.0692 17.9309 180.454 5.19595 13 37 1 0 1
24.148 -15.3681 1346.94 12.0521 18.405 178.169 5.21331 13 38 1 0 1
23.299 -17.9439 1346.94 13.0253 17.4754 175.906 5.23058 13 39 1 0 1
29.4188 -16.877 1346.94 11.9327 18.4399 175.988 5.22978 13 40 1 0 1
19.0796 -21.1063 1346.94 14.0048 17.3487 178.616 5.20974 13 41 1 0 1
27.9958 -21.2819 1346.94 12.5084 17.5575 181.533 5.18936 13 42 1 0 1
20.4429 -13.6166 1346.94 14.1655 18.7804 178.281 5.21104 13 43 1 0 1
26.1343 -17.7489 1346.94 12.7105 17.3074 176.865 5.22356 13 44 1 0 1
19.2966 -20.6071 1346.94 13.5087 17.0934 177.327 5.21979 13 45 1 0 1
20.2246 -17.2916 1346.94 14.0521 17.6007 178.107 5.21328 13 46 1 0 1
32.6967 -14.1833 1346.94 12.0105 18.92 179.175 5.20554 13 47 1 0 1
26.312 -19.3591 1346.94 13.1765 17.75 181.043 5.19236 13 48 1 0 1
23.8968 -19.5822 1346.94 12.8731 16.7567 177.538 5.2188 13 49 1 0 1
21.4523 -17.2376 1346.94 14.9584 19.1365 180.295 5.19569 13 50 1 0 1
28.6146 -17.6228 1346.94 12.4932 17.996 177.589 5.21771 13 51 1 0 1
22.5342 -17.6967 1346.94 12.9785 18.0457 180.437 5.19657 13 52 1 0 1
25.2277 -16.3109 1346.94 13.5755 17.7898 175.617 5.23224 13 53 1 0 1
25.898 -19.3325 1346.94 12.6955 17.697 180.138 5.19912 13 54 1 0 1
23.8495 -15.5838 1346.94 14.1456 19.1323 180.096 5.19759 13 55 1 0 1
26.4626 -17.5236 1346.94 13.3789 18.6725 178.315 5.21132 13 56 1 0 1
28.2855 -13.5933 1346.94 12.3609 19.1021 177.392 5.21839 13 57 1 0 1
30.9835 -18.8213 1346.94 11.6612 18.4024 177.09 5.22158 13 58 1 0 1
23.1277 -18.858 1346.94 13.9115 17.5318 179.812 5.20094 13 59 1 0 1
22.3535 -18.8278 1346.94 12.8325 17.1766 174.94 5.23839 13 60 1 0 1
20.249 -17.7081 1346.94 13.7704 18.5896 182.028 5.18452 13 61 1 0 1
30.393 -22.7716 1346.94 12.0925 16.9543 180.041 5.20063 13 62 1 0 1
17.0914 -18.3786 1346.94 14.6581 17.3408 176.919 5.222 13 63 1 0 1
24.2678 -19.4157 1346.94 13.2181 17.5068 178.304 5.21237 13 64 1 0 1
27.9383 -19.449 1346.94 12.7556 17.3328 177.162 5.22127 13 65 1 0 1
26.2072 -19.5582 1346.94 11.4371 16.8056 174.15 5.24564 13 66 1 0 1
21.5659 -20.6431 1346.94 13.6575 16.9687 178.555 5.21065 13 67 1 0 1
22.8021 -19.5616 1346.94 14.4899 17.2279 177.313 5.21922 13 68 1 0 1
18.4792 -15.8846 1346.94 13.6365 18.9324 179.01 5.20588 13 69 1 0 1
23.505 -14.9349 1346.94 13.8566 18.3106 180.412 5.1961 13 70 1 0 1
28.9522 -20.3336 1346.94 13.3908 17.1756 181.979 5.18603 13 71 1 0 1
21.3512 -19.7213 1346.94 14.2377 18.1023 177.163 5.21984 13 72 1 0 1
24.0735 -16.74 1346.94 13.2243 18.4945 179.39 5.20367 13 73 1 0 1
22.4171 -18.5087 1346.94 13.53 18.0734 180.01 5.19933 13 74 1 0 1
24.1554 -16.843 1346.94 13.7799 18.3064 178.337 5.21122 13 75 1 0 1
23.4605 -18.3346 1346.94 13.3634 17.6884 176.347 5.22685 13 76 1 0 1
22.1026 -18.8232 1346.94 13.3446 17.8634 179.423 5.20383 13 77 1 0 1
28.3024 -18.6165 1346.94 13.6288 18.2603 179.894 5.19997 13 78 1 0 1
29.0038 -15.1514 1346.94 13.6938 18.1896 177.861 5.21488 13 79 1 0 1
29.3933 -18.5557 1346.94 12.8068 17.6433 178.995 5.2074 13 80 1 0 1
18.2876 -17.5419 1346.94 14.4031 18.1764 181.503 5.18815 13 81 1 0 1
20.0743 -16.1301 1346.94 13.7749 18.7411 179.816 5.2001 13 82 1 0 1
24.7585 -18.437 1346.94 12.7527 17.4569 178.312 5.21259 13 83 1 0 1
14.1569 -17.5092 1346.94 15.0696 18.5465 183.119 5.1763 13 84 1 0 1
25.0017 -19.6632 1346.94 12.6779 17.2475 176.607 5.22559 13 85 1 0 1
23.2183 -19.4513 1346.94 13.4153 17.2243 178.715 5.20943 13 86 1 0 1
20.6842 -18.2719 1346.94 13.7642 17.8165 178.145 5.21301 13 87 1 0 1
21.8761 -16.8349 1346.94 14.123 18.0544 175.877 5.2297 13 88 1 0 1
26.3784 -16.3953 1346.94 14.0226 18.3538 179.54 5.20225 13 89 1 0 1
24.3277 -14.3354 1346.94 13.5471 18.5166 179.468 5.20291 13 90 1 0 1
20.3044 -18.7292 1346.94 14.6587 18.5617 179.856 5.19944 13 91 1 0 1
21.2552 -17.4666 1346.94 14.5946 17.5707 175.347 5.23386 13 92 1 0 1
31.1922 -17.694 1346.94 12.5869 18.6047 178.65 5.20933 13 93 1 0 1
22.8897 -18.2596 1346.94 13.4969 17.5227 180.747 5.19445 13 94 1 0 1
29.0875 -16.737 1346.94 12.6994 18.7579 178.421 5.21084 13 95 1 0 1
23.8464 -15.9092 1346.94 13.2139 19.0834 178.455 5.21006 13 96 1 0 1
24.8935 -18.2963 1346.94 13.505 18.2899 179.831 5.20048 13 97 1 0 1
22.7603 -16.868 1346.94 13.3306 17.8845 173.675 5.24749 13 98 1 0 1
27.6674 -15.1768 1346.94 12.7358 18.8063 178.829 5.20779 13 99 1 0 1
29.2396 -17.1106 1346.94 12.6409 18.1893 179.742 5.20165 13 100 1 0 1
24.4821 -17.7296 1346.94 13.8486 18.2077 179.873 5.20004 13 101 1 0 1
23.2101 -15.7898 1346.94 13.8165 18.6548 177.153 5.21974 13 102 1 0 1
28.2064 -17.0155 1346.94 12.7594 18.3365 179.558 5.20281 13 103 1 0 1
24.7408 -16.705 1346.94 12.1926 17.9876 178.904 5.20813 13 104 1 0 1
20.7555 -16.4711 1346.94 15.2665 18.4482 179.494 5.20177 13 105 1 0 1
15.2638 -19.7254 1346.94 15.0682 17.2916 180.252 5.19727 13 106 1 0 1
22.2072 -19.4972 1346.94 14.0076 18.1163 180.681 5.19423 13 107 1 0 1
27.7245 -21.8088 1346.94 12.6206 16.8725 178.798 5.20949 13 108 1 0 1
19.7208 -16.3655 1346.94 14.3035 18.4814 179.533 5.20204 13 109 1 0 1
21.6865 -20.0064 1346.94 14.2489 16.7099 178.688 5.20951 13 110 1 0 1
23.2001 -20.8605 1346.94 13.885 17.4559 179.835 5.20083 13 111 1 0 1
26.0696 -18.392 1346.94 13.3776 17.3414 178.644 5.20989 13 112 1 0 1
26.2633 -17.6665 1346.94 12.8085 18.2347 181.377 5.18984 13 113 1 0 1
20.033 -21.9565 1346.94 14.5497 16.856 180.043 5.19937 13 114 1 0 1
26.4586 -13.7747 1346.94 13.1625 18.8698 181.002 5.19185 13 115 1 0 1
29.0877 -14.3747 1346.94 13.1289 18.5715 177.723 5.21593 13 116 1 0 1
24.3789 -18.3951 1346.94 13.511 18.2592 178.605 5.20943 13 117 1 0 1
29.3996 -18.2005 1346.94 12.4215 17.6953 178.277 5.21285 13 118 1 0 1
27.3359 -16.1345 1346.94 12.8246 18.1028 180.02 5.19961 13 119 1 0 1
24.6383 -17.2804 1346.94 13.4848 18.4797 177.9 5.21449 13 120 1 0 1
28.4296 -10.991 1408.16 7.90453 20.7843 176.934 5.45971 13 1 1 0 1
27.9867 -11.5169 1408.16 7.81349 20.4381 179.117 5.4431 13 2 1 0 1
26.3654 -7.56509 1408.16 8.77391 21.5432 179.41 5.43954 13 3 1 0 1
26.9385 -8.36174 1408.16 9.49729 21.7221 177.582 5.45314 13 4 1 0 1
26.7854 -12.6163 1408.16 8.7627 20.7434 179.146 5.44227 13 5 1 0 1
26.7866 -14.284 1408.16 9.16904 20.0877 180.811 5.43012 13 6 1 0 1
30.2955 -10.6491 1408.16 8.15391 21.1261 179.717 5.43781 13 7 1 0 1
27.1792 -9.68637 1408.16 8.93727 21.6325 180.688 5.4298 13 8 1 0 1
30.45 -12.8935 1408.16 7.55013 20.9154 178.709 5.44588 13 9 1 0 1
24.3366 -10.6925 1408.16 10.3648 20.7969 177.01 5.45809 13 10 1 0 1
26.137 -7.97026 1408.16 8.98344 21.4843 179.702 5.4373 13 11 1 0 1
23.859 -11.8952 1408.16 8.67518 20.3327 176.281 5.46502 13 12 1 0 1
26.0052 -11.0675 1408.16 9.15788 21.0709 176.772 5.46024 13 13 1 0 1
28.9862 -8.11231 1408.16 7.42824 22.1451 178.913 5.44323 13 14 1 0 1
22.584 -8.94368 1408.16 9.62243 22.3117 179.002 5.44159 13 15 1 0 1
30.8803 -12.5537 1408.16 8.15287 20.1349 178.97 5.44437 13 16 1 0 1
26.7518 -14.0108 1408.16 8.54334 20.0037 179.621 5.43937 13 17 1 0 1
26.7103 -13.2231 1408.16 9.60454 20.0833 179.579 5.43922 13 18 1 0 1
34.873 -13.8737 1408.16 6.74072 20.7346 178.341 5.44913 13 19 1 0 1
24.9692 -14.0784 1408.16 9.89777 19.8685 178.354 5.44866 13 20 1 0 1
26.3746 -10.8692 1408.16 8.43425 20.3734 177.444 5.45588 13 21 1 0 1
28.7105 -11.788 1408.16 7.6951 21.1728 180.302 5.43352 13 22 1 0 1
23.0149 -8.65701 1408.16 9.98872 21.4585 178.166 5.44864 13 23 1 0 1
28.1314 -8.5835 1408.16 7.50082 20.7806 176.338 5.46457 13 24 1 0 1
30.187 -12.9788 1408.16 7.44882 20.1522 179.339 5.44176 13 25 1 0 1
27.2451 -12.4685 1408.16 8.52665 20.6159 179.115 5.4427 13 26 1 0 1
25.848 -12.4312 1408.16 9.15905 20.7208 182.216 5.41925 13 27 1 0 1
26.9077 -10.5432 1408.16 8.9804 21.1775 180.201 5.43383 13 28 1 0 1
28.7677 -16.211 1408.16 7.86195 20.2083 176.651 5.46249 13 29 1 0 1
26.776 -11.9544 1408.16 8.56217 20.9108 179.765 5.4375 13 30 1 0 1
27.1009 -15.7742 1408.16 8.85154 19.4372 177.724 5.45435 13 31 1 0 1
28.2593 -12.6178 1408.16 8.36763 21.2877 177.657 5.4534 13 32 1 0 1
24.9361 -10.611 1408.16 9.92747 20.8081 180.071 5.43475 13 33 1 0 1
23.5495 -10.7584 1408.16 10.5747 21.1624 179.57 5.43793 13 34 1 0 1
25.401 -14.1537 1408.16 10.5719 20.6984 179.733 5.43711 13 35 1 0 1
32.8244 -13.6541 1408.16 6.92643 20.2987 179.064 5.4439 13 36 1 0 1
25.0109 -10.254 1408.16 9.23661 20.7428 180.464 5.43213 13 37 1 0 1
27.4535 -8.53902 1408.16 7.07075 21.1228 178.134 5.45028 13 38 1 0 1
27.0057 -11.3419 1408.16 8.15633 20.2506 175.901 5.46833 13 39 1 0 1
32.6665 -9.94906 1408.16 6.62461 21.1731 175.961 5.4675 13 40 1 0 1
23.1062 -14.6217 1408.16 9.36566 20.274 178.611 5.44654 13 41 1 0 1
31.3288 -14.8214 1408.16 7.13875 20.5349 181.511 5.42524 13 42 1 0 1
24.5159 -6.6729 1408.16 9.43198 21.4453 178.294 5.4479 13 43 1 0 1
29.6717 -11.239 1408.16 7.61055 20.0931 176.863 5.461 13 44 1 0 1
23.1846 -14.1702 1408.16 8.89172 19.9812 177.317 5.45705 13 45 1 0 1
24.2664 -10.7253 1408.16 9.34068 20.3914 178.119 5.45025 13 46 1 0 1
35.8553 -7.22086 1408.16 6.36325 21.6136 179.16 5.44215 13 47 1 0 1
29.9029 -12.8286 1408.16 7.94042 20.6554 181.04 5.42837 13 48 1 0 1
27.5021 -13.274 1408.16 7.91817 19.6169 177.535 5.45602 13 49 1 0 1
25.7264 -10.2245 1408.16 10.0875 21.9528 180.313 5.43185 13 50 1 0 1
32.0277 -10.9011 1408.16 7.19141 20.7843 177.579 5.45488 13 51 1 0 1
26.1215 -11.0555 1408.16 8.04602 20.8817 180.418 5.43278 13 52 1 0 1
29.1082 -9.5988 1408.16 8.56681 20.5077 175.636 5.47006 13 53 1 0 1
29.3538 -12.79 1408.16 7.52154 20.5852 180.121 5.43544 13 54 1 0 1
27.8234 -8.57434 1408.16 9.10961 21.8892 180.107 5.43384 13 55 1 0 1
30.1887 -10.5958 1408.16 8.20538 21.4665 178.314 5.4482 13 56 1 0 1
31.6622 -6.5066 1408.16 7.09068 21.7472 177.376 5.45559 13 57 1 0 1
34.092 -11.935 1408.16 6.20826 21.2163 177.05 5.45892 13 58 1 0 1
27.039 -12.3635 1408.16 8.94047 20.403 179.825 5.43734 13 59 1 0 1
26.03 -12.2916 1408.16 8.06059 19.9657 174.929 5.4765 13 60 1 0 1
24.0926 -10.9376 1408.16 8.95967 21.4493 182.014 5.42018 13 61 1 0 1
33.5892 -16.4584 1408.16 6.59063 19.9598 180.018 5.43702 13 62 1 0 1
21.4145 -11.8554 1408.16 10.2011 20.1498 176.934 5.45936 13 63 1 0 1
27.9673 -12.8762 1408.16 8.21036 20.3699 178.301 5.44929 13 64 1 0 1
31.4608 -12.9307 1408.16 7.51321 20.1792 177.161 5.4586 13 65 1 0 1
29.3662 -13.1208 1408.16 6.4227 19.6047 174.115 5.48408 13 66 1 0 1
25.4437 -14.2892 1408.16 8.83925 19.8806 178.558 5.4475 13 67 1 0 1
26.9829 -13.0838 1408.16 9.6032 20.0849 177.344 5.45645 13 68 1 0 1
22.3776 -8.90224 1408.16 9.03636 21.6794 178.99 5.44251 13 69 1 0 1
27.3772 -8.21876 1408.16 8.84192 21.0559 180.428 5.43228 13 70 1 0 1
32.5583 -14.0212 1408.16 7.9259 20.135 181.996 5.42176 13 71 1 0 1
25.4681 -12.936 1408.16 9.46425 20.9541 177.168 5.45711 13 72 1 0 1
27.7502 -9.91561 1408.16 8.20134 21.28 179.381 5.4402 13 73 1 0 1
26.2032 -11.8389 1408.16 8.61106 20.9308 180.003 5.43566 13 74 1 0 1
28.0476 -10.0453 1408.16 8.77315 21.0816 178.347 5.44809 13 75 1 0 1
27.2707 -11.6717 1408.16 8.46658 20.483 176.347 5.46443 13 76 1 0 1
25.8446 -12.203 1408.16 8.46686 20.7224 179.412 5.44036 13 77 1 0 1
32.0494 -11.8787 1408.16 8.27012 21.1207 179.908 5.43634 13 78 1 0 1
32.8169 -8.38671 1408.16 8.34179 20.9045 177.895 5.45192 13 79 1 0 1
32.8696 -11.9976 1408.16 7.4025 20.4891 178.997 5.4441 13 80 1 0 1
22.3821 -10.8934 1408.16 9.74722 21.0262 181.505 5.42398 13 81 1 0 1
23.9783 -9.24028 1408.16 9.03376 21.5116 179.806 5.43647 13 82 1 0 1
28.2924 -11.9204 1408.16 7.71388 20.2871 178.302 5.44953 13 83 1 0 1
18.4836 -10.7914 1408.16 10.681 21.4185 183.114 5.41159 13 84 1 0 1
28.5488 -13.1544 1408.16 7.66869 20.091 176.595 5.46311 13 85 1 0 1
26.9881 -13.022 1408.16 8.47251 20.0978 178.718 5.44622 13 86 1 0 1
24.6205 -11.6273 1408.16 9.02068 20.6375 178.144 5.44997 13 87 1 0 1
25.9823 -10.037 1408.16 9.34631 20.7919 175.894 5.46741 13 88 1 0 1
30.2929 -9.62605 1408.16 8.81411 21.1351 179.565 5.43871 13 89 1 0 1
28.1089 -7.51997 1408.16 8.49969 21.2252 179.478 5.43941 13 90 1 0 1
24.5041 -11.887 1408.16 9.88885 21.4229 179.864 5.43578 13 91 1 0 1
25.5481 -10.8147 1408.16 9.87213 20.3247 175.379 5.47176 13 92 1 0 1
34.5788 -10.8004 1408.16 7.06072 21.4092 178.64 5.44612 13 93 1 0 1
26.6398 -11.8024 1408.16 8.52365 20.3881 180.75 5.43056 13 94 1 0 1
32.5451 -9.78824 1408.16 7.33556 21.5259 178.41 5.44769 13 95 1 0 1
27.546 -8.8549 1408.16 8.23305 21.8221 178.441 5.44688 13 96 1 0 1
28.6438 -11.5481 1408.16 8.40524 21.1367 179.829 5.43686 13 97 1 0 1
26.6391 -10.0502 1408.16 8.55671 20.5867 173.676 5.48601 13 98 1 0 1
31.1456 -8.23502 1408.16 7.46581 21.5288 178.819 5.4445 13 99 1 0 1
32.6435 -10.4002 1408.16 7.22807 20.9949 179.735 5.43809 13 100 1 0 1
28.3531 -11.014 1408.16 8.77477 21.038 179.884 5.43641 13 101 1 0 1
27.1584 -8.83602 1408.16 8.91115 21.3739 177.16 5.457 13 102 1 0 1
31.6682 -10.2492 1408.16 7.42786 21.135 179.55 5.43931 13 103 1 0 1
28.0696 -10.0368 1408.16 7.14546 20.7648 178.876 5.44486 13 104 1 0 1
25.1658 -9.66765 1408.16 10.4659 21.232 179.531 5.43822 13 105 1 0 1
19.6556 -13.3219 1408.16 10.663 20.2004 180.264 5.43351 13 106 1 0 1
26.1401 -12.83 1408.16 9.08106 21.0186 180.681 5.43033 13 107 1 0 1
31.1635 -15.489 1408.16 7.34872 19.8265 178.789 5.44629 13 108 1 0 1
23.8162 -9.55277 1408.16 9.5901 21.2586 179.539 5.4385 13 109 1 0 1
25.7611 -13.749 1408.16 9.41175 19.6069 178.714 5.4463 13 110 1 0 1
27.1009 -14.3811 1408.16 8.90785 20.3942 179.842 5.43724 13 111 1 0 1
29.7919 -11.9264 1408.16 8.22488 20.179 178.658 5.4467 13 112 1 0 1
29.723 -10.9934 1408.16 7.57101 21.0844 181.363 5.42574 13 113 1 0 1
24.194 -15.6813 1408.16 9.79743 19.8392 180.06 5.43571 13 114 1 0 1
30.044 -6.8967 1408.16 7.9169 21.5806 181.005 5.42785 13 115 1 0 1
32.7096 -7.47826 1408.16 7.78099 21.2541 177.737 5.45301 13 116 1 0 1
28.1694 -11.6141 1408.16 8.48317 21.0892 178.603 5.44622 13 117 1 0 1
32.7616 -11.6024 1408.16 7.0423 20.516 178.268 5.4498 13 118 1 0 1
30.8197 -9.46862 1408.16 7.54462 20.8812 180.018 5.43595 13 119 1 0 1
28.4348 -10.4053 1408.16 8.45722 21.2602 177.899 5.45151 13 120 1 0 1
30.2165 -3.51031 1469.39 2.36348 22.2153 176.921 5.69708 13 1 1 0 1
29.7151 -4.23885 1469.39 2.23962 21.9072 179.099 5.67975 13 2 1 0 1
28.4366 0.0554398 1469.39 3.30086 22.8812 179.428 5.67604 13 3 1 0 1
29.2814 -0.599584 1469.39 4.02758 23.073 177.62 5.69023 13 4 1 0 1
28.8518 -5.22899 1469.39 3.26596 22.2503 179.15 5.67889 13 5 1 0 1
28.9624 -7.17395 1469.39 3.61716 21.6708 180.825 5.66621 13 6 1 0 1
32.1009 -3.16536 1469.39 2.38409 22.5689 179.71 5.67424 13 7 1 0 1
29.274 -2.07545 1469.39 3.36242 23.0512 180.702 5.66588 13 8 1 0 1
32.063 -5.42844 1469.39 1.80804 22.4221 178.677 5.68266 13 9 1 0 1
27.0221 -3.21227 1469.39 5.09441 22.2273 177.067 5.6954 13 10 1 0 1
28.2773 -0.379399 1469.39 3.51623 22.8391 179.725 5.67371 13 11 1 0 1
25.9811 -4.53937 1469.39 3.48125 21.7924 176.286 5.70263 13 12 1 0 1
28.2579 -3.4808 1469.39 3.78543 22.5055 176.791 5.69765 13 13 1 0 1
30.5736 -0.262712 1469.39 1.79078 23.488 178.887 5.67989 13 14 1 0 1
24.9995 -1.0362 1469.39 4.43383 23.6891 179.028 5.67819 13 15 1 0 1
32.6894 -5.36755 1469.39 2.3629 21.6404 178.964 5.68108 13 16 1 0 1
28.7362 -6.88587 1469.39 3.03753 21.5649 179.618 5.67586 13 17 1 0 1
29.0562 -6.07403 1469.39 4.09029 21.6216 179.61 5.67571 13 18 1 0 1
36.158 -6.45032 1469.39 0.691142 22.2681 178.282 5.68605 13 19 1 0 1
27.4601 -6.95105 1469.39 4.54651 21.4256 178.39 5.68556 13 20 1 0 1
28.362 -3.55142 1469.39 3.02332 21.8093 177.448 5.69309 13 21 1 0 1
30.3721 -4.30527 1469.39 2.03191 22.656 180.274 5.66976 13 22 1 0 1
25.5655 -1.0081 1469.39 4.78757 22.8265 178.212 5.68554 13 23 1 0 1
29.7918 -1.09363 1469.39 2.00523 22.1271 176.323 5.70216 13 24 1 0 1
31.7599 -5.79842 1469.39 1.70787 21.6722 179.308 5.67836 13 25 1 0 1
29.2257 -5.12426 1469.39 2.99937 22.1177 179.114 5.67934 13 26 1 0 1
28.0088 -5.17171 1469.39 3.63653 22.2506 182.23 5.65487 13 27 1 0 1
29.0287 -3.06188 1469.39 3.44019 22.6234 180.216 5.67008 13 28 1 0 1
30.54 -8.88832 1469.39 2.30497 21.8096 176.621 5.69999 13 29 1 0 1
28.7643 -4.53833 1469.39 3.05002 22.3996 179.763 5.67391 13 30 1 0 1
29.2175 -8.76131 1469.39 3.37303 21.0433 177.729 5.6915 13 31 1 0 1
30.1962 -4.98393 1469.39 2.81107 22.7763 177.647 5.6905 13 32 1 0 1
27.4052 -3.24951 1469.39 4.52815 22.2607 180.114 5.67104 13 33 1 0 1
26.2655 -3.25577 1469.39 5.28641 22.6153 179.627 5.67436 13 34 1 0 1
28.0891 -6.79602 1469.39 5.13962 22.268 179.783 5.67351 13 35 1 0 1
34.1896 -6.40939 1469.39 1.00352 21.8355 179.014 5.68059 13 36 1 0 1
27.2383 -2.93206 1469.39 3.82843 22.1848 180.489 5.66831 13 37 1 0 1
28.9492 -1.00462 1469.39 1.57602 22.4786 178.102 5.68725 13 38 1 0 1
28.9141 -4.00249 1469.39 2.74857 21.6882 175.897 5.70608 13 39 1 0 1
33.9707 -2.29963 1469.39 0.818341 22.5546 175.912 5.70522 13 40 1 0 1
25.4345 -7.36239 1469.39 4.15206 21.8464 178.623 5.68335 13 41 1 0 1
32.7526 -7.58389 1469.39 1.24674 22.1322 181.46 5.66112 13 42 1 0 1
26.8545 0.954901 1469.39 4.12221 22.7479 178.334 5.68477 13 43 1 0 1
31.3424 -3.99289 1469.39 1.98363 21.5351 176.846 5.69843 13 44 1 0 1
25.3723 -6.96376 1469.39 3.71507 21.5271 177.32 5.69431 13 45 1 0 1
26.58 -3.42877 1469.39 4.05544 21.8312 178.147 5.68722 13 46 1 0 1
36.9887 0.431951 1469.39 0.217774 22.9287 179.109 5.67877 13 47 1 0 1
31.6212 -5.54383 1469.39 2.16116 22.1842 181.021 5.66439 13 48 1 0 1
29.2964 -6.20649 1469.39 2.42726 21.1352 177.521 5.69324 13 49 1 0 1
28.235 -2.48672 1469.39 4.61957 23.3882 180.355 5.66802 13 50 1 0 1
33.5138 -3.44699 1469.39 1.37263 22.2155 177.546 5.69205 13 51 1 0 1
27.9332 -3.68011 1469.39 2.57 22.3447 180.404 5.66899 13 52 1 0 1
31.1364 -2.16928 1469.39 3.00784 21.8871 175.653 5.70789 13 53 1 0 1
30.951 -5.4937 1469.39 1.81772 22.1033 180.089 5.67177 13 54 1 0 1
29.9779 -0.859086 1469.39 3.50182 23.2653 180.131 5.67009 13 55 1 0 1
32.0348 -2.93916 1469.39 2.48708 22.8935 178.308 5.68508 13 56 1 0 1
33.1211 1.26229 1469.39 1.30688 23.027 177.352 5.69279 13 57 1 0 1
35.2205 -4.30462 1469.39 0.266565 22.6694 176.979 5.69626 13 58 1 0 1
29.1512 -5.12006 1469.39 3.40217 21.9106 179.837 5.67375 13 59 1 0 1
27.9333 -5.00726 1469.39 2.75462 21.4267 174.92 5.71461 13 60 1 0 1
26.2124 -3.43438 1469.39 3.57904 22.9216 182.02 5.65584 13 61 1 0 1
34.8184 -9.34944 1469.39 0.583463 21.599 179.949 5.67342 13 62 1 0 1
24.0826 -4.58897 1469.39 5.15073 21.6201 176.98 5.69672 13 63 1 0 1
29.8438 -5.58187 1469.39 2.65785 21.8783 178.291 5.68622 13 64 1 0 1
33.0707 -5.65686 1469.39 1.74575 21.678 177.134 5.69594 13 65 1 0 1
30.6663 -5.9258 1469.39 0.91906 21.0815 174.058 5.72252 13 66 1 0 1
27.5632 -7.16431 1469.39 3.45933 21.4428 178.562 5.68435 13 67 1 0 1
29.3659 -5.84888 1469.39 4.13593 21.5983 177.378 5.69369 13 68 1 0 1
24.5963 -1.21039 1469.39 3.8707 23.0571 179.004 5.67914 13 69 1 0 1
29.4416 -0.800942 1469.39 3.26135 22.4272 180.45 5.66847 13 70 1 0 1
34.2236 -6.94098 1469.39 1.91498 21.7161 181.977 5.65749 13 71 1 0 1
27.826 -5.39522 1469.39 4.11593 22.4546 177.189 5.69437 13 72 1 0 1
29.6095 -2.37018 1469.39 2.63226 22.6947 179.376 5.67673 13 73 1 0 1
28.2115 -4.42606 1469.39 3.13422 22.4179 180.003 5.67199 13 74 1 0 1
30.1147 -2.52502 1469.39 3.20642 22.4953 178.361 5.68496 13 75 1 0 1
29.2758 -4.26776 1469.39 3.02197 21.9348 176.35 5.70201 13 76 1 0 1
27.8181 -4.83572 1469.39 3.03629 22.217 179.408 5.6769 13 77 1 0 1
33.8688 -4.39739 1469.39 2.36097 22.6064 179.902 5.6727 13 78 1 0 1
34.6827 -0.918391 1469.39 2.43987 22.2604 177.909 5.68895 13 79 1 0 1
34.3972 -4.69476 1469.39 1.47233 21.9715 178.968 5.6808 13 80 1 0 1
24.7968 -3.51261 1469.39 4.50158 22.4979 181.534 5.6598 13 81 1 0 1
26.1616 -1.63713 1469.39 3.72486 22.9086 179.822 5.67284 13 82 1 0 1
29.995 -4.65995 1469.39 2.14339 21.763 178.282 5.68647 13 83 1 0 1
21.2304 -3.34247 1469.39 5.67687 22.9004 183.158 5.64687 13 84 1 0 1
30.258 -5.88749 1469.39 2.1322 21.5929 176.571 5.70064 13 85 1 0 1
28.96 -5.83618 1469.39 2.97714 21.6173 178.717 5.68301 13 86 1 0 1
26.8197 -4.24214 1469.39 3.71212 22.1044 178.158 5.68692 13 87 1 0 1
28.3164 -2.51675 1469.39 3.99953 22.1882 175.926 5.70512 13 88 1 0 1
32.3248 -2.13901 1469.39 3.04121 22.5455 179.584 5.67518 13 89 1 0 1
30.0634 -0.010779 1469.39 2.89725 22.5635 179.493 5.6759 13 90 1 0 1
26.9695 -4.30127 1469.39 4.52827 22.9115 179.895 5.67212 13 91 1 0 1
28.08 -3.43157 1469.39 4.56625 21.7465 175.427 5.70966 13 92 1 0 1
35.9729 -3.17568 1469.39 1.01899 22.8417 178.599 5.6829 13 93 1 0 1
28.6009 -4.60265 1469.39 2.99272 21.8839 180.751 5.66667 13 94 1 0 1
34.0623 -2.11984 1469.39 1.44958 22.9235 178.381 5.68455 13 95 1 0 1
29.4335 -1.09164 1469.39 2.70747 23.1907 178.437 5.6837 13 96 1 0 1
30.5539 -4.06008 1469.39 2.75278 22.6108 179.825 5.67325 13 97 1 0 1
28.729 -2.50985 1469.39 3.23779 21.963 173.688 5.72453 13 98 1 0 1
32.7194 -0.591361 1469.39 1.66948 22.8795 178.8 5.68122 13 99 1 0 1
34.1044 -2.96316 1469.39 1.29306 22.4271 179.703 5.67453 13 100 1 0 1
30.3912 -3.56471 1469.39 3.138 22.4971 179.894 5.67277 13 101 1 0 1
29.3045 -1.17347 1469.39 3.44493 22.7368 177.181 5.69426 13 102 1 0 1
33.212 -2.75798 1469.39 1.56949 22.5604 179.523 5.6758 13 103 1 0 1
29.5728 -2.64621 1469.39 1.58122 22.1786 178.842 5.6816 13 104 1 0 1
27.8248 -2.14598 1469.39 5.05893 22.6483 179.591 5.67466 13 105 1 0 1
22.4375 -6.15852 1469.39 5.64668 21.7494 180.311 5.66974 13 106 1 0 1
28.2968 -5.40853 1469.39 3.58291 22.5457 180.69 5.66643 13 107 1 0 1
32.6976 -8.38456 1469.39 1.55335 21.4257 178.749 5.68308 13 108 1 0 1
26.1951 -2.02309 1469.39 4.29438 22.6673 179.572 5.67495 13 109 1 0 1
28.0692 -6.72673 1469.39 3.99668 21.1567 178.741 5.6831 13 110 1 0 1
29.2009 -7.12974 1469.39 3.36464 21.9685 179.845 5.67364 13 111 1 0 1
31.6443 -4.71671 1469.39 2.52519 21.661 178.656 5.68351 13 112 1 0 1
31.3147 -3.58694 1469.39 1.79997 22.5508 181.335 5.66164 13 113 1 0 1
26.6288 -8.61935 1469.39 4.45546 21.4647 180.085 5.67204 13 114 1 0 1
31.7531 0.667984 1469.39 2.12861 22.9061 181.002 5.66384 13 115 1 0 1
34.387 0.111423 1469.39 1.89911 22.5746 177.735 5.6901 13 116 1 0 1
30.1317 -4.09266 1469.39 2.90298 22.5553 178.601 5.68301 13 117 1 0 1
34.1778 -4.26397 1469.39 1.14854 21.9773 178.229 5.68675 13 118 1 0 1
32.4074 -2.08673 1469.39 1.7336 22.287 179.999 5.6723 13 119 1 0 1
30.3962 -2.80346 1469.39 2.87924 22.6794 177.902 5.68853 13 120 1 0 1
30.0453 4.21755 1530.61 -3.35038 22.2018 176.907 5.93446 13 1 1 0 1
29.4983 3.29472 1530.61 -3.50496 21.9203 179.077 5.91641 13 2 1 0 1
28.5953 7.88251 1530.61 -2.37282 22.7522 179.459 5.91254 13 3 1 0 1
29.6901 7.37659 1530.61 -1.66141 22.9674 177.671 5.92732 13 4 1 0 1
28.9951 2.42514 1530.61 -2.42929 22.2981 179.157 5.91551 13 5 1 0 1
29.2124 0.225127 1530.61 -2.14382 21.7892 180.834 5.90231 13 6 1 0 1
31.8999 4.56167 1530.61 -3.56109 22.5434 179.694 5.91067 13 7 1 0 1
29.4348 5.76632 1530.61 -2.41514 22.9918 180.725 5.90195 13 8 1 0 1
31.6707 2.30568 1530.61 -4.09224 22.4687 178.633 5.91944 13 9 1 0 1
27.8314 4.51173 1530.61 -0.423246 22.2152 177.141 5.93271 13 10 1 0 1
28.5093 7.42296 1530.61 -2.15758 22.7255 179.761 5.91011 13 11 1 0 1
26.2537 3.07541 1530.61 -1.91506 21.819 176.306 5.94024 13 12 1 0 1
28.6027 4.35281 1530.61 -1.79842 22.4952 176.824 5.93505 13 13 1 0 1
30.1937 7.79706 1530.61 -4.00542 23.3597 178.867 5.91655 13 14 1 0 1
25.5906 7.09028 1530.61 -0.984647 23.5964 179.093 5.91478 13 15 1 0 1
32.477 2.08701 1530.61 -3.60123 21.6919 178.937 5.91779 13 16 1 0 1
28.8006 0.524737 1530.61 -2.6607 21.6707 179.611 5.91236 13 17 1 0 1
29.4738 1.35156 1530.61 -1.64557 21.7042 179.639 5.91219 13 18 1 0 1
35.3326 1.25384 1530.61 -5.48503 22.343 178.19 5.92297 13 19 1 0 1
28.0636 0.462738 1530.61 -1.0376 21.5387 178.431 5.92245 13 20 1 0 1
28.4388 4.01406 1530.61 -2.57883 21.8026 177.456 5.9303 13 21 1 0 1
30.0716 3.43377 1530.61 -3.79679 22.6669 180.244 5.906 13 22 1 0 1
26.2772 6.85948 1530.61 -0.653063 22.7387 178.286 5.92244 13 23 1 0 1
29.5049 6.6159 1530.61 -3.6535 22.0343 176.308 5.93975 13 24 1 0 1
31.3352 1.65523 1530.61 -4.18907 21.7357 179.26 5.91496 13 25 1 0 1
29.2737 2.48557 1530.61 -2.7192 22.1617 179.113 5.91598 13 26 1 0 1
28.2681 2.35393 1530.61 -2.09659 22.3008 182.248 5.89049 13 27 1 0 1
29.2221 4.66153 1530.61 -2.30442 22.5992 180.237 5.90633 13 28 1 0 1
30.3458 -1.25711 1530.61 -3.4219 21.9721 176.582 5.93749 13 29 1 0 1
28.8317 3.13673 1530.61 -2.6552 22.4235 179.767 5.91032 13 30 1 0 1
29.4018 -1.44134 1530.61 -2.30579 21.2122 177.726 5.92864 13 31 1 0 1
30.1756 2.91395 1530.61 -2.93053 22.8099 177.641 5.92761 13 32 1 0 1
27.9883 4.35623 1530.61 -1.10509 22.2489 180.169 5.90733 13 33 1 0 1
27.1247 4.49114 1530.61 -0.255693 22.6045 179.706 5.9108 13 34 1 0 1
28.8735 0.846333 1530.61 -0.542415 22.3752 179.842 5.9099 13 35 1 0 1
33.4948 1.11562 1530.61 -5.05541 21.9143 178.936 5.91728 13 36 1 0 1
27.584 4.6305 1530.61 -1.79485 22.1604 180.523 5.90449 13 37 1 0 1
28.5193 6.74842 1530.61 -4.07103 22.3797 178.075 5.92422 13 38 1 0 1
28.8979 3.5897 1530.61 -2.84186 21.6947 175.895 5.94384 13 39 1 0 1
33.2206 5.5832 1530.61 -5.11763 22.4924 175.847 5.94293 13 40 1 0 1
25.9272 0.188117 1530.61 -1.28298 21.9695 178.651 5.92016 13 41 1 0 1
32.1534 -0.0526905 1530.61 -4.78924 22.2525 181.386 5.897 13 42 1 0 1
27.3211 8.77898 1530.61 -1.40985 22.5937 178.396 5.92163 13 43 1 0 1
31.0262 3.50591 1530.61 -3.80578 21.5394 176.816 5.93587 13 44 1 0 1
25.726 0.529348 1530.61 -1.67047 21.6357 177.338 5.93158 13 45 1 0 1
27.0289 4.11406 1530.61 -1.44943 21.8249 178.188 5.92418 13 46 1 0 1
35.9904 8.287 1530.61 -6.04319 22.7726 179.027 5.91538 13 47 1 0 1
31.3455 2.01136 1530.61 -3.78763 22.2398 180.987 5.90041 13 48 1 0 1
29.1562 1.13903 1530.61 -3.23829 21.2165 177.498 5.93046 13 49 1 0 1
28.8363 5.48658 1530.61 -1.08487 23.3456 180.417 5.90419 13 50 1 0 1
32.9573 4.25357 1530.61 -4.59214 22.1957 177.494 5.92922 13 51 1 0 1
27.8454 3.94439 1530.61 -3.08645 22.3393 180.397 5.9052 13 52 1 0 1
31.1829 5.49215 1530.61 -2.7415 21.834 175.664 5.94572 13 53 1 0 1
30.5713 2.07249 1530.61 -4.0455 22.1556 180.046 5.90809 13 54 1 0 1
30.1806 7.07314 1530.61 -2.31248 23.165 180.163 5.90635 13 55 1 0 1
31.8762 4.95817 1530.61 -3.40846 22.8585 178.297 5.92195 13 56 1 0 1
32.5475 9.22395 1530.61 -4.62194 22.8492 177.319 5.92999 13 57 1 0 1
34.2626 3.58207 1530.61 -5.78948 22.6693 176.884 5.93361 13 58 1 0 1
29.3325 2.38901 1530.61 -2.33907 21.9578 179.849 5.91016 13 59 1 0 1
27.937 2.54141 1530.61 -2.7333 21.4664 174.915 5.95272 13 60 1 0 1
26.4769 4.31521 1530.61 -2.01025 22.9098 182.046 5.8915 13 61 1 0 1
33.9715 -1.92666 1530.61 -5.54786 21.7756 179.843 5.90981 13 62 1 0 1
24.9499 2.93698 1530.61 -0.147483 21.656 177.05 5.93409 13 63 1 0 1
29.7718 1.98331 1530.61 -3.07608 21.9364 178.278 5.92314 13 64 1 0 1
32.6493 1.88863 1530.61 -4.17744 21.7345 177.087 5.93327 13 65 1 0 1
29.9969 1.54398 1530.61 -4.71544 21.1443 173.989 5.96095 13 66 1 0 1
27.7927 0.249473 1530.61 -2.12371 21.5588 178.569 5.9212 13 67 1 0 1
29.8127 1.65997 1530.61 -1.55286 21.6716 177.411 5.93093 13 68 1 0 1
25.001 6.70244 1530.61 -1.50971 22.9713 179.05 5.91577 13 69 1 0 1
29.5677 6.83319 1530.61 -2.51956 22.3286 180.474 5.90465 13 70 1 0 1
33.8282 0.425638 1530.61 -4.25929 21.8205 181.924 5.89322 13 71 1 0 1
28.2872 2.41433 1530.61 -1.45258 22.5084 177.224 5.93164 13 72 1 0 1
29.5263 5.40946 1530.61 -3.11869 22.6436 179.375 5.91326 13 73 1 0 1
28.3131 3.24443 1530.61 -2.5381 22.4386 180.01 5.90833 13 74 1 0 1
30.2264 5.2312 1530.61 -2.55743 22.4523 178.377 5.92184 13 75 1 0 1
29.347 3.39206 1530.61 -2.61303 21.9498 176.355 5.9396 13 76 1 0 1
27.895 2.79393 1530.61 -2.58661 22.2515 179.41 5.91344 13 77 1 0 1
33.6364 3.34125 1530.61 -3.72291 22.621 179.877 5.90906 13 78 1 0 1
34.4759 6.76757 1530.61 -3.63882 22.1623 177.901 5.92599 13 79 1 0 1
33.8595 2.86883 1530.61 -4.60734 21.9951 178.912 5.9175 13 80 1 0 1
25.3925 4.11539 1530.61 -0.977369 22.4943 181.588 5.89563 13 81 1 0 1
26.4908 6.19187 1530.61 -1.79565 22.8371 179.861 5.90921 13 82 1 0 1
29.7452 2.86087 1530.61 -3.5946 21.7896 178.255 5.9234 13 83 1 0 1
22.2495 4.35172 1530.61 0.407788 22.8942 183.246 5.88216 13 84 1 0 1
30.008 1.65372 1530.61 -3.57016 21.6588 176.54 5.93817 13 85 1 0 1
29.0061 1.62339 1530.61 -2.70866 21.6871 178.712 5.9198 13 86 1 0 1
27.1479 3.3986 1530.61 -1.80645 22.1218 178.185 5.92388 13 87 1 0 1
28.7411 5.23942 1530.61 -1.56433 22.149 175.97 5.94284 13 88 1 0 1
32.3446 5.5796 1530.61 -2.92552 22.489 179.593 5.91165 13 89 1 0 1
30.0638 7.70571 1530.61 -2.89513 22.4365 179.509 5.9124 13 90 1 0 1
27.56 3.54073 1530.61 -1.0654 22.9308 179.947 5.90846 13 91 1 0 1
28.7086 4.19791 1530.61 -0.971827 21.7411 175.484 5.94756 13 92 1 0 1
35.2614 4.69247 1530.61 -5.15945 22.8078 178.532 5.91969 13 93 1 0 1
28.6454 2.8568 1530.61 -2.73053 21.9134 180.752 5.90279 13 94 1 0 1
33.5228 5.77991 1530.61 -4.58524 22.8569 178.336 5.92141 13 95 1 0 1
29.3829 6.89124 1530.61 -3.00154 23.0951 178.445 5.92052 13 96 1 0 1
30.4972 3.68138 1530.61 -3.0849 22.6164 179.819 5.90963 13 97 1 0 1
28.8989 5.26635 1530.61 -2.276 21.9209 173.709 5.96306 13 98 1 0 1
32.271 7.26622 1530.61 -4.28242 22.7644 178.771 5.91794 13 99 1 0 1
33.5077 4.71481 1530.61 -4.78719 22.3909 179.648 5.91097 13 100 1 0 1
30.4668 4.13238 1530.61 -2.69482 22.4886 179.902 5.90914 13 101 1 0 1
29.5159 6.70965 1530.61 -2.2243 22.6492 177.212 5.93152 13 102 1 0 1
32.721 4.97183 1530.61 -4.44171 22.5179 179.48 5.91229 13 103 1 0 1
29.1345 4.98176 1530.61 -4.13569 22.1352 178.807 5.91833 13 104 1 0 1
28.5872 5.60734 1530.61 -0.596333 22.5999 179.668 5.91111 13 105 1 0 1
23.4608 1.28232 1530.61 0.367787 21.8408 180.388 5.90598 13 106 1 0 1
28.5446 2.28183 1530.61 -2.1232 22.6004 180.706 5.90254 13 107 1 0 1
32.21 -0.977311 1530.61 -4.39283 21.574 178.684 5.91988 13 108 1 0 1
26.719 5.73685 1530.61 -1.22831 22.6119 179.626 5.91141 13 109 1 0 1
28.4743 0.579427 1530.61 -1.63671 21.2622 178.765 5.9199 13 110 1 0 1
29.3688 0.410131 1530.61 -2.37999 22.0815 179.847 5.91004 13 111 1 0 1
31.5021 2.75394 1530.61 -3.35301 21.6917 178.638 5.92033 13 112 1 0 1
30.9202 4.06761 1530.61 -4.13113 22.5381 181.299 5.89754 13 113 1 0 1
27.1975 -1.25187 1530.61 -1.11739 21.6344 180.117 5.90838 13 114 1 0 1
31.4647 8.43222 1530.61 -3.82966 22.7513 180.994 5.89983 13 115 1 0 1
33.9993 7.90701 1530.61 -4.14444 22.4389 177.714 5.92719 13 116 1 0 1
30.1381 3.68265 1530.61 -2.86572 22.5621 178.601 5.91981 13 117 1 0 1
33.5343 3.33027 1530.61 -4.88529 21.9849 178.165 5.9237 13 118 1 0 1
31.9809 5.52612 1530.61 -4.23534 22.225 179.965 5.90865 13 119 1 0 1
30.395 5.03749 1530.61 -2.88645 22.6429 177.906 5.92555 13 120 1 0 1
27.9205 11.6901 1591.84 -8.86442 20.7447 176.893 6.17184 13 1 1 0 1
27.3418 10.5835 1591.84 -9.04377 20.4781 179.054 6.15306 13 2 1 0 1
26.8376 15.4125 1591.84 -7.8732 21.1563 179.498 6.14904 13 3 1 0 1
28.1543 15.0614 1591.84 -7.19774 21.404 177.728 6.16441 13 4 1 0 1
27.2116 9.84444 1591.84 -7.94834 20.886 179.167 6.15213 13 5 1 0 1
27.5301 7.41447 1591.84 -7.73464 20.4413 180.839 6.1384 13 6 1 0 1
29.6977 12.0295 1591.84 -9.29866 21.0506 179.67 6.14709 13 7 1 0 1
27.6577 13.3351 1591.84 -8.01691 21.4541 180.752 6.13803 13 8 1 0 1
29.283 9.80632 1591.84 -9.77035 21.0564 178.585 6.15621 13 9 1 0 1
26.7438 11.9771 1591.84 -5.82165 20.7576 177.222 6.17002 13 10 1 0 1
26.827 14.9335 1591.84 -7.6637 21.1432 179.804 6.14651 13 11 1 0 1
24.6698 10.4479 1591.84 -7.15136 20.4115 176.34 6.17785 13 12 1 0 1
27.0309 11.9296 1591.84 -7.22551 21.039 176.865 6.17245 13 13 1 0 1
27.8564 15.5607 1591.84 -9.58387 21.7623 178.857 6.15321 13 14 1 0 1
24.3422 14.9287 1591.84 -6.26824 22.032 179.185 6.15137 13 15 1 0 1
30.2486 9.31059 1591.84 -9.35602 20.29 178.893 6.1545 13 16 1 0 1
26.9432 7.72219 1591.84 -8.17542 20.3203 179.603 6.14885 13 17 1 0 1
27.9524 8.55455 1591.84 -7.22601 20.3294 179.662 6.14868 13 18 1 0 1
32.4179 8.73652 1591.84 -11.3991 20.962 178.077 6.15989 13 19 1 0 1
26.7642 7.66408 1591.84 -6.4836 20.2048 178.473 6.15935 13 20 1 0 1
26.6032 11.3266 1591.84 -8.00205 20.3531 177.467 6.16751 13 21 1 0 1
27.8168 10.9265 1591.84 -9.41115 21.2065 180.216 6.14224 13 22 1 0 1
25.1319 14.4416 1591.84 -5.96806 21.1928 178.378 6.15933 13 23 1 0 1
27.2783 14.0428 1591.84 -9.10505 20.504 176.295 6.17734 13 24 1 0 1
28.9238 8.88283 1591.84 -9.86033 20.3438 179.201 6.15156 13 25 1 0 1
27.3878 9.85987 1591.84 -8.25357 20.7475 179.113 6.15262 13 26 1 0 1
26.6192 9.64556 1591.84 -7.66069 20.87 182.268 6.12611 13 27 1 0 1
27.4829 12.1246 1591.84 -7.87621 21.1042 180.261 6.14259 13 28 1 0 1
28.1903 6.18128 1591.84 -8.94569 20.6956 176.543 6.17499 13 29 1 0 1
26.9765 10.5688 1591.84 -8.17786 20.9822 179.774 6.14673 13 30 1 0 1
27.6488 5.6879 1591.84 -7.81142 19.9422 177.716 6.16579 13 31 1 0 1
28.1979 10.5714 1591.84 -8.48329 21.3882 177.64 6.16471 13 32 1 0 1
26.6704 11.7051 1591.84 -6.59838 20.7706 180.228 6.14363 13 33 1 0 1
26.1051 11.9796 1591.84 -5.68155 21.127 179.796 6.14723 13 34 1 0 1
27.7344 8.27186 1591.84 -6.09937 21.0166 179.904 6.1463 13 35 1 0 1
30.758 8.42072 1591.84 -10.8641 20.5375 178.841 6.15397 13 36 1 0 1
26.0392 11.9331 1591.84 -7.25908 20.6686 180.563 6.14067 13 37 1 0 1
26.1749 14.2173 1591.84 -9.49867 20.8283 178.056 6.16119 13 38 1 0 1
26.9573 10.9338 1591.84 -8.24696 20.2701 175.895 6.18159 13 39 1 0 1
30.4354 13.1952 1591.84 -10.8053 20.9898 175.775 6.18065 13 40 1 0 1
24.5719 7.52931 1591.84 -6.57315 20.641 178.694 6.15696 13 41 1 0 1
29.5465 7.27194 1591.84 -10.5811 20.8975 181.302 6.13288 13 42 1 0 1
25.904 16.2957 1591.84 -6.79595 20.9818 178.469 6.1585 13 43 1 0 1
28.7312 10.7576 1591.84 -9.38219 20.1072 176.777 6.1733 13 44 1 0 1
24.2369 7.80924 1591.84 -6.90142 20.3054 177.369 6.16884 13 45 1 0 1
25.6014 11.4028 1591.84 -6.80602 20.3707 178.236 6.16115 13 46 1 0 1
32.8861 15.8404 1591.84 -12.0278 21.15 178.924 6.152 13 47 1 0 1
29.0827 9.33644 1591.84 -9.52103 20.8228 180.945 6.13642 13 48 1 0 1
27.085 8.2644 1591.84 -8.70574 19.8607 177.471 6.16768 13 49 1 0 1
27.5149 13.1901 1591.84 -6.65037 21.8231 180.488 6.14036 13 50 1 0 1
30.3724 11.6984 1591.84 -10.3217 20.7271 177.431 6.16639 13 51 1 0 1
25.8602 11.3167 1591.84 -8.54838 20.8659 180.397 6.14141 13 52 1 0 1
29.2466 12.8838 1591.84 -8.30862 20.3485 175.667 6.18355 13 53 1 0 1
28.2245 9.40786 1591.84 -9.68698 20.7431 179.999 6.14441 13 54 1 0 1
28.426 14.7175 1591.84 -7.95453 21.5879 180.198 6.1426 13 55 1 0 1
29.7171 12.5918 1591.84 -9.10179 21.3624 178.283 6.15883 13 56 1 0 1
29.9561 16.8732 1591.84 -10.3165 21.2171 177.282 6.16719 13 57 1 0 1
31.2429 11.2207 1591.84 -11.5771 21.2195 176.78 6.17095 13 58 1 0 1
27.5785 9.66366 1591.84 -7.90598 20.5437 179.857 6.14656 13 59 1 0 1
26.0411 9.85391 1591.84 -8.03931 20.0846 174.916 6.19082 13 60 1 0 1
24.8792 11.8084 1591.84 -7.43384 21.4132 182.087 6.12716 13 61 1 0 1
31.0702 5.31094 1591.84 -11.4137 20.4917 179.717 6.1462 13 62 1 0 1
23.9941 10.2223 1591.84 -5.33339 20.2544 177.136 6.17145 13 63 1 0 1
27.7531 9.31869 1591.84 -8.61624 20.5444 178.262 6.16007 13 64 1 0 1
30.2075 9.20541 1591.84 -9.87645 20.3498 177.025 6.1706 13 65 1 0 1
27.375 8.78897 1591.84 -10.1133 19.7951 173.918 6.19939 13 66 1 0 1
26.1263 7.45324 1591.84 -7.5387 20.2274 178.579 6.15804 13 67 1 0 1
28.3118 8.94272 1591.84 -7.09029 20.3028 177.438 6.16816 13 68 1 0 1
23.5813 14.3316 1591.84 -6.74068 21.421 179.122 6.1524 13 69 1 0 1
27.7525 14.1822 1591.84 -8.12197 20.7602 180.496 6.14084 13 70 1 0 1
31.3822 7.58023 1591.84 -10.2032 20.4491 181.847 6.12895 13 71 1 0 1
26.8398 9.98916 1591.84 -6.87311 21.1134 177.268 6.1689 13 72 1 0 1
27.5028 12.9202 1591.84 -8.67512 21.1274 179.377 6.14979 13 73 1 0 1
26.5054 10.6707 1591.84 -8.031 20.9924 180.023 6.14466 13 74 1 0 1
28.3797 12.7206 1591.84 -8.14267 20.9523 178.392 6.15871 13 75 1 0 1
27.4824 10.806 1591.84 -8.06867 20.5276 176.361 6.17718 13 76 1 0 1
26.0734 10.1845 1591.84 -8.02903 20.8256 179.421 6.14998 13 77 1 0 1
31.3584 10.8346 1591.84 -9.59391 21.1653 179.837 6.14542 13 78 1 0 1
32.2019 14.1692 1591.84 -9.50877 20.6114 177.87 6.16303 13 79 1 0 1
31.2704 10.1925 1591.84 -10.4497 20.5619 178.837 6.1542 13 80 1 0 1
24.1537 11.4893 1591.84 -6.31897 21.0134 181.658 6.13145 13 81 1 0 1
24.9574 13.7431 1591.84 -7.15818 21.2962 179.916 6.14558 13 82 1 0 1
27.5494 10.1419 1591.84 -9.12468 20.3679 178.226 6.16034 13 83 1 0 1
21.5148 11.7891 1591.84 -4.76047 21.3964 183.366 6.11745 13 84 1 0 1
27.8054 8.96889 1591.84 -9.06603 20.2894 176.506 6.17569 13 85 1 0 1
27.1252 8.85728 1591.84 -8.21046 20.3065 178.707 6.15659 13 86 1 0 1
25.5967 10.7934 1591.84 -7.16689 20.6885 178.222 6.16083 13 87 1 0 1
27.2456 12.7286 1591.84 -6.97851 20.6729 176.018 6.18055 13 88 1 0 1
30.3518 13.0274 1591.84 -8.70248 20.9657 179.591 6.14811 13 89 1 0 1
28.1101 15.1271 1591.84 -8.49947 20.8451 179.523 6.1489 13 90 1 0 1
26.2607 11.1352 1591.84 -6.52036 21.4786 180.011 6.14479 13 91 1 0 1
27.4178 11.5723 1591.84 -6.37646 20.3062 175.543 6.18547 13 92 1 0 1
32.4624 12.2999 1591.84 -11.0859 21.3106 178.447 6.15648 13 93 1 0 1
26.7722 10.0765 1591.84 -8.26826 20.4764 180.752 6.1389 13 94 1 0 1
30.9405 13.4066 1591.84 -10.385 21.3285 178.282 6.15826 13 95 1 0 1
27.3957 14.5883 1591.84 -8.52046 21.536 178.462 6.15734 13 96 1 0 1
28.4753 11.1737 1591.84 -8.72811 21.1536 179.812 6.14602 13 97 1 0 1
27.1446 12.7753 1591.84 -7.62195 20.46 173.735 6.20158 13 98 1 0 1
29.8118 14.8337 1591.84 -10.008 21.186 178.736 6.15466 13 99 1 0 1
30.8685 12.1318 1591.84 -10.6254 20.8889 179.579 6.1474 13 100 1 0 1
28.5779 11.5752 1591.84 -8.34396 21.0123 179.907 6.14551 13 101 1 0 1
27.7872 14.309 1591.84 -7.72538 21.1107 177.247 6.16878 13 102 1 0 1
30.2077 12.4378 1591.84 -10.2209 21.0097 179.427 6.14878 13 103 1 0 1
26.7659 12.3457 1591.84 -9.63024 20.6366 178.774 6.15506 13 104 1 0 1
27.4332 13.0895 1591.84 -6.12637 21.0843 179.748 6.14755 13 105 1 0 1
22.6992 8.50135 1591.84 -4.81023 20.4707 180.484 6.14222 13 106 1 0 1
26.8773 9.73899 1591.84 -7.66063 21.1817 180.728 6.13864 13 107 1 0 1
29.7132 6.23392 1591.84 -10.1071 20.2724 178.604 6.15667 13 108 1 0 1
25.3744 13.2242 1591.84 -6.60848 21.0907 179.694 6.14787 13 109 1 0 1
26.966 7.6718 1591.84 -7.11524 19.9213 178.786 6.15669 13 110 1 0 1
27.6005 7.73815 1591.84 -7.94871 20.7321 179.848 6.14644 13 111 1 0 1
29.3689 9.986 1591.84 -9.02932 20.2712 178.608 6.15714 13 112 1 0 1
28.5495 11.4686 1591.84 -9.83788 21.0479 181.258 6.13344 13 113 1 0 1
25.8855 5.92273 1591.84 -6.5485 20.3452 180.151 6.14471 13 114 1 0 1
29.1863 15.8931 1591.84 -9.57319 21.1181 180.979 6.13583 13 115 1 0 1
31.5567 15.4052 1591.84 -9.96583 20.8494 177.676 6.16428 13 116 1 0 1
28.1884 11.2088 1591.84 -8.44683 21.1096 178.602 6.1566 13 117 1 0 1
30.8477 10.6793 1591.84 -10.6748 20.5412 178.085 6.16065 13 118 1 0 1
29.5511 12.8688 1591.84 -9.97787 20.6973 179.921 6.14499 13 119 1 0 1
28.4311 12.6138 1591.84 -8.46477 21.1508 177.912 6.16257 13 120 1 0 1
23.9738 18.4214 1653.06 -13.8188 17.9387 176.882 6.40922 13 1 1 0 1
23.3784 17.1437 1653.06 -14.0137 17.6767 179.033 6.38972 13 2 1 0 1
23.2858 22.1587 1653.06 -12.8374 18.1891 179.536 6.38555 13 3 1 0 1
24.7907 21.9665 1653.06 -12.2194 18.4768 177.782 6.40151 13 4 1 0 1
23.6246 16.5435 1653.06 -12.9283 18.1086 179.179 6.38875 13 5 1 0 1
24.036 13.9113 1653.06 -12.7879 17.7222 180.839 6.37449 13 6 1 0 1
25.6281 18.7521 1653.06 -14.459 18.1876 179.641 6.38352 13 7 1 0 1
24.0655 20.1439 1653.06 -13.0758 18.5341 180.78 6.37411 13 8 1 0 1
25.0385 16.5871 1653.06 -14.8604 18.2821 178.54 6.39299 13 9 1 0 1
23.8646 18.6979 1653.06 -10.7429 17.946 177.299 6.40733 13 10 1 0 1
23.3509 21.6657 1653.06 -12.6386 18.1876 179.846 6.38292 13 11 1 0 1
21.3475 17.0933 1653.06 -11.876 17.6619 176.382 6.41546 13 12 1 0 1
23.6601 18.7623 1653.06 -12.1382 18.2294 176.908 6.40985 13 13 1 0 1
23.6989 22.5389 1653.06 -14.5813 18.7928 178.856 6.38988 13 14 1 0 1
21.3638 21.9889 1653.06 -11.0611 19.0883 179.291 6.38796 13 15 1 0 1
26.1388 15.82 1653.06 -14.5319 17.5313 178.839 6.39121 13 16 1 0 1
23.289 14.2236 1653.06 -13.1432 17.6086 179.594 6.38535 13 17 1 0 1
24.6084 15.052 1653.06 -12.285 17.5911 179.677 6.38517 13 18 1 0 1
27.5662 15.5116 1653.06 -16.6797 18.2241 177.962 6.39681 13 19 1 0 1
23.6726 14.17 1653.06 -11.4307 17.5163 178.509 6.39625 13 20 1 0 1
22.9796 17.9019 1653.06 -12.8879 17.5549 177.478 6.40472 13 21 1 0 1
23.7429 17.6866 1653.06 -14.4451 18.372 180.194 6.37848 13 22 1 0 1
22.2363 21.2511 1653.06 -10.8009 18.2813 178.473 6.39623 13 23 1 0 1
23.2463 20.7015 1653.06 -13.992 17.6314 176.286 6.41493 13 24 1 0 1
24.6648 15.4011 1653.06 -14.939 17.5939 179.141 6.38816 13 25 1 0 1
23.6938 16.5137 1653.06 -13.2405 17.9701 179.114 6.38926 13 26 1 0 1
23.182 16.2192 1653.06 -12.6877 18.0542 182.288 6.36173 13 27 1 0 1
23.9331 18.8414 1653.06 -12.9093 18.2339 180.284 6.37884 13 28 1 0 1
24.2061 12.9412 1653.06 -13.9072 18.074 176.51 6.41249 13 29 1 0 1
23.3237 17.2724 1653.06 -13.1544 18.1709 179.785 6.38315 13 30 1 0 1
24.081 12.1443 1653.06 -12.7826 17.3267 177.703 6.40294 13 31 1 0 1
24.3914 17.5003 1653.06 -13.4857 18.6057 177.644 6.40182 13 32 1 0 1
23.5628 18.3125 1653.06 -11.5876 17.9199 180.283 6.37992 13 33 1 0 1
23.3102 18.7235 1653.06 -10.6296 18.2752 179.884 6.38366 13 34 1 0 1
24.7782 14.9951 1653.06 -11.1658 18.2845 179.959 6.3827 13 35 1 0 1
26.1266 15.0218 1653.06 -16.0529 17.8034 178.744 6.39066 13 36 1 0 1
22.7207 18.4915 1653.06 -12.2008 17.8041 180.602 6.37685 13 37 1 0 1
22.0534 20.916 1653.06 -14.3486 17.9207 178.048 6.39816 13 38 1 0 1
23.2197 17.5452 1653.06 -13.1108 17.508 175.896 6.41934 13 39 1 0 1
25.764 20.0487 1653.06 -15.8821 18.1442 175.707 6.41837 13 40 1 0 1
21.4807 14.1766 1653.06 -11.3625 17.9528 178.744 6.39377 13 41 1 0 1
25.076 13.9056 1653.06 -15.7567 18.1657 181.22 6.36876 13 42 1 0 1
22.7167 23.0187 1653.06 -11.6772 18.0059 178.542 6.39536 13 43 1 0 1
24.5936 17.2785 1653.06 -14.3839 17.3343 176.734 6.41074 13 44 1 0 1
21.0203 14.3921 1653.06 -11.6251 17.6279 177.409 6.4061 13 45 1 0 1
22.4115 17.9535 1653.06 -11.6566 17.5618 178.284 6.39812 13 46 1 0 1
27.8327 22.605 1653.06 -17.3612 18.1626 178.814 6.38861 13 47 1 0 1
24.9684 15.947 1653.06 -14.6682 18.0308 180.901 6.37244 13 48 1 0 1
23.2136 14.6875 1653.06 -13.6155 17.1627 177.443 6.4049 13 49 1 0 1
24.3821 20.1352 1653.06 -11.711 18.9145 180.559 6.37652 13 50 1 0 1
25.9029 18.4019 1653.06 -15.4497 17.9073 177.365 6.40356 13 51 1 0 1
22.1061 17.952 1653.06 -13.4534 18.0205 180.405 6.37761 13 52 1 0 1
25.4545 19.5204 1653.06 -13.3328 17.525 175.662 6.42138 13 53 1 0 1
24.0481 16.028 1653.06 -14.74 17.9632 179.955 6.38074 13 54 1 0 1
24.8368 21.586 1653.06 -13.0566 18.6298 180.231 6.37886 13 55 1 0 1
25.69 19.4738 1653.06 -14.2264 18.5014 178.268 6.39571 13 56 1 0 1
25.4908 23.722 1653.06 -15.4119 18.2288 177.245 6.40439 13 57 1 0 1
26.3162 18.1234 1653.06 -16.7304 18.4189 176.681 6.4083 13 58 1 0 1
24.0115 16.2201 1653.06 -12.9331 17.7633 179.862 6.38297 13 59 1 0 1
22.3716 16.446 1653.06 -12.8116 17.3739 174.922 6.42893 13 60 1 0 1
21.5376 18.5589 1653.06 -12.3283 18.5268 182.138 6.36282 13 61 1 0 1
26.2665 11.88 1653.06 -16.642 17.8463 179.591 6.38259 13 62 1 0 1
21.3172 16.783 1653.06 -10.0552 17.5058 177.223 6.40881 13 63 1 0 1
23.917 15.9398 1653.06 -13.6003 17.7971 178.247 6.39699 13 64 1 0 1
25.8854 15.8092 1653.06 -14.9861 17.6205 176.959 6.40793 13 65 1 0 1
22.9453 15.3257 1653.06 -14.9223 17.1286 173.855 6.43783 13 66 1 0 1
22.684 13.964 1653.06 -12.4261 17.5418 178.589 6.39489 13 67 1 0 1
24.9791 15.5155 1653.06 -12.1142 17.5848 177.456 6.4054 13 68 1 0 1
20.4511 21.1894 1653.06 -11.4677 18.4991 179.207 6.38903 13 69 1 0 1
24.1197 20.7615 1653.06 -13.1785 17.8184 180.512 6.37703 13 70 1 0 1
27.0255 14.0404 1653.06 -15.5387 17.7011 181.758 6.36468 13 71 1 0 1
23.5982 16.8421 1653.06 -11.7878 18.3618 177.316 6.40617 13 72 1 0 1
23.6681 19.6756 1653.06 -13.6731 18.2421 179.383 6.38632 13 73 1 0 1
22.9123 17.3673 1653.06 -12.9814 18.1746 180.04 6.38099 13 74 1 0 1
24.6995 19.4569 1653.06 -13.1852 18.0905 178.404 6.39558 13 75 1 0 1
23.8072 17.4887 1653.06 -12.9871 17.7618 176.368 6.41477 13 76 1 0 1
22.4773 16.851 1653.06 -12.9301 18.0338 179.437 6.38652 13 77 1 0 1
27.1704 17.5964 1653.06 -14.8784 18.337 179.788 6.38179 13 78 1 0 1
27.9963 20.8012 1653.06 -14.7979 17.7056 177.822 6.40007 13 79 1 0 1
26.7737 16.792 1653.06 -15.6833 17.7701 178.754 6.3909 13 80 1 0 1
21.1897 18.1241 1653.06 -11.1621 18.149 181.733 6.36728 13 81 1 0 1
21.6782 20.5295 1653.06 -12.0034 18.38 179.98 6.38195 13 82 1 0 1
23.5413 16.6992 1653.06 -14.085 17.5936 178.198 6.39728 13 83 1 0 1
19.1225 18.484 1653.06 -9.46986 18.4995 183.498 6.35273 13 84 1 0 1
23.7839 15.5738 1653.06 -13.9966 17.5793 176.474 6.41322 13 85 1 0 1
23.4428 15.3822 1653.06 -13.1662 17.5702 178.7 6.39339 13 86 1 0 1
22.2833 17.4571 1653.06 -12.0117 17.8977 178.264 6.39779 13 87 1 0 1
23.9456 19.4647 1653.06 -11.8863 17.8523 176.063 6.41826 13 88 1 0 1
26.4748 19.7186 1653.06 -13.9185 18.0725 179.577 6.38458 13 89 1 0 1
24.3297 21.768 1653.06 -13.5497 17.8858 179.532 6.38539 13 90 1 0 1
23.182 17.9946 1653.06 -11.4745 18.6478 180.079 6.38113 13 91 1 0 1
24.3182 18.2068 1653.06 -11.2913 17.5334 175.594 6.42337 13 92 1 0 1
27.7253 19.1591 1653.06 -16.3876 18.4494 178.358 6.39327 13 93 1 0 1
23.1065 16.5733 1653.06 -13.255 17.6687 180.751 6.37501 13 94 1 0 1
26.459 20.2723 1653.06 -15.5807 18.4365 178.226 6.39512 13 95 1 0 1
23.6002 21.5111 1653.06 -13.4877 18.609 178.485 6.39416 13 96 1 0 1
24.6173 17.9306 1653.06 -13.8099 18.3187 179.805 6.38241 13 97 1 0 1
23.5883 19.5306 1653.06 -12.4482 17.6725 173.762 6.4401 13 98 1 0 1
25.4824 21.6241 1653.06 -15.1396 18.2424 178.7 6.39137 13 99 1 0 1
26.332 18.8025 1653.06 -15.8497 18.0202 179.504 6.38384 13 100 1 0 1
24.8504 18.2779 1653.06 -13.4418 18.1641 179.908 6.38187 13 101 1 0 1
24.2402 21.1373 1653.06 -12.698 18.2156 177.282 6.40604 13 102 1 0 1
25.814 19.1538 1653.06 -15.3981 18.1343 179.371 6.38527 13 103 1 0 1
22.605 18.9609 1653.06 -14.5413 17.7795 178.749 6.3918 13 104 1 0 1
24.47 19.8144 1653.06 -11.1665 18.1947 179.822 6.384 13 105 1 0 1
20.2496 15.0154 1653.06 -9.53201 17.73 180.587 6.37846 13 106 1 0 1
23.4149 16.4771 1653.06 -12.6642 18.3843 180.753 6.37474 13 107 1 0 1
25.3487 12.7661 1653.06 -15.2223 17.6177 178.523 6.39347 13 108 1 0 1
22.2734 19.9527 1653.06 -11.4863 18.1972 179.764 6.38432 13 109 1 0 1
23.6603 14.0687 1653.06 -12.0768 17.2274 178.799 6.39349 13 110 1 0 1
24.0185 14.3699 1653.06 -12.9763 18.0147 179.848 6.38284 13 111 1 0 1
25.3768 16.4962 1653.06 -14.1367 17.496 178.571 6.39395 13 112 1 0 1
24.341 18.1308 1653.06 -14.9502 18.1786 181.219 6.36935 13 113 1 0 1
22.8039 12.4218 1653.06 -11.4758 17.6899 180.185 6.38105 13 114 1 0 1
25.0537 22.5647 1653.06 -14.7305 18.1055 180.959 6.37182 13 115 1 0 1
27.199 22.1197 1653.06 -15.1952 17.9043 177.627 6.40136 13 116 1 0 1
24.4101 17.9991 1653.06 -13.4766 18.2929 178.604 6.39339 13 117 1 0 1
26.2642 17.2986 1653.06 -15.8512 17.7445 178 6.39759 13 118 1 0 1
25.2577 19.4567 1653.06 -15.124 17.8024 179.871 6.38134 13 119 1 0 1
24.6324 19.4383 1653.06 -13.4928 18.2982 177.918 6.3996 13 120 1 0 1
18.4563 23.9735 1714.29 -17.89 13.9669 176.876 6.6466 13 1 1 0 1
17.8594 22.5392 1714.29 -18.0885 13.7012 179.016 6.62638 13 2 1 0 1
18.1808 27.6831 1714.29 -16.9371 14.036 179.569 6.62205 13 3 1 0 1
19.8353 27.652 1714.29 -16.3981 14.369 177.826 6.6386 13 4 1 0 1
18.4756 22.0848 1714.29 -17.0418 14.1497 179.192 6.62537 13 5 1 0 1
18.9694 19.2804 1714.29 -16.9724 13.8172 180.835 6.61058 13 6 1 0 1
19.9453 24.2918 1714.29 -18.7102 14.1412 179.613 6.61994 13 7 1 0 1
18.9001 25.7538 1714.29 -17.2601 14.4181 180.804 6.61019 13 8 1 0 1
19.196 22.2097 1714.29 -19.0344 14.3307 178.504 6.62977 13 9 1 0 1
19.4174 24.2364 1714.29 -14.8613 13.9612 177.361 6.64464 13 10 1 0 1
18.32 27.1817 1714.29 -16.7533 14.0442 179.881 6.61932 13 11 1 0 1
16.5216 22.5747 1714.29 -15.7711 13.7501 176.425 6.65307 13 12 1 0 1
18.7264 24.412 1714.29 -16.2126 14.2478 176.947 6.64725 13 13 1 0 1
17.9775 28.291 1714.29 -18.6712 14.6371 178.864 6.62654 13 14 1 0 1
16.8814 27.8292 1714.29 -15.0393 14.9473 179.395 6.62455 13 15 1 0 1
20.4025 21.1799 1714.29 -18.7976 13.6019 178.784 6.62793 13 16 1 0 1
18.0815 19.5937 1714.29 -17.2368 13.7196 179.587 6.62184 13 17 1 0 1
19.6772 20.4087 1714.29 -16.4917 13.6737 179.681 6.62166 13 18 1 0 1
21.0516 21.1407 1714.29 -20.9962 14.3159 177.863 6.63373 13 19 1 0 1
19.0179 19.5453 1714.29 -15.552 13.6551 178.534 6.63315 13 20 1 0 1
17.8106 23.3041 1714.29 -16.9133 13.5907 177.488 6.64194 13 21 1 0 1
18.104 23.2759 1714.29 -18.5698 14.3494 180.182 6.61472 13 22 1 0 1
17.8144 26.8491 1714.29 -14.8271 14.1858 178.557 6.63313 13 23 1 0 1
17.6621 26.1551 1714.29 -17.9932 13.5997 176.28 6.65252 13 24 1 0 1
18.8173 20.7748 1714.29 -19.0969 13.6719 179.088 6.62475 13 25 1 0 1
18.436 22.0102 1714.29 -17.3526 14.0135 179.116 6.6259 13 26 1 0 1
18.1941 21.6388 1714.29 -16.8452 14.04 182.305 6.59735 13 27 1 0 1
18.8136 24.3742 1714.29 -17.0733 14.1739 180.302 6.61509 13 28 1 0 1
18.6451 18.5845 1714.29 -17.9839 14.2884 176.489 6.64999 13 29 1 0 1
18.1168 22.8099 1714.29 -17.2569 14.1742 179.798 6.61956 13 30 1 0 1
18.9396 17.4932 1714.29 -16.894 13.5474 177.688 6.64008 13 31 1 0 1
19.0032 23.2606 1714.29 -17.6121 14.6452 177.653 6.63892 13 32 1 0 1
18.8949 23.742 1714.29 -15.7424 13.8812 180.324 6.61621 13 33 1 0 1
18.9615 24.2848 1714.29 -14.7706 14.232 179.957 6.62009 13 34 1 0 1
20.2306 20.5782 1714.29 -15.4097 14.3621 180.001 6.61909 13 35 1 0 1
19.8691 20.4825 1714.29 -20.292 13.8987 178.659 6.62735 13 36 1 0 1
17.8636 23.8701 1714.29 -16.291 13.7522 180.633 6.61303 13 37 1 0 1
16.4104 26.4072 1714.29 -18.299 13.8414 178.049 6.63512 13 38 1 0 1
17.9305 22.9874 1714.29 -17.1129 13.5896 175.899 6.6571 13 39 1 0 1
19.4758 25.7044 1714.29 -20.0245 14.1398 175.651 6.65609 13 40 1 0 1
16.8825 19.6933 1714.29 -15.3287 14.0859 178.794 6.63058 13 41 1 0 1
19.0065 19.4117 1714.29 -19.9841 14.2454 181.154 6.60464 13 42 1 0 1
17.9908 28.51 1714.29 -15.7279 13.8498 178.601 6.63223 13 43 1 0 1
18.8692 22.6334 1714.29 -18.4866 13.4043 176.694 6.64817 13 44 1 0 1
16.3086 19.8418 1714.29 -15.5225 13.7832 177.451 6.64336 13 45 1 0 1
17.6908 23.3304 1714.29 -15.6769 13.5806 178.324 6.63508 13 46 1 0 1
21.1094 28.1429 1714.29 -21.7102 14.0006 178.713 6.62523 13 47 1 0 1
19.2577 21.4067 1714.29 -18.8968 14.0514 180.861 6.60846 13 48 1 0 1
17.7907 19.9741 1714.29 -17.6448 13.3051 177.42 6.64211 13 49 1 0 1
19.668 25.8816 1714.29 -15.9344 14.8046 180.619 6.61269 13 50 1 0 1
19.8131 23.9264 1714.29 -19.6489 13.9217 177.307 6.64073 13 51 1 0 1
16.8291 23.4135 1714.29 -17.475 13.9884 180.418 6.61382 13 52 1 0 1
20.0536 24.9654 1714.29 -17.489 13.5459 175.649 6.65921 13 53 1 0 1
18.2989 21.4962 1714.29 -18.8759 14.002 179.921 6.61706 13 54 1 0 1
19.6545 27.2393 1714.29 -17.2861 14.4772 180.256 6.61511 13 55 1 0 1
20.0482 25.1646 1714.29 -18.4528 14.4606 178.254 6.63259 13 56 1 0 1
19.4156 29.3313 1714.29 -19.5808 14.0704 177.212 6.64159 13 57 1 0 1
19.7587 23.8504 1714.29 -20.9238 14.4527 176.603 6.64564 13 58 1 0 1
18.8726 21.6225 1714.29 -17.0908 13.8016 179.863 6.61937 13 59 1 0 1
17.1723 21.8816 1714.29 -16.7331 13.5138 174.932 6.66704 13 60 1 0 1
16.6876 24.1288 1714.29 -16.3649 14.4367 182.19 6.59848 13 61 1 0 1
19.8331 17.3445 1714.29 -20.9025 14.0267 179.485 6.61899 13 62 1 0 1
17.1376 22.1832 1714.29 -13.9929 13.5894 177.3 6.64618 13 63 1 0 1
18.5114 21.4101 1714.29 -17.7023 13.8781 178.235 6.63392 13 64 1 0 1
19.9433 21.2637 1714.29 -19.1797 13.7308 176.899 6.64526 13 65 1 0 1
16.9711 20.7187 1714.29 -18.8276 13.3248 173.809 6.67627 13 66 1 0 1
17.704 19.3465 1714.29 -16.4616 13.6844 178.6 6.63174 13 67 1 0 1
20.0497 20.9423 1714.29 -16.2969 13.6995 177.464 6.64264 13 68 1 0 1
15.8404 26.8364 1714.29 -15.3691 14.3883 179.292 6.62566 13 69 1 0 1
18.9124 26.1349 1714.29 -17.3574 13.6903 180.519 6.61321 13 70 1 0 1
21.0198 19.3714 1714.29 -19.9278 13.7661 181.67 6.60041 13 71 1 0 1
18.7955 22.5339 1714.29 -15.8723 14.4344 177.361 6.64344 13 72 1 0 1
18.2704 25.2376 1714.29 -17.7847 14.1731 179.39 6.62285 13 73 1 0 1
17.7754 22.8968 1714.29 -17.0619 14.1697 180.06 6.61733 13 74 1 0 1
19.4298 25.0022 1714.29 -17.3566 14.0512 178.411 6.63246 13 75 1 0 1
18.5654 23.003 1714.29 -17.0456 13.8339 176.374 6.65235 13 76 1 0 1
17.3487 22.3562 1714.29 -16.9644 14.06 179.456 6.62305 13 77 1 0 1
21.3295 23.1885 1714.29 -19.2414 14.3236 179.738 6.61815 13 78 1 0 1
22.1167 26.2269 1714.29 -19.1724 13.6318 177.763 6.63711 13 79 1 0 1
20.6343 22.2309 1714.29 -19.9767 13.807 178.675 6.6276 13 80 1 0 1
16.7262 23.5832 1714.29 -15.179 14.0858 181.803 6.6031 13 81 1 0 1
16.887 26.1128 1714.29 -16.0058 14.2726 180.041 6.61831 13 82 1 0 1
17.9735 22.0971 1714.29 -18.1506 13.651 178.176 6.63421 13 83 1 0 1
15.2838 23.9991 1714.29 -13.3935 14.3879 183.622 6.58802 13 84 1 0 1
18.1964 21.032 1714.29 -18.04 13.7107 176.45 6.65075 13 85 1 0 1
18.2032 20.7626 1714.29 -17.2499 13.6619 178.694 6.63018 13 86 1 0 1
17.4424 22.9527 1714.29 -16.0176 13.9315 178.303 6.63474 13 87 1 0 1
19.0754 25.0097 1714.29 -15.9645 13.8681 176.1 6.65598 13 88 1 0 1
20.9629 25.2159 1714.29 -18.2391 13.9964 179.554 6.62104 13 89 1 0 1
18.9693 27.1916 1714.29 -17.7156 13.7452 179.534 6.62189 13 90 1 0 1
18.5529 23.6798 1714.29 -15.599 14.6219 180.141 6.61747 13 91 1 0 1
19.6388 23.6645 1714.29 -15.3932 13.6024 175.631 6.66127 13 92 1 0 1
21.3211 24.8307 1714.29 -20.7323 14.412 178.278 6.63006 13 93 1 0 1
17.8923 21.912 1714.29 -17.3614 13.6764 180.75 6.61112 13 94 1 0 1
20.3429 25.9378 1714.29 -19.8419 14.3676 178.177 6.63198 13 95 1 0 1
18.2433 27.2194 1714.29 -17.577 14.4982 178.51 6.63099 13 96 1 0 1
19.172 23.5139 1714.29 -17.9998 14.2973 179.799 6.61879 13 97 1 0 1
18.4711 25.094 1714.29 -16.437 13.737 173.786 6.67862 13 98 1 0 1
19.5434 27.1987 1714.29 -19.3473 14.1205 178.667 6.62809 13 99 1 0 1
20.1641 24.2897 1714.29 -20.1277 13.9731 179.436 6.62028 13 100 1 0 1
19.5295 23.8032 1714.29 -17.6569 14.13 179.906 6.61824 13 101 1 0 1
19.1154 26.7554 1714.29 -16.8163 14.1466 177.311 6.6433 13 102 1 0 1
19.8023 24.6824 1714.29 -19.6419 14.079 179.321 6.62176 13 103 1 0 1
16.9084 24.3908 1714.29 -18.545 13.7491 178.734 6.62853 13 104 1 0 1
19.9232 25.3443 1714.29 -15.385 14.1153 179.877 6.62044 13 105 1 0 1
16.3247 20.3893 1714.29 -13.4737 13.8004 180.679 6.6147 13 106 1 0 1
18.396 22.0582 1714.29 -16.8039 14.3932 180.778 6.61084 13 107 1 0 1
19.3781 18.1836 1714.29 -19.4106 13.7948 178.453 6.63026 13 108 1 0 1
17.6451 25.4846 1714.29 -15.535 14.115 179.827 6.62078 13 109 1 0 1
18.7919 19.3361 1714.29 -16.1941 13.3635 178.804 6.63028 13 110 1 0 1
18.8646 19.8688 1714.29 -17.1337 14.1138 179.849 6.61924 13 111 1 0 1
19.7778 21.8492 1714.29 -18.3457 13.5513 178.531 6.63076 13 112 1 0 1
18.5522 23.6171 1714.29 -19.1362 14.1184 181.187 6.60525 13 113 1 0 1
18.1814 17.8102 1714.29 -15.5714 13.8512 180.214 6.61738 13 114 1 0 1
19.3225 28.0099 1714.29 -18.968 13.9028 180.936 6.60781 13 115 1 0 1
21.1877 27.6129 1714.29 -19.5008 13.7904 177.574 6.63845 13 116 1 0 1
19.0498 23.6151 1714.29 -17.6271 14.2962 178.607 6.63018 13 117 1 0 1
20.0512 22.7516 1714.29 -20.0856 13.7812 177.923 6.63454 13 118 1 0 1
19.3605 24.8536 1714.29 -19.3424 13.7283 179.824 6.61768 13 119 1 0 1
19.2459 25.072 1714.29 -17.6432 14.269 177.924 6.63662 13 120 1 0 1
11.7217 27.9855 1775.51 -20.8118 9.08795 176.874 6.88398 13 1 1 0 1
11.1385 26.4111 1775.51 -21.0001 8.81306 179.005 6.86303 13 2 1 0 1
11.8657 31.6251 1775.51 -19.9009 8.96074 179.59 6.85855 13 3 1 0 1
13.6275 31.7554 1775.51 -19.4614 9.34166 177.852 6.87569 13 4 1 0 1
12.109 26.1075 1775.51 -20.0186 9.27051 179.203 6.86199 13 5 1 0 1
12.6725 23.1629 1775.51 -20.0147 8.98938 180.828 6.84667 13 6 1 0 1
13.0072 28.2878 1775.51 -21.7793 9.17526 179.589 6.85637 13 7 1 0 1
12.5061 29.8034 1775.51 -20.2955 9.37108 180.821 6.84627 13 8 1 0 1
12.1173 26.3123 1775.51 -22.0234 9.4632 178.485 6.86655 13 9 1 0 1
13.7284 28.2317 1775.51 -17.9056 9.06245 177.397 6.88194 13 10 1 0 1
12.0754 31.1211 1775.51 -19.7355 8.97699 179.903 6.85573 13 11 1 0 1
10.5283 26.532 1775.51 -18.5735 8.93256 176.462 6.89068 13 12 1 0 1
12.5688 28.5167 1775.51 -19.1805 9.35257 176.976 6.88466 13 13 1 0 1
11.0514 32.4537 1775.51 -21.5846 9.55755 178.88 6.8632 13 14 1 0 1
11.2223 32.0854 1775.51 -17.9332 9.87044 179.48 6.86114 13 15 1 0 1
13.3993 25.0316 1775.51 -21.8814 8.76397 178.735 6.86464 13 16 1 0 1
11.6666 23.4737 1775.51 -20.1868 8.91479 179.583 6.85834 13 17 1 0 1
13.4977 24.266 1775.51 -19.5725 8.83931 179.674 6.85815 13 18 1 0 1
13.2532 25.262 1775.51 -24.0796 9.49846 177.794 6.87065 13 19 1 0 1
13.1317 23.4311 1775.51 -18.5767 8.88075 178.546 6.87005 13 20 1 0 1
11.441 27.1737 1775.51 -19.8115 8.7198 177.494 6.87915 13 21 1 0 1
11.2571 27.3331 1775.51 -21.5152 9.402 180.18 6.85096 13 22 1 0 1
12.1918 30.8743 1775.51 -17.7762 9.16758 178.615 6.87003 13 23 1 0 1
10.8812 30.0437 1775.51 -20.8444 8.66736 176.277 6.89011 13 24 1 0 1
11.7434 24.6448 1775.51 -22.0652 8.83951 179.05 6.86135 13 25 1 0 1
11.9617 25.989 1775.51 -20.3202 9.13925 179.119 6.86254 13 26 1 0 1
11.9959 25.5449 1775.51 -19.8584 9.09319 182.316 6.83297 13 27 1 0 1
12.4677 28.3624 1775.51 -20.095 9.18802 180.314 6.85135 13 28 1 0 1
11.8621 22.7491 1775.51 -20.9111 9.59498 176.484 6.88749 13 29 1 0 1
11.7014 26.8207 1775.51 -20.2149 9.2545 179.81 6.85597 13 30 1 0 1
12.5687 21.3758 1775.51 -19.8776 8.86263 177.674 6.87723 13 31 1 0 1
12.384 27.4889 1775.51 -20.5937 9.7658 177.668 6.87603 13 32 1 0 1
12.9986 27.634 1775.51 -18.7887 8.91811 180.346 6.85251 13 33 1 0 1
13.3828 28.3025 1775.51 -17.8301 9.26003 180.004 6.85652 13 34 1 0 1
14.4203 24.66 1775.51 -18.5551 9.51131 180.026 6.85549 13 35 1 0 1
12.3583 24.443 1775.51 -23.3127 9.08495 178.6 6.86405 13 36 1 0 1
11.8045 27.7097 1775.51 -19.2576 8.77702 180.652 6.84921 13 37 1 0 1
9.60259 30.3304 1775.51 -21.0855 8.85128 178.059 6.87209 13 38 1 0 1
11.4377 26.9008 1775.51 -19.9891 8.77187 175.902 6.89485 13 39 1 0 1
11.9443 29.8004 1775.51 -22.9676 9.2348 175.618 6.8938 13 40 1 0 1
11.1075 23.7186 1775.51 -18.2045 9.29905 178.837 6.86738 13 41 1 0 1
11.7057 23.4298 1775.51 -22.9919 9.40056 181.113 6.84052 13 42 1 0 1
12.0598 32.4095 1775.51 -18.6775 8.77584 178.639 6.8691 13 43 1 0 1
11.9172 26.4634 1775.51 -21.4243 8.57611 176.663 6.88561 13 44 1 0 1
10.4349 23.7985 1775.51 -18.3297 9.02822 177.489 6.88063 13 45 1 0 1
11.7727 27.1745 1775.51 -18.5986 8.68718 178.348 6.87205 13 46 1 0 1
13.1011 32.093 1775.51 -24.8033 8.92915 178.636 6.86184 13 47 1 0 1
12.3093 25.3556 1775.51 -21.934 9.14888 180.833 6.84447 13 48 1 0 1
11.1678 23.7662 1775.51 -20.5282 8.54652 177.403 6.87933 13 49 1 0 1
13.7058 30.0662 1775.51 -19.044 9.75753 180.661 6.84886 13 50 1 0 1
12.4714 27.9114 1775.51 -22.6512 9.03086 177.266 6.87789 13 51 1 0 1
10.3766 27.3413 1775.51 -20.3445 9.03294 180.433 6.85003 13 52 1 0 1
13.3947 28.859 1775.51 -20.5094 8.66936 175.631 6.89704 13 53 1 0 1
11.3367 25.4526 1775.51 -21.8251 9.1223 179.901 6.85338 13 54 1 0 1
13.2244 31.3152 1775.51 -20.3679 9.39494 180.271 6.85136 13 55 1 0 1
13.1484 29.3018 1775.51 -21.5095 9.50148 178.245 6.86947 13 56 1 0 1
12.0988 33.3393 1775.51 -22.5551 9.0039 177.189 6.87879 13 57 1 0 1
11.9506 28.0386 1775.51 -23.892 9.58004 176.558 6.88299 13 58 1 0 1
12.5059 25.5117 1775.51 -20.1071 8.92116 179.859 6.85578 13 59 1 0 1
10.7888 25.8009 1775.51 -19.5426 8.75893 174.943 6.90515 13 60 1 0 1
10.6659 28.1567 1775.51 -19.2711 9.40799 182.235 6.83414 13 61 1 0 1
12.1473 21.3446 1775.51 -23.9261 9.29453 179.414 6.85538 13 62 1 0 1
11.7746 26.0638 1775.51 -16.8797 8.76288 177.353 6.88354 13 63 1 0 1
11.8873 25.3695 1775.51 -20.6542 9.04763 178.228 6.87085 13 64 1 0 1
12.746 25.209 1775.51 -22.1898 8.93958 176.854 6.88259 13 65 1 0 1
9.81793 24.6087 1775.51 -21.5722 8.63697 173.786 6.91471 13 66 1 0 1
11.5261 23.2417 1775.51 -19.3775 8.91467 178.609 6.86859 13 67 1 0 1
13.8624 24.8635 1775.51 -19.3676 8.90622 177.461 6.87987 13 68 1 0 1
10.0795 30.9107 1775.51 -18.1776 9.3496 179.363 6.86229 13 69 1 0 1
12.4762 29.9436 1775.51 -20.385 8.6413 180.515 6.8494 13 70 1 0 1
13.7313 23.2148 1775.51 -23.0945 8.91043 181.598 6.83614 13 71 1 0 1
12.7669 26.702 1775.51 -18.8577 9.58918 177.396 6.8807 13 72 1 0 1
11.6604 29.245 1775.51 -20.7397 9.18305 179.397 6.85938 13 73 1 0 1
11.439 26.8985 1775.51 -20.002 9.24033 180.078 6.85366 13 74 1 0 1
12.9181 28.9958 1775.51 -20.3854 9.0961 178.412 6.86933 13 75 1 0 1
12.1037 26.9882 1775.51 -19.978 9.0015 176.379 6.88993 13 76 1 0 1
11.0314 26.3398 1775.51 -19.8632 9.16565 179.475 6.85959 13 77 1 0 1
14.198 27.2494 1775.51 -22.4076 9.38915 179.697 6.85451 13 78 1 0 1
14.9262 30.0868 1775.51 -22.358 8.65331 177.703 6.87415 13 79 1 0 1
13.2219 26.1496 1775.51 -23.0586 8.93515 178.614 6.8643 13 80 1 0 1
11.0899 27.5067 1775.51 -18.0971 9.0884 181.854 6.83893 13 81 1 0 1
10.919 30.1315 1775.51 -18.8954 9.23697 180.09 6.85468 13 82 1 0 1
11.2009 25.9762 1775.51 -21.0548 8.80019 178.162 6.87115 13 83 1 0 1
10.3092 27.9738 1775.51 -16.2583 9.32752 183.718 6.8233 13 84 1 0 1
11.3984 24.9837 1775.51 -20.9317 8.94076 176.437 6.88827 13 85 1 0 1
11.753 24.6395 1775.51 -20.193 8.84203 178.689 6.86697 13 86 1 0 1
11.4103 26.9198 1775.51 -18.9166 9.0496 178.333 6.8717 13 87 1 0 1
12.9723 29.0028 1775.51 -18.9452 8.97803 176.121 6.89369 13 88 1 0 1
14.1696 29.1589 1775.51 -21.389 9.00179 179.526 6.85751 13 89 1 0 1
12.3787 31.0383 1775.51 -20.7249 8.68762 179.528 6.85838 13 90 1 0 1
12.7041 27.8282 1775.51 -18.6206 9.66309 180.188 6.85381 13 91 1 0 1
13.712 27.5857 1775.51 -18.4135 8.7704 175.648 6.89917 13 92 1 0 1
13.6263 28.9525 1775.51 -23.8484 9.46101 178.22 6.86684 13 93 1 0 1
11.4753 25.7341 1775.51 -20.3162 8.76328 180.747 6.84723 13 94 1 0 1
12.9614 30.0408 1775.51 -22.898 9.38416 178.143 6.86883 13 95 1 0 1
11.6748 31.3506 1775.51 -20.5189 9.46538 178.534 6.86781 13 96 1 0 1
12.4912 27.5624 1775.51 -21.0258 9.35242 179.796 6.85518 13 97 1 0 1
12.1363 29.1046 1775.51 -19.3256 8.90792 173.803 6.91714 13 98 1 0 1
12.3594 31.1965 1775.51 -22.3606 9.08361 178.642 6.86481 13 99 1 0 1
12.7353 28.2331 1775.51 -23.188 9.01155 179.385 6.85672 13 100 1 0 1
12.9641 27.7903 1775.51 -20.7159 9.17343 179.901 6.8546 13 101 1 0 1
12.7566 30.8016 1775.51 -19.8106 9.16405 177.329 6.88056 13 102 1 0 1
12.5389 28.6628 1775.51 -22.6811 9.10763 179.284 6.85826 13 103 1 0 1
10.0344 28.2758 1775.51 -21.3755 8.807 178.73 6.86526 13 104 1 0 1
14.1216 29.3184 1775.51 -18.5058 9.1098 179.906 6.85688 13 105 1 0 1
11.2373 24.2638 1775.51 -16.3651 8.94318 180.746 6.85094 13 106 1 0 1
12.1615 26.1211 1775.51 -19.807 9.47155 180.798 6.84694 13 107 1 0 1
12.1667 22.1271 1775.51 -22.4039 9.06407 178.406 6.86706 13 108 1 0 1
11.8204 29.4591 1775.51 -18.4833 9.10694 179.871 6.85724 13 109 1 0 1
12.6977 23.1163 1775.51 -19.1967 8.58991 178.8 6.86708 13 110 1 0 1
12.483 23.8744 1775.51 -20.1491 9.29093 179.85 6.85565 13 111 1 0 1
12.9278 25.6863 1775.51 -21.3855 8.69871 178.495 6.86758 13 112 1 0 1
11.5438 27.5674 1775.51 -22.1237 9.13268 181.167 6.84115 13 113 1 0 1
12.3489 21.7288 1775.51 -18.5639 9.09022 180.233 6.85372 13 114 1 0 1
12.352 31.869 1775.51 -22.0111 8.77705 180.913 6.84381 13 115 1 0 1
13.8894 31.5245 1775.51 -22.6108 8.77088 177.524 6.87554 13 116 1 0 1
12.4571 27.695 1775.51 -20.628 9.38067 178.612 6.86698 13 117 1 0 1
12.5801 26.6784 1775.51 -23.1093 8.91258 177.867 6.87149 13 118 1 0 1
12.223 28.7004 1775.51 -22.3615 8.73945 179.786 6.85403 13 119 1 0 1
12.622 29.1531 1775.51 -20.6462 9.32383 177.928 6.87364 13 120 1 0 1
4.20359 30.1969 1836.73 -22.3922 3.61968 176.877 7.12136 13 1 1 0 1
3.64917 28.5002 1836.73 -22.5559 3.33344 179.002 7.09969 13 2 1 0 1
4.76347 33.725 1836.73 -21.5323 3.28838 179.595 7.09505 13 3 1 0 1
6.58726 34.0152 1836.73 -21.2113 3.71725 177.858 7.11278 13 4 1 0 1
4.94896 28.3511 1836.73 -21.6631 3.79264 179.211 7.09861 13 5 1 0 1
5.56781 25.2998 1836.73 -21.7171 3.56268 180.82 7.08277 13 6 1 0 1
5.25265 30.4797 1836.73 -23.4698 3.61287 179.574 7.0928 13 7 1 0 1
5.30863 32.0315 1836.73 -21.9834 3.71922 180.828 7.08235 13 8 1 0 1
4.24502 28.6334 1836.73 -23.6342 3.99898 178.485 7.10332 13 9 1 0 1
7.2044 30.4236 1836.73 -19.6779 3.57026 177.405 7.11925 13 10 1 0 1
5.03824 33.224 1836.73 -21.388 3.3116 179.908 7.09213 13 11 1 0 1
3.78197 28.7051 1836.73 -20.0926 3.52596 176.486 7.12829 13 12 1 0 1
5.60587 30.8145 1836.73 -20.8471 3.86245 176.993 7.12206 13 13 1 0 1
3.35894 34.7648 1836.73 -23.1282 3.87677 178.9 7.09986 13 14 1 0 1
4.7925 34.4942 1836.73 -19.5457 4.18213 179.534 7.09773 13 15 1 0 1
5.56958 27.1164 1836.73 -23.588 3.33813 178.702 7.10135 13 16 1 0 1
4.46953 25.6045 1836.73 -21.7988 3.51528 179.581 7.09483 13 17 1 0 1
6.48908 26.3651 1836.73 -21.3292 3.41075 179.66 7.09463 13 18 1 0 1
4.63217 27.6138 1836.73 -25.7373 4.08915 177.769 7.10756 13 19 1 0 1
6.4259 25.5681 1836.73 -20.3077 3.51371 178.544 7.10695 13 20 1 0 1
4.2951 29.252 1836.73 -21.3901 3.26141 177.495 7.11636 13 21 1 0 1
3.63856 29.5971 1836.73 -23.087 3.85271 180.19 7.0872 13 22 1 0 1
5.7737 33.0658 1836.73 -19.4511 3.54992 178.641 7.10692 13 23 1 0 1
3.33828 32.1081 1836.73 -22.3558 3.15216 176.277 7.1277 13 24 1 0 1
3.88543 26.7522 1836.73 -23.6513 3.41696 179.034 7.09795 13 25 1 0 1
4.69774 28.1899 1836.73 -21.9483 3.66852 179.122 7.09917 13 26 1 0 1
5.00718 27.6783 1836.73 -21.5287 3.54106 182.318 7.06859 13 27 1 0 1
5.31924 30.5456 1836.73 -21.7766 3.60118 180.317 7.0876 13 28 1 0 1
4.29199 25.1729 1836.73 -22.4978 4.30805 176.497 7.12499 13 29 1 0 1
4.50305 29.044 1836.73 -21.8329 3.73451 179.82 7.09239 13 30 1 0 1
5.39258 23.5332 1836.73 -21.5397 3.58949 177.665 7.11437 13 31 1 0 1
4.96423 29.9222 1836.73 -22.2363 4.28617 177.686 7.11313 13 32 1 0 1
6.28612 29.7294 1836.73 -20.527 3.35622 180.346 7.0888 13 33 1 0 1
6.97792 30.5159 1836.73 -19.6076 3.68455 180.02 7.09296 13 34 1 0 1
7.75742 26.9791 1836.73 -20.4006 4.0556 180.032 7.09188 13 35 1 0 1
4.04773 26.6432 1836.73 -24.9228 3.68105 178.576 7.10074 13 36 1 0 1
4.95978 29.7518 1836.73 -20.9035 3.20408 180.654 7.08539 13 37 1 0 1
2.06567 32.4263 1836.73 -22.5186 3.27054 178.074 7.10906 13 38 1 0 1
4.16872 29.0259 1836.73 -21.5489 3.37067 175.904 7.13261 13 39 1 0 1
3.62369 32.0749 1836.73 -24.5222 3.74462 175.61 7.13152 13 40 1 0 1
4.56479 25.992 1836.73 -19.7959 3.91208 178.867 7.10419 13 41 1 0 1
3.62188 25.6991 1836.73 -24.5859 3.95403 181.105 7.0764 13 42 1 0 1
5.33653 34.4578 1836.73 -20.3294 3.10828 178.647 7.10596 13 43 1 0 1
4.17663 28.5102 1836.73 -23.0062 3.16687 176.644 7.12304 13 44 1 0 1
3.81066 26.0023 1836.73 -19.8555 3.68031 177.516 7.11789 13 45 1 0 1
5.06974 29.2272 1836.73 -20.2268 3.20301 178.354 7.10902 13 46 1 0 1
4.27387 34.1957 1836.73 -26.4472 3.2704 178.593 7.09846 13 47 1 0 1
4.56236 27.5338 1836.73 -23.5836 3.64723 180.82 7.08049 13 48 1 0 1
3.7756 25.8058 1836.73 -22.0752 3.20426 177.394 7.11655 13 49 1 0 1
6.90913 32.4263 1836.73 -20.8381 4.09985 180.68 7.08503 13 50 1 0 1
4.32695 30.0966 1836.73 -24.2646 3.55291 177.247 7.11506 13 51 1 0 1
3.17512 29.4758 1836.73 -21.8679 3.47785 180.447 7.08624 13 52 1 0 1
5.90932 30.942 1836.73 -22.2004 3.21253 175.61 7.13487 13 53 1 0 1
3.60081 27.6373 1836.73 -23.3944 3.64584 179.898 7.08971 13 54 1 0 1
5.97233 33.5525 1836.73 -22.1025 3.70915 180.273 7.08762 13 55 1 0 1
5.42848 31.6232 1836.73 -23.2008 3.94509 178.242 7.10634 13 56 1 0 1
3.98879 35.4855 1836.73 -24.1423 3.3496 177.176 7.11599 13 57 1 0 1
3.35318 30.4256 1836.73 -25.4454 4.1167 176.553 7.12033 13 58 1 0 1
5.33567 27.6283 1836.73 -21.7854 3.44505 179.852 7.09219 13 59 1 0 1
3.64575 27.9444 1836.73 -21.0518 3.42296 174.954 7.14326 13 60 1 0 1
3.88773 30.382 1836.73 -20.8499 3.76847 182.265 7.0698 13 61 1 0 1
3.66706 23.6197 1836.73 -25.5214 3.9685 179.391 7.09177 13 62 1 0 1
5.6268 28.1656 1836.73 -18.5212 3.34558 177.374 7.1209 13 63 1 0 1
4.47546 27.5581 1836.73 -22.2625 3.62484 178.227 7.10777 13 64 1 0 1
4.73894 27.3853 1836.73 -23.8245 3.56366 176.831 7.11992 13 65 1 0 1
1.93002 26.7365 1836.73 -22.9723 3.37505 173.789 7.15314 13 66 1 0 1
4.5698 25.3903 1836.73 -20.9801 3.55202 178.616 7.10544 13 67 1 0 1
6.83667 27.0197 1836.73 -21.1294 3.52384 177.448 7.11711 13 68 1 0 1
3.57733 33.1509 1836.73 -19.6992 3.7068 179.408 7.09892 13 69 1 0 1
5.23723 31.9292 1836.73 -22.0635 2.99798 180.499 7.08559 13 70 1 0 1
5.60776 25.3119 1836.73 -24.8409 3.45884 181.554 7.07187 13 71 1 0 1
5.92809 29.0841 1836.73 -20.5483 4.14491 177.419 7.11797 13 72 1 0 1
4.26848 31.4374 1836.73 -22.3432 3.59498 179.404 7.09591 13 73 1 0 1
4.32625 29.1119 1836.73 -21.6061 3.70974 180.091 7.08999 13 74 1 0 1
5.59217 31.1771 1836.73 -22.0755 3.54699 178.407 7.1062 13 75 1 0 1
4.84877 29.1841 1836.73 -21.5921 3.58163 176.382 7.12752 13 76 1 0 1
3.94828 28.5415 1836.73 -21.4327 3.67252 179.491 7.09613 13 77 1 0 1
6.2194 29.5181 1836.73 -24.1791 3.85672 179.671 7.09087 13 78 1 0 1
6.87005 32.122 1836.73 -24.1577 3.09167 177.651 7.11119 13 79 1 0 1
4.9876 28.2885 1836.73 -24.7352 3.47476 178.58 7.101 13 80 1 0 1
4.68639 29.6349 1836.73 -19.7186 3.48424 181.879 7.07475 13 81 1 0 1
4.18797 32.3252 1836.73 -20.4763 3.59792 180.118 7.09105 13 82 1 0 1
3.65816 28.0776 1836.73 -22.6058 3.3606 178.158 7.10808 13 83 1 0 1
4.58738 30.1479 1836.73 -17.8647 3.64967 183.769 7.05859 13 84 1 0 1
3.82528 27.169 1836.73 -22.4817 3.58522 176.436 7.1258 13 85 1 0 1
4.51843 26.754 1836.73 -21.8018 3.43074 178.686 7.10376 13 86 1 0 1
4.60272 29.0984 1836.73 -20.5149 3.57251 178.35 7.10865 13 87 1 0 1
6.05359 31.1837 1836.73 -20.6338 3.5001 176.126 7.1314 13 88 1 0 1
6.53001 31.2879 1836.73 -23.1694 3.413 179.498 7.09397 13 89 1 0 1
4.98769 33.0496 1836.73 -22.3812 3.03804 179.513 7.09488 13 90 1 0 1
6.04665 30.1778 1836.73 -20.3403 4.09588 180.214 7.09015 13 91 1 0 1
6.95069 29.7108 1836.73 -20.157 3.3544 175.644 7.13708 13 92 1 0 1
5.09924 31.2625 1836.73 -25.5415 3.91668 178.193 7.10363 13 93 1 0 1
4.28124 27.7813 1836.73 -21.9238 3.25386 180.742 7.08334 13 94 1 0 1
4.76452 32.3197 1836.73 -24.5548 3.80682 178.129 7.10569 13 95 1 0 1
4.32401 33.6427 1836.73 -22.1188 3.83262 178.553 7.10463 13 96 1 0 1
5.00724 29.815 1836.73 -22.6915 3.80728 179.796 7.09156 13 97 1 0 1
5.00748 31.3018 1836.73 -20.9236 3.4986 173.811 7.15567 13 98 1 0 1
4.37561 33.357 1836.73 -23.985 3.45411 178.629 7.10153 13 99 1 0 1
4.49708 30.3731 1836.73 -24.8359 3.45797 179.357 7.09316 13 100 1 0 1
5.58322 29.979 1836.73 -22.4212 3.6183 179.894 7.09097 13 101 1 0 1
5.58785 33.0151 1836.73 -21.4856 3.5885 177.334 7.11782 13 102 1 0 1
4.47113 30.8348 1836.73 -24.321 3.54242 179.265 7.09475 13 103 1 0 1
2.42008 30.3568 1836.73 -22.8424 3.27388 178.736 7.102 13 104 1 0 1
7.47506 31.4767 1836.73 -20.3274 3.50385 179.906 7.09333 13 105 1 0 1
5.37886 26.3802 1836.73 -18.0091 3.48292 180.777 7.08718 13 106 1 0 1
5.13226 28.4046 1836.73 -21.4758 3.94391 180.813 7.08304 13 107 1 0 1
4.16042 24.3367 1836.73 -24.0102 3.74315 178.388 7.10385 13 108 1 0 1
5.20977 31.6162 1836.73 -20.134 3.49774 179.891 7.09369 13 109 1 0 1
5.79501 25.1514 1836.73 -20.889 3.22726 178.788 7.10387 13 110 1 0 1
5.29846 26.1262 1836.73 -21.8262 3.868 179.853 7.09205 13 111 1 0 1
5.26341 27.749 1836.73 -23.0616 3.25887 178.468 7.10439 13 112 1 0 1
3.75647 29.7219 1836.73 -23.7175 3.5466 181.161 7.07705 13 113 1 0 1
5.71676 23.918 1836.73 -20.256 3.72908 180.242 7.09005 13 114 1 0 1
4.5818 33.8831 1836.73 -23.6627 3.05566 180.892 7.0798 13 115 1 0 1
5.75193 33.595 1836.73 -24.33 3.16682 177.485 7.11263 13 116 1 0 1
5.06203 29.9776 1836.73 -22.2841 3.86723 178.617 7.10377 13 117 1 0 1
4.30362 28.8194 1836.73 -24.7301 3.45758 177.838 7.10844 13 118 1 0 1
4.28921 30.7384 1836.73 -23.9863 3.15957 179.761 7.09038 13 119 1 0 1
5.19158 31.4202 1836.73 -22.3068 3.78326 177.932 7.11066 13 120 1 0 1
-3.61272 30.4644 1897.96 -22.5264 -2.08172 176.885 7.35873 13 1 1 0 1
-4.12419 28.6649 1897.96 -22.651 -2.37797 179.005 7.33635 13 2 1 0 1
-2.65134 33.8407 1897.96 -21.7236 -2.6161 179.583 7.33155 13 3 1 0 1
-0.81227 34.2876 1897.96 -21.5375 -2.14237 177.845 7.34988 13 4 1 0 1
-2.52837 28.6718 1897.96 -21.8676 -1.92309 179.216 7.33523 13 5 1 0 1
-1.87008 25.5488 1897.96 -21.9705 -2.10001 180.813 7.31886 13 6 1 0 1
-2.827 30.7245 1897.96 -23.6738 -2.18443 179.571 7.32922 13 7 1 0 1
-2.21541 32.2949 1897.96 -22.2144 -2.17126 180.825 7.31842 13 8 1 0 1
-3.92653 29.0285 1897.96 -23.7611 -1.70435 178.505 7.3401 13 9 1 0 1
0.305313 30.6692 1897.96 -20.0673 -2.15495 177.384 7.35656 13 10 1 0 1
-2.3185 33.3486 1897.96 -21.6024 -2.58644 179.894 7.32854 13 11 1 0 1
-3.2517 28.9515 1897.96 -20.2242 -2.11334 176.494 7.3659 13 12 1 0 1
-1.69117 31.1616 1897.96 -21.1043 -1.86431 176.995 7.35946 13 13 1 0 1
-4.61007 35.0799 1897.96 -23.1965 -2.04334 178.922 7.33653 13 14 1 0 1
-1.9506 34.9102 1897.96 -19.7677 -1.75147 179.55 7.33432 13 15 1 0 1
-2.59337 27.2925 1897.96 -23.8105 -2.31752 178.689 7.33806 13 16 1 0 1
-3.03254 25.8439 1897.96 -21.9662 -2.11877 179.583 7.33133 13 17 1 0 1
-0.8763 26.5641 1897.96 -21.6518 -2.25031 179.639 7.33112 13 18 1 0 1
-4.29809 28.0512 1897.96 -25.8648 -1.55817 177.79 7.34448 13 19 1 0 1
-0.635116 25.8141 1897.96 -20.6357 -2.0865 178.529 7.34384 13 20 1 0 1
-3.15132 29.3973 1897.96 -21.5438 -2.42641 177.49 7.35357 13 21 1 0 1
-4.26369 29.9241 1897.96 -23.1791 -1.93639 180.209 7.32344 13 22 1 0 1
-0.982885 33.2808 1897.96 -19.7422 -2.30287 178.629 7.34382 13 23 1 0 1
-4.48063 32.207 1897.96 -22.4244 -2.58992 176.278 7.36529 13 24 1 0 1
-4.26257 26.9552 1897.96 -23.7504 -2.23771 179.039 7.33455 13 25 1 0 1
-2.8771 28.4699 1897.96 -22.13 -2.03829 179.126 7.33581 13 26 1 0 1
-2.30037 27.8965 1897.96 -21.7465 -2.24899 182.313 7.30421 13 27 1 0 1
-2.15603 30.7811 1897.96 -22.0092 -2.22212 180.311 7.32385 13 28 1 0 1
-3.57856 25.7101 1897.96 -22.6392 -1.2201 176.527 7.36249 13 29 1 0 1
-3.00117 29.3367 1897.96 -22.0036 -2.02345 179.827 7.3288 13 30 1 0 1
-2.11222 23.8229 1897.96 -21.7737 -1.91654 177.663 7.35152 13 31 1 0 1
-2.77321 30.4149 1897.96 -22.4326 -1.43601 177.708 7.35023 13 32 1 0 1
-0.777978 29.8863 1897.96 -20.8468 -2.43897 180.324 7.32509 13 33 1 0 1
0.203751 30.7818 1897.96 -19.9908 -2.12853 180.003 7.32939 13 34 1 0 1
0.705183 27.391 1897.96 -20.8329 -1.64156 180.021 7.32828 13 35 1 0 1
-4.55708 26.9401 1897.96 -25.0179 -1.95717 178.59 7.33743 13 36 1 0 1
-2.2025 29.8552 1897.96 -21.12 -2.60095 180.638 7.32157 13 37 1 0 1
-5.71465 32.5529 1897.96 -22.4958 -2.54131 178.089 7.34603 13 38 1 0 1
-3.3976 29.2205 1897.96 -21.6882 -2.2596 175.904 7.37036 13 39 1 0 1
-4.98029 32.3843 1897.96 -24.5854 -1.97832 175.63 7.36924 13 40 1 0 1
-2.28539 26.3695 1897.96 -19.9955 -1.71491 178.88 7.34099 13 41 1 0 1
-4.74525 26.0759 1897.96 -24.6604 -1.73355 181.129 7.31228 13 42 1 0 1
-1.71395 34.5137 1897.96 -20.5753 -2.78827 178.624 7.34283 13 43 1 0 1
-3.86144 28.6323 1897.96 -23.1284 -2.46882 176.639 7.36048 13 44 1 0 1
-3.10172 26.3101 1897.96 -19.9951 -1.90337 177.528 7.35515 13 45 1 0 1
-1.95362 29.3472 1897.96 -20.4541 -2.51094 178.339 7.34599 13 46 1 0 1
-4.85334 34.3089 1897.96 -26.5374 -2.61692 178.591 7.33507 13 47 1 0 1
-3.49197 27.7986 1897.96 -23.7387 -2.09126 180.824 7.31651 13 48 1 0 1
-3.90383 25.9516 1897.96 -22.182 -2.36625 177.394 7.35377 13 49 1 0 1
-0.255069 32.8173 1897.96 -21.204 -1.80126 180.675 7.32119 13 50 1 0 1
-4.11884 30.3391 1897.96 -24.3847 -2.15664 177.253 7.35223 13 51 1 0 1
-4.2982 29.6747 1897.96 -21.94 -2.31321 180.457 7.32245 13 52 1 0 1
-1.91796 31.0726 1897.96 -22.4556 -2.46981 175.589 7.3727 13 53 1 0 1
-4.41782 27.9073 1897.96 -23.4785 -2.06708 179.912 7.32603 13 54 1 0 1
-1.62332 33.8077 1897.96 -22.3796 -2.21421 180.264 7.32387 13 55 1 0 1
-2.621 31.9847 1897.96 -23.4189 -1.84928 178.248 7.34322 13 56 1 0 1
-4.4139 35.6277 1897.96 -24.238 -2.53419 177.177 7.35319 13 57 1 0 1
-5.52064 30.8662 1897.96 -25.4811 -1.58486 176.589 7.35767 13 58 1 0 1
-2.16182 27.8305 1897.96 -22.0174 -2.26467 179.842 7.32859 13 59 1 0 1
-3.78122 28.1699 1897.96 -21.1578 -2.14218 174.961 7.38137 13 60 1 0 1
-3.18054 30.6614 1897.96 -20.9929 -2.11312 182.275 7.30546 13 61 1 0 1
-5.09761 24.0261 1897.96 -25.5842 -1.59615 179.419 7.32816 13 62 1 0 1
-0.855696 28.3469 1897.96 -18.8093 -2.30287 177.36 7.35827 13 63 1 0 1
-3.24155 27.833 1897.96 -22.4216 -2.03235 178.232 7.3447 13 64 1 0 1
-3.58004 27.6498 1897.96 -23.9793 -2.04333 176.834 7.35725 13 65 1 0 1
-6.19781 26.96 1897.96 -22.929 -2.11402 173.814 7.39158 13 66 1 0 1
-2.69414 25.65 1897.96 -21.1631 -2.04493 178.618 7.34228 13 67 1 0 1
-0.554747 27.2684 1897.96 -21.4732 -2.09008 177.429 7.35435 13 68 1 0 1
-3.20703 33.4137 1897.96 -19.8273 -2.17506 179.419 7.33556 13 69 1 0 1
-2.32647 31.9513 1897.96 -22.2844 -2.8739 180.474 7.32177 13 70 1 0 1
-2.85 25.521 1897.96 -25.0589 -2.2265 181.543 7.30759 13 71 1 0 1
-1.25317 29.5351 1897.96 -20.8353 -1.54012 177.428 7.35523 13 72 1 0 1
-3.42333 31.6719 1897.96 -22.4884 -2.2288 179.408 7.33244 13 73 1 0 1
-3.08781 29.3939 1897.96 -21.7672 -2.059 180.098 7.32633 13 74 1 0 1
-2.06755 31.4034 1897.96 -22.3188 -2.23547 178.398 7.34308 13 75 1 0 1
-2.72094 29.4477 1897.96 -21.7821 -2.0703 176.383 7.3651 13 76 1 0 1
-3.42647 28.8183 1897.96 -21.5665 -2.05784 179.501 7.33267 13 77 1 0 1
-2.10903 29.8507 1897.96 -24.4467 -1.9129 179.666 7.32723 13 78 1 0 1
-1.55268 32.1915 1897.96 -24.4632 -2.6946 177.616 7.34823 13 79 1 0 1
-3.56502 28.5055 1897.96 -24.9005 -2.21691 178.577 7.3377 13 80 1 0 1
-2.02773 29.8258 1897.96 -19.9341 -2.35784 181.874 7.31058 13 81 1 0 1
-2.84083 32.5507 1897.96 -20.6409 -2.27872 180.121 7.32742 13 82 1 0 1
-4.16877 28.2594 1897.96 -22.6994 -2.31013 178.163 7.34502 13 83 1 0 1
-1.44249 30.3788 1897.96 -18.1017 -2.27145 183.768 7.29388 13 84 1 0 1
-4.03638 27.445 1897.96 -22.5863 -2.00242 176.448 7.36333 13 85 1 0 1
-3.02237 26.9639 1897.96 -21.9703 -2.21304 178.685 7.34056 13 86 1 0 1
-2.51329 29.3457 1897.96 -20.7056 -2.13937 178.351 7.34561 13 87 1 0 1
-1.21073 31.4094 1897.96 -20.9224 -2.20857 176.113 7.36912 13 88 1 0 1
-1.46738 31.4606 1897.96 -23.4704 -2.40744 179.475 7.33044 13 89 1 0 1
-2.7216 33.0845 1897.96 -22.577 -2.8396 179.492 7.33137 13 90 1 0 1
-0.956251 30.5838 1897.96 -20.6469 -1.71471 180.218 7.32649 13 91 1 0 1
-0.17925 29.8976 1897.96 -20.5148 -2.28956 175.619 7.37498 13 92 1 0 1
-3.749 31.6166 1897.96 -25.7056 -1.86402 178.203 7.34042 13 93 1 0 1
-3.21305 27.9122 1897.96 -22.0773 -2.48811 180.735 7.31945 13 94 1 0 1
-3.74489 32.6305 1897.96 -24.7063 -2.00623 178.137 7.34254 13 95 1 0 1
-3.32808 33.9518 1897.96 -22.2698 -2.03836 178.564 7.34145 13 96 1 0 1
-2.79556 30.1282 1897.96 -22.8887 -1.9761 179.8 7.32795 13 97 1 0 1
-2.44018 31.5425 1897.96 -21.1265 -2.13925 173.809 7.39419 13 98 1 0 1
-3.91082 33.5376 1897.96 -24.1148 -2.40758 178.629 7.33825 13 99 1 0 1
-4.0469 30.5673 1897.96 -24.9657 -2.32794 179.357 7.3296 13 100 1 0 1
-2.13119 30.2264 1897.96 -22.6641 -2.17249 179.887 7.32733 13 101 1 0 1
-1.91463 33.2526 1897.96 -21.7331 -2.22023 177.327 7.35508 13 102 1 0 1
-3.90173 31.0557 1897.96 -24.4555 -2.25644 179.267 7.33124 13 103 1 0 1
-5.44668 30.4923 1897.96 -22.8427 -2.49063 178.748 7.33873 13 104 1 0 1
0.44642 31.6766 1897.96 -20.737 -2.33655 179.878 7.32977 13 105 1 0 1
-0.807938 26.5963 1897.96 -18.2957 -2.2143 180.768 7.32342 13 106 1 0 1
-2.21901 28.7648 1897.96 -21.7011 -1.82538 180.82 7.31914 13 107 1 0 1
-4.14295 24.6694 1897.96 -24.1251 -1.81292 178.402 7.34065 13 108 1 0 1
-1.72489 31.8133 1897.96 -20.378 -2.34706 179.882 7.33015 13 109 1 0 1
-1.44667 25.3003 1897.96 -21.1627 -2.36499 178.769 7.34067 13 110 1 0 1
-2.21236 26.4807 1897.96 -22.0566 -1.79404 179.857 7.32845 13 111 1 0 1
-2.72635 27.8959 1897.96 -23.2674 -2.40998 178.455 7.3412 13 112 1 0 1
-4.31759 29.9379 1897.96 -23.8111 -2.27594 181.169 7.31295 13 113 1 0 1
-1.25235 24.2352 1897.96 -20.5382 -1.87021 180.239 7.32639 13 114 1 0 1
-3.49626 33.9113 1897.96 -23.8155 -2.8952 180.874 7.31579 13 115 1 0 1
-2.72341 33.683 1897.96 -24.5516 -2.66335 177.463 7.34971 13 116 1 0 1
-2.65321 30.319 1897.96 -22.4877 -1.88414 178.624 7.34056 13 117 1 0 1
-4.27368 29.0324 1897.96 -24.8436 -2.22811 177.842 7.34539 13 118 1 0 1
-3.94501 30.8264 1897.96 -24.1113 -2.64972 179.753 7.32672 13 119 1 0 1
-2.56237 31.7295 1897.96 -22.5174 -1.99339 177.935 7.34769 13 120 1 0 1
-11.2218 28.7719 1959.18 -21.2035 -7.64472 176.896 7.59611 13 1 1 0 1
-11.6772 26.8899 1959.18 -21.2755 -7.94603 179.013 7.573 13 2 1 0 1
-9.88359 31.9579 1959.18 -20.4628 -8.37219 179.555 7.56805 13 3 1 0 1
-8.0764 32.5563 1959.18 -20.425 -7.86008 177.816 7.58697 13 4 1 0 1
-9.8263 27.0529 1959.18 -20.6195 -7.50025 179.218 7.57185 13 5 1 0 1
-9.14546 23.8937 1959.18 -20.7614 -7.62054 180.807 7.55495 13 6 1 0 1
-10.7196 29.0063 1959.18 -22.3791 -7.84007 179.579 7.56565 13 7 1 0 1
-9.56808 30.5773 1959.18 -20.9753 -7.91853 180.813 7.5545 13 8 1 0 1
-11.8828 27.4798 1959.18 -22.3927 -7.27387 178.542 7.57688 13 9 1 0 1
-6.48703 28.9522 1959.18 -19.0573 -7.73764 177.34 7.59387 13 10 1 0 1
-9.50123 31.4801 1959.18 -20.3662 -8.3361 179.864 7.56494 13 11 1 0 1
-10.0874 27.2551 1959.18 -18.9572 -7.6132 176.483 7.60351 13 12 1 0 1
-8.83028 29.5405 1959.18 -19.9384 -7.45402 176.983 7.59686 13 13 1 0 1
-12.3463 33.3824 1959.18 -21.7794 -7.82482 178.941 7.57319 13 14 1 0 1
-8.52912 33.3154 1959.18 -18.5854 -7.54747 179.526 7.57091 13 15 1 0 1
-10.5753 25.5446 1959.18 -22.5364 -7.83044 178.697 7.57477 13 16 1 0 1
-10.3423 24.1759 1959.18 -20.6773 -7.61183 179.587 7.56782 13 17 1 0 1
-8.10464 24.8475 1959.18 -20.5255 -7.76733 179.618 7.56761 13 18 1 0 1
-13.0036 26.556 1959.18 -24.4506 -7.075 177.857 7.5814 13 19 1 0 1
-7.56527 24.153 1959.18 -19.5454 -7.54524 178.504 7.58074 13 20 1 0 1
-10.4024 27.5946 1959.18 -20.2615 -7.97028 177.479 7.59078 13 21 1 0 1
-11.9421 28.2972 1959.18 -21.781 -7.58743 180.234 7.55968 13 22 1 0 1
-7.59969 31.5035 1959.18 -18.6349 -8.01071 178.584 7.58072 13 23 1 0 1
-12.0701 30.3258 1959.18 -21.041 -8.18757 176.277 7.60288 13 24 1 0 1
-12.1867 25.2381 1959.18 -22.3525 -7.75142 179.065 7.57115 13 25 1 0 1
-10.2636 26.8125 1959.18 -20.8532 -7.60534 179.129 7.57245 13 26 1 0 1
-9.43436 26.184 1959.18 -20.499 -7.89395 182.3 7.53983 13 27 1 0 1
-9.46145 29.0528 1959.18 -20.7797 -7.90185 180.297 7.56011 13 28 1 0 1
-11.2428 24.3415 1959.18 -21.3234 -6.62169 176.571 7.59999 13 29 1 0 1
-10.3139 27.6821 1959.18 -20.715 -7.64136 179.829 7.56521 13 30 1 0 1
-9.44829 22.2282 1959.18 -20.5665 -7.28509 177.668 7.58866 13 31 1 0 1
-10.325 28.9479 1959.18 -21.1697 -7.02737 177.729 7.58734 13 32 1 0 1
-7.70755 28.0897 1959.18 -19.7332 -8.08666 180.284 7.56139 13 33 1 0 1
-6.46107 29.084 1959.18 -18.9631 -7.79773 179.958 7.56582 13 34 1 0 1
-6.25056 25.8779 1959.18 -19.8342 -7.20149 179.997 7.56468 13 35 1 0 1
-12.9305 25.3171 1959.18 -23.5878 -7.45904 178.639 7.57412 13 36 1 0 1
-9.19375 28.0054 1959.18 -19.8949 -8.2569 180.607 7.55775 13 37 1 0 1
-13.2339 30.6956 1959.18 -21.0098 -8.20887 178.099 7.583 13 38 1 0 1
-10.7622 27.4693 1959.18 -20.396 -7.74942 175.903 7.60811 13 39 1 0 1
-13.342 30.7116 1959.18 -23.1474 -7.56655 175.674 7.60695 13 40 1 0 1
-8.96241 24.8336 1959.18 -18.7905 -7.20579 178.873 7.5778 13 41 1 0 1
-12.8762 24.5427 1959.18 -23.2051 -7.28604 181.183 7.54816 13 42 1 0 1
-8.60591 32.5634 1959.18 -19.402 -8.5338 178.573 7.57969 13 43 1 0 1
-11.6859 26.8153 1959.18 -21.7806 -7.96157 176.648 7.59791 13 44 1 0 1
-9.81999 24.7053 1959.18 -18.7369 -7.34972 177.523 7.59242 13 45 1 0 1
-8.81233 27.5198 1959.18 -19.268 -8.07826 178.306 7.58295 13 46 1 0 1
-13.7416 32.4181 1959.18 -25.0643 -8.35967 178.627 7.57169 13 47 1 0 1
-11.3422 26.1337 1959.18 -22.3875 -7.68905 180.845 7.55252 13 48 1 0 1
-11.3686 24.1889 1959.18 -20.8385 -7.79451 177.401 7.59099 13 49 1 0 1
-7.29815 31.2212 1959.18 -20.1251 -7.56289 180.649 7.55736 13 50 1 0 1
-12.3445 28.6229 1959.18 -23.0008 -7.7275 177.282 7.5894 13 51 1 0 1
-11.5468 27.9225 1959.18 -20.551 -7.9606 180.46 7.55865 13 52 1 0 1
-9.58149 29.2362 1959.18 -21.2622 -8.00843 175.573 7.61052 13 53 1 0 1
-12.2086 26.2464 1959.18 -22.0673 -7.64066 179.94 7.56235 13 54 1 0 1
-9.06278 32.0646 1959.18 -21.185 -7.99379 180.244 7.56013 13 55 1 0 1
-10.4887 30.3686 1959.18 -22.1507 -7.5071 178.261 7.5801 13 56 1 0 1
-12.5889 33.7508 1959.18 -22.8323 -8.27418 177.189 7.59039 13 57 1 0 1
-14.1384 29.3421 1959.18 -23.9896 -7.15698 176.66 7.59502 13 58 1 0 1
-9.48931 26.1027 1959.18 -20.7902 -7.83075 179.832 7.565 13 59 1 0 1
-10.9967 26.4614 1959.18 -19.8504 -7.56912 174.964 7.61948 13 60 1 0 1
-10.0527 28.9785 1959.18 -19.6884 -7.85156 182.264 7.54112 13 61 1 0 1
-13.617 22.5458 1959.18 -24.1046 -7.0292 179.494 7.56455 13 62 1 0 1
-7.20168 26.5921 1959.18 -17.7296 -7.80719 177.314 7.59563 13 63 1 0 1
-10.7609 26.1779 1959.18 -21.1197 -7.55077 178.243 7.58162 13 64 1 0 1
-11.6927 25.9864 1959.18 -22.6427 -7.51305 176.863 7.59458 13 65 1 0 1
-14.0522 25.2634 1959.18 -21.4352 -7.46806 173.857 7.63002 13 66 1 0 1
-9.77443 24.0044 1959.18 -19.9145 -7.50211 178.615 7.57913 13 67 1 0 1
-7.81736 25.5934 1959.18 -20.3836 -7.5633 177.409 7.59159 13 68 1 0 1
-9.79459 31.6827 1959.18 -18.5506 -7.91432 179.394 7.57219 13 69 1 0 1
-9.71594 29.9964 1959.18 -21.0356 -8.59346 180.442 7.55796 13 70 1 0 1
-11.1201 23.8263 1959.18 -23.7361 -7.76903 181.568 7.54332 13 71 1 0 1
-8.28773 28.0365 1959.18 -19.7038 -7.09192 177.422 7.5925 13 72 1 0 1
-10.9128 29.9325 1959.18 -21.1642 -7.91035 179.408 7.56897 13 73 1 0 1
-10.3081 27.728 1959.18 -20.4733 -7.68701 180.098 7.56266 13 74 1 0 1
-9.55969 29.6589 1959.18 -21.1022 -7.87547 178.386 7.57995 13 75 1 0 1
-10.1063 27.7629 1959.18 -20.5358 -7.58364 176.382 7.60269 13 76 1 0 1
-10.5988 27.1537 1959.18 -20.2534 -7.64803 179.503 7.5692 13 77 1 0 1
-10.2688 28.2302 1959.18 -23.1967 -7.54426 179.684 7.5636 13 78 1 0 1
-9.82102 30.2812 1959.18 -23.261 -8.33314 177.602 7.58527 13 79 1 0 1
-11.9117 26.7846 1959.18 -23.5433 -7.76813 178.606 7.5744 13 80 1 0 1
-8.5753 28.0638 1959.18 -18.7307 -8.05285 181.839 7.5464 13 81 1 0 1
-9.68223 30.7923 1959.18 -19.3775 -8.01101 180.097 7.56379 13 82 1 0 1
-11.7743 26.5063 1959.18 -21.3255 -7.83904 178.175 7.58196 13 83 1 0 1
-7.32081 28.6506 1959.18 -16.9557 -8.04459 183.715 7.52916 13 84 1 0 1
-11.68 25.7954 1959.18 -21.2352 -7.45339 176.47 7.60085 13 85 1 0 1
-10.3711 25.2536 1959.18 -20.6867 -7.71513 178.685 7.57735 13 86 1 0 1
-9.45029 27.6457 1959.18 -19.4763 -7.70998 178.336 7.58256 13 87 1 0 1
-8.32943 29.6643 1959.18 -19.7968 -7.7758 176.085 7.60683 13 88 1 0 1
-9.31258 29.6618 1959.18 -22.278 -8.08241 179.461 7.56691 13 89 1 0 1
-10.2465 31.1294 1959.18 -21.3005 -8.56628 179.466 7.56787 13 90 1 0 1
-7.82006 29.0283 1959.18 -19.5253 -7.38763 180.2 7.56282 13 91 1 0 1
-7.19002 28.1308 1959.18 -19.4713 -7.79076 175.58 7.61288 13 92 1 0 1
-12.3866 29.9975 1959.18 -24.3289 -7.50944 178.248 7.57721 13 93 1 0 1
-10.5104 26.1121 1959.18 -20.7655 -8.08344 180.727 7.55557 13 94 1 0 1
-12.0437 30.9566 1959.18 -23.3408 -7.68178 178.167 7.5794 13 95 1 0 1
-10.7803 32.2609 1959.18 -20.9604 -7.77 178.565 7.57827 13 96 1 0 1
-10.4121 28.4851 1959.18 -21.6052 -7.62022 179.809 7.56433 13 97 1 0 1
-9.71071 29.8108 1959.18 -19.9219 -7.63885 173.796 7.63271 13 98 1 0 1
-11.9824 31.7231 1959.18 -22.7392 -8.12594 178.641 7.57496 13 99 1 0 1
-12.3725 28.8001 1959.18 -23.5668 -7.97163 179.384 7.56604 13 100 1 0 1
-9.67638 28.5163 1959.18 -21.4311 -7.82089 179.881 7.5637 13 101 1 0 1
-9.25345 31.4982 1959.18 -20.54 -7.88707 177.307 7.59235 13 102 1 0 1
-12.06 29.3098 1959.18 -23.0739 -7.9138 179.29 7.56773 13 103 1 0 1
-13.0592 28.6672 1959.18 -21.3684 -8.11119 178.764 7.57546 13 104 1 0 1
-6.47909 29.9025 1959.18 -19.7178 -8.03033 179.829 7.56622 13 105 1 0 1
-6.85945 24.8965 1959.18 -17.2103 -7.7663 180.722 7.55966 13 106 1 0 1
-9.39881 27.1842 1959.18 -20.4696 -7.45613 180.819 7.55525 13 107 1 0 1
-12.2255 23.1081 1959.18 -22.7376 -7.23417 178.447 7.57744 13 108 1 0 1
-8.50075 30.0349 1959.18 -19.2019 -8.04612 179.847 7.56661 13 109 1 0 1
-8.5367 23.5479 1959.18 -20.0043 -7.81249 178.747 7.57747 13 110 1 0 1
-9.55189 24.9205 1959.18 -20.827 -7.31877 179.864 7.56485 13 111 1 0 1
-10.5316 26.1119 1959.18 -21.9907 -7.93488 178.457 7.57802 13 112 1 0 1
-12.1664 28.1999 1959.18 -22.3945 -7.95551 181.189 7.54885 13 113 1 0 1
-8.07478 22.6632 1959.18 -19.3962 -7.33012 180.226 7.56272 13 114 1 0 1
-11.3701 31.9401 1959.18 -22.4586 -8.69428 180.862 7.55179 13 115 1 0 1
-11.0143 31.7742 1959.18 -23.2636 -8.34697 177.46 7.5868 13 116 1 0 1
-10.1859 28.7018 1959.18 -21.2262 -7.49805 178.63 7.57735 13 117 1 0 1
-12.6268 27.3016 1959.18 -23.4395 -7.77409 177.877 7.58233 13 118 1 0 1
-11.9635 28.9501 1959.18 -22.726 -8.31186 179.76 7.56307 13 119 1 0 1
-10.1361 30.0643 1959.18 -21.2654 -7.63147 177.936 7.58471 13 120 1 0 1
-18.1312 25.2307 2020.41 -18.507 -12.7066 176.907 7.83349 13 1 1 0 1
-18.5188 23.2879 2020.41 -18.5149 -13.0046 179.024 7.80966 13 2 1 0 1
-16.4504 28.1901 2020.41 -17.8346 -13.6093 179.515 7.80456 13 3 1 0 1
-14.7214 28.9332 2020.41 -17.9544 -13.0688 177.776 7.82406 13 4 1 0 1
-16.4602 23.605 2020.41 -18.0018 -12.5717 179.216 7.80847 13 5 1 0 1
-15.7743 20.4456 2020.41 -18.1724 -12.6303 180.805 7.79104 13 6 1 0 1
-17.9253 25.4367 2020.41 -19.6693 -12.9867 179.598 7.80208 13 7 1 0 1
-16.2634 26.9905 2020.41 -18.3498 -13.1504 180.794 7.79058 13 8 1 0 1
-19.1224 24.0973 2020.41 -19.6133 -12.345 178.59 7.81366 13 9 1 0 1
-12.701 25.3846 2020.41 -16.7263 -12.8127 177.281 7.83118 13 10 1 0 1
-16.0283 27.7322 2020.41 -17.7637 -13.5663 179.821 7.80134 13 11 1 0 1
-16.2525 23.7273 2020.41 -16.375 -12.6107 176.455 7.84111 13 12 1 0 1
-15.3309 26.0621 2020.41 -17.4304 -12.5424 176.96 7.83426 13 13 1 0 1
-19.354 29.7836 2020.41 -18.9635 -13.0983 178.953 7.80985 13 14 1 0 1
-14.4769 29.8201 2020.41 -16.082 -12.8327 179.468 7.8075 13 15 1 0 1
-17.8739 21.985 2020.41 -19.8485 -12.8372 178.727 7.81148 13 16 1 0 1
-16.9748 20.7117 2020.41 -18.0161 -12.5975 179.593 7.80431 13 17 1 0 1
-14.7131 21.327 2020.41 -18.0313 -12.7737 179.599 7.8041 13 18 1 0 1
-20.9636 23.2375 2020.41 -21.578 -12.1005 177.957 7.81832 13 19 1 0 1
-13.8894 20.6961 2020.41 -17.117 -12.4978 178.476 7.81764 13 20 1 0 1
-16.9747 23.9567 2020.41 -17.6271 -13.0062 177.462 7.828 13 21 1 0 1
-18.9022 24.827 2020.41 -18.9788 -12.7311 180.261 7.79592 13 22 1 0 1
-13.6096 27.8465 2020.41 -16.2108 -13.2039 178.512 7.81762 13 23 1 0 1
-18.938 26.5783 2020.41 -18.2911 -13.2784 176.274 7.84047 13 24 1 0 1
-19.3863 21.7126 2020.41 -19.5427 -12.7597 179.107 7.80775 13 25 1 0 1
-16.9749 23.3289 2020.41 -18.2014 -12.666 179.132 7.80909 13 26 1 0 1
-15.9144 22.6523 2020.41 -17.8707 -13.0205 182.283 7.77545 13 27 1 0 1
-16.1122 25.4727 2020.41 -18.1716 -13.0677 180.279 7.79636 13 28 1 0 1
-18.2067 21.1748 2020.41 -18.6325 -11.537 176.623 7.83749 13 29 1 0 1
-16.9501 24.1914 2020.41 -18.0513 -12.7504 179.826 7.80162 13 30 1 0 1
-16.13 18.8595 2020.41 -17.9993 -12.1549 177.68 7.82581 13 31 1 0 1
-17.2 25.6304 2020.41 -18.5298 -12.1232 177.75 7.82444 13 32 1 0 1
-14.0274 24.4522 2020.41 -17.2679 -13.2164 180.234 7.79768 13 33 1 0 1
-12.5481 25.534 2020.41 -16.6042 -12.9521 179.894 7.80225 13 34 1 0 1
-12.634 22.5492 2020.41 -17.4826 -12.2556 179.968 7.80107 13 35 1 0 1
-20.5603 21.885 2020.41 -20.7171 -12.462 178.716 7.81081 13 36 1 0 1
-15.5372 24.3157 2020.41 -17.3121 -13.3927 180.565 7.79393 13 37 1 0 1
-20.0018 26.9678 2020.41 -18.1486 -13.3654 178.101 7.81997 13 38 1 0 1
-17.4389 23.8842 2020.41 -17.7557 -12.7383 175.899 7.84587 13 39 1 0 1
-20.9496 27.1682 2020.41 -20.2929 -12.6605 175.733 7.84467 13 40 1 0 1
-14.9976 21.4941 2020.41 -16.2635 -12.1937 178.85 7.81461 13 41 1 0 1
-20.2649 21.2091 2020.41 -20.3062 -12.3353 181.258 7.78404 13 42 1 0 1
-14.8652 28.7211 2020.41 -16.8929 -13.7588 178.502 7.81656 13 43 1 0 1
-18.7988 23.172 2020.41 -19.0469 -12.9509 176.669 7.83535 13 44 1 0 1
-15.8744 21.2982 2020.41 -16.1643 -12.2948 177.503 7.82968 13 45 1 0 1
-15.033 23.858 2020.41 -16.7509 -13.1326 178.26 7.81992 13 46 1 0 1
-21.8654 28.6372 2020.41 -22.1137 -13.593 178.695 7.80831 13 47 1 0 1
-18.4896 22.6503 2020.41 -19.6151 -12.7774 180.879 7.78854 13 48 1 0 1
-18.1298 20.6298 2020.41 -18.129 -12.7189 177.414 7.82821 13 49 1 0 1
-13.742 27.7486 2020.41 -17.682 -12.8123 180.609 7.79353 13 50 1 0 1
-19.8415 25.0598 2020.41 -20.1971 -12.7978 177.331 7.82657 13 51 1 0 1
-18.0872 24.3313 2020.41 -17.7878 -13.0938 180.454 7.79486 13 52 1 0 1
-16.5873 25.5459 2020.41 -18.7011 -13.0437 175.562 7.84835 13 53 1 0 1
-19.2743 22.7657 2020.41 -19.2466 -12.7077 179.978 7.79868 13 54 1 0 1
-15.8578 28.4354 2020.41 -18.6017 -13.2581 180.219 7.79638 13 55 1 0 1
-17.6754 26.8857 2020.41 -19.479 -12.6628 178.281 7.81698 13 56 1 0 1
-20.029 29.9685 2020.41 -20.0107 -13.5058 177.208 7.82759 13 57 1 0 1
-21.9815 25.9628 2020.41 -21.0555 -12.2394 176.755 7.83236 13 58 1 0 1
-16.1614 22.5566 2020.41 -18.1868 -12.8855 179.823 7.80141 13 59 1 0 1
-17.5181 22.9306 2020.41 -17.2127 -12.4994 174.96 7.85758 13 60 1 0 1
-16.255 25.4446 2020.41 -17.0227 -13.0711 182.233 7.77678 13 61 1 0 1
-21.3752 19.2879 2020.41 -21.1674 -11.968 179.603 7.80095 13 62 1 0 1
-12.9509 23.0136 2020.41 -15.3626 -12.8025 177.245 7.83299 13 63 1 0 1
-17.5923 22.7036 2020.41 -18.4404 -12.5662 178.257 7.81855 13 64 1 0 1
-19.0934 22.5061 2020.41 -19.8978 -12.4857 176.912 7.83191 13 65 1 0 1
-21.1342 21.7581 2020.41 -18.5762 -12.3326 173.909 7.86846 13 66 1 0 1
-16.192 20.5647 2020.41 -17.3172 -12.4547 178.609 7.81598 13 67 1 0 1
-14.4675 22.106 2020.41 -17.94 -12.5334 177.391 7.82882 13 68 1 0 1
-15.719 28.0698 2020.41 -15.9546 -13.139 179.337 7.80882 13 69 1 0 1
-16.4442 26.1788 2020.41 -18.4014 -13.79 180.408 7.79414 13 70 1 0 1
-18.693 20.3395 2020.41 -20.9562 -12.8011 181.625 7.77905 13 71 1 0 1
-14.6977 24.6978 2020.41 -17.234 -12.1459 177.405 7.82976 13 72 1 0 1
-17.7104 26.3312 2020.41 -18.4554 -13.0809 179.405 7.8055 13 73 1 0 1
-16.8521 24.2254 2020.41 -17.809 -12.8047 180.09 7.79899 13 74 1 0 1
-16.3947 26.0557 2020.41 -18.508 -13.0068 178.374 7.81683 13 75 1 0 1
-16.8205 24.2409 2020.41 -17.9357 -12.5969 176.378 7.84027 13 76 1 0 1
-17.0873 23.659 2020.41 -17.5782 -12.7298 179.496 7.80574 13 77 1 0 1
-17.7533 24.7672 2020.41 -20.5112 -12.6709 179.722 7.79996 13 78 1 0 1
-17.4255 26.5051 2020.41 -20.6324 -13.4613 177.612 7.82231 13 79 1 0 1
-19.5408 23.2378 2020.41 -20.7472 -12.8158 178.662 7.8111 13 80 1 0 1
-14.4909 24.4613 2020.41 -16.1928 -13.226 181.78 7.78223 13 81 1 0 1
-15.8633 27.1623 2020.41 -16.7709 -13.2267 180.051 7.80016 13 82 1 0 1
-18.6658 22.9303 2020.41 -18.5693 -12.862 178.192 7.81889 13 83 1 0 1
-12.5994 25.0752 2020.41 -14.5109 -13.2891 183.62 7.76445 13 84 1 0 1
-18.6121 22.3311 2020.41 -18.5121 -12.4075 176.498 7.83838 13 85 1 0 1
-17.0419 21.7349 2020.41 -18.0348 -12.7105 178.687 7.81414 13 86 1 0 1
-15.7329 24.1099 2020.41 -16.9103 -12.7728 178.307 7.81952 13 87 1 0 1
-14.8225 26.0604 2020.41 -17.3375 -12.8393 176.048 7.84454 13 88 1 0 1
-16.5069 26.0043 2020.41 -19.6743 -13.2446 179.459 7.80337 13 89 1 0 1
-17.0967 27.2989 2020.41 -18.6366 -13.7729 179.439 7.80437 13 90 1 0 1
-14.0713 25.6213 2020.41 -17.0567 -12.5517 180.165 7.79916 13 91 1 0 1
-13.6044 24.5227 2020.41 -17.1051 -12.7887 175.534 7.85078 13 92 1 0 1
-20.2945 26.5157 2020.41 -21.4947 -12.6562 178.321 7.81399 13 93 1 0 1
-17.1262 22.4938 2020.41 -18.0737 -13.1624 180.718 7.79168 13 94 1 0 1
-19.6217 27.4091 2020.41 -20.5425 -12.8551 178.214 7.81626 13 95 1 0 1
-17.544 28.6817 2020.41 -18.275 -12.9939 178.556 7.81509 13 96 1 0 1
-17.3496 24.9967 2020.41 -18.9244 -12.7567 179.82 7.80072 13 97 1 0 1
-16.3202 26.2187 2020.41 -17.3909 -12.6427 173.776 7.87123 13 98 1 0 1
-19.3347 28.0262 2020.41 -19.9435 -13.3343 178.662 7.81168 13 99 1 0 1
-19.9689 25.1841 2020.41 -20.7241 -13.1072 179.434 7.80248 13 100 1 0 1
-16.5614 24.9606 2020.41 -18.8054 -12.9583 179.878 7.80007 13 101 1 0 1
-15.943 27.8641 2020.41 -17.9883 -13.0466 177.28 7.82961 13 102 1 0 1
-19.497 25.7091 2020.41 -20.261 -13.0632 179.329 7.80422 13 103 1 0 1
-19.9249 24.9948 2020.41 -18.5072 -13.2211 178.778 7.81219 13 104 1 0 1
-12.8264 26.2669 2020.41 -17.3494 -13.2072 179.767 7.80266 13 105 1 0 1
-12.323 21.3922 2020.41 -14.8346 -12.8013 180.646 7.7959 13 106 1 0 1
-15.9256 23.7731 2020.41 -17.8646 -12.5775 180.811 7.79135 13 107 1 0 1
-19.5826 19.7628 2020.41 -19.9318 -12.1588 178.515 7.81424 13 108 1 0 1
-14.6466 26.3934 2020.41 -16.6887 -13.2282 179.791 7.80306 13 109 1 0 1
-14.9958 20.0065 2020.41 -17.4951 -12.7507 178.726 7.81426 13 110 1 0 1
-16.2345 21.5556 2020.41 -18.2198 -12.339 179.872 7.80125 13 111 1 0 1
-17.6548 22.5096 2020.41 -19.3148 -12.9522 178.473 7.81483 13 112 1 0 1
-19.2912 24.6197 2020.41 -19.5542 -13.1215 181.218 7.78476 13 113 1 0 1
-14.2781 19.3124 2020.41 -16.9112 -12.2828 180.207 7.79906 13 114 1 0 1
-18.5404 28.0842 2020.41 -19.6786 -13.97 180.855 7.78778 13 115 1 0 1
-18.6108 27.9824 2020.41 -20.549 -13.5207 177.476 7.82389 13 116 1 0 1
-17.0453 25.2369 2020.41 -18.5825 -12.6082 178.637 7.81414 13 117 1 0 1
-20.2442 23.7389 2020.41 -20.6021 -12.8183 177.936 7.81928 13 118 1 0 1
-19.2632 25.2232 2020.41 -19.9162 -13.4594 179.782 7.79941 13 119 1 0 1
-17.0378 26.5358 2020.41 -18.6335 -12.7655 177.937 7.82173 13 120 1 0 1
-23.893 20.073 2081.63 -14.6104 -16.9372 176.918 8.07087 13 1 1 0 1
-24.203 18.0914 2081.63 -14.5454 -17.2202 179.035 8.04632 13 2 1 0 1
-21.9128 22.772 2081.63 -14.0141 -17.9914 179.468 8.04106 13 3 1 0 1
-20.3063 23.6513 2081.63 -14.2959 -17.4358 177.733 8.06116 13 4 1 0 1
-21.9895 18.5591 2081.63 -14.1878 -16.8036 179.211 8.04509 13 5 1 0 1
-21.3161 15.4356 2081.63 -14.3769 -16.7944 180.808 8.02714 13 6 1 0 1
-23.9888 20.2483 2081.63 -15.719 -17.2895 179.624 8.0385 13 7 1 0 1
-21.8591 21.7671 2081.63 -14.5132 -17.5291 180.771 8.02666 13 8 1 0 1
-25.1891 19.1111 2081.63 -15.5974 -16.5847 178.642 8.05043 13 9 1 0 1
-17.9066 20.1987 2081.63 -13.2415 -17.0499 177.219 8.06849 13 10 1 0 1
-21.4618 22.3392 2081.63 -13.9697 -17.9408 179.773 8.03775 13 11 1 0 1
-21.3182 18.6001 2081.63 -12.6498 -16.7767 176.415 8.07872 13 12 1 0 1
-20.7559 20.9577 2081.63 -13.7504 -16.7989 176.931 8.07167 13 13 1 0 1
-25.1828 24.5163 2081.63 -14.9267 -17.5274 178.956 8.04651 13 14 1 0 1
-19.3709 24.6559 2081.63 -12.431 -17.2692 179.386 8.0441 13 15 1 0 1
-24.0317 16.8458 2081.63 -15.9194 -17.0066 178.772 8.0482 13 16 1 0 1
-22.4895 15.6825 2081.63 -14.1567 -16.7427 179.6 8.04081 13 17 1 0 1
-20.2617 16.2345 2081.63 -14.3398 -16.9368 179.587 8.04059 13 18 1 0 1
-27.7036 18.3251 2081.63 -17.4205 -16.3041 178.077 8.05524 13 19 1 0 1
-19.1748 15.6743 2081.63 -13.5191 -16.6136 178.449 8.05454 13 20 1 0 1
-22.4291 18.7168 2081.63 -13.8136 -17.2037 177.443 8.06521 13 21 1 0 1
-24.6951 19.7449 2081.63 -14.9498 -17.0309 180.285 8.03216 13 22 1 0 1
-18.5879 22.543 2081.63 -12.6407 -17.5482 178.426 8.05451 13 23 1 0 1
-24.6378 21.1989 2081.63 -14.3495 -17.5329 176.267 8.07807 13 24 1 0 1
-25.4063 16.6108 2081.63 -15.4969 -16.9299 179.157 8.04434 13 25 1 0 1
-22.5683 18.2504 2081.63 -14.3484 -16.8867 179.134 8.04573 13 26 1 0 1
-21.3038 17.5335 2081.63 -14.0375 -17.2897 182.264 8.01107 13 27 1 0 1
-21.6673 20.2733 2081.63 -14.3591 -17.3834 180.258 8.03261 13 28 1 0 1
-24.0212 16.4378 2081.63 -14.7381 -15.6376 176.675 8.07499 13 29 1 0 1
-22.4691 19.0959 2081.63 -14.1875 -17.0154 179.82 8.03804 13 30 1 0 1
-21.7156 13.9469 2081.63 -14.2424 -16.1974 177.698 8.06296 13 31 1 0 1
-22.9513 20.6918 2081.63 -14.6851 -16.3914 177.766 8.06155 13 32 1 0 1
-19.3051 19.2071 2081.63 -13.6225 -17.4929 180.182 8.03397 13 33 1 0 1
-17.6309 20.364 2081.63 -13.0838 -17.2563 179.823 8.03868 13 34 1 0 1
-18.0108 17.6346 2081.63 -13.9461 -16.4699 179.94 8.03747 13 35 1 0 1
-26.9804 16.8744 2081.63 -16.581 -16.6342 178.808 8.0475 13 36 1 0 1
-20.7997 19.0199 2081.63 -13.5465 -17.6721 180.519 8.03011 13 37 1 0 1
-25.5742 21.6035 2081.63 -14.0911 -17.677 178.093 8.05694 13 38 1 0 1
-22.9858 18.698 2081.63 -13.939 -16.8985 175.892 8.08362 13 39 1 0 1
-27.3375 21.9861 2081.63 -16.1959 -16.9316 175.799 8.08239 13 40 1 0 1
-19.9656 16.5806 2081.63 -12.5863 -16.346 178.816 8.05141 13 41 1 0 1
-26.4514 16.3048 2081.63 -16.1414 -16.5448 181.341 8.01992 13 42 1 0 1
-20.0607 23.2225 2081.63 -13.2207 -18.1289 178.421 8.05342 13 43 1 0 1
-24.747 17.9356 2081.63 -15.1005 -17.1083 176.696 8.07278 13 44 1 0 1
-20.8392 16.3194 2081.63 -12.4496 -16.4082 177.47 8.06694 13 45 1 0 1
-20.1857 18.5954 2081.63 -13.0749 -17.342 178.207 8.05689 13 46 1 0 1
-28.746 23.2008 2081.63 -17.8629 -17.9832 178.783 8.04492 13 47 1 0 1
-24.4803 17.5797 2081.63 -15.5977 -17.0203 180.921 8.02455 13 48 1 0 1
-23.7436 15.5066 2081.63 -14.2272 -16.8103 177.429 8.06542 13 49 1 0 1
-19.151 22.6308 2081.63 -14.0461 -17.2115 180.563 8.0297 13 50 1 0 1
-26.1473 19.8821 2081.63 -16.1478 -17.0372 177.389 8.06374 13 51 1 0 1
-23.4813 19.1339 2081.63 -13.8283 -17.3758 180.44 8.03107 13 52 1 0 1
-22.4852 20.2355 2081.63 -14.942 -17.2487 175.56 8.08618 13 53 1 0 1
-25.1633 17.6966 2081.63 -15.1935 -16.9331 180.018 8.035 13 54 1 0 1
-21.5636 23.153 2081.63 -14.8034 -17.67 180.192 8.03263 13 55 1 0 1
-23.7264 21.7674 2081.63 -15.5767 -16.9833 178.306 8.05386 13 56 1 0 1
-26.273 24.5156 2081.63 -15.9493 -17.8968 177.231 8.06479 13 57 1 0 1
-28.5785 20.9587 2081.63 -16.8541 -16.5017 176.859 8.06971 13 58 1 0 1
-21.7366 17.4245 2081.63 -14.3806 -17.0949 179.817 8.03781 13 59 1 0 1
-22.9078 17.8095 2081.63 -13.4161 -16.607 174.951 8.09569 13 60 1 0 1
-21.358 20.2917 2081.63 -13.1735 -17.4311 182.187 8.01244 13 61 1 0 1
-27.9028 14.4812 2081.63 -16.9485 -16.08 179.729 8.03734 13 62 1 0 1
-17.6855 17.8438 2081.63 -11.8766 -16.9588 177.164 8.07036 13 63 1 0 1
-23.29 17.6417 2081.63 -14.5573 -16.7471 178.273 8.05547 13 64 1 0 1
-25.322 17.4403 2081.63 -15.9168 -16.6327 176.973 8.06924 13 65 1 0 1
-26.9917 16.676 2081.63 -14.5259 -16.3838 173.96 8.1069 13 66 1 0 1
-21.5119 15.5616 2081.63 -13.5438 -16.5712 178.601 8.05283 13 67 1 0 1
-20.064 17.0378 2081.63 -14.3104 -16.6716 177.381 8.06606 13 68 1 0 1
-20.5577 22.8081 2081.63 -12.2149 -17.5122 179.257 8.04545 13 69 1 0 1
-22.0683 20.7339 2081.63 -14.5574 -18.1271 180.375 8.03033 13 70 1 0 1
-25.1041 15.2919 2081.63 -16.8944 -16.987 181.705 8.01478 13 71 1 0 1
-20.0483 19.7486 2081.63 -13.5953 -16.371 177.381 8.06703 13 72 1 0 1
-23.3713 21.1008 2081.63 -14.5378 -17.4052 179.398 8.04203 13 73 1 0 1
-22.2814 19.1177 2081.63 -13.9498 -17.0761 180.076 8.03533 13 74 1 0 1
-22.1267 20.8265 2081.63 -14.7087 -17.2967 178.363 8.0537 13 75 1 0 1
-22.4208 19.1137 2081.63 -14.1527 -16.7813 176.374 8.07785 13 76 1 0 1
-22.4551 18.5657 2081.63 -13.7163 -16.9684 179.482 8.04228 13 77 1 0 1
-24.0999 19.693 2081.63 -16.5631 -16.9588 179.776 8.03632 13 78 1 0 1
-23.9006 21.0978 2081.63 -16.7484 -17.7491 177.644 8.05935 13 79 1 0 1
-25.9864 18.0972 2081.63 -16.6863 -17.0282 178.735 8.0478 13 80 1 0 1
-19.3524 19.2511 2081.63 -12.4956 -17.538 181.707 8.01805 13 81 1 0 1
-20.9551 21.8937 2081.63 -12.9968 -17.5886 179.99 8.03652 13 82 1 0 1
-24.3962 17.7641 2081.63 -14.6061 -17.0473 178.209 8.05583 13 83 1 0 1
-16.8722 19.8849 2081.63 -10.9429 -17.6617 183.499 7.99974 13 84 1 0 1
-24.3843 17.2833 2081.63 -14.59 -16.5363 176.527 8.07591 13 85 1 0 1
-22.5931 16.6395 2081.63 -14.1881 -16.8674 178.69 8.05093 13 86 1 0 1
-20.9296 18.9703 2081.63 -13.1802 -16.9953 178.269 8.05647 13 87 1 0 1
-20.2529 20.8305 2081.63 -13.713 -17.0706 176.008 8.08226 13 88 1 0 1
-22.5955 20.7214 2081.63 -15.8317 -17.56 179.469 8.03984 13 89 1 0 1
-22.8259 21.8281 2081.63 -14.7605 -18.1244 179.412 8.04086 13 90 1 0 1
-19.2791 20.5932 2081.63 -13.4127 -16.8703 180.12 8.0355 13 91 1 0 1
-18.9873 19.306 2081.63 -13.5825 -16.9569 175.489 8.08869 13 92 1 0 1
-26.9995 21.4027 2081.63 -17.3773 -16.9717 178.411 8.05078 13 93 1 0 1
-22.6203 17.2901 2081.63 -14.178 -17.3891 180.708 8.02779 13 94 1 0 1
-26.014 22.2202 2081.63 -16.486 -17.1933 178.269 8.05311 13 95 1 0 1
-23.1753 23.4465 2081.63 -14.3888 -17.375 178.539 8.05191 13 96 1 0 1
-23.1597 19.8944 2081.63 -15.0211 -17.0502 179.832 8.0371 13 97 1 0 1
-21.8286 20.9987 2081.63 -13.702 -16.8261 173.751 8.10976 13 98 1 0 1
-25.5087 22.681 2081.63 -15.9038 -17.6986 178.688 8.0484 13 99 1 0 1
-26.3707 19.952 2081.63 -16.6139 -17.4005 179.496 8.03891 13 100 1 0 1
-22.3392 19.7914 2081.63 -14.9607 -17.2498 179.879 8.03643 13 101 1 0 1
-21.5411 22.5833 2081.63 -14.2494 -17.3672 177.249 8.06687 13 102 1 0 1
-25.7515 20.4864 2081.63 -16.1929 -17.3703 179.377 8.04071 13 103 1 0 1
-25.5971 19.7085 2081.63 -14.4377 -17.4862 178.787 8.04893 13 104 1 0 1
-18.1622 21.0029 2081.63 -13.8012 -17.5321 179.705 8.03911 13 105 1 0 1
-16.788 16.3152 2081.63 -11.3394 -16.9836 180.554 8.03214 13 106 1 0 1
-21.3614 18.7621 2081.63 -14.0602 -16.8526 180.799 8.02745 13 107 1 0 1
-25.755 14.8633 2081.63 -15.8816 -16.2563 178.595 8.05103 13 108 1 0 1
-19.7343 21.1222 2081.63 -13.0118 -17.5574 179.724 8.03952 13 109 1 0 1
-20.3878 14.9082 2081.63 -13.8058 -16.849 178.71 8.05106 13 110 1 0 1
-21.8182 16.616 2081.63 -14.408 -16.5207 179.883 8.03765 13 111 1 0 1
-23.6428 17.3218 2081.63 -15.4124 -17.1307 178.501 8.05164 13 112 1 0 1
-25.2388 19.43 2081.63 -15.4689 -17.4359 181.249 8.02066 13 113 1 0 1
-19.4327 14.4125 2081.63 -13.2544 -16.3947 180.186 8.03539 13 114 1 0 1
-24.5527 22.5791 2081.63 -15.6533 -18.3843 180.854 8.02377 13 115 1 0 1
-25.0475 22.5428 2081.63 -16.581 -17.8537 177.508 8.06098 13 116 1 0 1
-22.7851 20.1553 2081.63 -14.7299 -16.8813 178.644 8.05094 13 117 1 0 1
-26.6599 18.5767 2081.63 -16.5062 -17.03 178.01 8.05623 13 118 1 0 1
-25.3865 19.8798 2081.63 -15.8588 -17.7574 179.813 8.03576 13 119 1 0 1
-22.8201 21.3758 2081.63 -14.7944 -17.0631 177.937 8.05875 13 120 1 0 1
-28.1338 13.6361 2142.86 -9.76527 -20.0605 176.925 8.30825 13 1 1 0 1
-28.3582 11.6384 2142.86 -9.62225 -20.3145 179.043 8.28297 13 2 1 0 1
-25.9048 16.0439 2142.86 -9.25524 -21.2389 179.422 8.27756 13 3 1 0 1
-24.4621 17.0494 2142.86 -9.69725 -20.6842 177.695 8.29825 13 4 1 0 1
-26.0465 12.2513 2142.86 -9.42961 -19.9174 179.206 8.28171 13 5 1 0 1
-25.4028 9.19931 2142.86 -9.62702 -19.8332 180.816 8.26323 13 6 1 0 1
-28.5287 13.7787 2142.86 -10.7827 -20.4685 179.654 8.27493 13 7 1 0 1
-25.9858 15.2451 2142.86 -9.71989 -20.7727 180.748 8.26274 13 8 1 0 1
-29.7015 12.8567 2142.86 -10.6 -19.714 178.691 8.28721 13 9 1 0 1
-21.7447 13.7322 2142.86 -8.84618 -20.1751 177.165 8.3058 13 10 1 0 1
-25.4365 15.6411 2142.86 -9.23747 -21.1798 179.726 8.27415 13 11 1 0 1
-24.9288 12.2105 2142.86 -8.0304 -19.8372 176.368 8.31633 13 12 1 0 1
-24.7401 14.5639 2142.86 -9.146 -19.9483 176.902 8.30907 13 13 1 0 1
-29.4574 17.9191 2142.86 -9.92669 -20.8309 178.949 8.28317 13 14 1 0 1
-22.8597 18.1602 2142.86 -7.88336 -20.5773 179.294 8.28069 13 15 1 0 1
-28.6649 10.4642 2142.86 -11.0012 -20.061 178.825 8.28491 13 16 1 0 1
-26.5191 9.42425 2142.86 -9.35209 -19.769 179.607 8.2773 13 17 1 0 1
-24.3824 9.90657 2142.86 -9.69986 -19.9793 179.585 8.27707 13 18 1 0 1
-32.8247 12.1535 2142.86 -12.2333 -19.4065 178.198 8.29216 13 19 1 0 1
-23.06 9.42346 2142.86 -8.99811 -19.6175 178.429 8.29144 13 20 1 0 1
-26.4 12.2132 2142.86 -9.07202 -20.2871 177.423 8.30242 13 21 1 0 1
-28.9463 13.3874 2142.86 -9.95183 -20.205 180.302 8.2684 13 22 1 0 1
-22.1811 15.9323 2142.86 -8.17236 -20.7667 178.341 8.29141 13 23 1 0 1
-28.7974 14.5275 2142.86 -9.46907 -20.6758 176.256 8.31566 13 24 1 0 1
-29.8664 10.2692 2142.86 -10.4707 -19.9833 179.207 8.28094 13 25 1 0 1
-26.6747 11.9135 2142.86 -9.54716 -19.9891 179.135 8.28237 13 26 1 0 1
-25.2385 11.1645 2142.86 -9.25485 -20.4192 182.245 8.24669 13 27 1 0 1
-25.7583 13.7924 2142.86 -9.59551 -20.5687 180.239 8.26887 13 28 1 0 1
-28.3113 10.463 2142.86 -9.89049 -18.6484 176.721 8.31249 13 29 1 0 1
-26.5035 12.7325 2142.86 -9.37754 -20.1564 179.81 8.27445 13 30 1 0 1
-25.8359 7.82507 2142.86 -9.54389 -19.138 177.72 8.3001 13 31 1 0 1
-27.2058 14.4669 2142.86 -9.88691 -19.5542 177.778 8.29865 13 32 1 0 1
-23.1792 12.6927 2142.86 -9.04692 -20.6374 180.137 8.27027 13 33 1 0 1
-21.3531 13.9115 2142.86 -8.64881 -20.4322 179.758 8.27511 13 34 1 0 1
-22.0174 11.4686 2142.86 -9.47083 -19.5663 179.921 8.27387 13 35 1 0 1
-31.8002 10.6211 2142.86 -11.4357 -19.6965 178.9 8.28419 13 36 1 0 1
-24.6204 12.457 2142.86 -8.85097 -20.8155 180.475 8.26629 13 37 1 0 1
-29.5825 14.9426 2142.86 -9.09523 -20.8651 178.073 8.2939 13 38 1 0 1
-27.0349 12.2483 2142.86 -9.19541 -19.9565 175.884 8.32137 13 39 1 0 1
-32.1159 15.503 2142.86 -11.1104 -20.1033 175.86 8.32011 13 40 1 0 1
-23.5132 10.4277 2142.86 -8.0084 -19.3857 178.776 8.28822 13 41 1 0 1
-31.0513 10.1644 2142.86 -10.9707 -19.6313 181.42 8.2558 13 42 1 0 1
-23.8333 16.4088 2142.86 -8.63541 -21.3673 178.344 8.29029 13 43 1 0 1
-29.1522 11.4444 2142.86 -10.1933 -20.1588 176.726 8.31021 13 44 1 0 1
-24.3612 10.1042 2142.86 -7.84195 -19.4153 177.429 8.30421 13 45 1 0 1
-23.9122 12.0705 2142.86 -8.48882 -20.4309 178.157 8.29386 13 46 1 0 1
-33.9811 16.4496 2142.86 -12.5706 -21.2487 178.875 8.28154 13 47 1 0 1
-28.9348 11.2584 2142.86 -10.5923 -20.1358 180.963 8.26057 13 48 1 0 1
-27.8401 9.1563 2142.86 -9.38502 -19.7935 177.444 8.30264 13 49 1 0 1
-23.1604 16.2045 2142.86 -9.46739 -20.4798 180.52 8.26586 13 50 1 0 1
-30.8741 13.4274 2142.86 -11.1068 -20.168 177.448 8.30091 13 51 1 0 1
-27.3648 12.668 2142.86 -8.93007 -20.5258 180.418 8.26728 13 52 1 0 1
-26.8981 13.644 2142.86 -10.2316 -20.3506 175.565 8.32401 13 53 1 0 1
-29.4985 11.3753 2142.86 -10.1654 -20.0363 180.053 8.27132 13 54 1 0 1
-25.8081 16.5563 2142.86 -10.0434 -20.9485 180.169 8.26889 13 55 1 0 1
-28.2605 15.3506 2142.86 -10.6963 -20.1899 178.331 8.29074 13 56 1 0 1
-30.9349 17.7328 2142.86 -10.9035 -21.1687 177.253 8.30199 13 57 1 0 1
-33.5343 14.6652 2142.86 -11.6415 -19.6655 176.955 8.30705 13 58 1 0 1
-25.8459 11.0435 2142.86 -9.62361 -20.1803 179.815 8.27422 13 59 1 0 1
-26.8017 11.4351 2142.86 -8.70905 -19.6203 174.937 8.3338 13 60 1 0 1
-25.0049 13.8571 2142.86 -8.39823 -20.6479 182.134 8.2481 13 61 1 0 1
-32.8065 8.45918 2142.86 -11.7059 -19.0846 179.853 8.27373 13 62 1 0 1
-21.0582 11.4203 2142.86 -7.51582 -20.0032 177.085 8.30772 13 63 1 0 1
-27.482 11.3283 2142.86 -9.72251 -19.8162 178.287 8.2924 13 64 1 0 1
-29.9929 11.1254 2142.86 -10.9514 -19.6784 177.038 8.30657 13 65 1 0 1
-31.2487 10.3534 2142.86 -9.53631 -19.3501 174.001 8.34533 13 66 1 0 1
-25.3717 9.33075 2142.86 -8.84494 -19.5754 178.591 8.28968 13 67 1 0 1
-24.2377 10.7249 2142.86 -9.74035 -19.7037 177.38 8.3033 13 68 1 0 1
-23.9608 16.2359 2142.86 -7.5845 -20.7547 179.167 8.28208 13 69 1 0 1
-26.2181 14.0022 2142.86 -9.75768 -21.3248 180.349 8.26652 13 70 1 0 1
-29.963 9.01965 2142.86 -11.8075 -20.0445 181.795 8.25051 13 71 1 0 1
-23.9763 13.5239 2142.86 -9.03428 -19.4918 177.357 8.30429 13 72 1 0 1
-27.5245 14.5795 2142.86 -9.66653 -20.6033 179.388 8.27856 13 73 1 0 1
-26.2309 12.7417 2142.86 -9.14998 -20.2212 180.058 8.27166 13 74 1 0 1
-26.3829 14.3096 2142.86 -9.95511 -20.4677 178.356 8.29057 13 75 1 0 1
-26.5378 12.7183 2142.86 -9.43564 -19.8628 176.369 8.31544 13 76 1 0 1
-26.3387 12.2103 2142.86 -8.92161 -20.0848 179.463 8.27882 13 77 1 0 1
-28.9202 13.344 2142.86 -11.6058 -20.1273 179.837 8.27268 13 78 1 0 1
-28.8544 14.3997 2142.86 -11.8591 -20.9198 177.693 8.29639 13 79 1 0 1
-30.8572 11.7 2142.86 -11.6152 -20.1264 178.815 8.2845 13 80 1 0 1
-22.8092 12.771 2142.86 -7.89263 -20.7078 181.631 8.25388 13 81 1 0 1
-24.601 15.3251 2142.86 -8.30895 -20.8165 179.923 8.27289 13 82 1 0 1
-28.5925 11.345 2142.86 -9.69002 -20.1178 178.224 8.29276 13 83 1 0 1
-19.804 13.4176 2142.86 -6.50494 -20.8789 183.372 8.23502 13 84 1 0 1
-28.6229 10.9881 2142.86 -9.72026 -19.5651 176.553 8.31343 13 85 1 0 1
-26.6565 10.304 2142.86 -9.39862 -19.9086 178.693 8.28772 13 86 1 0 1
-24.6811 12.5642 2142.86 -8.5363 -20.1009 178.229 8.29343 13 87 1 0 1
-24.2556 14.3127 2142.86 -9.16886 -20.1965 175.973 8.31997 13 88 1 0 1
-27.1962 14.1519 2142.86 -11.002 -20.7494 179.49 8.2763 13 89 1 0 1
-27.0613 15.0582 2142.86 -9.92626 -21.3416 179.391 8.27736 13 90 1 0 1
-23.0842 14.28 2142.86 -8.84324 -20.0638 180.075 8.27184 13 91 1 0 1
-22.9749 12.819 2142.86 -9.14571 -20.0241 175.453 8.32659 13 92 1 0 1
-32.1037 14.9954 2142.86 -12.2318 -20.1758 178.504 8.28757 13 93 1 0 1
-26.6259 10.839 2142.86 -9.3339 -20.4833 180.699 8.2639 13 94 1 0 1
-30.8308 15.7276 2142.86 -11.4265 -20.4166 178.325 8.28997 13 95 1 0 1
-27.3039 16.8936 2142.86 -9.55582 -20.6339 178.516 8.28873 13 96 1 0 1
-27.4675 13.5149 2142.86 -10.1494 -20.2205 179.845 8.27349 13 97 1 0 1
-25.8689 14.4891 2142.86 -9.10011 -19.9186 173.726 8.34828 13 98 1 0 1
-30.1201 16.0268 2142.86 -10.8761 -20.9388 178.715 8.28512 13 99 1 0 1
-31.1878 13.4421 2142.86 -11.4933 -20.5707 179.562 8.27535 13 100 1 0 1
-26.6357 13.3462 2142.86 -10.1498 -20.4154 179.883 8.2728 13 101 1 0 1
-25.6784 15.9948 2142.86 -9.5724 -20.5728 177.221 8.30413 13 102 1 0 1
-30.4372 13.9798 2142.86 -11.1262 -20.5545 179.426 8.27721 13 103 1 0 1
-29.7045 13.1472 2142.86 -9.41794 -20.6275 178.787 8.28566 13 104 1 0 1
-22.1239 14.4492 2142.86 -9.32034 -20.727 179.653 8.27555 13 105 1 0 1
-19.914 10.0018 2142.86 -6.97262 -20.0355 180.463 8.26838 13 106 1 0 1
-25.341 12.4868 2142.86 -9.31012 -20.0006 180.785 8.26355 13 107 1 0 1
-30.3586 8.744 2142.86 -10.8416 -19.2485 178.675 8.28783 13 108 1 0 1
-23.4075 14.5598 2142.86 -8.42204 -20.7547 179.657 8.27597 13 109 1 0 1
-24.3485 8.58959 2142.86 -9.18475 -19.8318 178.701 8.28785 13 110 1 0 1
-25.934 10.4368 2142.86 -9.64361 -19.5849 179.894 8.27405 13 111 1 0 1
-28.116 10.8863 2142.86 -10.5357 -20.1933 178.535 8.28846 13 112 1 0 1
-29.6308 12.9684 2142.86 -10.3981 -20.6158 181.277 8.25656 13 113 1 0 1
-23.1806 8.29794 2142.86 -8.67521 -19.3878 180.167 8.27173 13 114 1 0 1
-29.027 15.7663 2142.86 -10.6411 -21.6548 180.856 8.25977 13 115 1 0 1
-29.9335 15.7957 2142.86 -11.6119 -21.0683 177.551 8.29806 13 116 1 0 1
-27.0322 13.7936 2142.86 -9.92041 -20.0388 178.65 8.28773 13 117 1 0 1
-31.4836 12.1524 2142.86 -11.4068 -20.1308 178.086 8.29318 13 118 1 0 1
-29.9503 13.2595 2142.86 -10.8109 -20.9253 179.846 8.2721 13 119 1 0 1
-27.1088 14.9217 2142.86 -9.99946 -20.2466 177.938 8.29577 13 120 1 0 1
-30.5782 6.34069 2204.08 -4.28564 -21.8728 176.928 8.54563 13 1 1 0 1
-30.7112 4.34969 2204.08 -4.06357 -22.0819 179.046 8.51963 13 2 1 0 1
-28.1577 8.42983 2204.08 -3.87276 -23.1468 179.383 8.51406 13 3 1 0 1
-26.9157 9.55006 2204.08 -4.46706 -22.6106 177.669 8.53534 13 4 1 0 1
-28.3607 5.10082 2204.08 -4.04134 -21.7082 179.2 8.51833 13 5 1 0 1
-27.7632 2.15515 2204.08 -4.23793 -21.5408 180.827 8.49932 13 6 1 0 1
-31.2623 6.44898 2204.08 -5.17853 -22.3163 179.683 8.51136 13 7 1 0 1
-28.3713 7.84638 2204.08 -4.28685 -22.6741 180.73 8.49882 13 8 1 0 1
-32.3774 5.75278 2204.08 -4.94011 -21.5257 178.728 8.52399 13 9 1 0 1
-23.9502 6.40608 2204.08 -3.84316 -21.9877 177.128 8.5431 13 10 1 0 1
-27.684 8.0617 2204.08 -3.88149 -23.0781 179.687 8.51056 13 11 1 0 1
-26.8253 4.97874 2204.08 -2.82524 -21.592 176.322 8.55394 13 12 1 0 1
-27.0151 7.30116 2204.08 -3.92522 -21.7882 176.878 8.54647 13 13 1 0 1
-31.9018 10.4146 2204.08 -4.28429 -22.8011 178.933 8.51984 13 14 1 0 1
-24.6874 10.7545 2204.08 -2.74987 -22.5524 179.209 8.51728 13 15 1 0 1
-31.4881 3.2604 2204.08 -5.41009 -21.7947 178.879 8.52162 13 16 1 0 1
-28.7937 2.35552 2204.08 -3.9178 -21.4717 179.612 8.5138 13 17 1 0 1
-26.8028 2.76273 2204.08 -4.42217 -21.697 179.593 8.51356 13 18 1 0 1
-36.0293 5.14039 2204.08 -6.33778 -21.1992 178.301 8.52908 13 19 1 0 1
-25.279 2.36223 2204.08 -3.86079 -21.3075 178.42 8.52833 13 20 1 0 1
-28.619 4.86732 2204.08 -3.71429 -22.054 177.405 8.53963 13 21 1 0 1
-31.3804 6.17426 2204.08 -4.30649 -22.0456 180.31 8.50464 13 22 1 0 1
-24.1307 8.4368 2204.08 -3.11257 -22.6574 178.271 8.52831 13 23 1 0 1
-31.1437 6.98736 2204.08 -3.96422 -22.5045 176.242 8.55325 13 24 1 0 1
-32.4858 3.10761 2204.08 -4.78421 -21.7132 179.248 8.51754 13 25 1 0 1
-29.0221 4.73781 2204.08 -4.11258 -21.7681 179.135 8.51901 13 26 1 0 1
-27.4511 3.96517 2204.08 -3.84085 -22.2016 182.232 8.48231 13 27 1 0 1
-28.1139 6.45125 2204.08 -4.19625 -22.4174 180.225 8.50512 13 28 1 0 1
-30.8006 3.66606 2204.08 -4.40306 -20.3656 176.753 8.54998 13 29 1 0 1
-28.7834 5.52081 2204.08 -3.93773 -21.9677 179.799 8.51086 13 30 1 0 1
-28.2188 0.911024 2204.08 -4.21412 -20.7744 177.743 8.53725 13 31 1 0 1
-29.6877 7.37404 2204.08 -4.4489 -21.4066 177.784 8.53576 13 32 1 0 1
-25.384 5.33052 2204.08 -3.85147 -22.4457 180.107 8.50656 13 33 1 0 1
-23.4528 6.5974 2204.08 -3.60602 -22.2763 179.711 8.51155 13 34 1 0 1
-24.3844 4.46878 2204.08 -4.3639 -21.3405 179.916 8.51026 13 35 1 0 1
-34.7297 3.54378 2204.08 -5.60314 -21.4409 178.977 8.52088 13 36 1 0 1
-26.7348 5.049 2204.08 -3.5398 -22.6179 180.441 8.50247 13 37 1 0 1
-31.7573 7.40836 2204.08 -3.48101 -22.7246 178.044 8.53087 13 38 1 0 1
-29.3158 4.95594 2204.08 -3.83508 -21.7112 175.874 8.55913 13 39 1 0 1
-34.996 8.1402 2204.08 -5.35445 -21.9703 175.906 8.55782 13 40 1 0 1
-25.3829 3.45302 2204.08 -2.83974 -21.1104 178.737 8.52503 13 41 1 0 1
-33.78 3.20506 2204.08 -5.1201 -21.3847 181.481 8.49168 13 42 1 0 1
-25.9199 8.70498 2204.08 -3.4465 -23.2712 178.281 8.52715 13 43 1 0 1
-31.735 4.11974 2204.08 -4.63957 -21.8992 176.752 8.54765 13 44 1 0 1
-26.1837 3.07089 2204.08 -2.65071 -21.115 177.389 8.54147 13 45 1 0 1
-25.9507 4.7049 2204.08 -3.30169 -22.1973 178.118 8.53082 13 46 1 0 1
-37.2701 8.80776 2204.08 -6.56188 -23.1794 178.956 8.51815 13 47 1 0 1
-31.5725 4.10578 2204.08 -4.92019 -21.9157 180.999 8.49659 13 48 1 0 1
-30.1479 1.99866 2204.08 -3.9165 -21.466 177.454 8.53986 13 49 1 0 1
-25.501 8.89053 2204.08 -4.25709 -22.411 180.488 8.50203 13 50 1 0 1
-33.7344 6.11659 2204.08 -5.39241 -21.9844 177.498 8.53808 13 51 1 0 1
-29.4718 5.35467 2204.08 -3.41283 -22.3374 180.391 8.50349 13 52 1 0 1
-29.5464 6.19391 2204.08 -4.87807 -22.148 175.578 8.56184 13 53 1 0 1
-32.0025 4.22145 2204.08 -4.48385 -21.8098 180.078 8.50765 13 54 1 0 1
-28.3159 9.06787 2204.08 -4.63658 -22.8867 180.154 8.50514 13 55 1 0 1
-30.995 8.05574 2204.08 -5.15327 -22.0762 178.354 8.52761 13 56 1 0 1
-33.7287 10.0449 2204.08 -5.19225 -23.1152 177.269 8.53919 13 57 1 0 1
-36.5553 7.5016 2204.08 -5.73987 -21.5229 177.029 8.5444 13 58 1 0 1
-28.2176 3.8335 2204.08 -4.23021 -21.9366 179.817 8.51062 13 59 1 0 1
-28.9334 4.22731 2204.08 -3.40009 -21.3393 174.919 8.57191 13 60 1 0 1
-26.9356 6.56151 2204.08 -3.01566 -22.5143 182.081 8.48376 13 61 1 0 1
-35.7941 1.63771 2204.08 -5.76486 -20.7724 179.955 8.51012 13 62 1 0 1
-22.8159 4.16362 2204.08 -2.58272 -21.7364 177.021 8.54508 13 63 1 0 1
-29.8945 4.18278 2204.08 -4.25094 -21.5692 178.298 8.52933 13 64 1 0 1
-32.8199 3.98068 2204.08 -5.31728 -21.4179 177.095 8.5439 13 65 1 0 1
-33.6296 3.20974 2204.08 -3.92207 -21.0307 174.023 8.58377 13 66 1 0 1
-27.506 2.29058 2204.08 -3.53253 -21.2641 178.582 8.52652 13 67 1 0 1
-26.7149 3.58685 2204.08 -4.5362 -21.4277 177.389 8.54053 13 68 1 0 1
-25.6746 8.77561 2204.08 -2.37614 -22.663 179.08 8.51871 13 69 1 0 1
-28.6206 6.40794 2204.08 -4.31841 -23.177 180.333 8.5027 13 70 1 0 1
-32.9787 1.94159 2204.08 -6.01817 -21.7637 181.881 8.48624 13 71 1 0 1
-26.2145 6.44195 2204.08 -3.85852 -21.3055 177.336 8.54156 13 72 1 0 1
-29.8971 7.18894 2204.08 -4.15895 -22.469 179.376 8.51509 13 73 1 0 1
-28.4329 5.51741 2204.08 -3.72613 -22.0341 180.039 8.50799 13 74 1 0 1
-28.8876 6.92648 2204.08 -4.56008 -22.315 178.354 8.52745 13 75 1 0 1
-28.8994 5.47479 2204.08 -4.0945 -21.6392 176.365 8.55302 13 76 1 0 1
-28.472 5.0128 2204.08 -3.51009 -21.874 179.441 8.51535 13 77 1 0 1
-31.924 6.13975 2204.08 -5.95724 -21.9682 179.898 8.50905 13 78 1 0 1
-31.9934 6.83443 2204.08 -6.27785 -22.7679 177.751 8.53343 13 79 1 0 1
-33.8619 4.46636 2204.08 -5.85348 -21.903 178.887 8.5212 13 80 1 0 1
-24.6062 5.44229 2204.08 -2.69761 -22.53 181.566 8.48971 13 81 1 0 1
-26.5412 7.87876 2204.08 -3.02172 -22.7056 179.861 8.50926 13 82 1 0 1
-30.9808 4.09356 2204.08 -4.138 -21.8687 178.233 8.5297 13 83 1 0 1
-21.153 6.09438 2204.08 -1.5092 -22.7351 183.26 8.47031 13 84 1 0 1
-31.0526 3.86469 2204.08 -4.21673 -21.291 176.57 8.55096 13 85 1 0 1
-28.9616 3.14813 2204.08 -3.98047 -21.6303 178.695 8.52452 13 86 1 0 1
-26.7248 5.31177 2204.08 -3.28933 -21.8868 178.193 8.53038 13 87 1 0 1
-26.5613 6.92876 2204.08 -4.0102 -22.0163 175.947 8.55768 13 88 1 0 1
-30.0246 6.71803 2204.08 -5.49998 -22.6062 179.518 8.51277 13 89 1 0 1
-29.528 7.41355 2204.08 -4.4499 -23.2189 179.378 8.51385 13 90 1 0 1
-25.2223 7.10107 2204.08 -3.6592 -21.9272 180.038 8.50818 13 91 1 0 1
-25.2984 5.48281 2204.08 -4.09624 -21.7912 175.433 8.56449 13 92 1 0 1
-35.3099 7.71411 2204.08 -6.37953 -22.0597 178.587 8.52436 13 93 1 0 1
-28.8739 3.56126 2204.08 -3.85918 -22.239 180.691 8.50001 13 94 1 0 1
-33.7822 8.35267 2204.08 -5.6837 -22.3172 178.373 8.52683 13 95 1 0 1
-29.6575 9.44515 2204.08 -4.09198 -22.5651 178.491 8.52555 13 96 1 0 1
-29.9961 6.27836 2204.08 -4.62672 -22.0606 179.855 8.50987 13 97 1 0 1
-28.1709 7.11115 2204.08 -3.88966 -21.7215 173.705 8.5868 13 98 1 0 1
-32.8844 8.48682 2204.08 -5.18034 -22.8476 178.737 8.52183 13 99 1 0 1
-34.1304 6.07596 2204.08 -5.6843 -22.4092 179.62 8.51179 13 100 1 0 1
-29.1744 6.04585 2204.08 -4.68842 -22.2488 179.891 8.50916 13 101 1 0 1
-28.0824 8.52089 2204.08 -4.2675 -22.4601 177.199 8.54139 13 102 1 0 1
-33.2677 6.61083 2204.08 -5.38189 -22.4077 179.468 8.5137 13 103 1 0 1
-31.9754 5.73296 2204.08 -3.7688 -22.439 178.777 8.52239 13 104 1 0 1
-24.4433 7.02765 2204.08 -4.21416 -22.588 179.621 8.51199 13 105 1 0 1
-21.4545 2.87144 2204.08 -2.04057 -21.755 180.387 8.50462 13 106 1 0 1
-27.5959 5.36622 2204.08 -3.9301 -21.8147 180.773 8.49965 13 107 1 0 1
-33.1088 1.82208 2204.08 -5.13094 -20.9292 178.741 8.52462 13 108 1 0 1
-25.4056 7.12837 2204.08 -3.23064 -22.6163 179.601 8.51243 13 109 1 0 1
-26.61 1.47008 2204.08 -3.94136 -21.4966 178.701 8.52465 13 110 1 0 1
-28.3099 3.43554 2204.08 -4.24122 -21.3261 179.904 8.51046 13 111 1 0 1
-30.7934 3.62361 2204.08 -4.99969 -21.935 178.57 8.52527 13 112 1 0 1
-32.1881 5.65595 2204.08 -4.66571 -22.452 181.297 8.49246 13 113 1 0 1
-25.2592 1.38584 2204.08 -3.48399 -21.0585 180.155 8.50806 13 114 1 0 1
-31.6821 8.07069 2204.08 -4.96385 -23.5728 180.861 8.49576 13 115 1 0 1
-32.9771 8.16561 2204.08 -5.95757 -22.9586 177.596 8.53515 13 116 1 0 1
-29.5112 6.57163 2204.08 -4.46885 -21.8755 178.654 8.52452 13 117 1 0 1
-34.4251 4.88651 2204.08 -5.62372 -21.914 178.152 8.53013 13 118 1 0 1
-32.6712 5.78499 2204.08 -5.09377 -22.7554 179.877 8.50845 13 119 1 0 1
-29.6275 7.59453 2204.08 -4.56233 -22.1112 177.938 8.5328 13 120 1 0 1
-31.0676 -1.33672 2265.31 1.47304 -22.2566 176.925 8.78301 13 1 1 0 1
-31.1058 -3.29834 2265.31 1.77049 -22.4041 179.043 8.75628 13 2 1 0 1
-28.5176 0.409938 2265.31 1.77812 -23.5969 179.357 8.75056 13 3 1 0 1
-27.5081 1.63212 2265.31 1.0459 -23.0974 177.659 8.77243 13 4 1 0 1
-28.7766 -2.41756 2265.31 1.62141 -22.0578 179.196 8.75495 13 5 1 0 1
-28.2407 -5.22329 2265.31 1.43328 -21.7986 180.84 8.73541 13 6 1 0 1
-32.0231 -1.264 2265.31 0.731899 -22.7123 179.707 8.74778 13 7 1 0 1
-28.8583 0.0484109 2265.31 1.42772 -23.1138 180.72 8.73489 13 8 1 0 1
-33.052 -1.72649 2265.31 1.01949 -21.8997 178.748 8.76077 13 9 1 0 1
-24.3706 -1.30279 2265.31 1.42569 -22.3723 177.116 8.78041 13 10 1 0 1
-28.0507 0.08063 2265.31 1.74347 -23.5176 179.664 8.74696 13 11 1 0 1
-26.8629 -2.61953 2265.31 2.61816 -21.9264 176.284 8.79155 13 12 1 0 1
-27.4263 -0.354612 2265.31 1.5638 -22.2023 176.863 8.78387 13 13 1 0 1
-32.3572 2.48162 2265.31 1.63779 -23.3183 178.91 8.7565 13 14 1 0 1
-24.711 2.91634 2265.31 2.62063 -23.0779 179.144 8.75387 13 15 1 0 1
-32.3329 -4.29032 2265.31 0.494061 -22.0877 178.924 8.75833 13 16 1 0 1
-29.159 -5.04977 2265.31 1.78883 -21.7328 179.615 8.75029 13 17 1 0 1
-27.365 -4.72231 2265.31 1.14102 -21.9722 179.611 8.75005 13 18 1 0 1
-37.1391 -2.24109 2265.31 -0.102429 -21.5595 178.371 8.766 13 19 1 0 1
-25.6788 -5.03563 2265.31 1.54557 -21.5673 178.424 8.76523 13 20 1 0 1
-28.9332 -2.84376 2265.31 1.90711 -22.388 177.392 8.77684 13 21 1 0 1
-31.8388 -1.41903 2265.31 1.62191 -22.4323 180.306 8.74088 13 22 1 0 1
-24.2904 0.535414 2265.31 2.19359 -23.1047 178.227 8.76521 13 23 1 0 1
-31.5203 -0.942126 2265.31 1.80973 -22.902 176.226 8.79084 13 24 1 0 1
-33.1011 -4.39915 2265.31 1.19871 -21.9999 179.273 8.75414 13 25 1 0 1
-29.4543 -2.80164 2265.31 1.59857 -22.1054 179.134 8.75565 13 26 1 0 1
-27.7887 -3.58905 2265.31 1.84495 -22.5174 182.224 8.71792 13 27 1 0 1
-28.5775 -1.27317 2265.31 1.48199 -22.8106 180.219 8.74137 13 28 1 0 1
-31.329 -3.48245 2265.31 1.36805 -20.6713 176.767 8.78748 13 29 1 0 1
-29.1542 -2.06351 2265.31 1.77415 -22.3307 179.789 8.74728 13 30 1 0 1
-28.7071 -6.32311 2265.31 1.39487 -20.9896 177.762 8.77439 13 31 1 0 1
-30.2373 -0.112609 2265.31 1.27335 -21.8299 177.784 8.77286 13 32 1 0 1
-25.7669 -2.40212 2265.31 1.61318 -22.8003 180.096 8.74285 13 33 1 0 1
-23.78 -1.10167 2265.31 1.69844 -22.6719 179.689 8.74798 13 34 1 0 1
-24.9551 -2.89167 2265.31 1.02658 -21.6746 179.926 8.74666 13 35 1 0 1
-35.5977 -3.88368 2265.31 0.549136 -21.7461 179.027 8.75757 13 36 1 0 1
-26.9927 -2.72626 2265.31 2.0326 -22.9618 180.421 8.73865 13 37 1 0 1
-31.9467 -0.520107 2265.31 2.39059 -23.1377 178.008 8.76784 13 38 1 0 1
-29.674 -2.70265 2265.31 1.79103 -22.0466 175.865 8.79688 13 39 1 0 1
-35.8077 0.374797 2265.31 0.709823 -22.4128 175.93 8.79554 13 40 1 0 1
-25.4307 -3.87078 2265.31 2.57032 -21.4042 178.706 8.76183 13 41 1 0 1
-34.4716 -4.10053 2265.31 1.03908 -21.6827 181.515 8.72756 13 42 1 0 1
-26.1708 0.592162 2265.31 1.99765 -23.7245 178.244 8.76402 13 43 1 0 1
-32.3331 -3.56162 2265.31 1.20355 -22.2117 176.77 8.78508 13 44 1 0 1
-26.1636 -4.30717 2265.31 2.77563 -21.3925 177.354 8.77873 13 45 1 0 1
-26.1528 -3.02403 2265.31 2.13809 -22.5257 178.094 8.76779 13 46 1 0 1
-38.4323 0.755789 2265.31 -0.208298 -23.6517 179.015 8.75477 13 47 1 0 1
-32.2296 -3.40339 2265.31 1.05324 -22.2388 181.024 8.7326 13 48 1 0 1
-30.5115 -5.49147 2265.31 1.82258 -21.7109 177.458 8.77708 13 49 1 0 1
-26.0166 1.16542 2265.31 1.23304 -22.8861 180.475 8.7382 13 50 1 0 1
-34.5587 -1.57368 2265.31 0.633052 -22.3662 177.531 8.77524 13 51 1 0 1
-29.652 -2.32943 2265.31 2.36258 -22.6921 180.364 8.73969 13 52 1 0 1
-30.266 -1.6365 2265.31 0.769102 -22.5241 175.596 8.79967 13 53 1 0 1
-32.5148 -3.2903 2265.31 1.48621 -22.1334 180.088 8.74397 13 54 1 0 1
-28.9265 1.16628 2265.31 1.06029 -23.3651 180.149 8.7414 13 55 1 0 1
-31.7637 0.35929 2265.31 0.693656 -22.5223 178.371 8.76449 13 56 1 0 1
-34.4866 1.93262 2265.31 0.822463 -23.6164 177.277 8.77639 13 57 1 0 1
-37.4679 -0.0573158 2265.31 0.482957 -21.9524 177.069 8.78174 13 58 1 0 1
-28.6947 -3.72989 2265.31 1.4436 -22.2453 179.823 8.74703 13 59 1 0 1
-29.1521 -3.3384 2265.31 2.16207 -21.6495 174.901 8.81002 13 60 1 0 1
-27.0047 -1.11862 2265.31 2.61515 -22.9115 182.038 8.71942 13 61 1 0 1
-36.6928 -5.51213 2265.31 0.502746 -21.0212 180.017 8.74652 13 62 1 0 1
-22.8175 -3.45028 2265.31 2.58248 -22.045 176.983 8.78245 13 63 1 0 1
-30.3694 -3.32016 2265.31 1.50061 -21.8879 178.304 8.76625 13 64 1 0 1
-33.6342 -3.51917 2265.31 0.626047 -21.7322 177.135 8.78123 13 65 1 0 1
-33.9771 -4.28019 2265.31 1.96018 -21.3096 174.022 8.82221 13 66 1 0 1
-27.7639 -5.08542 2265.31 2.04053 -21.5208 178.575 8.76337 13 67 1 0 1
-27.336 -3.90186 2265.31 0.954342 -21.727 177.408 8.77777 13 68 1 0 1
-25.559 0.90552 2265.31 3.05939 -23.1209 179.011 8.75534 13 69 1 0 1
-29.1182 -1.56914 2265.31 1.40294 -23.5651 180.329 8.73889 13 70 1 0 1
-33.9778 -5.46831 2265.31 0.104907 -22.0219 181.95 8.72197 13 71 1 0 1
-26.6096 -1.02314 2265.31 1.58444 -21.6958 177.324 8.77883 13 72 1 0 1
-30.3319 -0.593296 2265.31 1.62589 -22.8835 179.364 8.75162 13 73 1 0 1
-28.7347 -2.07949 2265.31 1.96413 -22.3964 180.022 8.74433 13 74 1 0 1
-29.4806 -0.845345 2265.31 1.12217 -22.7205 178.358 8.76432 13 75 1 0 1
-29.3489 -2.14083 2265.31 1.51988 -21.9941 176.362 8.79061 13 76 1 0 1
-28.7042 -2.55162 2265.31 2.16153 -22.2183 179.42 8.75189 13 77 1 0 1
-32.9381 -1.44418 2265.31 0.0197933 -22.3597 179.948 8.74541 13 78 1 0 1
-33.141 -1.11852 2265.31 -0.362093 -23.1731 177.809 8.77047 13 79 1 0 1
-34.8272 -3.12792 2265.31 0.233989 -22.2368 178.942 8.7579 13 80 1 0 1
-24.6011 -2.25818 2265.31 2.73651 -22.8875 181.521 8.72553 13 81 1 0 1
-26.6298 0.0328674 2265.31 2.51129 -23.1387 179.814 8.74563 13 82 1 0 1
-31.4037 -3.51427 2265.31 1.6909 -22.1821 178.235 8.76664 13 83 1 0 1
-20.7885 -1.60809 2265.31 3.69477 -23.1141 183.182 8.7056 13 84 1 0 1
-31.5151 -3.61251 2265.31 1.56462 -21.5966 176.576 8.78849 13 85 1 0 1
-29.3529 -4.35337 2265.31 1.71062 -21.9147 178.697 8.76131 13 86 1 0 1
-26.9122 -2.31092 2265.31 2.21014 -22.2369 178.166 8.76734 13 87 1 0 1
-27.0149 -0.843925 2265.31 1.41797 -22.4146 175.937 8.7954 13 88 1 0 1
-30.9121 -1.10215 2265.31 0.31633 -23.0103 179.551 8.74924 13 89 1 0 1
-30.0664 -0.625347 2265.31 1.31114 -23.6375 179.373 8.75035 13 90 1 0 1
-25.5427 -0.468615 2265.31 1.7886 -22.3424 180.015 8.74452 13 91 1 0 1
-25.8022 -2.22562 2265.31 1.22482 -22.1432 175.432 8.80239 13 92 1 0 1
-36.4396 0.0351134 2265.31 -0.187505 -22.5005 178.645 8.76114 13 93 1 0 1
-29.2104 -4.06675 2265.31 1.88665 -22.5375 180.686 8.73612 13 94 1 0 1
-34.6963 0.572783 2265.31 0.37838 -22.7738 178.406 8.76368 13 95 1 0 1
-30.0795 1.57922 2265.31 1.64576 -23.0498 178.469 8.76237 13 96 1 0 1
-30.5844 -1.3395 2265.31 1.18703 -22.4508 179.863 8.74626 13 97 1 0 1
-28.5795 -0.657573 2265.31 1.58522 -22.1202 173.691 8.82532 13 98 1 0 1
-33.6344 0.540362 2265.31 0.820439 -23.3045 178.751 8.75855 13 99 1 0 1
-35.0268 -1.66919 2265.31 0.445809 -22.7942 179.661 8.74823 13 100 1 0 1
-29.7939 -1.63316 2265.31 1.06551 -22.6306 179.901 8.74553 13 101 1 0 1
-28.5952 0.640083 2265.31 1.31482 -22.912 177.187 8.77865 13 102 1 0 1
-34.074 -1.14327 2265.31 0.674552 -22.8086 179.497 8.75019 13 103 1 0 1
-32.2553 -2.05636 2265.31 2.14703 -22.8024 178.758 8.75913 13 104 1 0 1
-24.9649 -0.783714 2265.31 1.16996 -22.9978 179.614 8.74844 13 105 1 0 1
-21.2737 -4.60138 2265.31 3.11236 -22.0272 180.338 8.74086 13 106 1 0 1
-27.9722 -2.1253 2265.31 1.72264 -22.1761 180.763 8.73575 13 107 1 0 1
-33.839 -5.43032 2265.31 0.886249 -21.1785 178.783 8.76142 13 108 1 0 1
-25.5811 -0.694051 2265.31 2.21208 -23.0254 179.564 8.74889 13 109 1 0 1
-27.0181 -5.97589 2265.31 1.57389 -21.7269 178.71 8.76145 13 110 1 0 1
-28.7888 -3.91459 2265.31 1.44242 -21.6255 179.913 8.74686 13 111 1 0 1
-31.5102 -3.99009 2265.31 0.83731 -22.2369 178.601 8.76208 13 112 1 0 1
-32.749 -2.0307 2265.31 1.36072 -22.8232 181.305 8.72836 13 113 1 0 1
-25.519 -5.85176 2265.31 1.96803 -21.2898 180.15 8.7444 13 114 1 0 1
-32.3537 -0.0266697 2265.31 1.01381 -24.0176 180.868 8.73175 13 115 1 0 1
-34.004 0.132632 2265.31 0.0221205 -23.4041 177.638 8.77224 13 116 1 0 1
-30.0624 -1.035 2265.31 1.2682 -22.2724 178.656 8.76131 13 117 1 0 1
-35.3128 -2.74479 2265.31 0.478081 -22.2587 178.197 8.76707 13 118 1 0 1
-33.3834 -2.06522 2265.31 0.927787 -23.1271 179.899 8.7448 13 119 1 0 1
-30.2154 -0.128976 2265.31 1.16182 -22.5384 177.939 8.76982 13 120 1 0 1
-29.5697 -8.89508 2326.53 7.13699 -21.1877 176.919 9.02038 13 1 1 0 1
-29.5121 -10.8049 2326.53 7.5014 -21.2575 179.034 8.99294 13 2 1 0 1
-26.9555 -7.51083 2326.53 7.3251 -22.5656 179.349 8.98706 13 3 1 0 1
-26.2044 -6.20065 2326.53 6.47527 -22.12 177.669 9.00953 13 4 1 0 1
-27.264 -9.80456 2326.53 7.185 -20.9423 179.193 8.99157 13 5 1 0 1
-26.8034 -12.4383 2326.53 7.01061 -20.5829 180.852 8.97151 13 6 1 0 1
-30.7723 -8.85875 2326.53 6.56724 -21.631 179.722 8.98421 13 7 1 0 1
-27.4146 -7.64631 2326.53 7.04754 -22.0671 180.719 8.97097 13 8 1 0 1
-31.6885 -9.08226 2326.53 6.89625 -20.811 178.748 8.99754 13 9 1 0 1
-22.9753 -8.893 2326.53 6.60155 -21.3054 177.13 9.01772 13 10 1 0 1
-26.5074 -7.79756 2326.53 7.2655 -22.4745 179.659 8.98337 13 11 1 0 1
-25.021 -10.0841 2326.53 7.93626 -20.8186 176.259 9.02916 13 12 1 0 1
-25.9436 -7.90254 2326.53 6.95565 -21.1669 176.86 9.02127 13 13 1 0 1
-30.7922 -5.37588 2326.53 7.45899 -22.3576 178.885 8.99316 13 14 1 0 1
-22.9103 -4.85125 2326.53 7.8641 -22.131 179.11 8.99046 13 15 1 0 1
-31.158 -11.6883 2326.53 6.33066 -20.9151 178.954 8.99504 13 16 1 0 1
-27.586 -12.2937 2326.53 7.39208 -20.5291 179.613 8.98679 13 17 1 0 1
-26.0348 -12.0497 2326.53 6.61874 -20.781 179.634 8.98654 13 18 1 0 1
-36.1059 -9.4932 2326.53 6.08177 -20.4606 178.396 9.00292 13 19 1 0 1
-24.2294 -12.2723 2326.53 6.85583 -20.3741 178.44 9.00213 13 20 1 0 1
-27.3148 -10.4186 2326.53 7.42225 -21.2661 177.385 9.01406 13 21 1 0 1
-30.2902 -8.89233 2326.53 7.45033 -21.3408 180.292 8.97712 13 22 1 0 1
-22.6366 -7.26828 2326.53 7.38526 -22.0857 178.217 9.0021 13 23 1 0 1
-29.8981 -8.75707 2326.53 7.47984 -21.845 176.211 9.02843 13 24 1 0 1
-31.6771 -11.7519 2326.53 7.09433 -20.8192 179.277 8.99074 13 25 1 0 1
-27.9406 -10.2053 2326.53 7.21125 -20.9773 179.131 8.99229 13 26 1 0 1
-26.2232 -10.9985 2326.53 7.42491 -21.3432 182.223 8.95354 13 27 1 0 1
-27.1178 -8.87928 2326.53 7.06445 -21.7242 180.221 8.97763 13 28 1 0 1
-29.8635 -10.4874 2326.53 7.04756 -19.5417 176.76 9.02498 13 29 1 0 1
-27.5868 -9.52049 2326.53 7.3824 -21.2217 179.781 8.98369 13 30 1 0 1
-27.2687 -13.3813 2326.53 6.9121 -19.7606 177.774 9.01154 13 31 1 0 1
-28.821 -7.49418 2326.53 6.90578 -20.7995 177.778 9.00996 13 32 1 0 1
-24.2985 -10.0036 2326.53 6.97898 -21.6778 180.107 8.97915 13 33 1 0 1
-22.3069 -8.68437 2326.53 6.9017 -21.5956 179.697 8.98441 13 34 1 0 1
-23.6953 -10.1153 2326.53 6.33421 -20.5446 179.95 8.98305 13 35 1 0 1
-34.3623 -11.163 2326.53 6.63212 -20.5867 179.042 8.99427 13 36 1 0 1
-25.3678 -10.3666 2326.53 7.4946 -21.824 180.418 8.97483 13 37 1 0 1
-30.1264 -8.33884 2326.53 8.14157 -22.0814 177.972 9.00481 13 38 1 0 1
-28.0807 -10.2266 2326.53 7.31438 -20.9397 175.858 9.03463 13 39 1 0 1
-34.5106 -7.29108 2326.53 6.70027 -21.4051 175.93 9.03326 13 40 1 0 1
-23.6358 -11.0466 2326.53 7.85592 -20.245 178.687 8.99864 13 41 1 0 1
-33.0886 -11.2555 2326.53 7.11448 -20.5002 181.516 8.96344 13 42 1 0 1
-24.56 -7.42361 2326.53 7.33251 -22.7042 178.237 9.00088 13 43 1 0 1
-30.9115 -11.0985 2326.53 6.95994 -21.0723 176.776 9.02252 13 44 1 0 1
-24.282 -11.5323 2326.53 8.07235 -20.2261 177.329 9.016 13 45 1 0 1
-24.4935 -10.6147 2326.53 7.46542 -21.3934 178.09 9.00476 13 46 1 0 1
-37.4185 -7.20101 2326.53 6.09638 -22.6377 179.042 8.99138 13 47 1 0 1
-30.8697 -10.7699 2326.53 6.9427 -21.0804 181.032 8.96862 13 48 1 0 1
-28.9022 -12.8152 2326.53 7.45802 -20.5054 177.454 9.0143 13 49 1 0 1
-24.6745 -6.4692 2326.53 6.63371 -21.8805 180.482 8.97437 13 50 1 0 1
-33.3062 -9.1422 2326.53 6.58686 -21.2878 177.542 9.01241 13 51 1 0 1
-27.8812 -9.88317 2326.53 8.01805 -21.567 180.339 8.9759 13 52 1 0 1
-29.0189 -9.34445 2326.53 6.3416 -21.4544 175.618 9.0375 13 53 1 0 1
-31.0029 -10.6607 2326.53 7.36048 -20.9829 180.082 8.9803 13 54 1 0 1
-27.6048 -6.64482 2326.53 6.67244 -22.3584 180.156 8.97765 13 55 1 0 1
-30.5274 -7.23746 2326.53 6.46655 -21.5025 178.381 9.00137 13 56 1 0 1
-33.1696 -6.09788 2326.53 6.75954 -22.6465 177.277 9.01359 13 57 1 0 1
-36.2293 -7.51178 2326.53 6.638 -20.9275 177.069 9.01909 13 58 1 0 1
-27.2453 -11.1469 2326.53 7.0233 -21.0828 179.831 8.98344 13 59 1 0 1
-27.4327 -10.7622 2326.53 7.61168 -20.5285 174.884 9.04813 13 60 1 0 1
-25.1906 -8.68219 2326.53 8.11866 -21.8165 182.01 8.95508 13 61 1 0 1
-35.4601 -12.4953 2326.53 6.70234 -19.8053 180.031 8.98291 13 62 1 0 1
-21.0434 -10.921 2326.53 7.62392 -20.9073 176.976 9.01981 13 63 1 0 1
-28.8749 -10.6814 2326.53 7.15668 -20.7486 178.303 9.00318 13 64 1 0 1
-32.3955 -10.8751 2326.53 6.49846 -20.5961 177.153 9.01856 13 65 1 0 1
-32.2628 -11.6175 2326.53 7.73536 -20.1642 173.998 9.06065 13 66 1 0 1
-26.1193 -12.2996 2326.53 7.50371 -20.3229 178.569 9.00022 13 67 1 0 1
-26.0655 -11.2422 2326.53 6.36501 -20.5776 177.434 9.01501 13 68 1 0 1
-23.5974 -6.8711 2326.53 8.35634 -22.1065 178.971 8.99197 13 69 1 0 1
-27.6786 -9.42453 2326.53 7.03084 -22.4648 180.338 8.97508 13 70 1 0 1
-32.915 -12.712 2326.53 6.17065 -20.7931 181.99 8.9577 13 71 1 0 1
-25.1317 -8.37275 2326.53 6.92964 -20.6389 177.322 9.01609 13 72 1 0 1
-28.7984 -8.26497 2326.53 7.31096 -21.8225 179.355 8.98815 13 73 1 0 1
-27.1092 -9.54887 2326.53 7.54551 -21.2847 180.009 8.98066 13 74 1 0 1
-28.1271 -8.50373 2326.53 6.71896 -21.6596 178.367 9.00119 13 75 1 0 1
-27.8552 -9.62822 2326.53 7.03869 -20.904 176.361 9.02819 13 76 1 0 1
-27.0097 -9.98313 2326.53 7.71913 -21.0945 179.403 8.98843 13 77 1 0 1
-31.9171 -8.90784 2326.53 5.94146 -21.2753 179.981 8.98177 13 78 1 0 1
-32.2483 -8.95491 2326.53 5.50962 -22.1086 177.859 9.00751 13 79 1 0 1
-33.709 -10.5827 2326.53 6.26092 -21.1018 178.97 8.9946 13 80 1 0 1
-22.7746 -9.82909 2326.53 8.04086 -21.758 181.502 8.96136 13 81 1 0 1
-24.845 -7.7096 2326.53 7.92044 -22.0929 179.788 8.982 13 82 1 0 1
-29.8307 -10.9782 2326.53 7.4191 -21.0344 178.228 9.00357 13 83 1 0 1
-18.7004 -9.18842 2326.53 8.74312 -21.9946 183.148 8.94088 13 84 1 0 1
-29.9788 -10.9447 2326.53 7.2492 -20.4586 176.57 9.02601 13 85 1 0 1
-27.801 -11.7014 2326.53 7.30063 -20.7387 178.696 8.9981 13 86 1 0 1
-25.2189 -9.80345 2326.53 7.59484 -21.1285 178.153 9.00429 13 87 1 0 1
-25.5852 -8.50318 2326.53 6.75347 -21.3678 175.943 9.03311 13 88 1 0 1
-29.8163 -8.80596 2326.53 6.06912 -21.9357 179.583 8.9857 13 89 1 0 1
-28.6433 -8.55331 2326.53 6.98126 -22.573 179.379 8.98685 13 90 1 0 1
-24.0175 -7.92915 2326.53 7.13227 -21.286 180.01 8.98085 13 91 1 0 1
-24.4537 -9.80487 2326.53 6.45899 -21.057 175.451 9.0403 13 92 1 0 1
-35.4444 -7.54048 2326.53 5.95514 -21.4708 178.673 8.99793 13 93 1 0 1
-27.6073 -11.5446 2326.53 7.526 -21.3556 180.682 8.97223 13 94 1 0 1
-33.5302 -7.10984 2326.53 6.37513 -21.7599 178.419 9.00054 13 95 1 0 1
-28.5397 -6.20093 2326.53 7.28297 -22.0639 178.452 8.99919 13 96 1 0 1
-29.198 -8.83829 2326.53 6.91307 -21.3662 179.866 8.98264 13 97 1 0 1
-27.0647 -8.31499 2326.53 6.96336 -21.0916 173.687 9.06384 13 98 1 0 1
-32.3313 -7.30846 2326.53 6.74353 -22.2838 178.756 8.99527 13 99 1 0 1
-33.8344 -9.2915 2326.53 6.50891 -21.6996 179.679 8.98467 13 100 1 0 1
-28.4588 -9.18974 2326.53 6.73521 -21.536 179.913 8.98189 13 101 1 0 1
-27.1842 -7.14423 2326.53 6.80649 -21.9042 177.189 9.01591 13 102 1 0 1
-32.816 -8.78053 2326.53 6.65751 -21.7315 179.509 8.98668 13 103 1 0 1
-30.5175 -9.71842 2326.53 7.94901 -21.6944 178.732 8.99586 13 104 1 0 1
-23.6557 -8.48234 2326.53 6.46717 -21.9322 179.635 8.98488 13 105 1 0 1
-19.3568 -11.9179 2326.53 8.12657 -20.831 180.324 8.9771 13 106 1 0 1
-26.4406 -9.48877 2326.53 7.27294 -21.061 180.758 8.97185 13 107 1 0 1
-32.5109 -12.517 2326.53 6.82508 -19.9716 178.794 8.99821 13 108 1 0 1
-23.9101 -8.40476 2326.53 7.53947 -21.959 179.553 8.98534 13 109 1 0 1
-25.5428 -13.2499 2326.53 6.99234 -20.4997 178.725 8.99824 13 110 1 0 1
-27.3389 -11.1163 2326.53 7.03186 -20.4593 179.917 8.98326 13 111 1 0 1
-30.2284 -11.4545 2326.53 6.59729 -21.0743 178.622 8.99889 13 112 1 0 1
-31.2796 -9.59039 2326.53 7.29426 -21.7047 181.301 8.96426 13 113 1 0 1
-23.9338 -12.9188 2326.53 7.31197 -20.059 180.154 8.98073 13 114 1 0 1
-31.0052 -8.01993 2326.53 6.90804 -22.9636 180.876 8.96775 13 115 1 0 1
-32.9685 -7.79806 2326.53 5.94685 -22.3784 177.67 9.00933 13 116 1 0 1
-28.6522 -8.52602 2326.53 6.91562 -21.2051 178.656 8.99811 13 117 1 0 1
-34.1045 -10.241 2326.53 6.51265 -21.1393 178.215 9.00402 13 118 1 0 1
-32.049 -9.78807 2326.53 6.86899 -22.0152 179.91 8.98114 13 119 1 0 1
-28.8379 -7.74722 2326.53 6.7993 -21.5036 177.941 9.00684 13 120 1 0 1
-26.1813 -15.8415 2387.76 12.3387 -18.7375 176.909 9.25776 13 1 1 0 1
-26.0294 -17.6778 2387.76 12.7572 -18.715 179.021 9.2296 13 2 1 0 1
-23.57 -14.8354 2387.76 12.4027 -20.124 179.36 9.22357 13 3 1 0 1
-23.0966 -13.4522 2387.76 11.4605 -19.7478 177.696 9.24662 13 4 1 0 1
-23.9201 -16.5692 2387.76 12.2821 -18.4342 179.192 9.22819 13 5 1 0 1
-23.5466 -19.001 2387.76 12.1238 -17.967 180.86 9.2076 13 6 1 0 1
-27.6001 -15.842 2387.76 11.9514 -19.1441 179.726 9.22064 13 7 1 0 1
-24.1358 -14.7433 2387.76 12.2027 -19.6059 180.728 9.20705 13 8 1 0 1
-28.3803 -15.8239 2387.76 12.3134 -18.3317 178.728 9.23432 13 9 1 0 1
-19.8587 -15.8713 2387.76 11.3315 -18.8568 177.168 9.25503 13 10 1 0 1
-23.1522 -15.0763 2387.76 12.3194 -20.0203 179.674 9.21977 13 11 1 0 1
-21.4053 -16.9232 2387.76 12.773 -18.3403 176.25 9.26677 13 12 1 0 1
-22.6634 -14.8498 2387.76 11.8913 -18.7523 176.87 9.25868 13 13 1 0 1
-27.3055 -12.6616 2387.76 12.8058 -19.9905 178.862 9.22982 13 14 1 0 1
-19.3899 -12.053 2387.76 12.6245 -19.7827 179.112 9.22705 13 15 1 0 1
-28.0519 -18.4424 2387.76 11.7237 -18.3486 178.963 9.23175 13 16 1 0 1
-24.1733 -18.8868 2387.76 12.5225 -17.9339 179.607 9.22328 13 17 1 0 1
-22.9048 -18.7291 2387.76 11.6453 -18.1954 179.659 9.22302 13 18 1 0 1
-33.0147 -16.1265 2387.76 11.8277 -17.9742 178.376 9.23983 13 19 1 0 1
-21.0265 -18.8584 2387.76 11.7107 -17.7996 178.462 9.23903 13 20 1 0 1
-23.8637 -17.3641 2387.76 12.4678 -18.76 177.385 9.25127 13 21 1 0 1
-26.8326 -15.7537 2387.76 12.8023 -18.8441 180.27 9.21336 13 22 1 0 1
-19.27 -14.4786 2387.76 12.1087 -19.671 178.241 9.239 13 23 1 0 1
-26.377 -15.9616 2387.76 12.68 -19.4046 176.199 9.26602 13 24 1 0 1
-28.3085 -18.4601 2387.76 12.5245 -18.244 179.261 9.22734 13 25 1 0 1
-24.5782 -16.9821 2387.76 12.3567 -18.4562 179.128 9.22893 13 26 1 0 1
-22.8529 -17.772 2387.76 12.5279 -18.7526 182.229 9.18916 13 27 1 0 1
-23.8305 -15.8736 2387.76 12.1826 -19.2301 180.231 9.21388 13 28 1 0 1
-26.5 -16.8623 2387.76 12.2662 -17.049 176.733 9.26248 13 29 1 0 1
-24.1797 -16.3584 2387.76 12.5179 -18.7131 179.775 9.2201 13 30 1 0 1
-23.9987 -19.7764 2387.76 11.9721 -17.16 177.775 9.24869 13 31 1 0 1
-25.5333 -14.2798 2387.76 12.0805 -18.3865 177.767 9.24707 13 32 1 0 1
-21.0747 -16.9804 2387.76 11.8841 -19.1499 180.137 9.21544 13 33 1 0 1
-19.1294 -15.6575 2387.76 11.6473 -19.1183 179.733 9.22084 13 34 1 0 1
-20.6956 -16.7131 2387.76 11.198 -18.0216 179.983 9.21945 13 35 1 0 1
-31.1135 -17.8046 2387.76 12.2616 -18.0352 179.021 9.23096 13 36 1 0 1
-21.9601 -17.3782 2387.76 12.4813 -19.2773 180.432 9.21101 13 37 1 0 1
-26.4013 -15.5519 2387.76 13.4017 -19.6283 177.941 9.24178 13 38 1 0 1
-24.635 -17.1234 2387.76 12.3729 -18.4618 175.852 9.27239 13 39 1 0 1
-31.1964 -14.3633 2387.76 12.2402 -19.0177 175.906 9.27098 13 40 1 0 1
-20.1026 -17.5859 2387.76 12.6586 -17.7058 178.681 9.23544 13 41 1 0 1
-29.725 -17.7716 2387.76 12.7194 -17.9115 181.484 9.19932 13 42 1 0 1
-21.1871 -14.8442 2387.76 12.2005 -20.2807 178.262 9.23775 13 43 1 0 1
-27.5649 -17.9984 2387.76 12.2591 -18.5525 176.771 9.25995 13 44 1 0 1
-20.6456 -18.1154 2387.76 12.8823 -17.6887 177.316 9.25326 13 45 1 0 1
-21.074 -17.5737 2387.76 12.322 -18.8723 178.105 9.24173 13 46 1 0 1
-34.313 -14.5652 2387.76 11.9625 -20.2082 179.037 9.228 13 47 1 0 1
-27.5859 -17.5031 2387.76 12.3684 -18.5136 181.024 9.20464 13 48 1 0 1
-25.4195 -19.4822 2387.76 12.6219 -17.9223 177.442 9.25152 13 49 1 0 1
-21.5674 -13.5195 2387.76 11.5817 -19.4648 180.509 9.21053 13 50 1 0 1
-30.0675 -16.0959 2387.76 12.0914 -18.8205 177.531 9.24958 13 51 1 0 1
-24.2633 -16.8137 2387.76 13.1829 -19.0355 180.32 9.21211 13 52 1 0 1
-25.8955 -16.4353 2387.76 11.4762 -19.0084 175.639 9.27533 13 53 1 0 1
-27.5636 -17.399 2387.76 12.7609 -18.4318 180.059 9.21662 13 54 1 0 1
-24.443 -13.8696 2387.76 11.831 -19.9375 180.176 9.2139 13 55 1 0 1
-27.376 -14.2411 2387.76 11.7928 -19.0875 178.383 9.23825 13 56 1 0 1
-29.8698 -13.5483 2387.76 12.2436 -20.2758 177.27 9.25079 13 57 1 0 1
-32.9294 -14.37 2387.76 12.3414 -18.5195 177.032 9.25643 13 58 1 0 1
-23.9651 -17.9263 2387.76 12.1403 -18.5215 179.841 9.21984 13 59 1 0 1
-23.8776 -17.5528 2387.76 12.5899 -18.0476 174.87 9.28624 13 60 1 0 1
-21.5983 -15.6362 2387.76 13.1272 -19.3031 182.002 9.19074 13 61 1 0 1
-32.1859 -18.8254 2387.76 12.4439 -17.1988 179.994 9.2193 13 62 1 0 1
-17.5973 -17.7567 2387.76 12.1929 -18.3947 176.999 9.25717 13 63 1 0 1
-25.5078 -17.4103 2387.76 12.3479 -18.2236 178.295 9.2401 13 64 1 0 1
-29.1939 -17.5964 2387.76 11.9247 -18.0811 177.145 9.2559 13 65 1 0 1
-28.5889 -18.3118 2387.76 13.0351 -17.6666 173.953 9.29909 13 66 1 0 1
-22.6727 -18.863 2387.76 12.493 -17.7433 178.565 9.23707 13 67 1 0 1
-22.9944 -17.9439 2387.76 11.3347 -18.0504 177.461 9.25225 13 68 1 0 1
-19.8985 -14.0588 2387.76 13.1574 -19.6917 178.964 9.2286 13 69 1 0 1
-24.397 -16.6619 2387.76 12.1958 -19.9478 180.358 9.21126 13 70 1 0 1
-29.8759 -19.3002 2387.76 11.7919 -18.1507 181.995 9.19342 13 71 1 0 1
-21.877 -15.1163 2387.76 11.8185 -18.2056 177.33 9.25336 13 72 1 0 1
-25.3942 -15.3319 2387.76 12.5258 -19.3581 179.349 9.22468 13 73 1 0 1
-23.6562 -16.3988 2387.76 12.6496 -18.7717 180.003 9.21699 13 74 1 0 1
-24.92 -15.5546 2387.76 11.8634 -19.2031 178.38 9.23807 13 75 1 0 1
-24.515 -16.4953 2387.76 12.0993 -18.4397 176.361 9.26577 13 76 1 0 1
-23.4903 -16.7903 2387.76 12.7956 -18.5756 179.391 9.22497 13 77 1 0 1
-28.9454 -15.7594 2387.76 11.4281 -18.7862 179.994 9.21813 13 78 1 0 1
-29.3963 -16.1787 2387.76 10.9623 -19.6438 177.896 9.24455 13 79 1 0 1
-30.5941 -17.4063 2387.76 11.8453 -18.5697 178.968 9.2313 13 80 1 0 1
-19.2319 -16.7774 2387.76 12.8542 -19.2148 181.512 9.19718 13 81 1 0 1
-21.2908 -14.8536 2387.76 12.8437 -19.6405 179.789 9.21837 13 82 1 0 1
-26.3605 -17.8064 2387.76 12.6754 -18.4982 178.212 9.24051 13 83 1 0 1
-15.0003 -16.1534 2387.76 13.2806 -19.4504 183.163 9.17617 13 84 1 0 1
-26.5416 -17.6415 2387.76 12.4686 -17.949 176.552 9.26354 13 85 1 0 1
-24.4039 -18.4055 2387.76 12.4218 -18.175 178.693 9.23489 13 86 1 0 1
-21.7466 -16.6737 2387.76 12.5045 -18.6334 178.154 9.24125 13 87 1 0 1
-22.3671 -15.5549 2387.76 11.6401 -18.9457 175.966 9.27082 13 88 1 0 1
-26.8238 -15.8988 2387.76 11.3852 -19.4532 179.611 9.22217 13 89 1 0 1
-25.3535 -15.8732 2387.76 12.1909 -20.0968 179.395 9.22334 13 90 1 0 1
-20.7441 -14.7887 2387.76 12.0106 -18.8294 180.025 9.21719 13 91 1 0 1
-21.3459 -16.7618 2387.76 11.2534 -18.6019 175.487 9.2782 13 92 1 0 1
-32.4081 -14.5196 2387.76 11.6634 -19.0413 178.667 9.23472 13 93 1 0 1
-24.1641 -18.3802 2387.76 12.6878 -18.7667 180.681 9.20835 13 94 1 0 1
-30.372 -14.2009 2387.76 11.927 -19.3462 178.412 9.23739 13 95 1 0 1
-25.1358 -13.3998 2387.76 12.4521 -19.6783 178.445 9.23602 13 96 1 0 1
-25.9305 -15.7257 2387.76 12.1785 -18.879 179.865 9.21903 13 97 1 0 1
-23.7236 -15.3671 2387.76 11.8899 -18.7049 173.693 9.30237 13 98 1 0 1
-29.067 -14.5634 2387.76 12.2119 -19.8566 178.752 9.23199 13 99 1 0 1
-30.6422 -16.2973 2387.76 12.1217 -19.1973 179.673 9.22111 13 100 1 0 1
-25.2617 -16.131 2387.76 11.9496 -19.0368 179.924 9.21826 13 101 1 0 1
-23.9438 -14.3365 2387.76 11.8456 -19.5067 177.204 9.25317 13 102 1 0 1
-29.5843 -15.8071 2387.76 12.1866 -19.2483 179.502 9.22317 13 103 1 0 1
-26.8649 -16.7591 2387.76 13.2639 -19.188 178.703 9.23259 13 104 1 0 1
-20.6076 -15.5737 2387.76 11.3183 -19.4617 179.679 9.22133 13 105 1 0 1
-15.8112 -18.588 2387.76 12.6501 -18.2396 180.344 9.21333 13 106 1 0 1
-23.0987 -16.2335 2387.76 12.3522 -18.5421 180.759 9.20796 13 107 1 0 1
-29.217 -18.9503 2387.76 12.3057 -17.382 178.771 9.23501 13 108 1 0 1
-20.4937 -15.5091 2387.76 12.392 -19.4889 179.569 9.2218 13 109 1 0 1
-22.2802 -19.8622 2387.76 11.9511 -17.8876 178.743 9.23504 13 110 1 0 1
-24.0557 -17.6806 2387.76 12.1576 -17.9004 179.917 9.21966 13 111 1 0 1
-27.0392 -18.2777 2387.76 11.9073 -18.5191 178.63 9.23571 13 112 1 0 1
-27.8758 -16.5302 2387.76 12.7542 -19.1697 181.285 9.20017 13 113 1 0 1
-20.6026 -19.328 2387.76 12.1853 -17.4396 180.163 9.21707 13 114 1 0 1
-27.7294 -15.4112 2387.76 12.3409 -20.4827 180.885 9.20374 13 115 1 0 1
-29.9553 -15.1293 2387.76 11.4406 -19.9511 177.691 9.24641 13 116 1 0 1
-25.3751 -15.4093 2387.76 12.1043 -18.7451 178.655 9.2349 13 117 1 0 1
-30.8895 -17.1098 2387.76 12.0987 -18.6275 178.204 9.24097 13 118 1 0 1
-28.7605 -16.8888 2387.76 12.3506 -19.4918 179.908 9.21749 13 119 1 0 1
-25.5888 -14.7666 2387.76 11.9824 -19.0775 177.944 9.24386 13 120 1 0 1
-21.1217 -21.7233 2448.98 16.7411 -15.0676 176.898 9.49514 13 1 1 0 1
-20.8794 -23.4651 2448.98 17.1967 -14.9411 179.004 9.46625 13 2 1 0 1
-18.5803 -21.107 2448.98 16.6756 -16.4341 179.39 9.46007 13 3 1 0 1
-18.3967 -19.6665 2448.98 15.6703 -16.1402 177.739 9.48371 13 4 1 0 1
-18.9629 -22.261 2448.98 16.5758 -14.6967 179.192 9.46481 13 5 1 0 1
-18.6861 -24.4631 2448.98 16.4329 -14.1166 180.862 9.44369 13 6 1 0 1
-22.7203 -21.7606 2448.98 16.5385 -15.4157 179.721 9.45706 13 7 1 0 1
-19.2381 -20.7883 2448.98 16.5535 -15.8937 180.747 9.44313 13 8 1 0 1
-23.3444 -21.5013 2448.98 16.9249 -14.6261 178.693 9.4711 13 9 1 0 1
-15.2329 -21.7847 2448.98 15.2912 -15.1857 177.223 9.49234 13 10 1 0 1
-18.2034 -21.2992 2448.98 16.5699 -16.3169 179.706 9.45618 13 11 1 0 1
-16.2408 -22.6854 2448.98 16.8028 -14.652 176.257 9.50438 13 12 1 0 1
-17.8022 -20.7439 2448.98 16.0413 -15.1184 176.89 9.49608 13 13 1 0 1
-22.1187 -18.919 2448.98 17.3362 -16.3796 178.848 9.46648 13 14 1 0 1
-14.3724 -18.2334 2448.98 16.5764 -16.1932 179.151 9.46364 13 15 1 0 1
-23.2266 -24.1024 2448.98 16.3267 -14.5529 178.951 9.46847 13 16 1 0 1
-19.141 -24.3807 2448.98 16.8413 -14.1124 179.594 9.45977 13 17 1 0 1
-18.1876 -24.311 2448.98 15.8845 -14.3793 179.68 9.45951 13 18 1 0 1
-28.0771 -21.6921 2448.98 16.779 -14.2657 178.314 9.47675 13 19 1 0 1
-16.2845 -24.3456 2448.98 15.78 -14.0064 178.487 9.47593 13 20 1 0 1
-18.8009 -23.2277 2448.98 16.7106 -15.0316 177.391 9.48848 13 21 1 0 1
-21.6871 -21.5515 2448.98 17.3329 -15.1075 180.243 9.4496 13 22 1 0 1
-14.4095 -20.6399 2448.98 16.0397 -16.0201 178.296 9.4759 13 23 1 0 1
-21.1797 -22.1003 2448.98 17.0746 -15.7417 176.193 9.50361 13 24 1 0 1
-23.2142 -24.0739 2448.98 17.1422 -14.4403 179.225 9.46393 13 25 1 0 1
-19.5857 -22.6813 2448.98 16.6967 -14.7057 179.123 9.46557 13 26 1 0 1
-17.8968 -23.459 2448.98 16.8136 -14.9117 182.239 9.42478 13 27 1 0 1
-18.9321 -21.803 2448.98 16.4982 -15.4918 180.248 9.45013 13 28 1 0 1
-21.4571 -22.1609 2448.98 16.6853 -13.3563 176.689 9.49998 13 29 1 0 1
-19.1528 -22.1258 2448.98 16.8424 -14.9691 179.773 9.45651 13 30 1 0 1
-19.1135 -25.062 2448.98 16.2394 -13.3515 177.764 9.48583 13 31 1 0 1
-20.5911 -20.0186 2448.98 16.4601 -14.7529 177.755 9.48417 13 32 1 0 1
-16.3106 -22.8797 2448.98 15.996 -15.3791 180.18 9.45173 13 33 1 0 1
-14.4616 -21.5682 2448.98 15.6077 -15.4014 179.79 9.45727 13 34 1 0 1
-16.1653 -22.2364 2448.98 15.2858 -14.2685 180.019 9.45585 13 35 1 0 1
-26.0671 -23.3592 2448.98 17.0841 -14.2579 178.966 9.46765 13 36 1 0 1
-16.9894 -23.3078 2448.98 16.6581 -15.4851 180.46 9.44719 13 37 1 0 1
-20.9994 -21.7038 2448.98 17.8324 -15.9412 177.921 9.47875 13 38 1 0 1
-19.5578 -22.9411 2448.98 16.6348 -14.7735 175.849 9.51014 13 39 1 0 1
-26.0824 -20.3878 2448.98 16.9836 -15.4121 175.865 9.50869 13 40 1 0 1
-15.0539 -23.0408 2448.98 16.6502 -13.9494 178.686 9.47225 13 41 1 0 1
-24.5993 -23.2012 2448.98 17.4987 -14.0852 181.423 9.4352 13 42 1 0 1
-16.2711 -21.2116 2448.98 16.2735 -16.6139 178.317 9.47461 13 43 1 0 1
-22.5117 -23.8091 2448.98 16.7605 -14.815 176.754 9.49739 13 44 1 0 1
-15.4798 -23.608 2448.98 16.879 -13.9424 177.314 9.49052 13 45 1 0 1
-16.1141 -23.4485 2448.98 16.3792 -15.1237 178.136 9.47869 13 46 1 0 1
-29.3278 -20.8793 2448.98 17.0308 -16.5275 179.004 9.46461 13 47 1 0 1
-22.595 -23.1528 2448.98 16.9815 -14.7051 180.999 9.44065 13 48 1 0 1
-20.2851 -25.0431 2448.98 16.977 -14.1254 177.421 9.48873 13 49 1 0 1
-16.9074 -19.5318 2448.98 15.7434 -15.801 180.552 9.4467 13 50 1 0 1
-25.0579 -21.9822 2448.98 16.7995 -15.1276 177.501 9.48675 13 51 1 0 1
-19.0233 -22.6685 2448.98 17.518 -15.2627 180.31 9.44832 13 52 1 0 1
-21.1081 -22.4548 2448.98 15.8387 -15.3457 175.658 9.51316 13 53 1 0 1
-22.4178 -23.055 2448.98 17.3407 -14.6461 180.024 9.45294 13 54 1 0 1
-19.6545 -20.0524 2448.98 16.1969 -16.2647 180.205 9.45016 13 55 1 0 1
-22.5228 -20.1986 2448.98 16.3299 -15.4396 178.379 9.47513 13 56 1 0 1
-24.8042 -19.9604 2448.98 16.9299 -16.6656 177.26 9.48799 13 57 1 0 1
-27.7853 -20.1806 2448.98 17.2405 -14.8922 176.964 9.49377 13 58 1 0 1
-19.0705 -23.6174 2448.98 16.456 -14.7256 179.849 9.45625 13 59 1 0 1
-18.7104 -23.2593 2448.98 16.7683 -14.3672 174.86 9.52434 13 60 1 0 1
-16.4523 -21.5281 2448.98 17.3044 -15.5363 182.013 9.4264 13 61 1 0 1
-27.0866 -24.057 2448.98 17.3691 -13.3704 179.911 9.45569 13 62 1 0 1
-12.7001 -23.506 2448.98 15.97 -14.6667 177.047 9.49454 13 63 1 0 1
-20.4867 -23.0568 2448.98 16.7354 -14.4765 178.28 9.47703 13 64 1 0 1
-24.2438 -23.2332 2448.98 16.5596 -14.3507 177.114 9.49323 13 65 1 0 1
-23.1822 -23.9134 2448.98 17.5224 -13.9786 173.894 9.53753 13 66 1 0 1
-17.6448 -24.3274 2448.98 16.675 -13.9459 178.56 9.47391 13 67 1 0 1
-18.3338 -23.557 2448.98 15.5309 -14.3067 177.485 9.48948 13 68 1 0 1
-14.6893 -20.2024 2448.98 17.1362 -16.0379 178.992 9.46523 13 69 1 0 1
-19.4899 -22.8254 2448.98 16.5582 -16.1776 180.388 9.44745 13 70 1 0 1
-25.071 -24.7845 2448.98 16.6117 -14.2631 181.965 9.42915 13 71 1 0 1
-17.0616 -20.8037 2448.98 15.9219 -14.5564 177.346 9.49062 13 72 1 0 1
-20.3389 -21.34 2448.98 16.9308 -15.6535 179.349 9.46121 13 73 1 0 1
-18.5967 -22.1779 2448.98 16.9389 -15.0215 180.002 9.45332 13 74 1 0 1
-20.0741 -21.5442 2448.98 16.2183 -15.5128 178.397 9.47494 13 75 1 0 1
-19.5463 -22.2904 2448.98 16.369 -14.7622 176.363 9.50336 13 76 1 0 1
-18.3688 -22.522 2448.98 17.055 -14.8255 179.386 9.4615 13 77 1 0 1
-24.2317 -21.5473 2448.98 16.1298 -15.0568 179.984 9.4545 13 78 1 0 1
-24.7908 -22.334 2448.98 15.6496 -15.9404 177.916 9.48159 13 79 1 0 1
-25.6949 -23.1475 2448.98 16.6353 -14.8056 178.938 9.468 13 80 1 0 1
-14.196 -22.6505 2448.98 16.8459 -15.4218 181.547 9.43301 13 81 1 0 1
-16.1907 -20.9444 2448.98 16.95 -15.9438 179.814 9.45473 13 82 1 0 1
-21.2145 -23.5477 2448.98 17.1195 -14.7374 178.192 9.47745 13 83 1 0 1
-9.91572 -22.0504 2448.98 16.983 -15.6458 183.222 9.41145 13 84 1 0 1
-21.4239 -23.2533 2448.98 16.885 -14.2303 176.523 9.50107 13 85 1 0 1
-19.3812 -24.0157 2448.98 16.7368 -14.3875 178.686 9.47168 13 86 1 0 1
-16.7168 -22.4698 2448.98 16.6092 -14.9136 178.169 9.4782 13 87 1 0 1
-17.5757 -21.5454 2448.98 15.7508 -15.3069 176 9.50854 13 88 1 0 1
-22.1435 -21.9265 2448.98 15.9205 -15.7256 179.631 9.45863 13 89 1 0 1
-20.4136 -22.1282 2448.98 16.6006 -16.3712 179.42 9.45984 13 90 1 0 1
-15.9389 -20.5958 2448.98 16.0922 -15.135 180.055 9.45353 13 91 1 0 1
-16.6909 -22.6436 2448.98 15.2835 -14.9362 175.532 9.5161 13 92 1 0 1
-27.5409 -20.4492 2448.98 16.5823 -15.3761 178.631 9.47151 13 93 1 0 1
-19.1013 -24.1223 2448.98 17.0317 -14.9362 180.681 9.44446 13 94 1 0 1
-25.4352 -20.2461 2448.98 16.6847 -15.696 178.389 9.47425 13 95 1 0 1
-20.0874 -19.5621 2448.98 16.8162 -16.0545 178.45 9.47284 13 96 1 0 1
-20.9983 -21.55 2448.98 16.6409 -15.1532 179.86 9.45541 13 97 1 0 1
-18.7743 -21.36 2448.98 16.0392 -15.1176 173.708 9.54089 13 98 1 0 1
-24.0575 -20.7684 2448.98 16.8791 -16.1858 178.742 9.4687 13 99 1 0 1
-25.6645 -22.2334 2448.98 16.9314 -15.4524 179.645 9.45755 13 100 1 0 1
-20.417 -22.0044 2448.98 16.3674 -15.2965 179.933 9.45462 13 101 1 0 1
-19.0896 -20.4815 2448.98 16.0997 -15.8795 177.23 9.49043 13 102 1 0 1
-24.5942 -21.7696 2448.98 16.9119 -15.5234 179.48 9.45966 13 103 1 0 1
-21.5236 -22.7248 2448.98 17.7501 -15.4475 178.676 9.46933 13 104 1 0 1
-16.0312 -21.6036 2448.98 15.393 -15.7471 179.741 9.45777 13 105 1 0 1
-10.8603 -24.1622 2448.98 16.361 -14.416 180.392 9.44957 13 106 1 0 1
-18.1646 -21.9092 2448.98 16.6222 -14.7839 180.763 9.44406 13 107 1 0 1
-24.174 -24.2837 2448.98 16.9793 -13.5758 178.718 9.4718 13 108 1 0 1
-15.5519 -21.5527 2448.98 16.4402 -15.7767 179.608 9.45826 13 109 1 0 1
-17.4464 -25.3642 2448.98 16.1168 -14.054 178.758 9.47183 13 110 1 0 1
-19.1558 -23.1595 2448.98 16.4804 -14.1135 179.91 9.45606 13 111 1 0 1
-22.1568 -24.0086 2448.98 16.4241 -14.7352 178.624 9.47252 13 112 1 0 1
-22.7574 -22.3976 2448.98 17.391 -15.3848 181.26 9.43607 13 113 1 0 1
-15.7432 -24.6329 2448.98 16.2555 -13.5964 180.173 9.4534 13 114 1 0 1
-22.7427 -21.7428 2448.98 16.9647 -16.7392 180.895 9.43973 13 115 1 0 1
-25.1741 -21.4041 2448.98 16.1566 -16.2838 177.698 9.4835 13 116 1 0 1
-20.4474 -21.233 2448.98 16.4953 -15.0551 178.653 9.47169 13 117 1 0 1
-25.8825 -22.8997 2448.98 16.8856 -14.8878 178.166 9.47792 13 118 1 0 1
-23.7347 -22.913 2448.98 17.0239 -15.722 179.896 9.45383 13 119 1 0 1
-20.6836 -20.7337 2448.98 16.3734 -15.4217 177.949 9.48088 13 120 1 0 1
-14.7184 -26.1581 2510.2 20.0593 -10.4193 176.888 9.73252 13 1 1 0 1
-14.392 -27.7855 2510.2 20.5323 -10.1808 178.987 9.70291 13 2 1 0 1
-12.312 -25.9384 2510.2 19.86 -11.7379 179.435 9.69657 13 3 1 0 1
-12.4229 -24.4571 2510.2 18.8234 -11.5362 177.792 9.72081 13 4 1 0 1
-12.7173 -26.4996 2510.2 19.7815 -9.97404 179.191 9.70143 13 5 1 0 1
-12.5443 -28.4468 2510.2 19.6506 -9.27944 180.854 9.67978 13 6 1 0 1
-16.4559 -26.2318 2510.2 20.0356 -10.6912 179.709 9.69349 13 7 1 0 1
-13.0451 -25.3968 2510.2 19.8128 -11.1751 180.772 9.67921 13 8 1 0 1
-16.9079 -25.734 2510.2 20.4386 -9.93952 178.647 9.70788 13 9 1 0 1
-9.41444 -26.2502 2510.2 18.2061 -10.5307 177.286 9.72965 13 10 1 0 1
-11.9857 -26.0799 2510.2 19.7336 -11.6069 179.753 9.69258 13 11 1 0 1
-9.85774 -26.9894 2510.2 19.7515 -9.99276 176.277 9.74199 13 12 1 0 1
-11.6823 -25.202 2510.2 19.1272 -10.5045 176.918 9.73348 13 13 1 0 1
-15.5626 -23.7613 2510.2 20.7613 -11.7674 178.846 9.70315 13 14 1 0 1
-8.1842 -23.0066 2510.2 19.4451 -11.6017 179.219 9.70023 13 15 1 0 1
-17.0037 -28.2881 2510.2 19.8465 -9.77426 178.921 9.70518 13 16 1 0 1
-12.8157 -28.3971 2510.2 20.0627 -9.31091 179.577 9.69627 13 17 1 0 1
-12.2019 -28.4164 2510.2 19.0515 -9.57791 179.693 9.696 13 18 1 0 1
-21.6175 -25.8108 2510.2 20.6339 -9.58218 178.223 9.71367 13 19 1 0 1
-10.3229 -28.3557 2510.2 18.7848 -9.23773 178.507 9.71283 13 20 1 0 1
-12.4538 -27.627 2510.2 19.8695 -10.3224 177.402 9.72569 13 21 1 0 1
-15.1835 -25.9042 2510.2 20.7511 -10.3776 180.216 9.68584 13 22 1 0 1
-8.37731 -25.3664 2510.2 18.9041 -11.3717 178.373 9.7128 13 23 1 0 1
-14.6372 -26.7875 2510.2 20.3802 -11.0962 176.196 9.7412 13 24 1 0 1
-16.7226 -28.2138 2510.2 20.654 -9.65516 179.177 9.70053 13 25 1 0 1
-13.2888 -26.9225 2510.2 19.9455 -9.97047 179.117 9.70221 13 26 1 0 1
-11.6797 -27.6791 2510.2 19.9944 -10.0689 182.249 9.6604 13 27 1 0 1
-12.7463 -26.2844 2510.2 19.725 -10.7539 180.268 9.68639 13 28 1 0 1
-15.0619 -26.0075 2510.2 20.0197 -8.70663 176.633 9.73748 13 29 1 0 1
-12.8327 -26.4416 2510.2 20.0701 -10.2344 179.773 9.69293 13 30 1 0 1
-12.9361 -28.8624 2510.2 19.4306 -8.57955 177.738 9.72298 13 31 1 0 1
-14.3188 -24.3298 2510.2 19.7593 -10.1405 177.741 9.72128 13 32 1 0 1
-10.3261 -27.3187 2510.2 19.0335 -10.6091 180.229 9.68803 13 33 1 0 1
-8.62073 -26.0336 2510.2 18.506 -10.6864 179.857 9.69371 13 34 1 0 1
-10.4184 -26.3067 2510.2 18.3165 -9.52933 180.05 9.69224 13 35 1 0 1
-19.5502 -27.448 2510.2 20.8012 -9.50292 178.888 9.70434 13 36 1 0 1
-10.781 -27.7721 2510.2 19.7422 -10.6921 180.496 9.68337 13 37 1 0 1
-14.2569 -26.4088 2510.2 21.1485 -11.2625 177.916 9.71572 13 38 1 0 1
-13.177 -27.2977 2510.2 19.8197 -10.1146 175.849 9.74789 13 39 1 0 1
-19.4975 -24.9805 2510.2 20.6381 -10.8298 175.816 9.74641 13 40 1 0 1
-8.81715 -27.0336 2510.2 19.5549 -9.21885 178.699 9.70906 13 41 1 0 1
-18.0407 -27.1668 2510.2 21.1532 -9.27244 181.344 9.67108 13 42 1 0 1
-10.1357 -26.1378 2510.2 19.274 -11.9428 178.392 9.71148 13 43 1 0 1
-16.0792 -28.1488 2510.2 20.1767 -10.1025 176.729 9.73482 13 44 1 0 1
-9.11493 -27.632 2510.2 19.7878 -9.22854 177.322 9.72778 13 45 1 0 1
-9.93896 -27.8564 2510.2 19.3597 -10.3889 178.176 9.71566 13 46 1 0 1
-22.7885 -25.756 2510.2 20.9965 -11.842 178.954 9.70123 13 47 1 0 1
-16.2225 -27.3391 2510.2 20.4871 -9.9036 180.963 9.67667 13 48 1 0 1
-13.8285 -29.1191 2510.2 20.2389 -9.35858 177.395 9.72595 13 49 1 0 1
-11.0117 -24.1219 2510.2 18.8361 -11.1318 180.604 9.68287 13 50 1 0 1
-18.6037 -26.4185 2510.2 20.4173 -10.4529 177.459 9.72392 13 51 1 0 1
-12.4934 -27.0655 2510.2 20.7374 -10.4941 180.309 9.68453 13 52 1 0 1
-14.9775 -27.0189 2510.2 19.1455 -10.7054 175.673 9.75098 13 53 1 0 1
-15.895 -27.2487 2510.2 20.8075 -9.87328 179.982 9.68927 13 54 1 0 1
-13.56 -24.8071 2510.2 19.4829 -11.5833 180.241 9.68641 13 55 1 0 1
-16.29 -24.7262 2510.2 19.7876 -10.8017 178.37 9.712 13 56 1 0 1
-18.3006 -24.9454 2510.2 20.5261 -12.0572 177.254 9.72519 13 57 1 0 1
-21.1267 -24.5616 2510.2 21.0377 -10.2897 176.881 9.73112 13 58 1 0 1
-12.8848 -27.8397 2510.2 19.6843 -9.94056 179.852 9.69266 13 59 1 0 1
-12.2613 -27.5012 2510.2 19.8699 -9.72576 174.855 9.76245 13 60 1 0 1
-10.0824 -25.975 2510.2 20.3668 -10.7623 182.041 9.66206 13 61 1 0 1
-20.4906 -27.8148 2510.2 21.1755 -8.57109 179.796 9.69209 13 62 1 0 1
-6.67516 -27.7878 2510.2 18.6857 -9.96217 177.108 9.7319 13 63 1 0 1
-14.1382 -27.241 2510.2 20.0331 -9.75122 178.261 9.71396 13 64 1 0 1
-17.87 -27.4057 2510.2 20.1111 -9.64912 177.065 9.73056 13 65 1 0 1
-16.3789 -28.0428 2510.2 20.9139 -9.34023 173.83 9.77596 13 66 1 0 1
-11.3624 -28.3149 2510.2 19.7683 -9.17482 178.553 9.71076 13 67 1 0 1
-12.401 -27.7021 2510.2 18.6724 -9.58842 177.499 9.72672 13 68 1 0 1
-8.30141 -24.9162 2510.2 20.0177 -11.385 179.049 9.70186 13 69 1 0 1
-13.2809 -27.5292 2510.2 19.8306 -11.3989 180.423 9.68363 13 70 1 0 1
-18.8211 -28.7867 2510.2 20.3276 -9.38258 181.905 9.66488 13 71 1 0 1
-11.0065 -25.0544 2510.2 18.9621 -9.93162 177.366 9.72789 13 72 1 0 1
-13.96 -25.9055 2510.2 20.2387 -10.9524 179.355 9.69774 13 73 1 0 1
-12.2583 -26.5046 2510.2 20.1284 -10.2791 180.007 9.68966 13 74 1 0 1
-13.9113 -26.0888 2510.2 19.4982 -10.8309 178.414 9.71181 13 75 1 0 1
-13.2743 -26.6318 2510.2 19.5667 -10.1115 176.365 9.74094 13 76 1 0 1
-11.9741 -26.7976 2510.2 20.2139 -10.0884 179.387 9.69804 13 77 1 0 1
-18.0945 -25.8902 2510.2 19.7496 -10.3339 179.957 9.69086 13 78 1 0 1
-18.7475 -27.0353 2510.2 19.2764 -11.2415 177.919 9.71863 13 79 1 0 1
-19.3348 -27.4253 2510.2 20.3329 -10.0565 178.886 9.7047 13 80 1 0 1
-7.99406 -27.0658 2510.2 19.7373 -10.624 181.6 9.66883 13 81 1 0 1
-9.87335 -25.5969 2510.2 19.9597 -11.2448 179.861 9.6911 13 82 1 0 1
-14.7225 -27.821 2510.2 20.4641 -9.99643 178.168 9.71438 13 83 1 0 1
-3.77471 -26.4964 2510.2 19.5773 -10.8259 183.311 9.64674 13 84 1 0 1
-14.9548 -27.4005 2510.2 20.2135 -9.54489 176.489 9.73859 13 85 1 0 1
-13.0594 -28.1528 2510.2 19.9608 -9.62077 178.675 9.70848 13 86 1 0 1
-10.4563 -26.8104 2510.2 19.6305 -10.2107 178.193 9.71516 13 87 1 0 1
-11.5314 -26.0909 2510.2 18.8086 -10.6893 176.041 9.74625 13 88 1 0 1
-16.0934 -26.5047 2510.2 19.383 -10.9976 179.642 9.6951 13 89 1 0 1
-14.1483 -26.9315 2510.2 19.9226 -11.6396 179.451 9.69633 13 90 1 0 1
-9.92286 -24.9686 2510.2 19.0973 -10.4456 180.094 9.68987 13 91 1 0 1
-10.8057 -27.0679 2510.2 18.2743 -10.2972 175.58 9.75401 13 92 1 0 1
-21.1655 -24.9462 2510.2 20.411 -10.7209 178.575 9.7083 13 93 1 0 1
-12.7467 -28.39 2510.2 20.2705 -10.1111 180.681 9.68057 13 94 1 0 1
-19.0441 -24.861 2510.2 20.3524 -11.0533 178.356 9.71111 13 95 1 0 1
-13.7219 -24.3018 2510.2 20.0905 -11.4341 178.468 9.70966 13 96 1 0 1
-14.7256 -25.9291 2510.2 20.0106 -10.434 179.852 9.6918 13 97 1 0 1
-12.5415 -25.91 2510.2 19.1361 -10.565 173.731 9.77941 13 98 1 0 1
-17.629 -25.5372 2510.2 20.4516 -11.5152 178.731 9.70542 13 99 1 0 1
-19.2266 -26.7166 2510.2 20.6394 -10.7121 179.602 9.69398 13 100 1 0 1
-14.2467 -26.4275 2510.2 19.7 -10.5602 179.939 9.69099 13 101 1 0 1
-12.9438 -25.1935 2510.2 19.2873 -11.2618 177.266 9.72769 13 102 1 0 1
-18.1713 -26.2844 2510.2 20.5375 -10.8031 179.448 9.69615 13 103 1 0 1
-14.8284 -27.232 2510.2 21.1197 -10.7173 178.656 9.70606 13 104 1 0 1
-10.2416 -26.1877 2510.2 18.4112 -11.0304 179.808 9.69422 13 105 1 0 1
-4.82871 -28.2615 2510.2 18.9883 -9.60335 180.455 9.68581 13 106 1 0 1
-11.9626 -26.1357 2510.2 19.7977 -10.0322 180.769 9.68016 13 107 1 0 1
-17.7091 -28.1408 2510.2 20.5512 -8.80073 178.642 9.7086 13 108 1 0 1
-9.40914 -26.1511 2510.2 19.4057 -11.0642 179.664 9.69471 13 109 1 0 1
-11.3632 -29.3775 2510.2 19.2078 -9.24336 178.766 9.70863 13 110 1 0 1
-12.9626 -27.1749 2510.2 19.714 -9.34476 179.895 9.69246 13 111 1 0 1
-15.9042 -28.2663 2510.2 19.8572 -9.96789 178.605 9.70933 13 112 1 0 1
-16.2534 -26.8102 2510.2 20.9099 -10.5984 181.231 9.67197 13 113 1 0 1
-9.67799 -28.4574 2510.2 19.2422 -8.77531 180.178 9.68974 13 114 1 0 1
-16.3707 -26.6272 2510.2 20.4852 -11.9791 180.909 9.67573 13 115 1 0 1
-18.9454 -26.2355 2510.2 19.8001 -11.6189 177.696 9.72059 13 116 1 0 1
-14.1933 -25.6151 2510.2 19.8023 -10.3784 178.65 9.70848 13 117 1 0 1
-19.4098 -27.229 2510.2 20.5765 -10.1663 178.11 9.71487 13 118 1 0 1
-17.2982 -27.4765 2510.2 20.5937 -10.9523 179.876 9.69018 13 119 1 0 1
-14.4459 -25.2649 2510.2 19.6867 -10.7781 177.955 9.71791 13 120 1 0 1
-7.38589 -28.8581 2571.43 22.0796 -5.09759 176.88 9.9699 13 1 1 0 1
-6.98364 -30.3526 2571.43 22.548 -4.74355 178.971 9.93957 13 2 1 0 1
-5.17614 -29.0376 2571.43 21.7426 -6.34232 179.488 9.93307 13 3 1 0 1
-5.57873 -27.5323 2571.43 20.708 -6.23963 177.847 9.9579 13 4 1 0 1
-5.59386 -28.9995 2571.43 21.6859 -4.57513 179.19 9.93805 13 5 1 0 1
-5.52907 -30.6697 2571.43 21.5615 -3.76902 180.835 9.91587 13 6 1 0 1
-9.21763 -28.9673 2571.43 22.2218 -5.28129 179.692 9.92992 13 7 1 0 1
-5.96568 -28.2793 2571.43 21.7643 -5.76027 180.801 9.91528 13 8 1 0 1
-9.48596 -28.2369 2571.43 22.635 -4.58131 178.6 9.94465 13 9 1 0 1
-2.8027 -28.98 2571.43 19.8697 -5.19536 177.344 9.96695 13 10 1 0 1
-4.9089 -29.1267 2571.43 21.5971 -6.19787 179.806 9.92898 13 11 1 0 1
-2.67005 -29.5493 2571.43 21.414 -4.66531 176.305 9.9796 13 12 1 0 1
-4.71112 -27.9362 2571.43 20.9397 -5.214 176.947 9.97088 13 13 1 0 1
-8.05572 -26.8962 2571.43 22.8635 -6.4603 178.86 9.93981 13 14 1 0 1
-1.23429 -26.0809 2571.43 21.0249 -6.31232 179.305 9.93682 13 15 1 0 1
-9.79298 -30.7147 2571.43 22.0618 -4.32395 178.876 9.94189 13 16 1 0 1
-5.60991 -30.6533 2571.43 21.9728 -3.8404 179.553 9.93276 13 17 1 0 1
-5.35145 -30.7611 2571.43 20.9326 -4.10222 179.692 9.93249 13 18 1 0 1
-14.0518 -28.1988 2571.43 23.1651 -4.2348 178.119 9.95059 13 19 1 0 1
-3.54464 -30.606 2571.43 20.5162 -3.80196 178.514 9.94972 13 20 1 0 1
-5.2356 -30.2747 2571.43 21.7334 -4.938 177.415 9.9629 13 21 1 0 1
-7.73869 -28.525 2571.43 22.8385 -4.96524 180.194 9.92208 13 22 1 0 1
-1.57846 -28.3672 2571.43 20.4963 -6.02976 178.457 9.94969 13 23 1 0 1
-7.16755 -29.7328 2571.43 22.3838 -5.77115 176.207 9.97879 13 24 1 0 1
-9.25036 -30.5955 2571.43 22.8401 -4.20009 179.122 9.93713 13 25 1 0 1
-6.09942 -29.4202 2571.43 21.8889 -4.55955 179.109 9.93884 13 26 1 0 1
-4.61125 -30.147 2571.43 21.855 -4.53853 182.257 9.89602 13 27 1 0 1
-5.68174 -29.0296 2571.43 21.648 -5.32634 180.29 9.92264 13 28 1 0 1
-7.7287 -28.121 2571.43 22.0559 -3.40626 176.572 9.97498 13 29 1 0 1
-5.63161 -29.0193 2571.43 21.9869 -4.81871 179.776 9.92934 13 30 1 0 1
-5.87517 -30.8972 2571.43 21.3337 -3.1531 177.699 9.96012 13 31 1 0 1
-7.1275 -26.9271 2571.43 21.7643 -4.85543 177.73 9.95838 13 32 1 0 1
-3.52504 -30.0097 2571.43 20.7853 -5.14949 180.274 9.92432 13 33 1 0 1
-2.00701 -28.7656 2571.43 20.1343 -5.28111 179.922 9.93014 13 34 1 0 1
-3.85253 -28.6406 2571.43 20.0792 -4.11426 180.067 9.92864 13 35 1 0 1
-11.9802 -29.7873 2571.43 23.1884 -4.08219 178.8 9.94103 13 36 1 0 1
-3.74432 -30.4833 2571.43 21.5214 -5.20859 180.534 9.91955 13 37 1 0 1
-6.59703 -29.3762 2571.43 23.1361 -5.89768 177.927 9.95269 13 38 1 0 1
-5.90649 -29.9066 2571.43 21.7174 -4.78852 175.85 9.98565 13 39 1 0 1
-11.8609 -27.8518 2571.43 22.9831 -5.57495 175.77 9.98413 13 40 1 0 1
-1.80243 -29.2816 2571.43 21.1668 -3.82148 178.712 9.94586 13 41 1 0 1
-10.4678 -29.3861 2571.43 23.4583 -3.78908 181.258 9.90696 13 42 1 0 1
-3.18857 -29.3294 2571.43 20.993 -6.57166 178.476 9.94835 13 43 1 0 1
-8.68258 -30.7311 2571.43 22.2912 -4.72125 176.701 9.97226 13 44 1 0 1
-1.96451 -29.9044 2571.43 21.4041 -3.85251 177.332 9.96505 13 45 1 0 1
-2.95709 -30.5103 2571.43 21.0554 -4.97403 178.217 9.95263 13 46 1 0 1
-15.1132 -28.9025 2571.43 23.6286 -6.46237 178.901 9.93784 13 47 1 0 1
-8.88232 -29.7772 2571.43 22.6636 -4.423 180.92 9.91268 13 48 1 0 1
-6.46545 -31.4265 2571.43 22.1944 -3.9296 177.364 9.96317 13 49 1 0 1
-4.28184 -27.0006 2571.43 20.6472 -5.76587 180.657 9.91904 13 50 1 0 1
-11.1207 -29.1169 2571.43 22.7234 -5.10434 177.413 9.96109 13 51 1 0 1
-5.09136 -29.7174 2571.43 22.6273 -5.04017 180.317 9.92073 13 52 1 0 1
-7.91093 -29.8384 2571.43 21.1829 -5.39059 175.682 9.98881 13 53 1 0 1
-8.41279 -29.6952 2571.43 22.9419 -4.42525 179.939 9.92559 13 54 1 0 1
-6.56592 -27.8424 2571.43 21.4721 -6.2021 180.281 9.92267 13 55 1 0 1
-9.08766 -27.5355 2571.43 21.9472 -5.48121 178.36 9.94888 13 56 1 0 1
-10.7759 -28.2096 2571.43 22.8116 -6.75555 177.256 9.96239 13 57 1 0 1
-13.3746 -27.226 2571.43 23.5088 -5.01938 176.798 9.96846 13 58 1 0 1
-5.81682 -30.3081 2571.43 21.6104 -4.47725 179.85 9.92906 13 59 1 0 1
-4.94592 -29.993 2571.43 21.6876 -4.42493 174.853 10.0006 13 60 1 0 1
-2.90202 -28.6893 2571.43 22.1024 -5.29289 182.08 9.89772 13 61 1 0 1
-12.8175 -29.8189 2571.43 23.6364 -3.11593 179.666 9.92848 13 62 1 0 1
0.0728469 -30.3163 2571.43 20.1391 -4.58458 177.17 9.96926 13 63 1 0 1
-6.8754 -29.6781 2571.43 22.0264 -4.35621 178.24 9.95088 13 64 1 0 1
-10.4862 -29.8291 2571.43 22.3597 -4.2842 177.006 9.96789 13 65 1 0 1
-8.60378 -30.416 2571.43 22.9974 -4.05347 173.771 10.0144 13 66 1 0 1
-4.23672 -30.5431 2571.43 21.5629 -3.73895 178.542 9.94761 13 67 1 0 1
-5.59834 -30.0949 2571.43 20.5476 -4.2025 177.502 9.96396 13 68 1 0 1
-1.14877 -27.9094 2571.43 21.5964 -6.03764 179.126 9.93849 13 69 1 0 1
-6.17954 -30.4826 2571.43 21.7962 -5.92174 180.459 9.91982 13 70 1 0 1
-11.5368 -31.0241 2571.43 22.7117 -3.82705 181.825 9.90061 13 71 1 0 1
-4.1173 -27.583 2571.43 20.7307 -4.63562 177.386 9.96515 13 72 1 0 1
-6.67134 -28.739 2571.43 22.234 -5.5633 179.367 9.93427 13 73 1 0 1
-5.05375 -29.0927 2571.43 22.0048 -4.85424 180.016 9.92599 13 74 1 0 1
-6.84002 -28.8993 2571.43 21.488 -5.46449 178.43 9.94869 13 75 1 0 1
-6.11005 -29.2332 2571.43 21.4812 -4.79186 176.367 9.97853 13 76 1 0 1
-4.72055 -29.3311 2571.43 22.0602 -4.67328 179.392 9.93458 13 77 1 0 1
-10.9415 -28.5013 2571.43 22.0632 -4.92951 179.917 9.92722 13 78 1 0 1
-11.6716 -29.9918 2571.43 21.6191 -5.85525 177.908 9.95567 13 79 1 0 1
-11.9271 -29.9539 2571.43 22.7132 -4.63377 178.822 9.9414 13 80 1 0 1
-1.03524 -29.7361 2571.43 21.32 -5.1321 181.659 9.90466 13 81 1 0 1
-2.75099 -28.5211 2571.43 21.6634 -5.85091 179.92 9.92747 13 82 1 0 1
-7.30111 -30.3406 2571.43 22.4939 -4.58352 178.145 9.95132 13 83 1 0 1
3.01497 -29.2039 2571.43 20.8607 -5.30236 183.413 9.88203 13 84 1 0 1
-7.5504 -29.7988 2571.43 22.2405 -4.19858 176.454 9.97612 13 85 1 0 1
-5.85087 -30.5323 2571.43 21.8806 -4.18397 178.66 9.94527 13 86 1 0 1
-3.37577 -29.4087 2571.43 21.36 -4.83065 178.222 9.95211 13 87 1 0 1
-4.63958 -28.9023 2571.43 20.6052 -5.39493 176.081 9.98396 13 88 1 0 1
-9.07881 -29.3442 2571.43 21.5518 -5.57933 179.645 9.93156 13 89 1 0 1
-6.96826 -29.9912 2571.43 21.94 -6.21021 179.486 9.93283 13 90 1 0 1
-3.10054 -27.6202 2571.43 20.816 -5.06964 180.135 9.92621 13 91 1 0 1
-4.09165 -29.747 2571.43 20.0191 -4.98674 175.621 9.99191 13 92 1 0 1
-13.6956 -27.7224 2571.43 22.9222 -5.38589 178.511 9.94508 13 93 1 0 1
-5.51332 -30.8974 2571.43 22.1888 -4.60338 180.68 9.91668 13 94 1 0 1
-11.6129 -27.756 2571.43 22.7068 -5.72652 178.323 9.94796 13 95 1 0 1
-6.45272 -27.328 2571.43 22.0608 -6.12248 178.496 9.94648 13 96 1 0 1
-7.52341 -28.5761 2571.43 22.0701 -5.03168 179.843 9.92819 13 97 1 0 1
-5.43525 -28.728 2571.43 20.9736 -5.34543 173.758 10.0179 13 98 1 0 1
-10.1967 -28.5783 2571.43 22.7079 -6.15304 178.724 9.94214 13 99 1 0 1
-11.7439 -29.4586 2571.43 23.0203 -5.28811 179.555 9.93042 13 100 1 0 1
-7.15917 -29.1128 2571.43 21.7299 -5.13819 179.942 9.92736 13 101 1 0 1
-5.91428 -28.1818 2571.43 21.1966 -5.95743 177.305 9.96495 13 102 1 0 1
-10.7307 -29.063 2571.43 22.84 -5.39801 179.413 9.93265 13 103 1 0 1
-7.20101 -29.9921 2571.43 23.157 -5.30545 178.646 9.94279 13 104 1 0 1
-3.63754 -29.0368 2571.43 20.1617 -5.61952 179.871 9.93066 13 105 1 0 1
1.87855 -30.602 2571.43 20.3305 -4.11116 180.518 9.92205 13 106 1 0 1
-4.90209 -28.6277 2571.43 21.6648 -4.5984 180.775 9.91626 13 107 1 0 1
-10.2382 -30.2404 2571.43 22.8006 -3.3687 178.554 9.94539 13 108 1 0 1
-2.4733 -29.0149 2571.43 21.0798 -5.65865 179.727 9.93117 13 109 1 0 1
-4.4367 -31.6193 2571.43 21.013 -3.76548 178.763 9.94542 13 110 1 0 1
-5.8852 -29.4439 2571.43 21.6438 -3.9054 179.874 9.92887 13 111 1 0 1
-8.69193 -30.7652 2571.43 21.988 -4.52706 178.576 9.94615 13 112 1 0 1
-8.78079 -29.4806 2571.43 23.0888 -5.12393 181.204 9.90787 13 113 1 0 1
-2.81278 -30.521 2571.43 20.9361 -3.2881 180.173 9.92607 13 114 1 0 1
-9.02714 -29.7713 2571.43 22.6798 -6.51397 180.926 9.91172 13 115 1 0 1
-11.6791 -29.3312 2571.43 22.1479 -6.26371 177.688 9.95768 13 116 1 0 1
-7.02337 -28.2687 2571.43 21.8099 -5.02266 178.647 9.94527 13 117 1 0 1
-11.8876 -29.8114 2571.43 22.9477 -4.77263 178.047 9.95181 13 118 1 0 1
-9.86638 -30.2902 2571.43 22.8377 -5.49403 179.855 9.92653 13 119 1 0 1
-7.28598 -28.0716 2571.43 21.7071 -5.45263 177.963 9.95493 13 120 1 0 1
0.401495 -29.6494 2632.65 22.6724 0.548927 176.878 10.2073 13 1 1 0 1
0.869245 -30.9939 2632.65 23.1138 1.01707 178.959 10.1762 13 2 1 0 1
2.35791 -30.2261 2632.65 22.1941 -0.60006 179.544 10.1696 13 3 1 0 1
1.67397 -28.714 2632.65 21.1952 -0.599949 177.898 10.195 13 4 1 0 1
1.93854 -29.5892 2632.65 22.1609 1.14647 179.187 10.1747 13 5 1 0 1
1.89345 -30.9632 2632.65 22.0369 2.05616 180.805 10.152 13 6 1 0 1
-1.47759 -29.7929 2632.65 22.9625 0.459182 179.676 10.1663 13 7 1 0 1
1.53216 -29.2597 2632.65 22.2772 -0.0049206 180.831 10.1514 13 8 1 0 1
-1.55535 -28.8381 2632.65 23.3809 1.096 178.56 10.1814 13 9 1 0 1
4.14642 -29.7997 2632.65 20.1587 0.470581 177.387 10.2043 13 10 1 0 1
2.5593 -30.2617 2632.65 22.0313 -0.443279 179.86 10.1654 13 11 1 0 1
4.8516 -30.1926 2632.65 21.6688 0.983303 176.332 10.2172 13 12 1 0 1
2.6464 -28.7724 2632.65 21.3533 0.405015 176.974 10.2083 13 13 1 0 1
-0.0767637 -28.1447 2632.65 23.5105 -0.808595 178.891 10.1765 13 14 1 0 1
6.01278 -27.2782 2632.65 21.1933 -0.674912 179.395 10.1734 13 15 1 0 1
-2.06567 -31.2115 2632.65 22.8385 1.44295 178.825 10.1786 13 16 1 0 1
2.00517 -30.9803 2632.65 22.4438 1.94354 179.526 10.1693 13 17 1 0 1
1.90169 -31.1756 2632.65 21.3997 1.69142 179.676 10.169 13 18 1 0 1
-5.86032 -28.6857 2632.65 24.2333 1.4235 178.021 10.1875 13 19 1 0 1
3.58996 -30.9277 2632.65 20.8499 1.94706 178.506 10.1866 13 20 1 0 1
2.38236 -30.9977 2632.65 22.1758 0.771432 177.427 10.2001 13 21 1 0 1
0.170032 -29.241 2632.65 23.4631 0.774548 180.181 10.1583 13 22 1 0 1
5.52637 -29.465 2632.65 20.6936 -0.344286 178.536 10.1866 13 23 1 0 1
0.751373 -30.7594 2632.65 22.9563 -0.113485 176.228 10.2164 13 24 1 0 1
-1.27546 -31.0487 2632.65 23.5673 1.56999 179.07 10.1737 13 25 1 0 1
1.51188 -30.0029 2632.65 22.3981 1.17338 179.1 10.1755 13 26 1 0 1
2.84094 -30.6916 2632.65 22.2665 1.31932 182.259 10.1316 13 27 1 0 1
1.79398 -29.8642 2632.65 22.1375 0.435568 180.308 10.1589 13 28 1 0 1
0.0681753 -28.3343 2632.65 22.6656 2.19589 176.514 10.2125 13 29 1 0 1
1.97932 -29.6865 2632.65 22.4642 0.923587 179.779 10.1658 13 30 1 0 1
1.60192 -31.0001 2632.65 21.8221 2.57505 177.649 10.1973 13 31 1 0 1
0.512038 -27.6378 2632.65 22.3455 0.752787 177.723 10.1955 13 32 1 0 1
3.63193 -30.7789 2632.65 21.1248 0.643869 180.307 10.1606 13 33 1 0 1
4.92369 -29.59 2632.65 20.3688 0.460089 179.972 10.1666 13 34 1 0 1
3.07765 -29.0683 2632.65 20.4477 1.62056 180.065 10.165 13 35 1 0 1
-3.83762 -30.2074 2632.65 24.1089 1.64969 178.718 10.1777 13 36 1 0 1
3.6539 -31.2673 2632.65 21.869 0.60934 180.567 10.1557 13 37 1 0 1
1.49749 -30.429 2632.65 23.666 -0.196225 177.955 10.1897 13 38 1 0 1
1.78096 -30.5948 2632.65 22.2017 0.857865 175.853 10.2234 13 39 1 0 1
-3.65473 -28.826 2632.65 23.8835 0.0061056 175.738 10.2218 13 40 1 0 1
5.52401 -29.6161 2632.65 21.3646 1.89011 178.719 10.1827 13 41 1 0 1
-2.36093 -29.6908 2632.65 24.2782 2.00594 181.178 10.1428 13 42 1 0 1
4.10581 -30.607 2632.65 21.3047 -0.850775 178.558 10.1852 13 43 1 0 1
-0.797833 -31.3834 2632.65 22.9729 0.978888 176.674 10.2097 13 44 1 0 1
5.50178 -30.2562 2632.65 21.6073 1.83588 177.34 10.2023 13 45 1 0 1
4.3661 -31.2366 2632.65 21.3425 0.769212 178.251 10.1896 13 46 1 0 1
-6.78483 -30.1399 2632.65 24.7838 -0.742227 178.86 10.1745 13 47 1 0 1
-1.04888 -30.2961 2632.65 23.3769 1.37861 180.878 10.1487 13 48 1 0 1
1.32886 -31.7959 2632.65 22.7162 1.81011 177.333 10.2004 13 49 1 0 1
2.82332 -27.9917 2632.65 21.0484 -0.0580769 180.702 10.1552 13 50 1 0 1
-3.08702 -29.9038 2632.65 23.5825 0.567568 177.374 10.1983 13 51 1 0 1
2.70675 -30.4508 2632.65 23.0593 0.744071 180.331 10.1569 13 52 1 0 1
-0.376066 -30.7381 2632.65 21.8207 0.251622 175.687 10.2266 13 53 1 0 1
-0.449419 -30.2235 2632.65 23.6115 1.34233 179.902 10.1619 13 54 1 0 1
0.861996 -28.9807 2632.65 22.0327 -0.475463 180.319 10.1589 13 55 1 0 1
-1.38682 -28.4512 2632.65 22.6753 0.170583 178.353 10.1858 13 56 1 0 1
-2.70943 -29.5724 2632.65 23.6503 -1.10914 177.271 10.1996 13 57 1 0 1
-5.0141 -28.0005 2632.65 24.5164 0.570165 176.732 10.2058 13 58 1 0 1
1.66577 -30.8513 2632.65 22.1052 1.30853 179.841 10.1655 13 59 1 0 1
2.76174 -30.5632 2632.65 22.0975 1.19033 174.854 10.2387 13 60 1 0 1
4.61825 -29.4968 2632.65 22.385 0.514272 182.121 10.1334 13 61 1 0 1
-4.55019 -29.9035 2632.65 24.6142 2.63809 179.543 10.1649 13 62 1 0 1
7.0845 -30.9195 2632.65 20.2118 1.1166 177.217 10.2066 13 63 1 0 1
0.829218 -30.1971 2632.65 22.5861 1.3563 178.218 10.1878 13 64 1 0 1
-2.568 -30.3328 2632.65 23.1715 1.39323 176.948 10.2052 13 65 1 0 1
-0.342604 -30.8628 2632.65 23.6455 1.53833 173.724 10.2528 13 66 1 0 1
3.26305 -30.8434 2632.65 21.9338 2.00841 178.525 10.1845 13 67 1 0 1
1.61334 -30.5648 2632.65 21.0293 1.4994 177.489 10.2012 13 68 1 0 1
6.29884 -29.0047 2632.65 21.7501 -0.346227 179.209 10.1751 13 69 1 0 1
1.34574 -31.5088 2632.65 22.3238 -0.102294 180.492 10.156 13 70 1 0 1
-3.69117 -31.3282 2632.65 23.6251 2.04159 181.737 10.1363 13 71 1 0 1
3.14293 -28.2174 2632.65 21.103 0.982301 177.4 10.2024 13 72 1 0 1
1.05388 -29.6653 2632.65 22.7861 0.160896 179.384 10.1708 13 73 1 0 1
2.5459 -29.7694 2632.65 22.4402 0.898373 180.025 10.1623 13 74 1 0 1
0.672158 -29.8008 2632.65 22.0574 0.234744 178.444 10.1856 13 75 1 0 1
1.47633 -29.9215 2632.65 21.9856 0.848932 176.368 10.2161 13 76 1 0 1
2.91954 -29.9505 2632.65 22.4671 1.06642 179.399 10.1711 13 77 1 0 1
-3.24255 -29.2079 2632.65 22.9334 0.800355 179.874 10.1636 13 78 1 0 1
-4.03105 -31.0267 2632.65 22.5395 -0.134193 177.89 10.1927 13 79 1 0 1
-3.94813 -30.5614 2632.65 23.6387 1.10785 178.759 10.1781 13 80 1 0 1
6.21563 -30.4877 2632.65 21.4708 0.696297 181.713 10.1405 13 81 1 0 1
4.70741 -29.5404 2632.65 21.936 -0.114889 179.982 10.1638 13 82 1 0 1
0.572963 -30.9346 2632.65 23.0791 1.14927 178.125 10.1883 13 83 1 0 1
9.99288 -29.9987 2632.65 20.7151 0.56488 183.505 10.1173 13 84 1 0 1
0.313094 -30.2777 2632.65 22.8373 1.4599 176.421 10.2136 13 85 1 0 1
1.77314 -30.984 2632.65 22.3682 1.5694 178.642 10.1821 13 86 1 0 1
4.0568 -30.0921 2632.65 21.6734 0.875342 178.247 10.1891 13 87 1 0 1
2.63668 -29.8045 2632.65 21.0152 0.229412 176.115 10.2217 13 88 1 0 1
-1.56594 -30.2695 2632.65 22.292 0.174008 179.642 10.168 13 89 1 0 1
0.655896 -31.1293 2632.65 22.5209 -0.436813 179.521 10.1693 13 90 1 0 1
4.06678 -28.3773 2632.65 21.1229 0.638717 180.17 10.1625 13 91 1 0 1
2.99284 -30.5073 2632.65 20.3937 0.648309 175.647 10.2298 13 92 1 0 1
-5.60907 -28.6028 2632.65 23.9755 0.276233 178.453 10.1819 13 93 1 0 1
2.12687 -31.4729 2632.65 22.6575 1.22957 180.676 10.1528 13 94 1 0 1
-3.61844 -28.7549 2632.65 23.6106 -0.0671745 178.297 10.1848 13 95 1 0 1
1.24741 -28.463 2632.65 22.5973 -0.469726 178.533 10.1833 13 96 1 0 1
0.137137 -29.3176 2632.65 22.6873 0.699101 179.836 10.1646 13 97 1 0 1
2.07585 -29.6389 2632.65 21.4271 0.199184 173.785 10.2565 13 98 1 0 1
-2.23741 -29.7139 2632.65 23.5121 -0.451269 178.725 10.1789 13 99 1 0 1
-3.69457 -30.2851 2632.65 23.9358 0.464387 179.512 10.1669 13 100 1 0 1
0.377368 -29.8864 2632.65 22.3255 0.614332 179.941 10.1637 13 101 1 0 1
1.53239 -29.269 2632.65 21.6988 -0.31489 177.344 10.2022 13 102 1 0 1
-2.74952 -29.9306 2632.65 23.6829 0.33747 179.385 10.1691 13 103 1 0 1
0.876456 -30.8307 2632.65 23.7316 0.436062 178.649 10.1795 13 104 1 0 1
3.32528 -29.9751 2632.65 20.5179 0.130972 179.918 10.1671 13 105 1 0 1
8.80317 -31.014 2632.65 20.2704 1.70428 180.563 10.1583 13 106 1 0 1
2.54963 -29.2137 2632.65 22.0952 1.16123 180.777 10.1524 13 107 1 0 1
-2.23941 -30.4157 2632.65 23.5941 2.3659 178.467 10.1822 13 108 1 0 1
4.79146 -29.9681 2632.65 21.3379 0.0867685 179.786 10.1676 13 109 1 0 1
2.86902 -31.921 2632.65 21.4066 2.0249 178.744 10.1822 13 110 1 0 1
1.60861 -29.7975 2632.65 22.1411 1.84872 179.846 10.1653 13 111 1 0 1
-0.991333 -31.3337 2632.65 22.6838 1.23323 178.542 10.183 13 112 1 0 1
-0.817555 -30.2352 2632.65 23.7934 0.680988 181.184 10.1438 13 113 1 0 1
4.39005 -30.6569 2632.65 21.2136 2.50815 180.153 10.1624 13 114 1 0 1
-1.18664 -30.9965 2632.65 23.4122 -0.700208 180.949 10.1477 13 115 1 0 1
-3.84781 -30.5128 2632.65 23.062 -0.569205 177.682 10.1948 13 116 1 0 1
0.592085 -29.0203 2632.65 22.3879 0.659939 178.645 10.1821 13 117 1 0 1
-3.79511 -30.4742 2632.65 23.8625 0.940369 177.988 10.1888 13 118 1 0 1
-1.91608 -31.1789 2632.65 23.6199 0.297129 179.837 10.1629 13 119 1 0 1
0.32623 -28.9786 2632.65 22.3041 0.204261 177.972 10.192 13 120 1 0 1
8.14034 -28.4832 2693.88 21.801 6.15076 176.881 10.4447 13 1 1 0 1
8.6616 -29.6624 2693.88 22.1937 6.72657 178.952 10.4129 13 2 1 0 1
9.79328 -29.4505 2693.88 21.179 5.11341 179.595 10.4061 13 3 1 0 1
8.84551 -27.9489 2693.88 20.2491 5.01081 177.939 10.4321 13 4 1 0 1
9.38299 -28.222 2693.88 21.1723 6.81569 179.18 10.4113 13 5 1 0 1
9.22918 -29.2843 2693.88 21.0432 7.81625 180.766 10.3881 13 6 1 0 1
6.26208 -28.6594 2693.88 22.2175 6.15448 179.665 10.4028 13 7 1 0 1
8.95247 -28.2871 2693.88 21.3151 5.7129 180.856 10.3874 13 8 1 0 1
6.37688 -27.4912 2693.88 22.6371 6.71989 178.532 10.4182 13 9 1 0 1
10.951 -28.6602 2693.88 19.042 6.09449 177.406 10.4416 13 10 1 0 1
9.92365 -29.4323 2693.88 21.0012 5.28045 179.906 10.4018 13 11 1 0 1
12.2106 -28.8722 2693.88 20.4863 6.58387 176.354 10.4548 13 12 1 0 1
9.89783 -27.661 2693.88 20.3344 5.98237 176.994 10.4457 13 13 1 0 1
7.86592 -27.453 2693.88 22.663 4.81579 178.937 10.4131 13 14 1 0 1
13.0675 -26.5451 2693.88 19.9204 4.93653 179.474 10.41 13 15 1 0 1
5.67635 -29.733 2693.88 22.1365 7.1513 178.776 10.4153 13 16 1 0 1
9.5306 -29.3346 2693.88 21.4423 7.66437 179.495 10.4058 13 17 1 0 1
9.06782 -29.6151 2693.88 20.4189 7.42502 179.644 10.4055 13 18 1 0 1
2.44313 -27.226 2693.88 23.7937 7.02162 177.948 10.4244 13 19 1 0 1
10.5943 -29.2774 2693.88 19.7553 7.63366 178.478 10.4235 13 20 1 0 1
9.901 -29.7478 2693.88 21.1628 6.43413 177.436 10.4373 13 21 1 0 1
8.03615 -28.0041 2693.88 22.5875 6.46585 180.178 10.3946 13 22 1 0 1
12.4513 -28.6074 2693.88 19.4659 5.31071 178.596 10.4235 13 23 1 0 1
8.61278 -29.8159 2693.88 22.0609 5.50871 176.256 10.454 13 24 1 0 1
6.69389 -29.5284 2693.88 22.7971 7.28032 179.029 10.4103 13 25 1 0 1
9.04617 -28.624 2693.88 21.4383 6.85337 179.091 10.4121 13 26 1 0 1
10.1821 -29.2668 2693.88 21.1958 7.12225 182.253 10.3673 13 27 1 0 1
9.18545 -28.7388 2693.88 21.1579 6.15429 180.321 10.3951 13 28 1 0 1
7.82506 -26.6051 2693.88 21.8137 7.73135 176.466 10.45 13 29 1 0 1
9.50127 -28.3959 2693.88 21.4674 6.61642 179.781 10.4022 13 30 1 0 1
8.99969 -29.1301 2693.88 20.8629 8.23166 177.592 10.4344 13 31 1 0 1
8.1002 -26.4139 2693.88 21.4667 6.31348 177.721 10.4326 13 32 1 0 1
10.6575 -29.5777 2693.88 20.0198 6.39209 180.321 10.3969 13 33 1 0 1
11.6899 -28.4576 2693.88 19.1791 6.15926 179.998 10.403 13 34 1 0 1
9.89069 -27.5451 2693.88 19.3901 7.29672 180.042 10.4014 13 35 1 0 1
4.36514 -28.6636 2693.88 23.5208 7.31936 178.654 10.4144 13 36 1 0 1
10.9202 -30.0753 2693.88 20.7524 6.38269 180.587 10.3919 13 37 1 0 1
9.51538 -29.5154 2693.88 22.7018 5.47097 177.996 10.4266 13 38 1 0 1
9.38452 -29.3148 2693.88 21.2383 6.45638 175.855 10.4612 13 39 1 0 1
4.60693 -27.852 2693.88 23.2967 5.54759 175.729 10.4596 13 40 1 0 1
12.6706 -27.9935 2693.88 20.1205 7.54122 178.715 10.4195 13 41 1 0 1
5.76817 -28.0375 2693.88 23.5729 7.7344 181.117 10.3787 13 42 1 0 1
11.2567 -29.9162 2693.88 20.1762 4.84582 178.626 10.4221 13 43 1 0 1
7.06912 -30.0584 2693.88 22.1839 6.62793 176.653 10.4471 13 44 1 0 1
12.7888 -28.6436 2693.88 20.3697 7.46488 177.339 10.4396 13 45 1 0 1
11.5391 -29.9873 2693.88 20.1901 6.46652 178.27 10.4266 13 46 1 0 1
1.6792 -29.4142 2693.88 24.4134 4.94556 178.844 10.4111 13 47 1 0 1
6.77321 -28.8501 2693.88 22.5883 7.12276 180.843 10.3847 13 48 1 0 1
9.05086 -30.1834 2693.88 21.77 7.48862 177.302 10.4376 13 49 1 0 1
9.81787 -27.0443 2693.88 20.0055 5.6135 180.734 10.3914 13 50 1 0 1
4.98751 -28.7303 2693.88 22.9528 6.19242 177.349 10.4354 13 51 1 0 1
10.3972 -29.2175 2693.88 21.9997 6.48162 180.349 10.3931 13 52 1 0 1
7.1302 -29.6678 2693.88 21.0209 5.8529 175.687 10.4645 13 53 1 0 1
7.48723 -28.7878 2693.88 22.7784 7.05355 179.876 10.3982 13 54 1 0 1
8.22957 -28.1691 2693.88 21.1271 5.21967 180.353 10.3952 13 55 1 0 1
6.31133 -27.4231 2693.88 21.9319 5.7814 178.353 10.4226 13 56 1 0 1
5.38826 -28.9787 2693.88 22.9992 4.51275 177.303 10.4368 13 57 1 0 1
3.43671 -26.8362 2693.88 24.0165 6.11163 176.695 10.4432 13 58 1 0 1
9.06741 -29.4233 2693.88 21.1341 7.03941 179.825 10.4019 13 59 1 0 1
10.3604 -29.1654 2693.88 21.0674 6.75402 174.855 10.4768 13 60 1 0 1
11.9819 -28.3486 2693.88 21.1831 6.27841 182.158 10.369 13 61 1 0 1
3.79549 -28.0276 2693.88 24.067 8.31623 179.444 10.4013 13 62 1 0 1
13.8763 -29.5507 2693.88 18.8779 6.76854 177.239 10.444 13 63 1 0 1
8.47434 -28.7524 2693.88 21.6768 7.01325 178.198 10.4247 13 64 1 0 1
5.37776 -28.8713 2693.88 22.5066 7.01298 176.901 10.4425 13 65 1 0 1
7.88911 -29.3383 2693.88 22.8221 7.0726 173.697 10.4913 13 66 1 0 1
10.6409 -29.1726 2693.88 20.8498 7.69261 178.5 10.4213 13 67 1 0 1
8.74543 -29.0668 2693.88 20.0836 7.14416 177.461 10.4384 13 68 1 0 1
13.5467 -28.1499 2693.88 20.4495 5.31516 179.284 10.4118 13 69 1 0 1
8.79827 -30.5563 2693.88 21.3764 5.68092 180.517 10.3922 13 70 1 0 1
4.21081 -29.6556 2693.88 23.0258 7.84207 181.656 10.3721 13 71 1 0 1
10.2843 -26.9107 2693.88 20.047 6.55095 177.404 10.4397 13 72 1 0 1
8.71384 -28.6338 2693.88 21.8582 5.84542 179.404 10.4073 13 73 1 0 1
10.042 -28.4872 2693.88 21.4007 6.60212 180.033 10.3987 13 74 1 0 1
8.12886 -28.743 2693.88 21.1695 5.89326 178.455 10.4224 13 75 1 0 1
8.98661 -28.6493 2693.88 21.045 6.44167 176.367 10.4537 13 76 1 0 1
10.4465 -28.609 2693.88 21.4017 6.75537 179.405 10.4077 13 77 1 0 1
4.50132 -27.962 2693.88 22.3177 6.47944 179.836 10.3999 13 78 1 0 1
3.67461 -30.0885 2693.88 21.9934 5.54855 177.872 10.4298 13 79 1 0 1
4.09383 -29.2009 2693.88 23.0667 6.79438 178.708 10.4148 13 80 1 0 1
13.2689 -29.2722 2693.88 20.1611 6.48001 181.749 10.3763 13 81 1 0 1
12.0069 -28.6035 2693.88 20.746 5.58701 180.036 10.4002 13 82 1 0 1
8.3941 -29.5565 2693.88 22.1836 6.82918 178.112 10.4252 13 83 1 0 1
16.6764 -28.8321 2693.88 19.1178 6.39062 183.568 10.3526 13 84 1 0 1
8.13031 -28.7919 2693.88 21.9684 7.06158 176.396 10.4512 13 85 1 0 1
9.31344 -29.463 2693.88 21.3897 7.26472 178.621 10.4189 13 86 1 0 1
11.3471 -28.813 2693.88 20.5397 6.53388 178.264 10.426 13 87 1 0 1
9.8071 -28.7475 2693.88 20.0053 5.81459 176.137 10.4594 13 88 1 0 1
5.94884 -29.2303 2693.88 21.5629 5.88593 179.634 10.4045 13 89 1 0 1
8.22499 -30.293 2693.88 21.6272 5.30468 179.553 10.4058 13 90 1 0 1
11.0916 -27.1914 2693.88 19.9866 6.30229 180.19 10.3989 13 91 1 0 1
9.96236 -29.3004 2693.88 19.3658 6.23875 175.654 10.4677 13 92 1 0 1
2.58302 -27.5376 2693.88 23.5252 5.89343 178.416 10.4187 13 93 1 0 1
9.67429 -30.0702 2693.88 21.6423 7.00881 180.669 10.3889 13 94 1 0 1
4.43052 -27.8065 2693.88 23.0204 5.55305 178.288 10.4217 13 95 1 0 1
8.87732 -27.654 2693.88 21.6631 5.15204 178.575 10.4201 13 96 1 0 1
7.75593 -28.1054 2693.88 21.8249 6.38239 179.83 10.401 13 97 1 0 1
9.49548 -28.5924 2693.88 20.4626 5.70529 173.808 10.495 13 98 1 0 1
5.74095 -28.8913 2693.88 22.8224 5.21723 178.739 10.4156 13 99 1 0 1
4.4112 -29.1469 2693.88 23.3429 6.17035 179.485 10.4033 13 100 1 0 1
7.86598 -28.7 2693.88 21.4496 6.32056 179.938 10.4001 13 101 1 0 1
8.90153 -28.4032 2693.88 20.7582 5.29499 177.378 10.4395 13 102 1 0 1
5.26394 -28.8375 2693.88 23.0242 6.02871 179.37 10.4056 13 103 1 0 1
8.89321 -29.6982 2693.88 22.807 6.13436 178.665 10.4163 13 104 1 0 1
10.1646 -28.9523 2693.88 19.4466 5.8431 179.942 10.4035 13 105 1 0 1
15.4639 -29.4529 2693.88 18.7849 7.46265 180.578 10.3945 13 106 1 0 1
9.89775 -27.8471 2693.88 21.0555 6.86826 180.775 10.3885 13 107 1 0 1
5.77857 -28.6247 2693.88 22.8928 8.02974 178.393 10.419 13 108 1 0 1
11.8951 -28.9603 2693.88 20.1488 5.79535 179.83 10.4041 13 109 1 0 1
10.0629 -30.2393 2693.88 20.3568 7.75145 178.71 10.419 13 110 1 0 1
9.02293 -28.192 2693.88 21.172 7.5407 179.814 10.4017 13 111 1 0 1
6.69643 -29.9255 2693.88 21.9063 6.93846 178.509 10.4198 13 112 1 0 1
7.12839 -29.0257 2693.88 22.9844 6.43786 181.176 10.3797 13 113 1 0 1
11.4421 -28.8239 2693.88 20.0455 8.23456 180.116 10.3987 13 114 1 0 1
6.64604 -30.2487 2693.88 22.6412 5.08379 180.977 10.3837 13 115 1 0 1
4.04384 -29.7272 2693.88 22.4981 5.09291 177.682 10.4319 13 116 1 0 1
8.15412 -27.8216 2693.88 21.4997 6.29607 178.644 10.4189 13 117 1 0 1
4.35641 -29.1701 2693.88 23.2784 6.60077 177.945 10.4257 13 118 1 0 1
6.04511 -30.0927 2693.88 22.8994 6.04498 179.829 10.3992 13 119 1 0 1
7.89183 -27.9358 2693.88 21.4404 5.82076 177.983 10.429 13 120 1 0 1
15.331 -25.439 2755.1 19.5239 11.3415 176.891 10.682 13 1 1 0 1
15.8924 -26.4395 2755.1 19.8479 12.0138 178.95 10.6495 13 2 1 0 1
16.6381 -26.7859 2755.1 18.7582 10.4242 179.634 10.6426 13 3 1 0 1
15.4508 -25.3119 2755.1 17.9291 10.2225 177.965 10.6692 13 4 1 0 1
16.2474 -24.9798 2755.1 18.7822 12.0606 179.171 10.6479 13 5 1 0 1
15.9888 -25.7181 2755.1 18.6439 13.1353 180.721 10.6242 13 6 1 0 1
13.5017 -25.6458 2755.1 20.0432 11.4325 179.662 10.6392 13 7 1 0 1
15.8038 -25.4386 2755.1 18.9389 11.0175 180.875 10.6235 13 8 1 0 1
13.8061 -24.2775 2755.1 20.4601 11.922 178.524 10.655 13 9 1 0 1
17.1353 -25.6407 2755.1 16.5841 11.3057 177.397 10.6789 13 10 1 0 1
16.6941 -26.7141 2755.1 18.5684 10.5986 179.939 10.6382 13 11 1 0 1
18.9171 -25.6694 2755.1 17.9319 11.7693 176.362 10.6924 13 12 1 0 1
16.556 -24.681 2755.1 17.9446 11.1502 177.002 10.6831 13 13 1 0 1
15.2674 -24.895 2755.1 20.3777 10.0432 178.995 10.6498 13 14 1 0 1
19.4476 -23.9561 2755.1 17.2729 10.1485 179.529 10.6466 13 15 1 0 1
12.9333 -26.3622 2755.1 20.0123 12.4306 178.737 10.652 13 16 1 0 1
16.4722 -25.8012 2755.1 19.0316 12.9492 179.463 10.6422 13 17 1 0 1
15.662 -26.1636 2755.1 18.0532 12.7242 179.6 10.642 13 18 1 0 1
10.3444 -23.9027 2755.1 21.8971 12.1942 177.912 10.6613 13 19 1 0 1
16.9875 -25.74 2755.1 17.2977 12.8855 178.431 10.6604 13 20 1 0 1
16.8263 -26.6055 2755.1 18.7563 11.681 177.439 10.6745 13 21 1 0 1
15.3567 -24.8946 2755.1 20.2709 11.7361 180.188 10.6308 13 22 1 0 1
18.7175 -25.8703 2755.1 16.8794 10.5622 178.625 10.6604 13 23 1 0 1
15.9139 -26.9792 2755.1 19.7553 10.7298 176.289 10.6916 13 24 1 0 1
14.1521 -26.1182 2755.1 20.5872 12.5605 179.004 10.6469 13 25 1 0 1
16.009 -25.3655 2755.1 19.0709 12.1087 179.08 10.6488 13 26 1 0 1
16.9226 -25.955 2755.1 18.7075 12.491 182.236 10.6029 13 27 1 0 1
16.0019 -25.7325 2755.1 18.771 11.4549 180.327 10.6314 13 28 1 0 1
15.0418 -23.0192 2755.1 19.5597 12.8361 176.433 10.6875 13 29 1 0 1
16.4401 -25.2282 2755.1 19.0585 11.8867 179.782 10.6386 13 30 1 0 1
15.8272 -25.3747 2755.1 18.5189 13.4479 177.533 10.6716 13 31 1 0 1
15.1412 -23.3356 2755.1 19.1867 11.4592 177.724 10.6697 13 32 1 0 1
17.0704 -26.486 2755.1 17.5351 11.7186 180.312 10.6332 13 33 1 0 1
17.817 -25.4474 2755.1 16.6319 11.4403 179.993 10.6394 13 34 1 0 1
16.1107 -24.1546 2755.1 16.9712 12.5391 179.997 10.6378 13 35 1 0 1
12.1165 -25.2398 2755.1 21.4783 12.5588 178.619 10.6511 13 36 1 0 1
17.567 -26.9872 2755.1 18.2363 11.7347 180.59 10.6281 13 37 1 0 1
16.9498 -26.712 2755.1 20.3029 10.7351 178.047 10.6636 13 38 1 0 1
16.408 -26.1473 2755.1 18.8877 11.6418 175.857 10.6989 13 39 1 0 1
12.411 -25.0072 2755.1 21.2741 10.6876 175.749 10.6973 13 40 1 0 1
19.1529 -24.4985 2755.1 17.5028 12.7598 178.694 10.6563 13 41 1 0 1
13.4099 -24.5112 2755.1 21.3997 13.0232 181.084 10.6146 13 42 1 0 1
17.7795 -27.331 2755.1 17.6708 10.145 178.669 10.6589 13 43 1 0 1
14.4154 -26.8374 2755.1 19.9812 11.8597 176.642 10.6846 13 44 1 0 1
19.4084 -25.1511 2755.1 17.7588 12.6653 177.324 10.6768 13 45 1 0 1
18.0768 -26.8428 2755.1 17.6636 11.7457 178.268 10.6635 13 46 1 0 1
9.76068 -26.7998 2755.1 22.5647 10.2326 178.863 10.6477 13 47 1 0 1
14.0822 -25.5219 2755.1 20.356 12.4352 180.821 10.6207 13 48 1 0 1
16.2013 -26.6734 2755.1 19.4171 12.7378 177.276 10.6748 13 49 1 0 1
16.2212 -24.2352 2755.1 17.5813 10.8728 180.746 10.6275 13 50 1 0 1
12.5947 -25.676 2755.1 20.8878 11.4041 177.346 10.6726 13 51 1 0 1
17.4816 -26.0979 2755.1 19.5115 11.798 180.365 10.6294 13 52 1 0 1
14.1142 -26.706 2755.1 18.8401 11.048 175.684 10.7023 13 53 1 0 1
14.8924 -25.4705 2755.1 20.5017 12.3364 179.865 10.6346 13 54 1 0 1
15.0467 -25.4831 2755.1 18.8143 10.5086 180.378 10.6314 13 55 1 0 1
13.5082 -24.529 2755.1 19.7726 10.9824 178.361 10.6595 13 56 1 0 1
13.0083 -26.5012 2755.1 20.9105 9.74368 177.351 10.674 13 57 1 0 1
11.4599 -23.8127 2755.1 22.0596 11.2425 176.699 10.6805 13 58 1 0 1
15.8971 -26.1066 2755.1 18.7592 12.3414 179.803 10.6383 13 59 1 0 1
17.3539 -25.8819 2755.1 18.6592 11.903 174.854 10.7149 13 60 1 0 1
18.6988 -25.3239 2755.1 18.5632 11.6206 182.181 10.6047 13 61 1 0 1
11.7044 -24.2789 2755.1 22.0492 13.55 179.384 10.6377 13 62 1 0 1
19.9728 -26.2917 2755.1 16.2072 12.0001 177.226 10.6814 13 63 1 0 1
15.5627 -25.4266 2755.1 19.3588 12.2452 178.182 10.6617 13 64 1 0 1
12.8462 -25.5273 2755.1 20.42 12.2095 176.872 10.6799 13 65 1 0 1
15.5791 -25.9259 2755.1 20.5845 12.1908 173.693 10.7297 13 66 1 0 1
17.4065 -25.6159 2755.1 18.3758 12.9424 178.469 10.6582 13 67 1 0 1
15.3138 -25.6842 2755.1 17.772 12.3622 177.42 10.6757 13 68 1 0 1
20.1078 -25.4209 2755.1 17.7617 10.573 179.337 10.6484 13 69 1 0 1
15.6858 -27.7021 2755.1 19.0146 11.0517 180.533 10.6284 13 70 1 0 1
11.6653 -26.0916 2755.1 20.9691 13.1988 181.595 10.6078 13 71 1 0 1
16.8226 -23.7438 2755.1 17.6256 11.7018 177.396 10.677 13 72 1 0 1
15.8109 -25.7227 2755.1 19.5101 11.1182 179.426 10.6439 13 73 1 0 1
16.9412 -25.327 2755.1 18.9494 11.8831 180.036 10.635 13 74 1 0 1
15.0377 -25.8042 2755.1 18.8831 11.1404 178.461 10.6593 13 75 1 0 1
15.927 -25.4972 2755.1 18.7196 11.6202 176.364 10.6913 13 76 1 0 1
17.3662 -25.3881 2755.1 18.9275 12.021 179.408 10.6442 13 77 1 0 1
11.7903 -24.844 2755.1 20.2702 11.736 179.813 10.6363 13 78 1 0 1
10.9466 -27.2538 2755.1 20.0322 10.8239 177.861 10.6668 13 79 1 0 1
11.6913 -25.9543 2755.1 21.0505 12.0567 178.679 10.6515 13 80 1 0 1
19.6425 -26.1697 2755.1 17.4603 11.8394 181.758 10.6121 13 81 1 0 1
18.659 -25.7872 2755.1 18.1586 10.8798 180.074 10.6366 13 82 1 0 1
15.6605 -26.2881 2755.1 19.8671 12.087 178.106 10.6621 13 83 1 0 1
22.5928 -25.7835 2755.1 16.1454 11.79 183.586 10.5879 13 84 1 0 1
15.3996 -25.4246 2755.1 19.6926 12.2413 176.382 10.6887 13 85 1 0 1
16.2755 -26.0528 2755.1 19.0072 12.5309 178.599 10.6556 13 86 1 0 1
18.007 -25.6521 2755.1 18.0235 11.7738 178.267 10.663 13 87 1 0 1
16.3866 -25.8095 2755.1 17.6364 10.9937 176.143 10.6971 13 88 1 0 1
12.9716 -26.3045 2755.1 19.4203 11.1834 179.627 10.641 13 89 1 0 1
15.2437 -27.558 2755.1 19.3175 10.6406 179.58 10.6423 13 90 1 0 1
17.4926 -24.1422 2755.1 17.4722 11.5461 180.192 10.6352 13 91 1 0 1
16.337 -26.206 2755.1 16.9975 11.4178 175.639 10.7056 13 92 1 0 1
10.3694 -24.6052 2755.1 21.621 11.0985 178.409 10.6554 13 93 1 0 1
16.6342 -26.7712 2755.1 19.2064 12.3585 180.658 10.625 13 94 1 0 1
12.0264 -24.9878 2755.1 20.9885 10.7664 178.3 10.6585 13 95 1 0 1
15.9401 -24.9765 2755.1 19.3171 10.3728 178.618 10.6569 13 96 1 0 1
14.8364 -25.0195 2755.1 19.5418 11.6456 179.829 10.6373 13 97 1 0 1
16.3322 -25.6666 2755.1 18.1395 10.8116 173.823 10.7335 13 98 1 0 1
13.2326 -26.186 2755.1 20.6926 10.4828 178.767 10.6523 13 99 1 0 1
12.0644 -26.123 2755.1 21.2946 11.4591 179.48 10.6397 13 100 1 0 1
14.8134 -25.6329 2755.1 19.1614 11.6069 179.933 10.6365 13 101 1 0 1
15.703 -25.6602 2755.1 18.4339 10.5035 177.403 10.6767 13 102 1 0 1
12.8029 -25.8624 2755.1 20.9182 11.3051 179.373 10.6421 13 103 1 0 1
16.3425 -26.6739 2755.1 20.4426 11.4194 178.691 10.653 13 104 1 0 1
16.4038 -26.046 2755.1 17.0115 11.1409 179.939 10.64 13 105 1 0 1
21.3886 -26.0027 2755.1 15.9488 12.7853 180.552 10.6308 13 106 1 0 1
16.6526 -24.6098 2755.1 18.6092 12.1473 180.766 10.6246 13 107 1 0 1
13.3089 -24.954 2755.1 20.7537 13.2548 178.343 10.6558 13 108 1 0 1
18.3544 -26.069 2755.1 17.5784 11.0919 179.851 10.6405 13 109 1 0 1
16.6594 -26.6594 2755.1 17.9281 13.0414 178.663 10.6558 13 110 1 0 1
15.8664 -24.7118 2755.1 18.7989 12.7974 179.781 10.6381 13 111 1 0 1
13.873 -26.6228 2755.1 19.713 12.2182 178.481 10.6566 13 112 1 0 1
14.5521 -25.9319 2755.1 20.7197 11.7718 181.181 10.6156 13 113 1 0 1
17.8613 -25.1089 2755.1 17.4995 13.5158 180.062 10.6351 13 114 1 0 1
13.9688 -27.6028 2755.1 20.4227 10.4624 181.01 10.6197 13 115 1 0 1
11.4923 -27.0492 2755.1 20.5075 10.3546 177.694 10.6689 13 116 1 0 1
15.1676 -24.7525 2755.1 19.2045 11.5155 178.645 10.6557 13 117 1 0 1
12.0568 -25.9802 2755.1 21.2484 11.8413 177.928 10.6627 13 118 1 0 1
13.5118 -27.1101 2755.1 20.7318 11.377 179.834 10.6356 13 119 1 0 1
14.9156 -25.0212 2755.1 19.1742 11.0279 177.996 10.666 13 120 1 0 1
21.5101 -20.7192 2816.33 15.9903 15.7815 176.905 10.9194 13 1 1 0 1
22.0972 -21.5295 2816.33 16.2291 16.5348 178.954 10.8862 13 2 1 0 1
22.4378 -22.4303 2816.33 15.086 14.985 179.658 10.8791 13 3 1 0 1
21.0414 -21.0007 2816.33 14.3865 14.6914 177.973 10.9063 13 4 1 0 1
22.0767 -20.0672 2816.33 15.1448 16.5367 179.158 10.8845 13 5 1 0 1
21.72 -20.4732 2816.33 14.9956 17.6662 180.675 10.8602 13 6 1 0 1
19.7767 -20.9543 2816.33 16.5883 15.9489 179.67 10.8756 13 7 1 0 1
21.6314 -20.9146 2816.33 15.3026 15.5604 180.886 10.8596 13 8 1 0 1
20.2629 -19.4014 2816.33 16.9977 16.3614 178.535 10.8918 13 9 1 0 1
22.2618 -20.9432 2816.33 12.9411 15.7609 177.36 10.9162 13 10 1 0 1
22.418 -22.3057 2816.33 14.888 15.1632 179.954 10.8746 13 11 1 0 1
24.5201 -20.7883 2816.33 14.1623 16.1989 176.354 10.93 13 12 1 0 1
22.1712 -20.034 2816.33 14.3369 15.5675 176.998 10.9205 13 13 1 0 1
21.659 -20.6676 2816.33 16.8035 14.5299 179.058 10.8865 13 14 1 0 1
24.7107 -19.7084 2816.33 13.4107 14.6135 179.551 10.8832 13 15 1 0 1
19.2402 -21.3053 2816.33 16.6139 16.9387 178.715 10.8887 13 16 1 0 1
22.373 -20.588 2816.33 15.3671 17.4534 179.433 10.8787 13 17 1 0 1
21.2361 -21.0284 2816.33 14.4578 17.2433 179.549 10.8784 13 18 1 0 1
17.362 -18.9212 2816.33 18.6845 16.6041 177.921 10.8983 13 19 1 0 1
22.3267 -20.5235 2816.33 13.6346 17.3586 178.369 10.8973 13 20 1 0 1
22.7017 -21.7742 2816.33 15.1098 16.1699 177.434 10.9118 13 21 1 0 1
21.6651 -20.1158 2816.33 16.6651 16.2401 180.207 10.867 13 22 1 0 1
23.8853 -21.4527 2816.33 13.0931 15.0634 178.62 10.8973 13 23 1 0 1
22.1885 -22.4493 2816.33 16.1888 15.2102 176.323 10.9291 13 24 1 0 1
20.629 -21.0246 2816.33 17.0872 17.0683 178.999 10.8835 13 25 1 0 1
21.943 -20.4322 2816.33 15.4495 16.5954 179.07 10.8854 13 26 1 0 1
22.6108 -20.9617 2816.33 14.9605 17.0743 182.21 10.8385 13 27 1 0 1
21.7897 -21.0472 2816.33 15.1311 15.9901 180.324 10.8677 13 28 1 0 1
21.2544 -17.7854 2816.33 16.0528 17.1737 176.418 10.925 13 29 1 0 1
22.339 -20.3873 2816.33 15.3923 16.3886 179.779 10.875 13 30 1 0 1
21.6305 -19.9445 2816.33 14.9435 17.8833 177.479 10.9087 13 31 1 0 1
21.1755 -18.6056 2816.33 15.6555 15.8497 177.733 10.9068 13 32 1 0 1
22.4271 -21.7067 2816.33 13.8287 16.2746 180.281 10.8695 13 33 1 0 1
22.8687 -20.7616 2816.33 12.8869 15.9545 179.957 10.8759 13 34 1 0 1
21.2991 -19.1032 2816.33 13.3482 17.0013 179.936 10.8742 13 35 1 0 1
18.9387 -20.1426 2816.33 18.1263 17.0281 178.621 10.8878 13 36 1 0 1
23.145 -22.2057 2816.33 14.4793 16.316 180.574 10.8643 13 37 1 0 1
23.3312 -22.2185 2816.33 16.621 15.2534 178.099 10.9006 13 38 1 0 1
22.3923 -21.2961 2816.33 15.3009 16.0756 175.856 10.9367 13 39 1 0 1
19.2783 -20.4918 2816.33 17.9572 15.091 175.796 10.935 13 40 1 0 1
24.5255 -19.3385 2816.33 13.6721 17.2014 178.656 10.8931 13 41 1 0 1
20.0893 -19.3199 2816.33 17.9082 17.5277 181.083 10.8505 13 42 1 0 1
23.2279 -23.0486 2816.33 13.9449 14.6998 178.682 10.8958 13 43 1 0 1
20.7735 -21.9249 2816.33 16.5128 16.3352 176.643 10.922 13 44 1 0 1
24.912 -19.9864 2816.33 13.934 17.0951 177.294 10.9141 13 45 1 0 1
23.5325 -22.0068 2816.33 13.9206 16.2616 178.245 10.9005 13 46 1 0 1
16.9734 -22.4943 2816.33 19.3766 14.7778 178.919 10.8843 13 47 1 0 1
20.4115 -20.5172 2816.33 16.8313 16.97 180.815 10.8567 13 48 1 0 1
22.3179 -21.4738 2816.33 15.8102 17.2172 177.256 10.912 13 49 1 0 1
21.5901 -19.7643 2816.33 13.9318 15.3712 180.737 10.8637 13 50 1 0 1
19.2604 -20.9433 2816.33 17.5318 15.8637 177.366 10.9098 13 51 1 0 1
23.4994 -21.2951 2816.33 15.7513 16.3459 180.378 10.8656 13 52 1 0 1
20.1177 -22.0542 2816.33 15.4254 15.4989 175.681 10.9401 13 53 1 0 1
21.2973 -20.4773 2816.33 16.9326 16.8468 179.87 10.8709 13 54 1 0 1
20.8595 -21.121 2816.33 15.2465 15.0436 180.394 10.8677 13 55 1 0 1
19.7402 -19.9697 2816.33 16.3447 15.4319 178.378 10.8964 13 56 1 0 1
19.6763 -22.3361 2816.33 17.5276 14.2433 177.413 10.9112 13 57 1 0 1
18.5708 -19.1321 2816.33 18.7864 15.6274 176.744 10.9178 13 58 1 0 1
21.7007 -21.1066 2816.33 15.1353 16.8684 179.776 10.8747 13 59 1 0 1
23.2839 -20.9177 2816.33 15.0251 16.3006 174.849 10.953 13 60 1 0 1
24.3179 -20.6249 2816.33 14.6864 16.189 182.186 10.8404 13 61 1 0 1
18.6946 -18.8679 2816.33 18.7063 17.9997 179.372 10.874 13 62 1 0 1
24.9388 -21.3474 2816.33 12.3615 16.4672 177.177 10.9187 13 63 1 0 1
21.6335 -20.4253 2816.33 15.7839 16.7103 178.172 10.8986 13 64 1 0 1
19.3667 -20.5066 2816.33 17.0571 16.6452 176.866 10.9172 13 65 1 0 1
22.2511 -20.8324 2816.33 17.0792 16.5607 173.711 10.9682 13 66 1 0 1
23.1073 -20.3816 2816.33 14.6685 17.4144 178.432 10.895 13 67 1 0 1
20.871 -20.6231 2816.33 14.2471 16.8122 177.373 10.9129 13 68 1 0 1
25.5349 -21.0165 2816.33 13.8478 15.0797 179.36 10.885 13 69 1 0 1
21.5525 -23.1465 2816.33 15.3922 15.6613 180.537 10.8646 13 70 1 0 1
18.2022 -20.8446 2816.33 17.6034 17.7657 181.563 10.8435 13 71 1 0 1
22.311 -18.9208 2816.33 13.9935 16.0935 177.376 10.9142 13 72 1 0 1
21.8841 -21.1327 2816.33 15.8941 15.6339 179.446 10.8804 13 73 1 0 1
22.7876 -20.4924 2816.33 15.2421 16.3949 180.034 10.8713 13 74 1 0 1
20.9424 -21.1857 2816.33 15.3493 15.6325 178.463 10.8962 13 75 1 0 1
21.8405 -20.6688 2816.33 15.1605 16.0454 176.359 10.9289 13 76 1 0 1
23.2221 -20.4921 2816.33 15.2007 16.5179 179.405 10.8807 13 77 1 0 1
18.1584 -20.0572 2816.33 16.9371 16.2266 179.808 10.8727 13 78 1 0 1
17.3193 -22.7229 2816.33 16.7988 15.3505 177.863 10.9038 13 79 1 0 1
18.3706 -21.0261 2816.33 17.7345 16.554 178.679 10.8882 13 80 1 0 1
24.894 -21.3833 2816.33 13.5325 16.422 181.737 10.848 13 81 1 0 1
24.2143 -21.2914 2816.33 14.3328 15.4151 180.088 10.8729 13 82 1 0 1
21.907 -21.3344 2816.33 16.2809 16.5808 178.108 10.8991 13 83 1 0 1
27.3115 -21.0553 2816.33 11.9702 16.4053 183.551 10.8232 13 84 1 0 1
21.6555 -20.3818 2816.33 16.1597 16.6612 176.379 10.9262 13 85 1 0 1
22.2017 -20.96 2816.33 15.3748 17.0246 178.576 10.8924 13 86 1 0 1
23.5868 -20.8131 2816.33 14.2819 16.251 178.254 10.8999 13 87 1 0 1
21.9274 -21.1916 2816.33 14.0611 15.4266 176.132 10.9348 13 88 1 0 1
19.0433 -21.6932 2816.33 16.0127 15.7213 179.623 10.8774 13 89 1 0 1
21.2531 -23.1233 2816.33 15.7436 15.2242 179.598 10.8788 13 90 1 0 1
22.8265 -19.4322 2816.33 13.7381 16.0225 180.173 10.8716 13 91 1 0 1
21.6742 -21.4274 2816.33 13.4417 15.8461 175.603 10.9435 13 92 1 0 1
17.2714 -20.0068 2816.33 18.4038 15.5521 178.437 10.8922 13 93 1 0 1
22.5491 -21.7815 2816.33 15.5059 16.9308 180.643 10.8611 13 94 1 0 1
18.6954 -20.4986 2816.33 17.6584 15.2323 178.335 10.8954 13 95 1 0 1
21.9758 -20.6286 2816.33 15.7106 14.8488 178.655 10.8938 13 96 1 0 1
20.9179 -20.2628 2816.33 15.9896 16.1437 179.833 10.8737 13 97 1 0 1
22.1316 -21.0626 2816.33 14.6071 15.1832 173.829 10.972 13 98 1 0 1
19.7665 -21.7966 2816.33 17.2686 15.0025 178.808 10.889 13 99 1 0 1
18.7897 -21.4158 2816.33 17.936 15.9878 179.5 10.8762 13 100 1 0 1
20.7626 -20.8881 2816.33 15.6131 16.1276 179.927 10.8728 13 101 1 0 1
21.4833 -21.2391 2816.33 14.8771 14.9685 177.417 10.914 13 102 1 0 1
19.3952 -21.2068 2816.33 17.5111 15.8234 179.396 10.8786 13 103 1 0 1
22.7542 -21.9599 2816.33 16.7902 15.9476 178.725 10.8897 13 104 1 0 1
21.604 -21.4572 2816.33 13.3693 15.6761 179.909 10.8764 13 105 1 0 1
26.1465 -20.8705 2816.33 11.9303 17.3214 180.484 10.867 13 106 1 0 1
22.362 -19.7063 2816.33 14.9129 16.6507 180.75 10.8607 13 107 1 0 1
19.8795 -19.6133 2816.33 17.3249 17.7015 178.323 10.8926 13 108 1 0 1
23.7245 -21.4949 2816.33 13.7858 15.6279 179.844 10.877 13 109 1 0 1
22.2102 -21.3901 2816.33 14.277 17.5505 178.606 10.8926 13 110 1 0 1
21.6846 -19.5642 2816.33 15.1767 17.274 179.749 10.8745 13 111 1 0 1
20.0754 -21.631 2816.33 16.2533 16.7301 178.464 10.8934 13 112 1 0 1
20.9842 -21.1569 2816.33 17.1505 16.3357 181.2 10.8515 13 113 1 0 1
23.204 -19.7222 2816.33 13.7363 18.0051 179.996 10.8714 13 114 1 0 1
20.315 -23.2566 2816.33 16.9062 15.0869 181.046 10.8557 13 115 1 0 1
18.0276 -22.6774 2816.33 17.2327 14.8749 177.721 10.906 13 116 1 0 1
21.1737 -20.0155 2816.33 15.6536 15.9754 178.649 10.8924 13 117 1 0 1
18.8295 -21.1085 2816.33 17.9168 16.3227 177.94 10.8996 13 118 1 0 1
20.0136 -22.4329 2816.33 17.2653 15.948 179.853 10.8719 13 119 1 0 1
20.9385 -20.4358 2816.33 15.6552 15.4838 178.008 10.903 13 120 1 0 1
26.2805 -14.636 2877.55 11.4312 19.1801 176.923 11.1568 13 1 1 0 1
26.8784 -15.2469 2877.55 11.572 19.9955 178.963 11.1228 13 2 1 0 1
26.8051 -16.6917 2877.55 10.4003 18.4982 179.663 11.1156 13 3 1 0 1
25.2354 -15.3229 2877.55 9.85493 18.1239 177.966 11.1434 13 4 1 0 1
26.4829 -13.7987 2877.55 10.4966 19.9501 179.143 11.1212 13 5 1 0 1
26.0372 -13.8677 2877.55 10.337 21.1131 180.631 11.0963 13 6 1 0 1
24.6875 -14.8967 2877.55 12.0837 19.4091 179.689 11.1121 13 7 1 0 1
26.0473 -15.0249 2877.55 10.6441 19.0435 180.887 11.0957 13 8 1 0 1
25.343 -13.177 2877.55 12.4796 19.7465 178.566 11.1285 13 9 1 0 1
25.9604 -14.8798 2877.55 8.35022 19.1676 177.3 11.1535 13 10 1 0 1
26.71 -16.5157 2877.55 10.1984 18.6763 179.951 11.111 13 11 1 0 1
28.6373 -14.543 2877.55 9.41591 19.5817 176.328 11.1676 13 12 1 0 1
26.3609 -14.0314 2877.55 9.74578 18.9429 176.981 11.1579 13 13 1 0 1
26.6382 -15.0774 2877.55 12.1728 17.9806 179.12 11.1231 13 14 1 0 1
28.4831 -14.1088 2877.55 8.57759 18.0337 179.536 11.1198 13 15 1 0 1
24.1967 -14.8782 2877.55 12.1705 20.3838 178.713 11.1254 13 16 1 0 1
26.843 -14.013 2877.55 10.6863 20.8829 179.406 11.1152 13 17 1 0 1
25.4086 -14.5261 2877.55 9.86979 20.688 179.496 11.1149 13 18 1 0 1
23.0773 -12.5969 2877.55 14.3776 19.9627 177.977 11.1352 13 19 1 0 1
26.2363 -13.9458 2877.55 9.00411 20.7606 178.299 11.1342 13 20 1 0 1
27.138 -15.5675 2877.55 10.4588 19.6083 177.423 11.149 13 21 1 0 1
26.5609 -13.9804 2877.55 12.0051 19.682 180.235 11.1033 13 22 1 0 1
27.5836 -15.6633 2877.55 8.34865 18.5182 178.58 11.1342 13 23 1 0 1
27.0371 -16.5362 2877.55 11.5924 18.6587 176.354 11.1667 13 24 1 0 1
25.7199 -14.5641 2877.55 12.5284 20.5109 179.015 11.1201 13 25 1 0 1
26.4572 -14.1387 2877.55 10.81 20.0194 179.06 11.122 13 26 1 0 1
26.8622 -14.6023 2877.55 10.1972 20.5727 182.178 11.0741 13 27 1 0 1
26.1616 -14.9948 2877.55 10.476 19.4628 180.313 11.1039 13 28 1 0 1
26.065 -11.2216 2877.55 11.5228 20.4569 176.421 11.1625 13 29 1 0 1
26.808 -14.1867 2877.55 10.7064 19.8266 179.773 11.1114 13 30 1 0 1
26.022 -13.1596 2877.55 10.371 21.2484 177.434 11.1459 13 31 1 0 1
25.8098 -12.5364 2877.55 11.1048 19.1938 177.746 11.1439 13 32 1 0 1
26.3517 -15.5528 2877.55 9.1415 19.7627 180.231 11.1058 13 33 1 0 1
26.477 -14.7119 2877.55 8.18627 19.4049 179.893 11.1123 13 34 1 0 1
25.0843 -12.7067 2877.55 8.75969 20.3887 179.866 11.1106 13 35 1 0 1
24.4182 -13.6885 2877.55 13.6912 20.4366 178.658 11.1245 13 36 1 0 1
27.2724 -16.044 2877.55 9.72299 19.8283 180.542 11.1004 13 37 1 0 1
28.2573 -16.3445 2877.55 11.8909 18.7312 178.145 11.1375 13 38 1 0 1
26.9453 -15.0748 2877.55 10.7103 19.4684 175.853 11.1744 13 39 1 0 1
24.7942 -14.6155 2877.55 13.5685 18.4697 175.867 11.1727 13 40 1 0 1
28.4123 -12.831 2877.55 8.87074 20.5724 178.602 11.1299 13 41 1 0 1
25.3965 -12.7811 2877.55 13.3303 20.9532 181.114 11.0864 13 42 1 0 1
27.2237 -17.3762 2877.55 9.23793 18.2133 178.663 11.1327 13 43 1 0 1
25.7419 -15.6352 2877.55 12.0076 19.7647 176.656 11.1594 13 44 1 0 1
28.9197 -13.4665 2877.55 9.13627 20.4626 177.25 11.1514 13 45 1 0 1
27.5278 -15.7926 2877.55 9.20112 19.72 178.202 11.1375 13 46 1 0 1
22.8938 -16.8051 2877.55 15.0701 18.2882 179.009 11.1209 13 47 1 0 1
25.3605 -14.1514 2877.55 12.2477 20.4313 180.825 11.0928 13 48 1 0 1
27.0052 -14.9022 2877.55 11.183 20.636 177.243 11.1493 13 49 1 0 1
25.5484 -13.9409 2877.55 9.2962 18.8107 180.71 11.0999 13 50 1 0 1
24.5752 -14.8447 2877.55 13.1104 19.2811 177.41 11.1469 13 51 1 0 1
28.0575 -15.1224 2877.55 10.9591 19.8278 180.384 11.1018 13 52 1 0 1
24.7484 -16.0237 2877.55 11.0046 18.9165 175.679 11.178 13 53 1 0 1
26.299 -14.1234 2877.55 12.3047 20.2901 179.891 11.1072 13 54 1 0 1
25.2803 -15.3909 2877.55 10.6593 18.5273 180.399 11.1039 13 55 1 0 1
24.6089 -14.0555 2877.55 11.8773 18.8375 178.404 11.1333 13 56 1 0 1
24.9828 -16.7891 2877.55 13.0763 17.7193 177.484 11.1484 13 57 1 0 1
24.3484 -13.1063 2877.55 14.4181 18.9784 176.826 11.1552 13 58 1 0 1
26.0908 -14.7388 2877.55 10.4995 20.3254 179.749 11.1111 13 59 1 0 1
27.76 -14.5878 2877.55 10.3977 19.6593 174.84 11.1911 13 60 1 0 1
28.4563 -14.5636 2877.55 9.79832 19.6825 182.171 11.076 13 61 1 0 1
24.3485 -12.1145 2877.55 14.2645 21.375 179.41 11.1104 13 62 1 0 1
28.4083 -15.0324 2877.55 7.58378 19.8769 177.096 11.1561 13 63 1 0 1
26.2926 -14.064 2877.55 11.1856 20.1164 178.168 11.1355 13 64 1 0 1
24.5335 -14.125 2877.55 12.6439 20.0314 176.885 11.1545 13 65 1 0 1
27.4955 -14.3742 2877.55 12.5326 19.898 173.749 11.2066 13 66 1 0 1
27.3585 -13.7877 2877.55 9.9663 20.816 178.392 11.1318 13 67 1 0 1
25.0361 -14.1997 2877.55 9.74241 20.2034 177.323 11.1501 13 68 1 0 1
29.4501 -15.2453 2877.55 8.95237 18.5374 179.347 11.1216 13 69 1 0 1
26.0097 -17.1998 2877.55 10.7466 19.2111 180.53 11.1008 13 70 1 0 1
23.4154 -14.2327 2877.55 13.1589 21.2474 181.566 11.0793 13 71 1 0 1
26.3703 -12.7548 2877.55 9.3863 19.4349 177.345 11.1515 13 72 1 0 1
26.5391 -15.1745 2877.55 11.2456 19.0971 179.462 11.1169 13 73 1 0 1
27.1926 -14.2971 2877.55 10.5178 19.8412 180.025 11.1077 13 74 1 0 1
25.4531 -15.1984 2877.55 10.8012 19.0761 178.461 11.1331 13 75 1 0 1
26.337 -14.4775 2877.55 10.5996 19.4273 176.352 11.1664 13 76 1 0 1
27.6256 -14.2353 2877.55 10.4601 19.951 179.395 11.1173 13 77 1 0 1
23.2039 -13.9145 2877.55 12.5463 19.6577 179.826 11.109 13 78 1 0 1
22.391 -16.8057 2877.55 12.5173 18.8367 177.881 11.1409 13 79 1 0 1
23.7217 -14.7311 2877.55 13.3449 19.9948 178.709 11.1249 13 80 1 0 1
28.6502 -15.2259 2877.55 8.62543 19.927 181.685 11.0838 13 81 1 0 1
28.2916 -15.4256 2877.55 9.51133 18.8945 180.076 11.1093 13 82 1 0 1
26.7346 -15.0103 2877.55 11.6584 20.0181 178.118 11.136 13 83 1 0 1
30.4729 -14.9599 2877.55 6.84968 19.9315 183.465 11.0585 13 84 1 0 1
26.4992 -13.9794 2877.55 11.6001 20.0323 176.387 11.1638 13 85 1 0 1
26.7016 -14.5011 2877.55 10.7285 20.4528 178.556 11.1292 13 86 1 0 1
27.7047 -14.6096 2877.55 9.55419 19.6715 178.225 11.1369 13 87 1 0 1
26.049 -15.2049 2877.55 9.51248 18.8228 176.107 11.1725 13 88 1 0 1
23.7696 -15.7074 2877.55 11.5706 19.2048 179.626 11.1139 13 89 1 0 1
25.8605 -17.2977 2877.55 11.1401 18.7586 179.609 11.1153 13 90 1 0 1
26.7181 -13.3735 2877.55 9.02531 19.4349 180.135 11.1079 13 91 1 0 1
25.5987 -15.2772 2877.55 8.93153 19.2343 175.552 11.1814 13 92 1 0 1
22.8734 -14.053 2877.55 14.0959 18.9632 178.5 11.129 13 93 1 0 1
27.0288 -15.4163 2877.55 10.7804 20.4283 180.625 11.0972 13 94 1 0 1
24.028 -14.6485 2877.55 13.2554 18.6589 178.391 11.1322 13 95 1 0 1
26.5909 -14.9183 2877.55 11.0779 18.2852 178.684 11.1306 13 96 1 0 1
25.6061 -14.1479 2877.55 11.4023 19.5815 179.84 11.1101 13 97 1 0 1
26.5066 -15.0913 2877.55 10.0949 18.5333 173.825 11.2105 13 98 1 0 1
24.9365 -16.0315 2877.55 12.7791 18.4823 178.859 11.1257 13 99 1 0 1
24.1762 -15.3372 2877.55 13.4944 19.4627 179.546 11.1126 13 100 1 0 1
25.3223 -14.778 2877.55 11.0393 19.587 179.923 11.1092 13 101 1 0 1
25.8557 -15.4487 2877.55 10.3206 18.3972 177.418 11.1513 13 102 1 0 1
24.633 -15.1822 2877.55 13.0316 19.2897 179.438 11.1151 13 103 1 0 1
27.7255 -15.8684 2877.55 12.0844 19.4244 178.761 11.1265 13 104 1 0 1
25.3932 -15.4966 2877.55 8.75911 19.1516 179.856 11.1129 13 105 1 0 1
29.3769 -14.3731 2877.55 6.9803 20.7728 180.379 11.1032 13 106 1 0 1
26.641 -13.4509 2877.55 10.2063 20.0817 180.728 11.0968 13 107 1 0 1
25.0833 -12.9218 2877.55 12.835 21.0799 178.335 11.1294 13 108 1 0 1
27.6293 -15.5486 2877.55 9.01343 19.1058 179.811 11.1135 13 109 1 0 1
26.3344 -14.7497 2877.55 9.64142 20.9859 178.545 11.1294 13 110 1 0 1
26.0898 -13.0664 2877.55 10.5421 20.6764 179.721 11.1109 13 111 1 0 1
24.906 -15.2654 2877.55 11.758 20.182 178.46 11.1302 13 112 1 0 1
26.0211 -15.0135 2877.55 12.5117 19.832 181.23 11.0874 13 113 1 0 1
27.0948 -12.9833 2877.55 8.99778 21.4079 179.922 11.1077 13 114 1 0 1
25.2831 -17.5181 2877.55 12.3252 18.6585 181.083 11.0917 13 115 1 0 1
23.2436 -16.9197 2877.55 12.898 18.3619 177.762 11.1431 13 116 1 0 1
25.7798 -13.9232 2877.55 11.0802 19.3825 178.654 11.1292 13 117 1 0 1
24.2623 -14.8689 2877.55 13.5089 19.7541 177.981 11.1366 13 118 1 0 1
25.1451 -16.3726 2877.55 12.7309 19.4627 179.885 11.1083 13 119 1 0 1
25.5674 -14.4901 2877.55 11.1154 18.8958 178.02 11.14 13 120 1 0 1
29.3376 -7.59083 2938.78 6.14418 21.3144 176.941 11.3942 13 1 1 0 1
29.9309 -7.99528 2938.78 6.17889 22.1706 178.974 11.3595 13 2 1 0 1
29.4456 -9.96775 2938.78 5.00649 20.7362 179.649 11.3521 13 3 1 0 1
27.7429 -8.67525 2938.78 4.63431 20.2955 177.944 11.3805 13 4 1 0 1
29.1706 -6.57771 2938.78 5.14081 22.0761 179.127 11.3578 13 5 1 0 1
28.6472 -6.309 2938.78 4.97302 23.2508 180.596 11.3324 13 6 1 0 1
27.9257 -7.87416 2938.78 6.82799 21.587 179.717 11.3485 13 7 1 0 1
28.7557 -8.16887 2938.78 5.26873 21.2388 180.879 11.3318 13 8 1 0 1
28.7338 -6.00726 2938.78 7.20253 21.8533 178.611 11.3653 13 9 1 0 1
27.9538 -7.85166 2938.78 3.11348 21.3037 177.226 11.3908 13 10 1 0 1
29.2777 -9.7424 2938.78 4.80565 20.9102 179.93 11.3474 13 11 1 0 1
30.9807 -7.3368 2938.78 3.99679 21.6959 176.286 11.4053 13 12 1 0 1
28.835 -7.07378 2938.78 4.47142 21.0539 176.954 11.3953 13 13 1 0 1
29.8948 -8.52015 2938.78 6.78702 20.1679 179.172 11.3598 13 14 1 0 1
30.4856 -7.55327 2938.78 3.08447 20.1822 179.486 11.3564 13 15 1 0 1
27.4932 -7.48645 2938.78 6.97764 22.5421 178.732 11.3622 13 16 1 0 1
29.5852 -6.48305 2938.78 5.29327 23.0134 179.386 11.3517 13 17 1 0 1
27.8901 -7.06317 2938.78 4.59155 22.8344 179.448 11.3514 13 18 1 0 1
27.1614 -5.33386 2938.78 9.26458 22.0477 178.07 11.3721 13 19 1 0 1
28.4337 -6.41405 2938.78 3.7094 22.8693 178.23 11.3711 13 20 1 0 1
29.8388 -8.38816 2938.78 5.10502 21.7729 177.405 11.3862 13 21 1 0 1
29.7361 -6.89058 2938.78 6.59383 21.835 180.266 11.3395 13 22 1 0 1
29.5351 -8.90024 2938.78 2.95396 20.7012 178.511 11.3711 13 23 1 0 1
30.1529 -9.63952 2938.78 6.26431 20.8518 176.378 11.4043 13 24 1 0 1
29.1117 -7.14252 2938.78 7.20911 22.6638 179.049 11.3567 13 25 1 0 1
29.2535 -6.88901 2938.78 5.45469 22.1562 179.051 11.3587 13 26 1 0 1
29.3853 -7.28123 2938.78 4.72746 22.7579 182.142 11.3097 13 27 1 0 1
28.8232 -7.97634 2938.78 5.11056 21.6463 180.296 11.3402 13 28 1 0 1
29.1677 -3.73484 2938.78 6.26518 22.4659 176.442 11.4 13 29 1 0 1
29.5501 -7.02938 2938.78 5.30532 21.975 179.763 11.3478 13 30 1 0 1
28.7068 -5.42962 2938.78 5.10039 23.3223 177.403 11.383 13 31 1 0 1
28.7427 -5.52918 2938.78 5.83291 21.2686 177.761 11.381 13 32 1 0 1
28.5611 -8.42648 2938.78 3.78041 21.9566 180.169 11.3421 13 33 1 0 1
28.3668 -7.69929 2938.78 2.83781 21.566 179.811 11.3487 13 34 1 0 1
27.1868 -5.37034 2938.78 3.50928 22.4779 179.796 11.347 13 35 1 0 1
28.232 -6.28335 2938.78 8.46641 22.5606 178.727 11.3612 13 36 1 0 1
29.661 -8.90413 2938.78 4.27615 22.0443 180.496 11.3366 13 37 1 0 1
31.4193 -9.48896 2938.78 6.41592 20.9422 178.181 11.3745 13 38 1 0 1
29.7679 -7.88666 2938.78 5.41398 21.5989 175.847 11.4122 13 39 1 0 1
28.6349 -7.77749 2938.78 8.39743 20.6019 175.953 11.4104 13 40 1 0 1
30.5311 -5.382 2938.78 3.40679 22.6497 178.539 11.3667 13 41 1 0 1
29.013 -5.3016 2938.78 7.96594 23.0731 181.172 11.3222 13 42 1 0 1
29.482 -10.7106 2938.78 3.85639 20.4589 178.618 11.3695 13 43 1 0 1
29.0107 -8.37209 2938.78 6.76093 21.9259 176.68 11.3969 13 44 1 0 1
31.1463 -5.99809 2938.78 3.67191 22.5459 177.194 11.3886 13 45 1 0 1
29.7777 -8.60322 2938.78 3.81076 21.8965 178.145 11.3744 13 46 1 0 1
27.1876 -10.1292 2938.78 9.93485 20.5373 179.124 11.3575 13 47 1 0 1
28.6196 -6.8291 2938.78 6.90668 22.5926 180.851 11.3288 13 48 1 0 1
29.9604 -7.3655 2938.78 5.83537 22.772 177.239 11.3865 13 49 1 0 1
27.8121 -7.16342 2938.78 3.9802 20.9647 180.668 11.336 13 50 1 0 1
28.2203 -7.78168 2938.78 7.91616 21.433 177.471 11.3841 13 51 1 0 1
30.8566 -7.98213 2938.78 5.44287 22.016 180.381 11.338 13 52 1 0 1
27.705 -9.01539 2938.78 5.87101 21.0797 175.679 11.4158 13 53 1 0 1
29.5869 -6.81341 2938.78 6.91941 22.4403 179.923 11.3435 13 54 1 0 1
28.0135 -8.69014 2938.78 5.35572 20.732 180.395 11.3402 13 55 1 0 1
27.8072 -7.18603 2938.78 6.66668 20.9748 178.437 11.3702 13 56 1 0 1
28.6091 -10.2556 2938.78 7.85062 19.946 177.556 11.3856 13 57 1 0 1
28.4622 -6.1359 2938.78 9.24339 21.073 176.935 11.3925 13 58 1 0 1
28.7723 -7.40782 2938.78 5.15516 22.4871 179.725 11.3475 13 59 1 0 1
30.4846 -7.29652 2938.78 5.07536 21.759 174.827 11.4292 13 60 1 0 1
30.8256 -7.54111 2938.78 4.21267 21.8716 182.136 11.3117 13 61 1 0 1
28.3384 -4.42796 2938.78 9.01716 23.4525 179.491 11.3468 13 62 1 0 1
30.1098 -7.75105 2938.78 2.18167 22.0075 176.993 11.3934 13 63 1 0 1
29.238 -6.74724 2938.78 5.86412 22.2403 178.17 11.3724 13 64 1 0 1
28.0318 -6.78726 2938.78 7.47268 22.1466 176.927 11.3919 13 65 1 0 1
30.9954 -6.95703 2938.78 7.23688 21.9836 173.799 11.445 13 66 1 0 1
29.8687 -6.24157 2938.78 4.57338 22.9243 178.353 11.3687 13 67 1 0 1
27.5196 -6.81935 2938.78 4.55582 22.3148 177.279 11.3874 13 68 1 0 1
31.5707 -8.50515 2938.78 3.38762 20.7187 179.299 11.3583 13 69 1 0 1
28.7603 -10.2619 2938.78 5.38288 21.473 180.515 11.3369 13 70 1 0 1
26.9885 -6.66349 2938.78 7.93314 23.4176 181.602 11.315 13 71 1 0 1
28.7139 -5.64831 2938.78 4.10504 21.5042 177.307 11.3887 13 72 1 0 1
29.474 -8.24826 2938.78 5.86746 21.2811 179.473 11.3535 13 73 1 0 1
29.8608 -7.14358 2938.78 5.08271 21.9956 180.01 11.344 13 74 1 0 1
28.2716 -8.24278 2938.78 5.53847 21.2464 178.457 11.3699 13 75 1 0 1
29.1186 -7.32613 2938.78 5.33475 21.5446 176.344 11.404 13 76 1 0 1
30.2811 -7.02107 2938.78 5.01179 22.0946 179.379 11.3538 13 77 1 0 1
26.6149 -6.8181 2938.78 7.39274 21.8043 179.864 11.3454 13 78 1 0 1
25.8489 -9.90179 2938.78 7.47837 21.0588 177.915 11.3779 13 79 1 0 1
27.425 -7.47299 2938.78 8.17444 22.155 178.765 11.3616 13 80 1 0 1
30.6322 -8.09978 2938.78 3.05418 22.126 181.61 11.3196 13 81 1 0 1
30.604 -8.58877 2938.78 4.00451 21.0903 180.038 11.3457 13 82 1 0 1
29.8372 -7.71994 2938.78 6.29986 22.1747 178.132 11.3729 13 83 1 0 1
31.8134 -7.89884 2938.78 1.10848 22.1377 183.336 11.2937 13 84 1 0 1
29.6238 -6.62264 2938.78 6.31035 22.1334 176.404 11.4013 13 85 1 0 1
29.4774 -7.08171 2938.78 5.37046 22.5918 178.54 11.366 13 86 1 0 1
30.0727 -7.44452 2938.78 4.14572 21.8114 178.184 11.3738 13 87 1 0 1
28.4631 -8.24975 2938.78 4.28927 20.9608 176.07 11.4102 13 88 1 0 1
26.8469 -8.74741 2938.78 6.39137 21.4079 179.636 11.3504 13 89 1 0 1
28.7652 -10.4798 2938.78 5.80969 21.0163 179.61 11.3518 13 90 1 0 1
28.8851 -6.36718 2938.78 3.64115 21.5577 180.083 11.3442 13 91 1 0 1
27.8272 -8.15776 2938.78 3.76447 21.3625 175.493 11.4193 13 92 1 0 1
26.8494 -7.14391 2938.78 8.98684 21.1078 178.589 11.3658 13 93 1 0 1
29.7759 -8.08014 2938.78 5.33647 22.624 180.606 11.3333 13 94 1 0 1
27.7049 -7.83637 2938.78 8.07279 20.8212 178.462 11.3691 13 95 1 0 1
29.4846 -8.24289 2938.78 5.72095 20.456 178.7 11.3674 13 96 1 0 1
28.5981 -7.07653 2938.78 6.08132 21.7334 179.852 11.3465 13 97 1 0 1
29.1623 -8.15286 2938.78 4.89762 20.643 173.811 11.4491 13 98 1 0 1
28.4276 -9.28852 2938.78 7.52063 20.6958 178.915 11.3624 13 99 1 0 1
27.9032 -8.28862 2938.78 8.26495 21.6577 179.612 11.3491 13 100 1 0 1
28.1932 -7.70422 2938.78 5.74139 21.7593 179.92 11.3455 13 101 1 0 1
28.5256 -8.68702 2938.78 5.06395 20.5657 177.407 11.3885 13 102 1 0 1
28.1997 -8.18944 2938.78 7.77627 21.478 179.494 11.3516 13 103 1 0 1
30.9463 -8.80077 2938.78 6.62827 21.6234 178.794 11.3632 13 104 1 0 1
27.4916 -8.56424 2938.78 3.48585 21.3419 179.789 11.3493 13 105 1 0 1
30.8145 -6.91682 2938.78 1.41486 22.9143 180.249 11.3395 13 106 1 0 1
29.1973 -6.24714 2938.78 4.79586 22.2139 180.703 11.3329 13 107 1 0 1
28.6044 -5.28792 2938.78 7.57928 23.1676 178.377 11.3662 13 108 1 0 1
29.7861 -8.62982 2938.78 3.57038 21.2989 179.755 11.3499 13 109 1 0 1
28.7439 -7.14606 2938.78 4.32415 23.1247 178.489 11.3662 13 110 1 0 1
28.7864 -5.62459 2938.78 5.1983 22.7803 179.701 11.3473 13 111 1 0 1
28.0584 -7.9306 2938.78 6.52435 22.3499 178.469 11.367 13 112 1 0 1
29.3513 -7.90386 2938.78 7.10612 22.0323 181.269 11.3233 13 113 1 0 1
29.2512 -5.30137 2938.78 3.59149 23.5005 179.85 11.3441 13 114 1 0 1
28.5635 -10.7847 2938.78 6.982 20.9474 181.117 11.3277 13 115 1 0 1
26.8241 -10.1741 2938.78 7.79506 20.591 177.815 11.3802 13 116 1 0 1
28.6854 -6.87707 2938.78 5.78432 21.5124 178.66 11.366 13 117 1 0 1
28.0334 -7.66468 2938.78 8.31698 21.9122 178.047 11.3735 13 118 1 0 1
28.5923 -9.33063 2938.78 7.42759 21.6939 179.927 11.3446 13 119 1 0 1
28.5012 -7.58418 2938.78 5.85328 21.0398 178.03 11.3771 13 120 1 0 1
30.4884 -0.0481167 3000 0.474171 22.0441 176.958 11.6315 13 1 1 0 1
31.0618 -0.24156 3000 0.3998 22.9181 178.986 11.5962 13 2 1 0 1
30.177 -2.71914 3000 -0.742557 21.5562 179.621 11.5886 13 3 1 0 1
28.3849 -1.51772 3000 -0.929343 21.066 177.912 11.6175 13 4 1 0 1
29.9562 1.12923 3000 -0.572914 22.7743 179.113 11.5944 13 5 1 0 1
29.3687 1.73263 3000 -0.74533 23.9388 180.573 11.5685 13 6 1 0 1
29.2938 -0.35085 3000 1.16768 22.3401 179.751 11.5849 13 7 1 0 1
29.5728 -0.808668 3000 -0.470521 22.0034 180.864 11.5678 13 8 1 0 1
30.2337 1.64196 3000 1.51165 22.54 178.665 11.6021 13 9 1 0 1
28.0764 -0.322994 3000 -2.42319 22.0317 177.148 11.6281 13 10 1 0 1
29.9405 -2.44698 3000 -0.937014 21.7224 179.896 11.5838 13 11 1 0 1
31.3757 0.36403 3000 -1.74557 22.4033 176.235 11.6429 13 12 1 0 1
29.4158 0.375497 3000 -1.14024 21.7621 176.921 11.6327 13 13 1 0 1
31.2307 -1.45478 3000 0.996734 20.9481 179.208 11.5964 13 14 1 0 1
30.5524 -0.500622 3000 -2.7117 20.9181 179.408 11.593 13 15 1 0 1
28.9307 0.401661 3000 1.37833 23.2728 178.769 11.5989 13 16 1 0 1
30.4148 1.53177 3000 -0.461665 23.7044 179.373 11.5882 13 17 1 0 1
28.5024 0.89129 3000 -1.02909 23.5431 179.412 11.5879 13 18 1 0 1
29.3949 2.40096 3000 3.68323 22.717 178.189 11.609 13 19 1 0 1
28.7479 1.60181 3000 -1.90223 23.5473 178.17 11.608 13 20 1 0 1
30.6205 -0.702216 3000 -0.60346 22.5238 177.384 11.6234 13 21 1 0 1
30.9947 0.688823 3000 0.783047 22.5559 180.296 11.5758 13 22 1 0 1
29.5752 -1.6247 3000 -2.7382 21.4729 178.423 11.608 13 23 1 0 1
31.3415 -2.22192 3000 0.550459 21.6484 176.393 11.6419 13 24 1 0 1
30.6031 0.771513 3000 1.47608 23.385 179.095 11.5933 13 25 1 0 1
30.1456 0.850243 3000 -0.266912 22.865 179.045 11.5953 13 26 1 0 1
30.0008 0.533798 3000 -1.0922 23.4873 182.107 11.5454 13 27 1 0 1
29.5917 -0.455935 3000 -0.61344 22.3985 180.276 11.5764 13 28 1 0 1
30.3684 4.2055 3000 0.621985 23.0623 176.475 11.6375 13 29 1 0 1
30.3804 0.61912 3000 -0.459102 22.6922 179.752 11.5842 13 30 1 0 1
29.5015 2.77324 3000 -0.524091 23.9676 177.39 11.6201 13 31 1 0 1
29.7846 1.95207 3000 0.185139 21.934 177.775 11.6181 13 32 1 0 1
28.8841 -0.793064 3000 -1.90221 22.716 180.104 11.5784 13 33 1 0 1
28.3753 -0.187953 3000 -2.80623 22.2986 179.722 11.5852 13 34 1 0 1
27.4381 2.43825 3000 -2.05495 23.1305 179.736 11.5834 13 35 1 0 1
30.1679 1.60446 3000 2.79412 23.2579 178.816 11.5979 13 36 1 0 1
30.135 -1.2518 3000 -1.50624 22.8224 180.443 11.5728 13 37 1 0 1
32.6216 -2.11429 3000 0.548288 21.7432 178.199 11.6115 13 38 1 0 1
30.6732 -0.197562 3000 -0.243735 22.3284 175.839 11.6499 13 39 1 0 1
30.5872 -0.43982 3000 2.7828 21.3459 176.042 11.6481 13 40 1 0 1
30.7129 2.5393 3000 -2.36681 23.2954 178.472 11.6035 13 41 1 0 1
30.7315 2.64936 3000 2.16432 23.7438 181.247 11.5581 13 42 1 0 1
29.8302 -3.51191 3000 -1.84741 21.2954 178.552 11.6064 13 43 1 0 1
30.3816 -0.602568 3000 1.11554 22.6785 176.711 11.6343 13 44 1 0 1
31.4203 1.94973 3000 -2.10766 23.2074 177.135 11.6259 13 45 1 0 1
30.11 -0.904798 3000 -1.89949 22.6521 178.081 11.6114 13 46 1 0 1
29.6303 -2.92682 3000 4.31116 21.3794 179.249 11.5942 13 47 1 0 1
29.9908 0.982022 3000 1.15778 23.3109 180.888 11.5648 13 48 1 0 1
30.9934 0.666117 3000 0.113749 23.4857 177.241 11.6237 13 49 1 0 1
28.2086 0.106707 3000 -1.66428 21.6919 180.619 11.5722 13 50 1 0 1
29.9878 -0.218983 3000 2.29042 22.1777 177.541 11.6213 13 51 1 0 1
31.7105 -0.339871 3000 -0.441348 22.7679 180.369 11.5742 13 52 1 0 1
28.7971 -1.49331 3000 0.364174 21.8497 175.683 11.6536 13 53 1 0 1
30.962 0.985251 3000 1.12668 23.1549 179.962 11.5799 13 54 1 0 1
28.8742 -1.47936 3000 -0.313528 21.515 180.382 11.5764 13 55 1 0 1
29.1383 0.176384 3000 1.05697 21.7024 178.471 11.607 13 56 1 0 1
30.3477 -3.19409 3000 2.19411 20.78 177.62 11.6228 13 57 1 0 1
30.692 1.31542 3000 3.60097 21.769 177.055 11.6299 13 58 1 0 1
29.5621 0.418577 3000 -0.54767 23.2129 179.705 11.5839 13 59 1 0 1
31.2736 0.488954 3000 -0.597924 22.4624 174.811 11.6673 13 60 1 0 1
31.2504 -0.021671 3000 -1.70955 22.6132 182.086 11.5473 13 61 1 0 1
30.4477 3.72005 3000 3.30669 24.0895 179.603 11.5832 13 62 1 0 1
29.8852 0.0297144 3000 -3.49415 22.7225 176.882 11.6308 13 63 1 0 1
30.2796 1.05743 3000 0.166241 22.9415 178.177 11.6094 13 64 1 0 1
29.6572 1.03886 3000 1.88318 22.8505 176.986 11.6292 13 65 1 0 1
32.5465 0.950458 3000 1.53221 22.679 173.853 11.6835 13 66 1 0 1
30.459 1.78674 3000 -1.16053 23.6003 178.32 11.6055 13 67 1 0 1
28.1434 1.04976 3000 -0.96972 23.0087 177.246 11.6246 13 68 1 0 1
31.7278 -1.25705 3000 -2.48788 21.4826 179.224 11.5949 13 69 1 0 1
29.6195 -2.79601 3000 -0.346773 22.3042 180.494 11.5731 13 70 1 0 1
28.7156 1.39269 3000 2.27192 24.133 181.668 11.5507 13 71 1 0 1
29.1672 1.93355 3000 -1.5039 22.1634 177.267 11.626 13 72 1 0 1
30.4992 -0.81698 3000 0.110718 22.0436 179.477 11.59 13 73 1 0 1
30.6092 0.50233 3000 -0.710007 22.7168 179.991 11.5803 13 74 1 0 1
29.2111 -0.782151 3000 -0.0922398 22.0027 178.451 11.6068 13 75 1 0 1
29.9995 0.319787 3000 -0.289902 22.2584 176.335 11.6416 13 76 1 0 1
31.0062 0.684158 3000 -0.791398 22.8079 179.358 11.5903 13 77 1 0 1
28.1893 0.767027 3000 1.81948 22.5241 179.918 11.5818 13 78 1 0 1
27.49 -2.47397 3000 2.02033 21.8749 177.962 11.6149 13 79 1 0 1
29.271 0.28131 3000 2.56466 22.8924 178.841 11.5983 13 80 1 0 1
30.6747 -0.47032 3000 -2.82065 22.8774 181.521 11.5554 13 81 1 0 1
30.9776 -1.24307 3000 -1.83068 21.8607 179.982 11.5821 13 82 1 0 1
31.0207 0.0694198 3000 0.553039 22.9098 178.15 11.6099 13 83 1 0 1
31.1841 -0.336715 3000 -4.88468 22.8828 183.183 11.529 13 84 1 0 1
30.8347 1.22066 3000 0.634129 22.8251 176.428 11.6388 13 85 1 0 1
30.3432 0.829399 3000 -0.350609 23.3016 178.529 11.6028 13 86 1 0 1
30.5155 0.216462 3000 -1.59229 22.5313 178.136 11.6108 13 87 1 0 1
28.9933 -0.789556 3000 -1.26484 21.7027 176.028 11.648 13 88 1 0 1
28.0817 -1.27669 3000 0.820031 22.1888 179.653 11.5868 13 89 1 0 1
29.7783 -3.13146 3000 0.102529 21.8543 179.604 11.5883 13 90 1 0 1
29.1574 1.1227 3000 -2.06137 22.2507 180.023 11.5806 13 91 1 0 1
28.1881 -0.534315 3000 -1.71799 22.0941 175.434 11.6572 13 92 1 0 1
28.9829 0.257609 3000 3.41593 21.8425 178.695 11.6026 13 93 1 0 1
30.6054 -0.240906 3000 -0.472069 23.376 180.589 11.5695 13 94 1 0 1
29.5174 -0.523869 3000 2.45275 21.5763 178.538 11.606 13 95 1 0 1
30.4683 -1.06248 3000 -0.0102494 21.219 178.703 11.6042 13 96 1 0 1
29.7028 0.486464 3000 0.375688 22.4571 179.865 11.5829 13 97 1 0 1
29.9162 -0.710447 3000 -0.644744 21.3751 173.79 11.6876 13 98 1 0 1
30.0356 -2.02862 3000 1.83912 21.4995 178.969 11.5992 13 99 1 0 1
29.7607 -0.734566 3000 2.59207 22.4292 179.688 11.5855 13 100 1 0 1
29.1871 -0.131643 3000 0.0683965 22.5025 179.92 11.5819 13 101 1 0 1
29.31 -1.4153 3000 -0.546745 21.3338 177.388 11.6258 13 102 1 0 1
29.8893 -0.692314 3000 2.09069 22.2448 179.557 11.5881 13 103 1 0 1
32.2195 -1.22184 3000 0.773384 22.4017 178.82 11.5999 13 104 1 0 1
27.7312 -1.12322 3000 -2.10061 22.107 179.718 11.5858 13 105 1 0 1
30.308 1.02934 3000 -4.40697 23.608 180.111 11.5757 13 106 1 0 1
29.851 1.43886 3000 -0.965064 22.9061 180.678 11.569 13 107 1 0 1
30.238 2.81726 3000 1.90077 23.8238 178.442 11.603 13 108 1 0 1
30.0251 -1.2017 3000 -2.18844 22.0663 179.685 11.5864 13 109 1 0 1
29.2623 0.950062 3000 -1.32688 23.8287 178.444 11.603 13 110 1 0 1
29.5908 2.29235 3000 -0.505412 23.4456 179.69 11.5837 13 111 1 0 1
29.3373 -0.0944248 3000 0.896624 23.0932 178.492 11.6038 13 112 1 0 1
30.7749 -0.293089 3000 1.28622 22.7924 181.31 11.5592 13 113 1 0 1
29.5036 2.85199 3000 -2.13055 24.1447 179.788 11.5804 13 114 1 0 1
29.9574 -3.5173 3000 1.22801 21.8084 181.146 11.5637 13 115 1 0 1
28.5626 -2.90144 3000 2.26372 21.4195 177.873 11.6173 13 116 1 0 1
29.7013 0.658477 3000 0.113257 22.2243 178.666 11.6028 13 117 1 0 1
29.9317 0.0378945 3000 2.68237 22.6545 178.128 11.6104 13 118 1 0 1
30.1524 -1.77125 3000 1.70321 22.4979 179.973 11.5809 13 119 1 0 1
29.5501 -0.180782 3000 0.214769 21.775 178.038 11.6141 13 120 1 0 1
